/home/xjx/miniconda3/envs/scopf/lib/python3.10/site-packages/torch/_inductor/compile_fx.py:312: UserWarning: TensorFloat32 tensor cores for float32 matrix multiplication available but not enabled. Consider setting `torch.set_float32_matmul_precision('high')` for better performance.
  warnings.warn(
/home/xjx/miniconda3/envs/scopf/lib/python3.10/site-packages/torch/_inductor/compile_fx.py:312: UserWarning: TensorFloat32 tensor cores for float32 matrix multiplication available but not enabled. Consider setting `torch.set_float32_matmul_precision('high')` for better performance.
  warnings.warn(
0 0
[  1   2   3   4   5   6   7   8   9  10  11  12  13  14  15  16  17  18
  19  20  21  22  23  24  25  26  27  28  29  30  31  32  33  34  35  36
  37  38  39  40  41  42  43  44  45  46  47  48  49  50  51  52  53  54
  55  56  57  58  59  60  61  62  63  64  65  66  67  68  69  70  71  72
  73  74  75  76  77  78  79  80  81  82  83  84  85  86  87  88  89  90
  91  92  93  94  95  96  97  98  99 100 101 102 103 104 105 106 107 108
 109 110 111 112 113 114 115 116 117 118 119 120 121 122 123 124 125]
5000
Starting Optimization [N=125, Batch=5000, Device=cuda]
Iter 100: Best Obj 87452.0000, Loss 228436.5156, Term1 228402.4375, Term2 34.0798
Iter 200: Best Obj 86908.0000, Loss 157977.4844, Term1 157858.2031, Term2 119.2791
Iter 300: Best Obj 82676.0000, Loss 136082.3281, Term1 135878.3750, Term2 203.9506
Iter 400: Best Obj 66034.0000, Loss 119043.0156, Term1 118766.1406, Term2 276.8719
Iter 500: Best Obj 52576.0000, Loss 85465.8516, Term1 85182.3750, Term2 283.4733
Iter 600: Best Obj 44086.0000, Loss 61184.5430, Term1 60928.4688, Term2 256.0723
Iter 700: Best Obj 40702.0000, Loss 54323.4453, Term1 54060.4180, Term2 263.0286
Iter 800: Best Obj 39556.0000, Loss 52027.3672, Term1 51742.3008, Term2 285.0660
Iter 900: Best Obj 39514.0000, Loss 50896.8008, Term1 50583.7852, Term2 313.0172
Iter 1000: Best Obj 39514.0000, Loss 50132.1953, Term1 49788.5977, Term2 343.5990
Total Time: 165.81s, FPS: 6.0
tensor([1., 1., 1., 1., 1., 1., 1., 1., 1., 1., 1., 1., 1., 1., 1., 1., 1., 1.,
        1., 1., 1., 1., 1., 1., 1., 1., 1., 1., 1., 1., 1., 1., 1., 1., 1., 1.,
        1., 1., 1., 1., 1., 1., 1., 1., 1., 1., 1., 1., 1., 1., 1., 1., 1., 1.,
        1., 1., 1., 1., 1., 1., 1., 1., 1., 1., 1., 1., 1., 1., 1., 1., 1., 1.,
        1., 1., 1., 1., 1., 1., 1., 1., 1., 1., 1., 1., 1., 1., 1., 1., 1., 1.,
        1., 1., 1., 1., 1., 1., 1., 1., 1., 1., 1., 1., 1., 1., 1., 1., 1., 1.,
        1., 1., 1., 1., 1., 1., 1., 1., 1., 1., 1., 1., 1., 1., 1., 1., 1.],
       device='cuda:0')
tensor([1., 1., 1., 1., 1., 1., 1., 1., 1., 1., 1., 1., 1., 1., 1., 1., 1., 1.,
        1., 1., 1., 1., 1., 1., 1., 1., 1., 1., 1., 1., 1., 1., 1., 1., 1., 1.,
        1., 1., 1., 1., 1., 1., 1., 1., 1., 1., 1., 1., 1., 1., 1., 1., 1., 1.,
        1., 1., 1., 1., 1., 1., 1., 1., 1., 1., 1., 1., 1., 1., 1., 1., 1., 1.,
        1., 1., 1., 1., 1., 1., 1., 1., 1., 1., 1., 1., 1., 1., 1., 1., 1., 1.,
        1., 1., 1., 1., 1., 1., 1., 1., 1., 1., 1., 1., 1., 1., 1., 1., 1., 1.,
        1., 1., 1., 1., 1., 1., 1., 1., 1., 1., 1., 1., 1., 1., 1., 1., 1.],
       device='cuda:0')
Solution is a valid permutation matrix.
0 0
[  1   2   3   4   5   6   7   8   9  10  11  12  13  14  15  16  17  18
  19  20  21  22  23  24  25  26  27  28  29  30  31  32  33  34  35  36
  37  38  39  40  41  42  43  44  45  46  47  48  49  50  51  52  53  54
  55  56  57  58  59  60  61  62  63  64  65  66  67  68  69  70  71  72
  73  74  75  76  77  78  79  80  81  82  83  84  85  86  87  88  89  90
  91  92  93  94  95  96  97  98  99 100 101 102 103 104 105 106 107 108
 109 110 111 112 113 114 115 116 117 118 119 120 121 122 123 124 125]
5000
Starting Optimization [N=125, Batch=5000, Device=cuda]
Iter 100: Best Obj 87452.0000, Loss 228017.1875, Term1 228406.6406, Term2 -389.4505
Iter 200: Best Obj 86908.0000, Loss 157560.6875, Term1 157861.5938, Term2 -300.9073
Iter 300: Best Obj 82030.0000, Loss 135680.3125, Term1 135891.9531, Term2 -211.6391
Iter 400: Best Obj 67362.0000, Loss 118715.9609, Term1 118828.6250, Term2 -112.6626
Iter 500: Best Obj 53236.0000, Loss 85286.3594, Term1 85283.1250, Term2 3.2328
Iter 600: Best Obj 43860.0000, Loss 60956.5664, Term1 60866.5000, Term2 90.0675
Iter 700: Best Obj 40606.0000, Loss 54103.9023, Term1 53958.1094, Term2 145.7927
Iter 800: Best Obj 39556.0000, Loss 51828.5938, Term1 51638.0117, Term2 190.5816
Iter 900: Best Obj 39514.0000, Loss 50701.7930, Term1 50470.6289, Term2 231.1645
Iter 1000: Best Obj 39514.0000, Loss 49934.7617, Term1 49664.8828, Term2 269.8801
Total Time: 149.89s, FPS: 6.7
tensor([1., 1., 1., 1., 1., 1., 1., 1., 1., 1., 1., 1., 1., 1., 1., 1., 1., 1.,
        1., 1., 1., 1., 1., 1., 1., 1., 1., 1., 1., 1., 1., 1., 1., 1., 1., 1.,
        1., 1., 1., 1., 1., 1., 1., 1., 1., 1., 1., 1., 1., 1., 1., 1., 1., 1.,
        1., 1., 1., 1., 1., 1., 1., 1., 1., 1., 1., 1., 1., 1., 1., 1., 1., 1.,
        1., 1., 1., 1., 1., 1., 1., 1., 1., 1., 1., 1., 1., 1., 1., 1., 1., 1.,
        1., 1., 1., 1., 1., 1., 1., 1., 1., 1., 1., 1., 1., 1., 1., 1., 1., 1.,
        1., 1., 1., 1., 1., 1., 1., 1., 1., 1., 1., 1., 1., 1., 1., 1., 1.],
       device='cuda:0')
tensor([1., 1., 1., 1., 1., 1., 1., 1., 1., 1., 1., 1., 1., 1., 1., 1., 1., 1.,
        1., 1., 1., 1., 1., 1., 1., 1., 1., 1., 1., 1., 1., 1., 1., 1., 1., 1.,
        1., 1., 1., 1., 1., 1., 1., 1., 1., 1., 1., 1., 1., 1., 1., 1., 1., 1.,
        1., 1., 1., 1., 1., 1., 1., 1., 1., 1., 1., 1., 1., 1., 1., 1., 1., 1.,
        1., 1., 1., 1., 1., 1., 1., 1., 1., 1., 1., 1., 1., 1., 1., 1., 1., 1.,
        1., 1., 1., 1., 1., 1., 1., 1., 1., 1., 1., 1., 1., 1., 1., 1., 1., 1.,
        1., 1., 1., 1., 1., 1., 1., 1., 1., 1., 1., 1., 1., 1., 1., 1., 1.],
       device='cuda:0')
Solution is a valid permutation matrix.
0 0
[  1   2   3   4   5   6   7   8   9  10  11  12  13  14  15  16  17  18
  19  20  21  22  23  24  25  26  27  28  29  30  31  32  33  34  35  36
  37  38  39  40  41  42  43  44  45  46  47  48  49  50  51  52  53  54
  55  56  57  58  59  60  61  62  63  64  65  66  67  68  69  70  71  72
  73  74  75  76  77  78  79  80  81  82  83  84  85  86  87  88  89  90
  91  92  93  94  95  96  97  98  99 100 101 102 103 104 105 106 107 108
 109 110 111 112 113 114 115 116 117 118 119 120 121 122 123 124 125]
5000
Starting Optimization [N=125, Batch=5000, Device=cuda]
Iter 100: Best Obj 87452.0000, Loss 223770.6562, Term1 228402.0000, Term2 -4631.3452
Iter 200: Best Obj 87418.0000, Loss 153365.0156, Term1 157885.6719, Term2 -4520.6509
Iter 300: Best Obj 81464.0000, Loss 131590.6719, Term1 135998.7969, Term2 -4408.1245
Iter 400: Best Obj 60560.0000, Loss 115233.5781, Term1 119337.8750, Term2 -4104.3008
Iter 500: Best Obj 51062.0000, Loss 83148.5000, Term1 86127.7188, Term2 -2979.2227
Iter 600: Best Obj 43550.0000, Loss 58829.8828, Term1 60516.2344, Term2 -1686.3511
Iter 700: Best Obj 39774.0000, Loss 52035.9883, Term1 53157.0938, Term2 -1121.1067
Iter 800: Best Obj 39392.0000, Loss 49841.9844, Term1 50713.0898, Term2 -871.1036
Iter 900: Best Obj 39328.0000, Loss 48756.3906, Term1 49483.8555, Term2 -727.4649
Iter 1000: Best Obj 39304.0000, Loss 48014.7148, Term1 48639.7188, Term2 -625.0044
Total Time: 150.10s, FPS: 6.7
tensor([1., 1., 1., 1., 1., 1., 1., 1., 1., 1., 1., 1., 1., 1., 1., 1., 1., 1.,
        1., 1., 1., 1., 1., 1., 1., 1., 1., 1., 1., 1., 1., 1., 1., 1., 1., 1.,
        1., 1., 1., 1., 1., 1., 1., 1., 1., 1., 1., 1., 1., 1., 1., 1., 1., 1.,
        1., 1., 1., 1., 1., 1., 1., 1., 1., 1., 1., 1., 1., 1., 1., 1., 1., 1.,
        1., 1., 1., 1., 1., 1., 1., 1., 1., 1., 1., 1., 1., 1., 1., 1., 1., 1.,
        1., 1., 1., 1., 1., 1., 1., 1., 1., 1., 1., 1., 1., 1., 1., 1., 1., 1.,
        1., 1., 1., 1., 1., 1., 1., 1., 1., 1., 1., 1., 1., 1., 1., 1., 1.],
       device='cuda:0')
tensor([1., 1., 1., 1., 1., 1., 1., 1., 1., 1., 1., 1., 1., 1., 1., 1., 1., 1.,
        1., 1., 1., 1., 1., 1., 1., 1., 1., 1., 1., 1., 1., 1., 1., 1., 1., 1.,
        1., 1., 1., 1., 1., 1., 1., 1., 1., 1., 1., 1., 1., 1., 1., 1., 1., 1.,
        1., 1., 1., 1., 1., 1., 1., 1., 1., 1., 1., 1., 1., 1., 1., 1., 1., 1.,
        1., 1., 1., 1., 1., 1., 1., 1., 1., 1., 1., 1., 1., 1., 1., 1., 1., 1.,
        1., 1., 1., 1., 1., 1., 1., 1., 1., 1., 1., 1., 1., 1., 1., 1., 1., 1.,
        1., 1., 1., 1., 1., 1., 1., 1., 1., 1., 1., 1., 1., 1., 1., 1., 1.],
       device='cuda:0')
Solution is a valid permutation matrix.
0 0
[  1   2   3   4   5   6   7   8   9  10  11  12  13  14  15  16  17  18
  19  20  21  22  23  24  25  26  27  28  29  30  31  32  33  34  35  36
  37  38  39  40  41  42  43  44  45  46  47  48  49  50  51  52  53  54
  55  56  57  58  59  60  61  62  63  64  65  66  67  68  69  70  71  72
  73  74  75  76  77  78  79  80  81  82  83  84  85  86  87  88  89  90
  91  92  93  94  95  96  97  98  99 100 101 102 103 104 105 106 107 108
 109 110 111 112 113 114 115 116 117 118 119 120 121 122 123 124 125]
5000
Starting Optimization [N=125, Batch=5000, Device=cuda]
Iter 100: Best Obj 87452.0000, Loss 180859.0000, Term1 228514.0625, Term2 -47655.0703
Iter 200: Best Obj 87452.0000, Loss 109545.7969, Term1 157875.4062, Term2 -48329.6133
Iter 300: Best Obj 83118.0000, Loss 86634.7188, Term1 136176.6406, Term2 -49541.9180
Iter 400: Best Obj 62230.0000, Loss 73357.4219, Term1 121989.6641, Term2 -48632.2383
Iter 500: Best Obj 48390.0000, Loss 56678.7422, Term1 95577.6719, Term2 -38898.9297
Iter 600: Best Obj 43250.0000, Loss 41085.6406, Term1 68201.3906, Term2 -27115.7480
Iter 700: Best Obj 38644.0000, Loss 33927.5938, Term1 55301.8984, Term2 -21374.3047
Iter 800: Best Obj 38406.0000, Loss 31234.2285, Term1 50041.2734, Term2 -18807.0449
Iter 900: Best Obj 38360.0000, Loss 30246.4512, Term1 47920.5117, Term2 -17674.0605
Iter 1000: Best Obj 37646.0000, Loss 29745.6133, Term1 46870.0039, Term2 -17124.3906
Total Time: 150.18s, FPS: 6.7
tensor([1., 1., 1., 1., 1., 1., 1., 1., 1., 1., 1., 1., 1., 1., 1., 1., 1., 1.,
        1., 1., 1., 1., 1., 1., 1., 1., 1., 1., 1., 1., 1., 1., 1., 1., 1., 1.,
        1., 1., 1., 1., 1., 1., 1., 1., 1., 1., 1., 1., 1., 1., 1., 1., 1., 1.,
        1., 1., 1., 1., 1., 1., 1., 1., 1., 1., 1., 1., 1., 1., 1., 1., 1., 1.,
        1., 1., 1., 1., 1., 1., 1., 1., 1., 1., 1., 1., 1., 1., 1., 1., 1., 1.,
        1., 1., 1., 1., 1., 1., 1., 1., 1., 1., 1., 1., 1., 1., 1., 1., 1., 1.,
        1., 1., 1., 1., 1., 1., 1., 1., 1., 1., 1., 1., 1., 1., 1., 1., 1.],
       device='cuda:0')
tensor([1., 1., 1., 1., 1., 1., 1., 1., 1., 1., 1., 1., 1., 1., 1., 1., 1., 1.,
        1., 1., 1., 1., 1., 1., 1., 1., 1., 1., 1., 1., 1., 1., 1., 1., 1., 1.,
        1., 1., 1., 1., 1., 1., 1., 1., 1., 1., 1., 1., 1., 1., 1., 1., 1., 1.,
        1., 1., 1., 1., 1., 1., 1., 1., 1., 1., 1., 1., 1., 1., 1., 1., 1., 1.,
        1., 1., 1., 1., 1., 1., 1., 1., 1., 1., 1., 1., 1., 1., 1., 1., 1., 1.,
        1., 1., 1., 1., 1., 1., 1., 1., 1., 1., 1., 1., 1., 1., 1., 1., 1., 1.,
        1., 1., 1., 1., 1., 1., 1., 1., 1., 1., 1., 1., 1., 1., 1., 1., 1.],
       device='cuda:0')
Solution is a valid permutation matrix.
0 0
[  1   2   3   4   5   6   7   8   9  10  11  12  13  14  15  16  17  18
  19  20  21  22  23  24  25  26  27  28  29  30  31  32  33  34  35  36
  37  38  39  40  41  42  43  44  45  46  47  48  49  50  51  52  53  54
  55  56  57  58  59  60  61  62  63  64  65  66  67  68  69  70  71  72
  73  74  75  76  77  78  79  80  81  82  83  84  85  86  87  88  89  90
  91  92  93  94  95  96  97  98  99 100 101 102 103 104 105 106 107 108
 109 110 111 112 113 114 115 116 117 118 119 120 121 122 123 124 125]
5000
Starting Optimization [N=125, Batch=5000, Device=cuda]
Iter 100: Best Obj 91778.0000, Loss -278044.9375, Term1 229616.5938, Term2 -507661.5312
Iter 200: Best Obj 91778.0000, Loss -362438.7188, Term1 155938.3125, Term2 -518377.0312
Iter 300: Best Obj 91778.0000, Loss -380681.6875, Term1 136825.7969, Term2 -517507.5000
Iter 400: Best Obj 91778.0000, Loss -388182.1250, Term1 128930.8516, Term2 -517112.9688
Iter 500: Best Obj 91778.0000, Loss -392232.8438, Term1 124669.8828, Term2 -516902.7188
Iter 600: Best Obj 91778.0000, Loss -394556.8438, Term1 122172.4453, Term2 -516729.2812
Iter 700: Best Obj 91778.0000, Loss -395906.2500, Term1 120674.2188, Term2 -516580.4688
Iter 800: Best Obj 91778.0000, Loss -396684.6875, Term1 119769.1953, Term2 -516453.8750
Iter 900: Best Obj 91778.0000, Loss -397124.7500, Term1 119221.0469, Term2 -516345.7812
Iter 1000: Best Obj 91778.0000, Loss -397362.6250, Term1 118888.3281, Term2 -516250.9688
Total Time: 149.97s, FPS: 6.7
tensor([1., 1., 1., 1., 1., 1., 1., 1., 1., 1., 1., 1., 1., 1., 1., 1., 1., 1.,
        1., 1., 1., 1., 1., 1., 1., 1., 1., 1., 1., 1., 1., 1., 1., 1., 1., 1.,
        1., 1., 1., 1., 1., 1., 1., 1., 1., 1., 1., 1., 1., 1., 1., 1., 1., 1.,
        1., 1., 1., 1., 1., 1., 1., 1., 1., 1., 1., 1., 1., 1., 1., 1., 1., 1.,
        1., 1., 1., 1., 1., 1., 1., 1., 1., 1., 1., 1., 1., 1., 1., 1., 1., 1.,
        1., 1., 1., 1., 1., 1., 1., 1., 1., 1., 1., 1., 1., 1., 1., 1., 1., 1.,
        1., 1., 1., 1., 1., 1., 1., 1., 1., 1., 1., 1., 1., 1., 1., 1., 1.],
       device='cuda:0')
tensor([1., 1., 1., 1., 1., 1., 1., 1., 1., 1., 1., 1., 1., 1., 1., 1., 1., 1.,
        1., 1., 1., 1., 1., 1., 1., 1., 1., 1., 1., 1., 1., 1., 1., 1., 1., 1.,
        1., 1., 1., 1., 1., 1., 1., 1., 1., 1., 1., 1., 1., 1., 1., 1., 1., 1.,
        1., 1., 1., 1., 1., 1., 1., 1., 1., 1., 1., 1., 1., 1., 1., 1., 1., 1.,
        1., 1., 1., 1., 1., 1., 1., 1., 1., 1., 1., 1., 1., 1., 1., 1., 1., 1.,
        1., 1., 1., 1., 1., 1., 1., 1., 1., 1., 1., 1., 1., 1., 1., 1., 1., 1.,
        1., 1., 1., 1., 1., 1., 1., 1., 1., 1., 1., 1., 1., 1., 1., 1., 1.],
       device='cuda:0')
Solution is a valid permutation matrix.
0 0
[  1   2   3   4   5   6   7   8   9  10  11  12  13  14  15  16  17  18
  19  20  21  22  23  24  25  26  27  28  29  30  31  32  33  34  35  36
  37  38  39  40  41  42  43  44  45  46  47  48  49  50  51  52  53  54
  55  56  57  58  59  60  61  62  63  64  65  66  67  68  69  70  71  72
  73  74  75  76  77  78  79  80  81  82  83  84  85  86  87  88  89  90
  91  92  93  94  95  96  97  98  99 100 101 102 103 104 105 106 107 108
 109 110 111 112 113 114 115 116 117 118 119 120 121 122 123 124 125]
5000
Starting Optimization [N=125, Batch=5000, Device=cuda]
Iter 100: Best Obj 88364.0000, Loss -4957213.0000, Term1 284960.6875, Term2 -5242173.5000
Iter 200: Best Obj 88364.0000, Loss -5019721.0000, Term1 182456.6562, Term2 -5202177.5000
Iter 300: Best Obj 88364.0000, Loss -5036499.0000, Term1 151248.5938, Term2 -5187747.5000
Iter 400: Best Obj 88364.0000, Loss -5043133.5000, Term1 137497.7656, Term2 -5180631.5000
Iter 500: Best Obj 88364.0000, Loss -5046313.0000, Term1 130190.1094, Term2 -5176503.0000
Iter 600: Best Obj 88364.0000, Loss -5047982.5000, Term1 125911.5078, Term2 -5173894.0000
Iter 700: Best Obj 88364.0000, Loss -5048890.5000, Term1 123277.1875, Term2 -5172167.5000
Iter 800: Best Obj 88364.0000, Loss -5049315.0000, Term1 121655.1328, Term2 -5170970.0000
Iter 900: Best Obj 88364.0000, Loss -5049552.5000, Term1 120693.6094, Term2 -5170246.0000
Iter 1000: Best Obj 88364.0000, Loss -5049672.5000, Term1 120066.5391, Term2 -5169739.0000
Total Time: 149.93s, FPS: 6.7
tensor([1., 1., 1., 1., 1., 1., 1., 1., 1., 1., 1., 1., 1., 1., 1., 1., 1., 1.,
        1., 1., 1., 1., 1., 1., 1., 1., 1., 1., 1., 1., 1., 1., 1., 1., 1., 1.,
        1., 1., 1., 1., 1., 1., 1., 1., 1., 1., 1., 1., 1., 1., 1., 1., 1., 1.,
        1., 1., 1., 1., 1., 1., 1., 1., 1., 1., 1., 1., 1., 1., 1., 1., 1., 1.,
        1., 1., 1., 1., 1., 1., 1., 1., 1., 1., 1., 1., 1., 1., 1., 1., 1., 1.,
        1., 1., 1., 1., 1., 1., 1., 1., 1., 1., 1., 1., 1., 1., 1., 1., 1., 1.,
        1., 1., 1., 1., 1., 1., 1., 1., 1., 1., 1., 1., 1., 1., 1., 1., 1.],
       device='cuda:0')
tensor([1., 1., 1., 1., 1., 1., 1., 1., 1., 1., 1., 1., 1., 1., 1., 1., 1., 1.,
        1., 1., 1., 1., 1., 1., 1., 1., 1., 1., 1., 1., 1., 1., 1., 1., 1., 1.,
        1., 1., 1., 1., 1., 1., 1., 1., 1., 1., 1., 1., 1., 1., 1., 1., 1., 1.,
        1., 1., 1., 1., 1., 1., 1., 1., 1., 1., 1., 1., 1., 1., 1., 1., 1., 1.,
        1., 1., 1., 1., 1., 1., 1., 1., 1., 1., 1., 1., 1., 1., 1., 1., 1., 1.,
        1., 1., 1., 1., 1., 1., 1., 1., 1., 1., 1., 1., 1., 1., 1., 1., 1., 1.,
        1., 1., 1., 1., 1., 1., 1., 1., 1., 1., 1., 1., 1., 1., 1., 1., 1.],
       device='cuda:0')
Solution is a valid permutation matrix.
0 0
[  1   2   3   4   5   6   7   8   9  10  11  12  13  14  15  16  17  18
  19  20  21  22  23  24  25  26  27  28  29  30  31  32  33  34  35  36
  37  38  39  40  41  42  43  44  45  46  47  48  49  50  51  52  53  54
  55  56  57  58  59  60  61  62  63  64  65  66  67  68  69  70  71  72
  73  74  75  76  77  78  79  80  81  82  83  84  85  86  87  88  89  90
  91  92  93  94  95  96  97  98  99 100 101 102 103 104 105 106 107 108
 109 110 111 112 113 114 115 116 117 118 119 120 121 122 123 124 125]
5000
Starting Optimization [N=125, Batch=5000, Device=cuda]
Iter 100: Best Obj 584450.0000, Loss -56458596.0000, Term1 3893988.7500, Term2 -60352584.0000
Iter 200: Best Obj 584450.0000, Loss -56459872.0000, Term1 3893989.5000, Term2 -60353860.0000
Iter 300: Best Obj 584450.0000, Loss -56459832.0000, Term1 3893991.2500, Term2 -60353824.0000
Iter 400: Best Obj 584450.0000, Loss -56459716.0000, Term1 3893999.0000, Term2 -60353716.0000
Iter 500: Best Obj 584450.0000, Loss -56459512.0000, Term1 3894020.7500, Term2 -60353532.0000
Iter 600: Best Obj 584450.0000, Loss -56459320.0000, Term1 3894043.7500, Term2 -60353364.0000
Iter 700: Best Obj 584450.0000, Loss -56459252.0000, Term1 3894052.7500, Term2 -60353304.0000
Iter 800: Best Obj 584450.0000, Loss -56459264.0000, Term1 3894051.5000, Term2 -60353316.0000
Iter 900: Best Obj 584450.0000, Loss -56459248.0000, Term1 3894053.5000, Term2 -60353300.0000
Iter 1000: Best Obj 584450.0000, Loss -56459244.0000, Term1 3894054.2500, Term2 -60353300.0000
Total Time: 150.30s, FPS: 6.7
tensor([1., 1., 1., 1., 1., 1., 1., 1., 1., 1., 1., 1., 1., 1., 1., 1., 1., 1.,
        1., 1., 1., 1., 1., 1., 1., 1., 1., 1., 1., 1., 1., 1., 1., 1., 1., 1.,
        1., 1., 1., 1., 1., 1., 1., 1., 1., 1., 1., 1., 1., 1., 1., 1., 1., 1.,
        1., 1., 1., 1., 1., 1., 1., 1., 1., 1., 1., 1., 1., 1., 1., 1., 1., 1.,
        1., 1., 1., 1., 1., 1., 1., 1., 1., 1., 1., 1., 1., 1., 1., 1., 1., 1.,
        1., 1., 1., 1., 1., 1., 1., 1., 1., 1., 1., 1., 1., 1., 1., 1., 1., 1.,
        1., 1., 1., 1., 1., 1., 1., 1., 1., 1., 1., 1., 1., 1., 1., 1., 1.],
       device='cuda:0')
tensor([1., 1., 1., 1., 1., 1., 1., 1., 1., 1., 1., 1., 1., 1., 1., 1., 1., 1.,
        1., 1., 1., 1., 1., 1., 1., 1., 1., 1., 1., 1., 1., 1., 1., 1., 1., 1.,
        1., 1., 1., 1., 1., 1., 1., 1., 1., 1., 1., 1., 1., 1., 1., 1., 1., 1.,
        1., 1., 1., 1., 1., 1., 1., 1., 1., 1., 1., 1., 1., 1., 1., 1., 1., 1.,
        1., 1., 1., 1., 1., 1., 1., 1., 1., 1., 1., 1., 1., 1., 1., 1., 1., 1.,
        1., 1., 1., 1., 1., 1., 1., 1., 1., 1., 1., 1., 1., 1., 1., 1., 1., 1.,
        1., 1., 1., 1., 1., 1., 1., 1., 1., 1., 1., 1., 1., 1., 1., 1., 1.],
       device='cuda:0')
Solution is a valid permutation matrix.
0 0
[  1   2   3   4   5   6   7   8   9  10  11  12  13  14  15  16  17  18
  19  20  21  22  23  24  25  26  27  28  29  30  31  32  33  34  35  36
  37  38  39  40  41  42  43  44  45  46  47  48  49  50  51  52  53  54
  55  56  57  58  59  60  61  62  63  64  65  66  67  68  69  70  71  72
  73  74  75  76  77  78  79  80  81  82  83  84  85  86  87  88  89  90
  91  92  93  94  95  96  97  98  99 100 101 102 103 104 105 106 107 108
 109 110 111 112 113 114 115 116 117 118 119 120 121 122 123 124 125]
5000
Starting Optimization [N=125, Batch=5000, Device=cuda]
Iter 100: Best Obj 93028.0000, Loss 230533.5156, Term1 230499.4375, Term2 34.0754
Iter 200: Best Obj 93028.0000, Loss 158357.2969, Term1 158238.0625, Term2 119.2278
Iter 300: Best Obj 81394.0000, Loss 136338.4219, Term1 136134.4062, Term2 204.0118
Iter 400: Best Obj 70534.0000, Loss 121696.7891, Term1 121416.7109, Term2 280.0787
Iter 500: Best Obj 53730.0000, Loss 92099.7812, Term1 91805.7734, Term2 294.0046
Iter 600: Best Obj 42680.0000, Loss 63565.6016, Term1 63312.1680, Term2 253.4324
Iter 700: Best Obj 41642.0000, Loss 55293.4883, Term1 55038.0898, Term2 255.3976
Iter 800: Best Obj 40532.0000, Loss 52693.5391, Term1 52417.4609, Term2 276.0771
Iter 900: Best Obj 40520.0000, Loss 51465.9805, Term1 51163.2773, Term2 302.7050
Iter 1000: Best Obj 40520.0000, Loss 50664.7305, Term1 50332.9805, Term2 331.7507
Total Time: 149.90s, FPS: 6.7
tensor([1., 1., 1., 1., 1., 1., 1., 1., 1., 1., 1., 1., 1., 1., 1., 1., 1., 1.,
        1., 1., 1., 1., 1., 1., 1., 1., 1., 1., 1., 1., 1., 1., 1., 1., 1., 1.,
        1., 1., 1., 1., 1., 1., 1., 1., 1., 1., 1., 1., 1., 1., 1., 1., 1., 1.,
        1., 1., 1., 1., 1., 1., 1., 1., 1., 1., 1., 1., 1., 1., 1., 1., 1., 1.,
        1., 1., 1., 1., 1., 1., 1., 1., 1., 1., 1., 1., 1., 1., 1., 1., 1., 1.,
        1., 1., 1., 1., 1., 1., 1., 1., 1., 1., 1., 1., 1., 1., 1., 1., 1., 1.,
        1., 1., 1., 1., 1., 1., 1., 1., 1., 1., 1., 1., 1., 1., 1., 1., 1.],
       device='cuda:0')
tensor([1., 1., 1., 1., 1., 1., 1., 1., 1., 1., 1., 1., 1., 1., 1., 1., 1., 1.,
        1., 1., 1., 1., 1., 1., 1., 1., 1., 1., 1., 1., 1., 1., 1., 1., 1., 1.,
        1., 1., 1., 1., 1., 1., 1., 1., 1., 1., 1., 1., 1., 1., 1., 1., 1., 1.,
        1., 1., 1., 1., 1., 1., 1., 1., 1., 1., 1., 1., 1., 1., 1., 1., 1., 1.,
        1., 1., 1., 1., 1., 1., 1., 1., 1., 1., 1., 1., 1., 1., 1., 1., 1., 1.,
        1., 1., 1., 1., 1., 1., 1., 1., 1., 1., 1., 1., 1., 1., 1., 1., 1., 1.,
        1., 1., 1., 1., 1., 1., 1., 1., 1., 1., 1., 1., 1., 1., 1., 1., 1.],
       device='cuda:0')
Solution is a valid permutation matrix.
0 0
[  1   2   3   4   5   6   7   8   9  10  11  12  13  14  15  16  17  18
  19  20  21  22  23  24  25  26  27  28  29  30  31  32  33  34  35  36
  37  38  39  40  41  42  43  44  45  46  47  48  49  50  51  52  53  54
  55  56  57  58  59  60  61  62  63  64  65  66  67  68  69  70  71  72
  73  74  75  76  77  78  79  80  81  82  83  84  85  86  87  88  89  90
  91  92  93  94  95  96  97  98  99 100 101 102 103 104 105 106 107 108
 109 110 111 112 113 114 115 116 117 118 119 120 121 122 123 124 125]
5000
Starting Optimization [N=125, Batch=5000, Device=cuda]
Iter 100: Best Obj 93028.0000, Loss 230117.4062, Term1 230506.9688, Term2 -389.5613
Iter 200: Best Obj 93028.0000, Loss 157938.4531, Term1 158239.7188, Term2 -301.2584
Iter 300: Best Obj 81394.0000, Loss 135929.0625, Term1 136141.9844, Term2 -212.9142
Iter 400: Best Obj 70082.0000, Loss 121346.4688, Term1 121464.1328, Term2 -117.6602
Iter 500: Best Obj 54026.0000, Loss 91925.4922, Term1 91932.5547, Term2 -7.0658
Iter 600: Best Obj 43622.0000, Loss 63340.6641, Term1 63259.0742, Term2 81.5881
Iter 700: Best Obj 41464.0000, Loss 55064.0156, Term1 54926.7930, Term2 137.2242
Iter 800: Best Obj 41368.0000, Loss 52474.6680, Term1 52293.0898, Term2 181.5787
Iter 900: Best Obj 41112.0000, Loss 51244.5703, Term1 51023.3750, Term2 221.1944
Iter 1000: Best Obj 41112.0000, Loss 50441.3750, Term1 50182.6719, Term2 258.7029
Total Time: 149.91s, FPS: 6.7
tensor([1., 1., 1., 1., 1., 1., 1., 1., 1., 1., 1., 1., 1., 1., 1., 1., 1., 1.,
        1., 1., 1., 1., 1., 1., 1., 1., 1., 1., 1., 1., 1., 1., 1., 1., 1., 1.,
        1., 1., 1., 1., 1., 1., 1., 1., 1., 1., 1., 1., 1., 1., 1., 1., 1., 1.,
        1., 1., 1., 1., 1., 1., 1., 1., 1., 1., 1., 1., 1., 1., 1., 1., 1., 1.,
        1., 1., 1., 1., 1., 1., 1., 1., 1., 1., 1., 1., 1., 1., 1., 1., 1., 1.,
        1., 1., 1., 1., 1., 1., 1., 1., 1., 1., 1., 1., 1., 1., 1., 1., 1., 1.,
        1., 1., 1., 1., 1., 1., 1., 1., 1., 1., 1., 1., 1., 1., 1., 1., 1.],
       device='cuda:0')
tensor([1., 1., 1., 1., 1., 1., 1., 1., 1., 1., 1., 1., 1., 1., 1., 1., 1., 1.,
        1., 1., 1., 1., 1., 1., 1., 1., 1., 1., 1., 1., 1., 1., 1., 1., 1., 1.,
        1., 1., 1., 1., 1., 1., 1., 1., 1., 1., 1., 1., 1., 1., 1., 1., 1., 1.,
        1., 1., 1., 1., 1., 1., 1., 1., 1., 1., 1., 1., 1., 1., 1., 1., 1., 1.,
        1., 1., 1., 1., 1., 1., 1., 1., 1., 1., 1., 1., 1., 1., 1., 1., 1., 1.,
        1., 1., 1., 1., 1., 1., 1., 1., 1., 1., 1., 1., 1., 1., 1., 1., 1., 1.,
        1., 1., 1., 1., 1., 1., 1., 1., 1., 1., 1., 1., 1., 1., 1., 1., 1.],
       device='cuda:0')
Solution is a valid permutation matrix.
0 0
[  1   2   3   4   5   6   7   8   9  10  11  12  13  14  15  16  17  18
  19  20  21  22  23  24  25  26  27  28  29  30  31  32  33  34  35  36
  37  38  39  40  41  42  43  44  45  46  47  48  49  50  51  52  53  54
  55  56  57  58  59  60  61  62  63  64  65  66  67  68  69  70  71  72
  73  74  75  76  77  78  79  80  81  82  83  84  85  86  87  88  89  90
  91  92  93  94  95  96  97  98  99 100 101 102 103 104 105 106 107 108
 109 110 111 112 113 114 115 116 117 118 119 120 121 122 123 124 125]
5000
Starting Optimization [N=125, Batch=5000, Device=cuda]
Iter 100: Best Obj 93668.0000, Loss 225883.1406, Term1 230515.4219, Term2 -4632.2754
Iter 200: Best Obj 92784.0000, Loss 153734.6719, Term1 158257.9531, Term2 -4523.2886
Iter 300: Best Obj 82630.0000, Loss 131799.0312, Term1 136219.6875, Term2 -4420.6528
Iter 400: Best Obj 70322.0000, Loss 117681.9844, Term1 121864.7734, Term2 -4182.7905
Iter 500: Best Obj 51196.0000, Loss 89799.5078, Term1 93000.0078, Term2 -3200.5037
Iter 600: Best Obj 43042.0000, Loss 61277.6953, Term1 63040.8594, Term2 -1763.1650
Iter 700: Best Obj 41992.0000, Loss 52949.3047, Term1 54087.6758, Term2 -1138.3708
Iter 800: Best Obj 41734.0000, Loss 50435.8086, Term1 51313.5625, Term2 -877.7540
Iter 900: Best Obj 41522.0000, Loss 49255.4492, Term1 49987.9688, Term2 -732.5178
Iter 1000: Best Obj 41522.0000, Loss 48493.8398, Term1 49125.3711, Term2 -631.5316
Total Time: 150.20s, FPS: 6.7
tensor([1., 1., 1., 1., 1., 1., 1., 1., 1., 1., 1., 1., 1., 1., 1., 1., 1., 1.,
        1., 1., 1., 1., 1., 1., 1., 1., 1., 1., 1., 1., 1., 1., 1., 1., 1., 1.,
        1., 1., 1., 1., 1., 1., 1., 1., 1., 1., 1., 1., 1., 1., 1., 1., 1., 1.,
        1., 1., 1., 1., 1., 1., 1., 1., 1., 1., 1., 1., 1., 1., 1., 1., 1., 1.,
        1., 1., 1., 1., 1., 1., 1., 1., 1., 1., 1., 1., 1., 1., 1., 1., 1., 1.,
        1., 1., 1., 1., 1., 1., 1., 1., 1., 1., 1., 1., 1., 1., 1., 1., 1., 1.,
        1., 1., 1., 1., 1., 1., 1., 1., 1., 1., 1., 1., 1., 1., 1., 1., 1.],
       device='cuda:0')
tensor([1., 1., 1., 1., 1., 1., 1., 1., 1., 1., 1., 1., 1., 1., 1., 1., 1., 1.,
        1., 1., 1., 1., 1., 1., 1., 1., 1., 1., 1., 1., 1., 1., 1., 1., 1., 1.,
        1., 1., 1., 1., 1., 1., 1., 1., 1., 1., 1., 1., 1., 1., 1., 1., 1., 1.,
        1., 1., 1., 1., 1., 1., 1., 1., 1., 1., 1., 1., 1., 1., 1., 1., 1., 1.,
        1., 1., 1., 1., 1., 1., 1., 1., 1., 1., 1., 1., 1., 1., 1., 1., 1., 1.,
        1., 1., 1., 1., 1., 1., 1., 1., 1., 1., 1., 1., 1., 1., 1., 1., 1., 1.,
        1., 1., 1., 1., 1., 1., 1., 1., 1., 1., 1., 1., 1., 1., 1., 1., 1.],
       device='cuda:0')
Solution is a valid permutation matrix.
0 0
[  1   2   3   4   5   6   7   8   9  10  11  12  13  14  15  16  17  18
  19  20  21  22  23  24  25  26  27  28  29  30  31  32  33  34  35  36
  37  38  39  40  41  42  43  44  45  46  47  48  49  50  51  52  53  54
  55  56  57  58  59  60  61  62  63  64  65  66  67  68  69  70  71  72
  73  74  75  76  77  78  79  80  81  82  83  84  85  86  87  88  89  90
  91  92  93  94  95  96  97  98  99 100 101 102 103 104 105 106 107 108
 109 110 111 112 113 114 115 116 117 118 119 120 121 122 123 124 125]
5000
Starting Optimization [N=125, Batch=5000, Device=cuda]
Iter 100: Best Obj 96468.0000, Loss 183007.6562, Term1 230652.8906, Term2 -47645.2266
Iter 200: Best Obj 89442.0000, Loss 109905.3125, Term1 158208.7969, Term2 -48303.4844
Iter 300: Best Obj 78432.0000, Loss 86617.1172, Term1 136182.8750, Term2 -49565.7578
Iter 400: Best Obj 68498.0000, Loss 74407.7578, Term1 123881.7812, Term2 -49474.0234
Iter 500: Best Obj 51514.0000, Loss 61116.1680, Term1 102982.9844, Term2 -41866.8164
Iter 600: Best Obj 41578.0000, Loss 44754.1484, Term1 73423.4766, Term2 -28669.3262
Iter 700: Best Obj 41118.0000, Loss 35554.0391, Term1 56542.1211, Term2 -20988.0840
Iter 800: Best Obj 39164.0000, Loss 32208.9336, Term1 50249.3086, Term2 -18040.3750
Iter 900: Best Obj 38906.0000, Loss 31074.8125, Term1 47945.5156, Term2 -16870.7031
Iter 1000: Best Obj 38850.0000, Loss 30514.9297, Term1 46798.2422, Term2 -16283.3125
Total Time: 150.01s, FPS: 6.7
tensor([1., 1., 1., 1., 1., 1., 1., 1., 1., 1., 1., 1., 1., 1., 1., 1., 1., 1.,
        1., 1., 1., 1., 1., 1., 1., 1., 1., 1., 1., 1., 1., 1., 1., 1., 1., 1.,
        1., 1., 1., 1., 1., 1., 1., 1., 1., 1., 1., 1., 1., 1., 1., 1., 1., 1.,
        1., 1., 1., 1., 1., 1., 1., 1., 1., 1., 1., 1., 1., 1., 1., 1., 1., 1.,
        1., 1., 1., 1., 1., 1., 1., 1., 1., 1., 1., 1., 1., 1., 1., 1., 1., 1.,
        1., 1., 1., 1., 1., 1., 1., 1., 1., 1., 1., 1., 1., 1., 1., 1., 1., 1.,
        1., 1., 1., 1., 1., 1., 1., 1., 1., 1., 1., 1., 1., 1., 1., 1., 1.],
       device='cuda:0')
tensor([1., 1., 1., 1., 1., 1., 1., 1., 1., 1., 1., 1., 1., 1., 1., 1., 1., 1.,
        1., 1., 1., 1., 1., 1., 1., 1., 1., 1., 1., 1., 1., 1., 1., 1., 1., 1.,
        1., 1., 1., 1., 1., 1., 1., 1., 1., 1., 1., 1., 1., 1., 1., 1., 1., 1.,
        1., 1., 1., 1., 1., 1., 1., 1., 1., 1., 1., 1., 1., 1., 1., 1., 1., 1.,
        1., 1., 1., 1., 1., 1., 1., 1., 1., 1., 1., 1., 1., 1., 1., 1., 1., 1.,
        1., 1., 1., 1., 1., 1., 1., 1., 1., 1., 1., 1., 1., 1., 1., 1., 1., 1.,
        1., 1., 1., 1., 1., 1., 1., 1., 1., 1., 1., 1., 1., 1., 1., 1., 1.],
       device='cuda:0')
Solution is a valid permutation matrix.
0 0
[  1   2   3   4   5   6   7   8   9  10  11  12  13  14  15  16  17  18
  19  20  21  22  23  24  25  26  27  28  29  30  31  32  33  34  35  36
  37  38  39  40  41  42  43  44  45  46  47  48  49  50  51  52  53  54
  55  56  57  58  59  60  61  62  63  64  65  66  67  68  69  70  71  72
  73  74  75  76  77  78  79  80  81  82  83  84  85  86  87  88  89  90
  91  92  93  94  95  96  97  98  99 100 101 102 103 104 105 106 107 108
 109 110 111 112 113 114 115 116 117 118 119 120 121 122 123 124 125]
5000
Starting Optimization [N=125, Batch=5000, Device=cuda]
Iter 100: Best Obj 97696.0000, Loss -275442.5000, Term1 231718.2031, Term2 -507160.6875
Iter 200: Best Obj 97696.0000, Loss -362263.6250, Term1 156063.5938, Term2 -518327.2188
Iter 300: Best Obj 97696.0000, Loss -381088.4688, Term1 136405.9375, Term2 -517494.4062
Iter 400: Best Obj 90604.0000, Loss -388783.1562, Term1 128317.5000, Term2 -517100.6562
Iter 500: Best Obj 90408.0000, Loss -392942.1250, Term1 123954.6562, Term2 -516896.7812
Iter 600: Best Obj 90408.0000, Loss -395332.4375, Term1 121394.9844, Term2 -516727.4375
Iter 700: Best Obj 90408.0000, Loss -396722.5625, Term1 119857.9219, Term2 -516580.4688
Iter 800: Best Obj 90408.0000, Loss -397525.8750, Term1 118928.8281, Term2 -516454.7188
Iter 900: Best Obj 90408.0000, Loss -397980.9688, Term1 118365.9297, Term2 -516346.9062
Iter 1000: Best Obj 90408.0000, Loss -398227.9375, Term1 118024.2344, Term2 -516252.1875
Total Time: 149.90s, FPS: 6.7
tensor([1., 1., 1., 1., 1., 1., 1., 1., 1., 1., 1., 1., 1., 1., 1., 1., 1., 1.,
        1., 1., 1., 1., 1., 1., 1., 1., 1., 1., 1., 1., 1., 1., 1., 1., 1., 1.,
        1., 1., 1., 1., 1., 1., 1., 1., 1., 1., 1., 1., 1., 1., 1., 1., 1., 1.,
        1., 1., 1., 1., 1., 1., 1., 1., 1., 1., 1., 1., 1., 1., 1., 1., 1., 1.,
        1., 1., 1., 1., 1., 1., 1., 1., 1., 1., 1., 1., 1., 1., 1., 1., 1., 1.,
        1., 1., 1., 1., 1., 1., 1., 1., 1., 1., 1., 1., 1., 1., 1., 1., 1., 1.,
        1., 1., 1., 1., 1., 1., 1., 1., 1., 1., 1., 1., 1., 1., 1., 1., 1.],
       device='cuda:0')
tensor([1., 1., 1., 1., 1., 1., 1., 1., 1., 1., 1., 1., 1., 1., 1., 1., 1., 1.,
        1., 1., 1., 1., 1., 1., 1., 1., 1., 1., 1., 1., 1., 1., 1., 1., 1., 1.,
        1., 1., 1., 1., 1., 1., 1., 1., 1., 1., 1., 1., 1., 1., 1., 1., 1., 1.,
        1., 1., 1., 1., 1., 1., 1., 1., 1., 1., 1., 1., 1., 1., 1., 1., 1., 1.,
        1., 1., 1., 1., 1., 1., 1., 1., 1., 1., 1., 1., 1., 1., 1., 1., 1., 1.,
        1., 1., 1., 1., 1., 1., 1., 1., 1., 1., 1., 1., 1., 1., 1., 1., 1., 1.,
        1., 1., 1., 1., 1., 1., 1., 1., 1., 1., 1., 1., 1., 1., 1., 1., 1.],
       device='cuda:0')
Solution is a valid permutation matrix.
0 0
[  1   2   3   4   5   6   7   8   9  10  11  12  13  14  15  16  17  18
  19  20  21  22  23  24  25  26  27  28  29  30  31  32  33  34  35  36
  37  38  39  40  41  42  43  44  45  46  47  48  49  50  51  52  53  54
  55  56  57  58  59  60  61  62  63  64  65  66  67  68  69  70  71  72
  73  74  75  76  77  78  79  80  81  82  83  84  85  86  87  88  89  90
  91  92  93  94  95  96  97  98  99 100 101 102 103 104 105 106 107 108
 109 110 111 112 113 114 115 116 117 118 119 120 121 122 123 124 125]
5000
Starting Optimization [N=125, Batch=5000, Device=cuda]
Iter 100: Best Obj 95864.0000, Loss -4954816.5000, Term1 286411.0312, Term2 -5241227.5000
Iter 200: Best Obj 95864.0000, Loss -5019372.0000, Term1 182325.2188, Term2 -5201697.0000
Iter 300: Best Obj 95864.0000, Loss -5036756.5000, Term1 150675.9688, Term2 -5187432.5000
Iter 400: Best Obj 95864.0000, Loss -5043660.5000, Term1 136742.3750, Term2 -5180403.0000
Iter 500: Best Obj 95864.0000, Loss -5046981.0000, Term1 129347.0391, Term2 -5176328.0000
Iter 600: Best Obj 95864.0000, Loss -5048732.5000, Term1 125025.7344, Term2 -5173758.0000
Iter 700: Best Obj 95864.0000, Loss -5049689.5000, Term1 122371.5234, Term2 -5172061.0000
Iter 800: Best Obj 95864.0000, Loss -5050149.5000, Term1 120733.5469, Term2 -5170883.0000
Iter 900: Best Obj 95864.0000, Loss -5050399.0000, Term1 119767.1719, Term2 -5170166.0000
Iter 1000: Best Obj 95864.0000, Loss -5050528.0000, Term1 119143.0859, Term2 -5169671.0000
Total Time: 150.19s, FPS: 6.7
tensor([1., 1., 1., 1., 1., 1., 1., 1., 1., 1., 1., 1., 1., 1., 1., 1., 1., 1.,
        1., 1., 1., 1., 1., 1., 1., 1., 1., 1., 1., 1., 1., 1., 1., 1., 1., 1.,
        1., 1., 1., 1., 1., 1., 1., 1., 1., 1., 1., 1., 1., 1., 1., 1., 1., 1.,
        1., 1., 1., 1., 1., 1., 1., 1., 1., 1., 1., 1., 1., 1., 1., 1., 1., 1.,
        1., 1., 1., 1., 1., 1., 1., 1., 1., 1., 1., 1., 1., 1., 1., 1., 1., 1.,
        1., 1., 1., 1., 1., 1., 1., 1., 1., 1., 1., 1., 1., 1., 1., 1., 1., 1.,
        1., 1., 1., 1., 1., 1., 1., 1., 1., 1., 1., 1., 1., 1., 1., 1., 1.],
       device='cuda:0')
tensor([1., 1., 1., 1., 1., 1., 1., 1., 1., 1., 1., 1., 1., 1., 1., 1., 1., 1.,
        1., 1., 1., 1., 1., 1., 1., 1., 1., 1., 1., 1., 1., 1., 1., 1., 1., 1.,
        1., 1., 1., 1., 1., 1., 1., 1., 1., 1., 1., 1., 1., 1., 1., 1., 1., 1.,
        1., 1., 1., 1., 1., 1., 1., 1., 1., 1., 1., 1., 1., 1., 1., 1., 1., 1.,
        1., 1., 1., 1., 1., 1., 1., 1., 1., 1., 1., 1., 1., 1., 1., 1., 1., 1.,
        1., 1., 1., 1., 1., 1., 1., 1., 1., 1., 1., 1., 1., 1., 1., 1., 1., 1.,
        1., 1., 1., 1., 1., 1., 1., 1., 1., 1., 1., 1., 1., 1., 1., 1., 1.],
       device='cuda:0')
Solution is a valid permutation matrix.
0 0
[  1   2   3   4   5   6   7   8   9  10  11  12  13  14  15  16  17  18
  19  20  21  22  23  24  25  26  27  28  29  30  31  32  33  34  35  36
  37  38  39  40  41  42  43  44  45  46  47  48  49  50  51  52  53  54
  55  56  57  58  59  60  61  62  63  64  65  66  67  68  69  70  71  72
  73  74  75  76  77  78  79  80  81  82  83  84  85  86  87  88  89  90
  91  92  93  94  95  96  97  98  99 100 101 102 103 104 105 106 107 108
 109 110 111 112 113 114 115 116 117 118 119 120 121 122 123 124 125]
5000
Starting Optimization [N=125, Batch=5000, Device=cuda]
Iter 100: Best Obj 98272.0000, Loss -56351724.0000, Term1 4000861.5000, Term2 -60352584.0000
Iter 200: Best Obj 98272.0000, Loss -56353000.0000, Term1 4000861.5000, Term2 -60353860.0000
Iter 300: Best Obj 98272.0000, Loss -56352960.0000, Term1 4000863.2500, Term2 -60353824.0000
Iter 400: Best Obj 98272.0000, Loss -56352844.0000, Term1 4000870.2500, Term2 -60353716.0000
Iter 500: Best Obj 98272.0000, Loss -56352640.0000, Term1 4000890.2500, Term2 -60353532.0000
Iter 600: Best Obj 98272.0000, Loss -56352440.0000, Term1 4000914.0000, Term2 -60353352.0000
Iter 700: Best Obj 98272.0000, Loss -56352392.0000, Term1 4000918.5000, Term2 -60353312.0000
Iter 800: Best Obj 98272.0000, Loss -56352396.0000, Term1 4000918.5000, Term2 -60353316.0000
Iter 900: Best Obj 98272.0000, Loss -56352392.0000, Term1 4000919.7500, Term2 -60353312.0000
Iter 1000: Best Obj 98272.0000, Loss -56352380.0000, Term1 4000921.5000, Term2 -60353300.0000
Total Time: 149.72s, FPS: 6.7
tensor([1., 1., 1., 1., 1., 1., 1., 1., 1., 1., 1., 1., 1., 1., 1., 1., 1., 1.,
        1., 1., 1., 1., 1., 1., 1., 1., 1., 1., 1., 1., 1., 1., 1., 1., 1., 1.,
        1., 1., 1., 1., 1., 1., 1., 1., 1., 1., 1., 1., 1., 1., 1., 1., 1., 1.,
        1., 1., 1., 1., 1., 1., 1., 1., 1., 1., 1., 1., 1., 1., 1., 1., 1., 1.,
        1., 1., 1., 1., 1., 1., 1., 1., 1., 1., 1., 1., 1., 1., 1., 1., 1., 1.,
        1., 1., 1., 1., 1., 1., 1., 1., 1., 1., 1., 1., 1., 1., 1., 1., 1., 1.,
        1., 1., 1., 1., 1., 1., 1., 1., 1., 1., 1., 1., 1., 1., 1., 1., 1.],
       device='cuda:0')
tensor([1., 1., 1., 1., 1., 1., 1., 1., 1., 1., 1., 1., 1., 1., 1., 1., 1., 1.,
        1., 1., 1., 1., 1., 1., 1., 1., 1., 1., 1., 1., 1., 1., 1., 1., 1., 1.,
        1., 1., 1., 1., 1., 1., 1., 1., 1., 1., 1., 1., 1., 1., 1., 1., 1., 1.,
        1., 1., 1., 1., 1., 1., 1., 1., 1., 1., 1., 1., 1., 1., 1., 1., 1., 1.,
        1., 1., 1., 1., 1., 1., 1., 1., 1., 1., 1., 1., 1., 1., 1., 1., 1., 1.,
        1., 1., 1., 1., 1., 1., 1., 1., 1., 1., 1., 1., 1., 1., 1., 1., 1., 1.,
        1., 1., 1., 1., 1., 1., 1., 1., 1., 1., 1., 1., 1., 1., 1., 1., 1.],
       device='cuda:0')
Solution is a valid permutation matrix.
0 0
[  1   2   3   4   5   6   7   8   9  10  11  12  13  14  15  16  17  18
  19  20  21  22  23  24  25  26  27  28  29  30  31  32  33  34  35  36
  37  38  39  40  41  42  43  44  45  46  47  48  49  50  51  52  53  54
  55  56  57  58  59  60  61  62  63  64  65  66  67  68  69  70  71  72
  73  74  75  76  77  78  79  80  81  82  83  84  85  86  87  88  89  90
  91  92  93  94  95  96  97  98  99 100 101 102 103 104 105 106 107 108
 109 110 111 112 113 114 115 116 117 118 119 120 121 122 123 124 125]
5000
Starting Optimization [N=125, Batch=5000, Device=cuda]
Iter 100: Best Obj 89314.0000, Loss 205019.1406, Term1 204985.0469, Term2 34.0915
Iter 200: Best Obj 82770.0000, Loss 142431.3438, Term1 142312.0156, Term2 119.3245
Iter 300: Best Obj 69720.0000, Loss 122671.1250, Term1 122467.1328, Term2 203.9960
Iter 400: Best Obj 56792.0000, Loss 106136.6250, Term1 105861.1875, Term2 275.4392
Iter 500: Best Obj 45790.0000, Loss 74606.2812, Term1 74330.6094, Term2 275.6703
Iter 600: Best Obj 39094.0000, Loss 54193.2773, Term1 53945.9219, Term2 247.3544
Iter 700: Best Obj 37162.0000, Loss 48537.4492, Term1 48285.5625, Term2 251.8878
Iter 800: Best Obj 36996.0000, Loss 46536.4805, Term1 46267.2578, Term2 269.2236
Iter 900: Best Obj 36380.0000, Loss 45502.5078, Term1 45209.7500, Term2 292.7597
Iter 1000: Best Obj 36380.0000, Loss 44795.6797, Term1 44475.8281, Term2 319.8496
Total Time: 149.85s, FPS: 6.7
tensor([1., 1., 1., 1., 1., 1., 1., 1., 1., 1., 1., 1., 1., 1., 1., 1., 1., 1.,
        1., 1., 1., 1., 1., 1., 1., 1., 1., 1., 1., 1., 1., 1., 1., 1., 1., 1.,
        1., 1., 1., 1., 1., 1., 1., 1., 1., 1., 1., 1., 1., 1., 1., 1., 1., 1.,
        1., 1., 1., 1., 1., 1., 1., 1., 1., 1., 1., 1., 1., 1., 1., 1., 1., 1.,
        1., 1., 1., 1., 1., 1., 1., 1., 1., 1., 1., 1., 1., 1., 1., 1., 1., 1.,
        1., 1., 1., 1., 1., 1., 1., 1., 1., 1., 1., 1., 1., 1., 1., 1., 1., 1.,
        1., 1., 1., 1., 1., 1., 1., 1., 1., 1., 1., 1., 1., 1., 1., 1., 1.],
       device='cuda:0')
tensor([1., 1., 1., 1., 1., 1., 1., 1., 1., 1., 1., 1., 1., 1., 1., 1., 1., 1.,
        1., 1., 1., 1., 1., 1., 1., 1., 1., 1., 1., 1., 1., 1., 1., 1., 1., 1.,
        1., 1., 1., 1., 1., 1., 1., 1., 1., 1., 1., 1., 1., 1., 1., 1., 1., 1.,
        1., 1., 1., 1., 1., 1., 1., 1., 1., 1., 1., 1., 1., 1., 1., 1., 1., 1.,
        1., 1., 1., 1., 1., 1., 1., 1., 1., 1., 1., 1., 1., 1., 1., 1., 1., 1.,
        1., 1., 1., 1., 1., 1., 1., 1., 1., 1., 1., 1., 1., 1., 1., 1., 1., 1.,
        1., 1., 1., 1., 1., 1., 1., 1., 1., 1., 1., 1., 1., 1., 1., 1., 1.],
       device='cuda:0')
Solution is a valid permutation matrix.
0 0
[  1   2   3   4   5   6   7   8   9  10  11  12  13  14  15  16  17  18
  19  20  21  22  23  24  25  26  27  28  29  30  31  32  33  34  35  36
  37  38  39  40  41  42  43  44  45  46  47  48  49  50  51  52  53  54
  55  56  57  58  59  60  61  62  63  64  65  66  67  68  69  70  71  72
  73  74  75  76  77  78  79  80  81  82  83  84  85  86  87  88  89  90
  91  92  93  94  95  96  97  98  99 100 101 102 103 104 105 106 107 108
 109 110 111 112 113 114 115 116 117 118 119 120 121 122 123 124 125]
5000
Starting Optimization [N=125, Batch=5000, Device=cuda]
Iter 100: Best Obj 89314.0000, Loss 205088.5938, Term1 205478.0156, Term2 -389.4265
Iter 200: Best Obj 81626.0000, Loss 142017.6875, Term1 142318.4062, Term2 -300.7255
Iter 300: Best Obj 68268.0000, Loss 122267.1484, Term1 122477.8906, Term2 -210.7425
Iter 400: Best Obj 56276.0000, Loss 105815.8828, Term1 105925.2500, Term2 -109.3686
Iter 500: Best Obj 46644.0000, Loss 74421.3281, Term1 74412.6797, Term2 8.6516
Iter 600: Best Obj 39030.0000, Loss 53958.9805, Term1 53867.8164, Term2 91.1650
Iter 700: Best Obj 36032.0000, Loss 48309.0664, Term1 48167.3906, Term2 141.6747
Iter 800: Best Obj 34616.0000, Loss 46329.3516, Term1 46148.5078, Term2 180.8427
Iter 900: Best Obj 34514.0000, Loss 45302.4570, Term1 45085.9922, Term2 216.4634
Iter 1000: Best Obj 34430.0000, Loss 44599.7734, Term1 44348.4414, Term2 251.3324
Total Time: 150.00s, FPS: 6.7
tensor([1., 1., 1., 1., 1., 1., 1., 1., 1., 1., 1., 1., 1., 1., 1., 1., 1., 1.,
        1., 1., 1., 1., 1., 1., 1., 1., 1., 1., 1., 1., 1., 1., 1., 1., 1., 1.,
        1., 1., 1., 1., 1., 1., 1., 1., 1., 1., 1., 1., 1., 1., 1., 1., 1., 1.,
        1., 1., 1., 1., 1., 1., 1., 1., 1., 1., 1., 1., 1., 1., 1., 1., 1., 1.,
        1., 1., 1., 1., 1., 1., 1., 1., 1., 1., 1., 1., 1., 1., 1., 1., 1., 1.,
        1., 1., 1., 1., 1., 1., 1., 1., 1., 1., 1., 1., 1., 1., 1., 1., 1., 1.,
        1., 1., 1., 1., 1., 1., 1., 1., 1., 1., 1., 1., 1., 1., 1., 1., 1.],
       device='cuda:0')
tensor([1., 1., 1., 1., 1., 1., 1., 1., 1., 1., 1., 1., 1., 1., 1., 1., 1., 1.,
        1., 1., 1., 1., 1., 1., 1., 1., 1., 1., 1., 1., 1., 1., 1., 1., 1., 1.,
        1., 1., 1., 1., 1., 1., 1., 1., 1., 1., 1., 1., 1., 1., 1., 1., 1., 1.,
        1., 1., 1., 1., 1., 1., 1., 1., 1., 1., 1., 1., 1., 1., 1., 1., 1., 1.,
        1., 1., 1., 1., 1., 1., 1., 1., 1., 1., 1., 1., 1., 1., 1., 1., 1., 1.,
        1., 1., 1., 1., 1., 1., 1., 1., 1., 1., 1., 1., 1., 1., 1., 1., 1., 1.,
        1., 1., 1., 1., 1., 1., 1., 1., 1., 1., 1., 1., 1., 1., 1., 1., 1.],
       device='cuda:0')
Solution is a valid permutation matrix.
0 0
[  1   2   3   4   5   6   7   8   9  10  11  12  13  14  15  16  17  18
  19  20  21  22  23  24  25  26  27  28  29  30  31  32  33  34  35  36
  37  38  39  40  41  42  43  44  45  46  47  48  49  50  51  52  53  54
  55  56  57  58  59  60  61  62  63  64  65  66  67  68  69  70  71  72
  73  74  75  76  77  78  79  80  81  82  83  84  85  86  87  88  89  90
  91  92  93  94  95  96  97  98  99 100 101 102 103 104 105 106 107 108
 109 110 111 112 113 114 115 116 117 118 119 120 121 122 123 124 125]
5000
Starting Optimization [N=125, Batch=5000, Device=cuda]
Iter 100: Best Obj 89174.0000, Loss 200416.6406, Term1 205048.4375, Term2 -4631.7959
Iter 200: Best Obj 81860.0000, Loss 137821.0625, Term1 142342.1250, Term2 -4521.0620
Iter 300: Best Obj 68816.0000, Loss 118193.8594, Term1 122597.8906, Term2 -4404.0283
Iter 400: Best Obj 56888.0000, Loss 102397.6406, Term1 106465.3906, Term2 -4067.7461
Iter 500: Best Obj 42868.0000, Loss 72327.5156, Term1 75180.0000, Term2 -2852.4834
Iter 600: Best Obj 38742.0000, Loss 51798.5781, Term1 53383.3242, Term2 -1584.7480
Iter 700: Best Obj 36886.0000, Loss 46251.7227, Term1 47315.4219, Term2 -1063.6989
Iter 800: Best Obj 36614.0000, Loss 44349.3242, Term1 45177.0039, Term2 -827.6797
Iter 900: Best Obj 36298.0000, Loss 43357.9336, Term1 44048.9492, Term2 -691.0161
Iter 1000: Best Obj 36202.0000, Loss 42673.3438, Term1 43266.9570, Term2 -593.6131
Total Time: 150.01s, FPS: 6.7
tensor([1., 1., 1., 1., 1., 1., 1., 1., 1., 1., 1., 1., 1., 1., 1., 1., 1., 1.,
        1., 1., 1., 1., 1., 1., 1., 1., 1., 1., 1., 1., 1., 1., 1., 1., 1., 1.,
        1., 1., 1., 1., 1., 1., 1., 1., 1., 1., 1., 1., 1., 1., 1., 1., 1., 1.,
        1., 1., 1., 1., 1., 1., 1., 1., 1., 1., 1., 1., 1., 1., 1., 1., 1., 1.,
        1., 1., 1., 1., 1., 1., 1., 1., 1., 1., 1., 1., 1., 1., 1., 1., 1., 1.,
        1., 1., 1., 1., 1., 1., 1., 1., 1., 1., 1., 1., 1., 1., 1., 1., 1., 1.,
        1., 1., 1., 1., 1., 1., 1., 1., 1., 1., 1., 1., 1., 1., 1., 1., 1.],
       device='cuda:0')
tensor([1., 1., 1., 1., 1., 1., 1., 1., 1., 1., 1., 1., 1., 1., 1., 1., 1., 1.,
        1., 1., 1., 1., 1., 1., 1., 1., 1., 1., 1., 1., 1., 1., 1., 1., 1., 1.,
        1., 1., 1., 1., 1., 1., 1., 1., 1., 1., 1., 1., 1., 1., 1., 1., 1., 1.,
        1., 1., 1., 1., 1., 1., 1., 1., 1., 1., 1., 1., 1., 1., 1., 1., 1., 1.,
        1., 1., 1., 1., 1., 1., 1., 1., 1., 1., 1., 1., 1., 1., 1., 1., 1., 1.,
        1., 1., 1., 1., 1., 1., 1., 1., 1., 1., 1., 1., 1., 1., 1., 1., 1., 1.,
        1., 1., 1., 1., 1., 1., 1., 1., 1., 1., 1., 1., 1., 1., 1., 1., 1.],
       device='cuda:0')
Solution is a valid permutation matrix.
0 0
[  1   2   3   4   5   6   7   8   9  10  11  12  13  14  15  16  17  18
  19  20  21  22  23  24  25  26  27  28  29  30  31  32  33  34  35  36
  37  38  39  40  41  42  43  44  45  46  47  48  49  50  51  52  53  54
  55  56  57  58  59  60  61  62  63  64  65  66  67  68  69  70  71  72
  73  74  75  76  77  78  79  80  81  82  83  84  85  86  87  88  89  90
  91  92  93  94  95  96  97  98  99 100 101 102 103 104 105 106 107 108
 109 110 111 112 113 114 115 116 117 118 119 120 121 122 123 124 125]
5000
Starting Optimization [N=125, Batch=5000, Device=cuda]
Iter 100: Best Obj 89830.0000, Loss 157455.5156, Term1 205177.4531, Term2 -47721.9336
Iter 200: Best Obj 83254.0000, Loss 93819.4844, Term1 142325.0000, Term2 -48505.5195
Iter 300: Best Obj 73712.0000, Loss 73061.8438, Term1 122815.7734, Term2 -49753.9336
Iter 400: Best Obj 58370.0000, Loss 60998.7344, Term1 109576.8984, Term2 -48578.1641
Iter 500: Best Obj 42538.0000, Loss 46738.2695, Term1 85878.7891, Term2 -39140.5195
Iter 600: Best Obj 33678.0000, Loss 33826.5000, Term1 61571.9961, Term2 -27745.4961
Iter 700: Best Obj 32818.0000, Loss 27566.8926, Term1 49184.8164, Term2 -21617.9238
Iter 800: Best Obj 32288.0000, Loss 25304.2461, Term1 44245.3789, Term2 -18941.1328
Iter 900: Best Obj 32170.0000, Loss 24418.7363, Term1 42219.6484, Term2 -17800.9121
Iter 1000: Best Obj 32124.0000, Loss 23946.6855, Term1 41163.6992, Term2 -17217.0137
Total Time: 150.19s, FPS: 6.7
tensor([1., 1., 1., 1., 1., 1., 1., 1., 1., 1., 1., 1., 1., 1., 1., 1., 1., 1.,
        1., 1., 1., 1., 1., 1., 1., 1., 1., 1., 1., 1., 1., 1., 1., 1., 1., 1.,
        1., 1., 1., 1., 1., 1., 1., 1., 1., 1., 1., 1., 1., 1., 1., 1., 1., 1.,
        1., 1., 1., 1., 1., 1., 1., 1., 1., 1., 1., 1., 1., 1., 1., 1., 1., 1.,
        1., 1., 1., 1., 1., 1., 1., 1., 1., 1., 1., 1., 1., 1., 1., 1., 1., 1.,
        1., 1., 1., 1., 1., 1., 1., 1., 1., 1., 1., 1., 1., 1., 1., 1., 1., 1.,
        1., 1., 1., 1., 1., 1., 1., 1., 1., 1., 1., 1., 1., 1., 1., 1., 1.],
       device='cuda:0')
tensor([1., 1., 1., 1., 1., 1., 1., 1., 1., 1., 1., 1., 1., 1., 1., 1., 1., 1.,
        1., 1., 1., 1., 1., 1., 1., 1., 1., 1., 1., 1., 1., 1., 1., 1., 1., 1.,
        1., 1., 1., 1., 1., 1., 1., 1., 1., 1., 1., 1., 1., 1., 1., 1., 1., 1.,
        1., 1., 1., 1., 1., 1., 1., 1., 1., 1., 1., 1., 1., 1., 1., 1., 1., 1.,
        1., 1., 1., 1., 1., 1., 1., 1., 1., 1., 1., 1., 1., 1., 1., 1., 1., 1.,
        1., 1., 1., 1., 1., 1., 1., 1., 1., 1., 1., 1., 1., 1., 1., 1., 1., 1.,
        1., 1., 1., 1., 1., 1., 1., 1., 1., 1., 1., 1., 1., 1., 1., 1., 1.],
       device='cuda:0')
Solution is a valid permutation matrix.
0 0
[  1   2   3   4   5   6   7   8   9  10  11  12  13  14  15  16  17  18
  19  20  21  22  23  24  25  26  27  28  29  30  31  32  33  34  35  36
  37  38  39  40  41  42  43  44  45  46  47  48  49  50  51  52  53  54
  55  56  57  58  59  60  61  62  63  64  65  66  67  68  69  70  71  72
  73  74  75  76  77  78  79  80  81  82  83  84  85  86  87  88  89  90
  91  92  93  94  95  96  97  98  99 100 101 102 103 104 105 106 107 108
 109 110 111 112 113 114 115 116 117 118 119 120 121 122 123 124 125]
5000
Starting Optimization [N=125, Batch=5000, Device=cuda]
Iter 100: Best Obj 89802.0000, Loss -303242.6250, Term1 206302.8594, Term2 -509545.5000
Iter 200: Best Obj 84288.0000, Loss -377613.0000, Term1 140926.2344, Term2 -518539.2500
Iter 300: Best Obj 84288.0000, Loss -393534.0000, Term1 124024.7109, Term2 -517558.7188
Iter 400: Best Obj 84288.0000, Loss -400250.0625, Term1 116909.3672, Term2 -517159.4375
Iter 500: Best Obj 84288.0000, Loss -403863.6250, Term1 113060.8828, Term2 -516924.5000
Iter 600: Best Obj 84288.0000, Loss -405921.0938, Term1 110815.1328, Term2 -516736.2188
Iter 700: Best Obj 84288.0000, Loss -407107.1562, Term1 109473.3203, Term2 -516580.4688
Iter 800: Best Obj 84288.0000, Loss -407786.5000, Term1 108664.7578, Term2 -516451.2500
Iter 900: Best Obj 84288.0000, Loss -408166.7500, Term1 108175.4531, Term2 -516342.1875
Iter 1000: Best Obj 84288.0000, Loss -408368.4375, Term1 107878.4297, Term2 -516246.8750
Total Time: 149.98s, FPS: 6.7
tensor([1., 1., 1., 1., 1., 1., 1., 1., 1., 1., 1., 1., 1., 1., 1., 1., 1., 1.,
        1., 1., 1., 1., 1., 1., 1., 1., 1., 1., 1., 1., 1., 1., 1., 1., 1., 1.,
        1., 1., 1., 1., 1., 1., 1., 1., 1., 1., 1., 1., 1., 1., 1., 1., 1., 1.,
        1., 1., 1., 1., 1., 1., 1., 1., 1., 1., 1., 1., 1., 1., 1., 1., 1., 1.,
        1., 1., 1., 1., 1., 1., 1., 1., 1., 1., 1., 1., 1., 1., 1., 1., 1., 1.,
        1., 1., 1., 1., 1., 1., 1., 1., 1., 1., 1., 1., 1., 1., 1., 1., 1., 1.,
        1., 1., 1., 1., 1., 1., 1., 1., 1., 1., 1., 1., 1., 1., 1., 1., 1.],
       device='cuda:0')
tensor([1., 1., 1., 1., 1., 1., 1., 1., 1., 1., 1., 1., 1., 1., 1., 1., 1., 1.,
        1., 1., 1., 1., 1., 1., 1., 1., 1., 1., 1., 1., 1., 1., 1., 1., 1., 1.,
        1., 1., 1., 1., 1., 1., 1., 1., 1., 1., 1., 1., 1., 1., 1., 1., 1., 1.,
        1., 1., 1., 1., 1., 1., 1., 1., 1., 1., 1., 1., 1., 1., 1., 1., 1., 1.,
        1., 1., 1., 1., 1., 1., 1., 1., 1., 1., 1., 1., 1., 1., 1., 1., 1., 1.,
        1., 1., 1., 1., 1., 1., 1., 1., 1., 1., 1., 1., 1., 1., 1., 1., 1., 1.,
        1., 1., 1., 1., 1., 1., 1., 1., 1., 1., 1., 1., 1., 1., 1., 1., 1.],
       device='cuda:0')
Solution is a valid permutation matrix.
0 0
[  1   2   3   4   5   6   7   8   9  10  11  12  13  14  15  16  17  18
  19  20  21  22  23  24  25  26  27  28  29  30  31  32  33  34  35  36
  37  38  39  40  41  42  43  44  45  46  47  48  49  50  51  52  53  54
  55  56  57  58  59  60  61  62  63  64  65  66  67  68  69  70  71  72
  73  74  75  76  77  78  79  80  81  82  83  84  85  86  87  88  89  90
  91  92  93  94  95  96  97  98  99 100 101 102 103 104 105 106 107 108
 109 110 111 112 113 114 115 116 117 118 119 120 121 122 123 124 125]
5000
Starting Optimization [N=125, Batch=5000, Device=cuda]
Iter 100: Best Obj 81272.0000, Loss -4981740.0000, Term1 264556.5938, Term2 -5246296.5000
Iter 200: Best Obj 81272.0000, Loss -5035675.0000, Term1 168809.8594, Term2 -5204485.0000
Iter 300: Best Obj 81272.0000, Loss -5049998.5000, Term1 139305.1719, Term2 -5189303.5000
Iter 400: Best Obj 81272.0000, Loss -5055550.5000, Term1 126232.7734, Term2 -5181783.5000
Iter 500: Best Obj 81272.0000, Loss -5058153.5000, Term1 119245.0078, Term2 -5177398.5000
Iter 600: Best Obj 81272.0000, Loss -5059491.0000, Term1 115116.9219, Term2 -5174608.0000
Iter 700: Best Obj 81272.0000, Loss -5060172.5000, Term1 112553.1797, Term2 -5172725.5000
Iter 800: Best Obj 81272.0000, Loss -5060497.5000, Term1 110987.6562, Term2 -5171485.0000
Iter 900: Best Obj 81272.0000, Loss -5060661.5000, Term1 110030.7734, Term2 -5170692.5000
Iter 1000: Best Obj 81272.0000, Loss -5060739.0000, Term1 109383.6094, Term2 -5170122.5000
Total Time: 150.08s, FPS: 6.7
tensor([1., 1., 1., 1., 1., 1., 1., 1., 1., 1., 1., 1., 1., 1., 1., 1., 1., 1.,
        1., 1., 1., 1., 1., 1., 1., 1., 1., 1., 1., 1., 1., 1., 1., 1., 1., 1.,
        1., 1., 1., 1., 1., 1., 1., 1., 1., 1., 1., 1., 1., 1., 1., 1., 1., 1.,
        1., 1., 1., 1., 1., 1., 1., 1., 1., 1., 1., 1., 1., 1., 1., 1., 1., 1.,
        1., 1., 1., 1., 1., 1., 1., 1., 1., 1., 1., 1., 1., 1., 1., 1., 1., 1.,
        1., 1., 1., 1., 1., 1., 1., 1., 1., 1., 1., 1., 1., 1., 1., 1., 1., 1.,
        1., 1., 1., 1., 1., 1., 1., 1., 1., 1., 1., 1., 1., 1., 1., 1., 1.],
       device='cuda:0')
tensor([1., 1., 1., 1., 1., 1., 1., 1., 1., 1., 1., 1., 1., 1., 1., 1., 1., 1.,
        1., 1., 1., 1., 1., 1., 1., 1., 1., 1., 1., 1., 1., 1., 1., 1., 1., 1.,
        1., 1., 1., 1., 1., 1., 1., 1., 1., 1., 1., 1., 1., 1., 1., 1., 1., 1.,
        1., 1., 1., 1., 1., 1., 1., 1., 1., 1., 1., 1., 1., 1., 1., 1., 1., 1.,
        1., 1., 1., 1., 1., 1., 1., 1., 1., 1., 1., 1., 1., 1., 1., 1., 1., 1.,
        1., 1., 1., 1., 1., 1., 1., 1., 1., 1., 1., 1., 1., 1., 1., 1., 1., 1.,
        1., 1., 1., 1., 1., 1., 1., 1., 1., 1., 1., 1., 1., 1., 1., 1., 1.],
       device='cuda:0')
Solution is a valid permutation matrix.
0 0
[  1   2   3   4   5   6   7   8   9  10  11  12  13  14  15  16  17  18
  19  20  21  22  23  24  25  26  27  28  29  30  31  32  33  34  35  36
  37  38  39  40  41  42  43  44  45  46  47  48  49  50  51  52  53  54
  55  56  57  58  59  60  61  62  63  64  65  66  67  68  69  70  71  72
  73  74  75  76  77  78  79  80  81  82  83  84  85  86  87  88  89  90
  91  92  93  94  95  96  97  98  99 100 101 102 103 104 105 106 107 108
 109 110 111 112 113 114 115 116 117 118 119 120 121 122 123 124 125]
5000
Starting Optimization [N=125, Batch=5000, Device=cuda]
Iter 100: Best Obj 2692050.0000, Loss -56898016.0000, Term1 3454567.5000, Term2 -60352584.0000
Iter 200: Best Obj 2692050.0000, Loss -56899292.0000, Term1 3454568.2500, Term2 -60353860.0000
Iter 300: Best Obj 2692050.0000, Loss -56899256.0000, Term1 3454569.5000, Term2 -60353824.0000
Iter 400: Best Obj 2692050.0000, Loss -56899136.0000, Term1 3454578.0000, Term2 -60353716.0000
Iter 500: Best Obj 2569074.0000, Loss -56898932.0000, Term1 3454599.2500, Term2 -60353532.0000
Iter 600: Best Obj 2569074.0000, Loss -56898728.0000, Term1 3454622.2500, Term2 -60353352.0000
Iter 700: Best Obj 2569074.0000, Loss -56898732.0000, Term1 3454622.7500, Term2 -60353356.0000
Iter 800: Best Obj 2404082.0000, Loss -56898696.0000, Term1 3454627.5000, Term2 -60353324.0000
Iter 900: Best Obj 2404082.0000, Loss -56898684.0000, Term1 3454629.7500, Term2 -60353312.0000
Iter 1000: Best Obj 2390582.0000, Loss -56898680.0000, Term1 3454631.2500, Term2 -60353312.0000
Total Time: 149.88s, FPS: 6.7
tensor([1., 1., 1., 1., 1., 1., 1., 1., 1., 1., 1., 1., 1., 1., 1., 1., 1., 1.,
        1., 1., 1., 1., 1., 1., 1., 1., 1., 1., 1., 1., 1., 1., 1., 1., 1., 1.,
        1., 1., 1., 1., 1., 1., 1., 1., 1., 1., 1., 1., 1., 1., 1., 1., 1., 1.,
        1., 1., 1., 1., 1., 1., 1., 1., 1., 1., 1., 1., 1., 1., 1., 1., 1., 1.,
        1., 1., 1., 1., 1., 1., 1., 1., 1., 1., 1., 1., 1., 1., 1., 1., 1., 1.,
        1., 1., 1., 1., 1., 1., 1., 1., 1., 1., 1., 1., 1., 1., 1., 1., 1., 1.,
        1., 1., 1., 1., 1., 1., 1., 1., 1., 1., 1., 1., 1., 1., 1., 1., 1.],
       device='cuda:0')
tensor([1., 1., 1., 1., 1., 1., 1., 1., 1., 1., 1., 1., 1., 1., 1., 1., 1., 1.,
        1., 1., 1., 1., 1., 1., 1., 1., 1., 1., 1., 1., 1., 1., 1., 1., 1., 1.,
        1., 1., 1., 1., 1., 1., 1., 1., 1., 1., 1., 1., 1., 1., 1., 1., 1., 1.,
        1., 1., 1., 1., 1., 1., 1., 1., 1., 1., 1., 1., 1., 1., 1., 1., 1., 1.,
        1., 1., 1., 1., 1., 1., 1., 1., 1., 1., 1., 1., 1., 1., 1., 1., 1., 1.,
        1., 1., 1., 1., 1., 1., 1., 1., 1., 1., 1., 1., 1., 1., 1., 1., 1., 1.,
        1., 1., 1., 1., 1., 1., 1., 1., 1., 1., 1., 1., 1., 1., 1., 1., 1.],
       device='cuda:0')
Solution is a valid permutation matrix.
0 0
[  1   2   3   4   5   6   7   8   9  10  11  12  13  14  15  16  17  18
  19  20  21  22  23  24  25  26  27  28  29  30  31  32  33  34  35  36
  37  38  39  40  41  42  43  44  45  46  47  48  49  50  51  52  53  54
  55  56  57  58  59  60  61  62  63  64  65  66  67  68  69  70  71  72
  73  74  75  76  77  78  79  80  81  82  83  84  85  86  87  88  89  90
  91  92  93  94  95  96  97  98  99 100 101 102 103 104 105 106 107 108
 109 110 111 112 113 114 115 116 117 118 119 120 121 122 123 124 125]
5000
Starting Optimization [N=125, Batch=5000, Device=cuda]
Iter 100: Best Obj 88200.0000, Loss 218617.8281, Term1 218583.7656, Term2 34.0667
Iter 200: Best Obj 85802.0000, Loss 149806.0625, Term1 149686.8438, Term2 119.2175
Iter 300: Best Obj 80202.0000, Loss 128777.2422, Term1 128573.3047, Term2 203.9355
Iter 400: Best Obj 67152.0000, Loss 114096.4766, Term1 113817.3516, Term2 279.1249
Iter 500: Best Obj 51412.0000, Loss 84703.0234, Term1 84410.6562, Term2 292.3706
Iter 600: Best Obj 39402.0000, Loss 58871.4336, Term1 58615.4766, Term2 255.9555
Iter 700: Best Obj 37748.0000, Loss 51383.6016, Term1 51125.3828, Term2 258.2171
Iter 800: Best Obj 37522.0000, Loss 49021.4258, Term1 48743.5000, Term2 277.9244
Iter 900: Best Obj 37452.0000, Loss 47898.8828, Term1 47595.8516, Term2 303.0320
Iter 1000: Best Obj 37452.0000, Loss 47168.8047, Term1 46838.5039, Term2 330.3026
Total Time: 149.99s, FPS: 6.7
tensor([1., 1., 1., 1., 1., 1., 1., 1., 1., 1., 1., 1., 1., 1., 1., 1., 1., 1.,
        1., 1., 1., 1., 1., 1., 1., 1., 1., 1., 1., 1., 1., 1., 1., 1., 1., 1.,
        1., 1., 1., 1., 1., 1., 1., 1., 1., 1., 1., 1., 1., 1., 1., 1., 1., 1.,
        1., 1., 1., 1., 1., 1., 1., 1., 1., 1., 1., 1., 1., 1., 1., 1., 1., 1.,
        1., 1., 1., 1., 1., 1., 1., 1., 1., 1., 1., 1., 1., 1., 1., 1., 1., 1.,
        1., 1., 1., 1., 1., 1., 1., 1., 1., 1., 1., 1., 1., 1., 1., 1., 1., 1.,
        1., 1., 1., 1., 1., 1., 1., 1., 1., 1., 1., 1., 1., 1., 1., 1., 1.],
       device='cuda:0')
tensor([1., 1., 1., 1., 1., 1., 1., 1., 1., 1., 1., 1., 1., 1., 1., 1., 1., 1.,
        1., 1., 1., 1., 1., 1., 1., 1., 1., 1., 1., 1., 1., 1., 1., 1., 1., 1.,
        1., 1., 1., 1., 1., 1., 1., 1., 1., 1., 1., 1., 1., 1., 1., 1., 1., 1.,
        1., 1., 1., 1., 1., 1., 1., 1., 1., 1., 1., 1., 1., 1., 1., 1., 1., 1.,
        1., 1., 1., 1., 1., 1., 1., 1., 1., 1., 1., 1., 1., 1., 1., 1., 1., 1.,
        1., 1., 1., 1., 1., 1., 1., 1., 1., 1., 1., 1., 1., 1., 1., 1., 1., 1.,
        1., 1., 1., 1., 1., 1., 1., 1., 1., 1., 1., 1., 1., 1., 1., 1., 1.],
       device='cuda:0')
Solution is a valid permutation matrix.
0 0
[  1   2   3   4   5   6   7   8   9  10  11  12  13  14  15  16  17  18
  19  20  21  22  23  24  25  26  27  28  29  30  31  32  33  34  35  36
  37  38  39  40  41  42  43  44  45  46  47  48  49  50  51  52  53  54
  55  56  57  58  59  60  61  62  63  64  65  66  67  68  69  70  71  72
  73  74  75  76  77  78  79  80  81  82  83  84  85  86  87  88  89  90
  91  92  93  94  95  96  97  98  99 100 101 102 103 104 105 106 107 108
 109 110 111 112 113 114 115 116 117 118 119 120 121 122 123 124 125]
5000
Starting Optimization [N=125, Batch=5000, Device=cuda]
Iter 100: Best Obj 88200.0000, Loss 218195.5312, Term1 218585.0781, Term2 -389.5520
Iter 200: Best Obj 86012.0000, Loss 149387.3438, Term1 149688.5781, Term2 -301.2283
Iter 300: Best Obj 79764.0000, Loss 128369.4609, Term1 128582.2656, Term2 -212.8071
Iter 400: Best Obj 65598.0000, Loss 113750.1250, Term1 113867.1172, Term2 -116.9918
Iter 500: Best Obj 51842.0000, Loss 84511.3438, Term1 84517.0859, Term2 -5.7440
Iter 600: Best Obj 39402.0000, Loss 58644.3242, Term1 58561.3398, Term2 82.9829
Iter 700: Best Obj 37704.0000, Loss 51162.6797, Term1 51023.5977, Term2 139.0837
Iter 800: Best Obj 37522.0000, Loss 48812.9648, Term1 48629.8438, Term2 183.1221
Iter 900: Best Obj 37452.0000, Loss 47695.6055, Term1 47473.5977, Term2 222.0063
Iter 1000: Best Obj 37452.0000, Loss 46972.0312, Term1 46713.5273, Term2 258.5023
Total Time: 150.03s, FPS: 6.7
tensor([1., 1., 1., 1., 1., 1., 1., 1., 1., 1., 1., 1., 1., 1., 1., 1., 1., 1.,
        1., 1., 1., 1., 1., 1., 1., 1., 1., 1., 1., 1., 1., 1., 1., 1., 1., 1.,
        1., 1., 1., 1., 1., 1., 1., 1., 1., 1., 1., 1., 1., 1., 1., 1., 1., 1.,
        1., 1., 1., 1., 1., 1., 1., 1., 1., 1., 1., 1., 1., 1., 1., 1., 1., 1.,
        1., 1., 1., 1., 1., 1., 1., 1., 1., 1., 1., 1., 1., 1., 1., 1., 1., 1.,
        1., 1., 1., 1., 1., 1., 1., 1., 1., 1., 1., 1., 1., 1., 1., 1., 1., 1.,
        1., 1., 1., 1., 1., 1., 1., 1., 1., 1., 1., 1., 1., 1., 1., 1., 1.],
       device='cuda:0')
tensor([1., 1., 1., 1., 1., 1., 1., 1., 1., 1., 1., 1., 1., 1., 1., 1., 1., 1.,
        1., 1., 1., 1., 1., 1., 1., 1., 1., 1., 1., 1., 1., 1., 1., 1., 1., 1.,
        1., 1., 1., 1., 1., 1., 1., 1., 1., 1., 1., 1., 1., 1., 1., 1., 1., 1.,
        1., 1., 1., 1., 1., 1., 1., 1., 1., 1., 1., 1., 1., 1., 1., 1., 1., 1.,
        1., 1., 1., 1., 1., 1., 1., 1., 1., 1., 1., 1., 1., 1., 1., 1., 1., 1.,
        1., 1., 1., 1., 1., 1., 1., 1., 1., 1., 1., 1., 1., 1., 1., 1., 1., 1.,
        1., 1., 1., 1., 1., 1., 1., 1., 1., 1., 1., 1., 1., 1., 1., 1., 1.],
       device='cuda:0')
Solution is a valid permutation matrix.
0 0
[  1   2   3   4   5   6   7   8   9  10  11  12  13  14  15  16  17  18
  19  20  21  22  23  24  25  26  27  28  29  30  31  32  33  34  35  36
  37  38  39  40  41  42  43  44  45  46  47  48  49  50  51  52  53  54
  55  56  57  58  59  60  61  62  63  64  65  66  67  68  69  70  71  72
  73  74  75  76  77  78  79  80  81  82  83  84  85  86  87  88  89  90
  91  92  93  94  95  96  97  98  99 100 101 102 103 104 105 106 107 108
 109 110 111 112 113 114 115 116 117 118 119 120 121 122 123 124 125]
5000
Starting Optimization [N=125, Batch=5000, Device=cuda]
Iter 100: Best Obj 88200.0000, Loss 213977.5938, Term1 218610.0000, Term2 -4632.4028
Iter 200: Best Obj 84310.0000, Loss 145183.2656, Term1 149706.9844, Term2 -4523.7256
Iter 300: Best Obj 80234.0000, Loss 124243.7734, Term1 128664.6562, Term2 -4420.8809
Iter 400: Best Obj 66444.0000, Loss 110118.1328, Term1 114289.9766, Term2 -4171.8462
Iter 500: Best Obj 48140.0000, Loss 82242.4922, Term1 85414.8828, Term2 -3172.3875
Iter 600: Best Obj 38174.0000, Loss 56535.4531, Term1 58310.6641, Term2 -1775.2092
Iter 700: Best Obj 37660.0000, Loss 49075.6719, Term1 50226.2539, Term2 -1150.5815
Iter 800: Best Obj 37432.0000, Loss 46819.9844, Term1 47707.8242, Term2 -887.8409
Iter 900: Best Obj 37152.0000, Loss 45756.8398, Term1 46497.5898, Term2 -740.7503
Iter 1000: Best Obj 36568.0000, Loss 45068.9414, Term1 45706.9062, Term2 -637.9646
Total Time: 149.99s, FPS: 6.7
tensor([1., 1., 1., 1., 1., 1., 1., 1., 1., 1., 1., 1., 1., 1., 1., 1., 1., 1.,
        1., 1., 1., 1., 1., 1., 1., 1., 1., 1., 1., 1., 1., 1., 1., 1., 1., 1.,
        1., 1., 1., 1., 1., 1., 1., 1., 1., 1., 1., 1., 1., 1., 1., 1., 1., 1.,
        1., 1., 1., 1., 1., 1., 1., 1., 1., 1., 1., 1., 1., 1., 1., 1., 1., 1.,
        1., 1., 1., 1., 1., 1., 1., 1., 1., 1., 1., 1., 1., 1., 1., 1., 1., 1.,
        1., 1., 1., 1., 1., 1., 1., 1., 1., 1., 1., 1., 1., 1., 1., 1., 1., 1.,
        1., 1., 1., 1., 1., 1., 1., 1., 1., 1., 1., 1., 1., 1., 1., 1., 1.],
       device='cuda:0')
tensor([1., 1., 1., 1., 1., 1., 1., 1., 1., 1., 1., 1., 1., 1., 1., 1., 1., 1.,
        1., 1., 1., 1., 1., 1., 1., 1., 1., 1., 1., 1., 1., 1., 1., 1., 1., 1.,
        1., 1., 1., 1., 1., 1., 1., 1., 1., 1., 1., 1., 1., 1., 1., 1., 1., 1.,
        1., 1., 1., 1., 1., 1., 1., 1., 1., 1., 1., 1., 1., 1., 1., 1., 1., 1.,
        1., 1., 1., 1., 1., 1., 1., 1., 1., 1., 1., 1., 1., 1., 1., 1., 1., 1.,
        1., 1., 1., 1., 1., 1., 1., 1., 1., 1., 1., 1., 1., 1., 1., 1., 1., 1.,
        1., 1., 1., 1., 1., 1., 1., 1., 1., 1., 1., 1., 1., 1., 1., 1., 1.],
       device='cuda:0')
Solution is a valid permutation matrix.
0 0
[  1   2   3   4   5   6   7   8   9  10  11  12  13  14  15  16  17  18
  19  20  21  22  23  24  25  26  27  28  29  30  31  32  33  34  35  36
  37  38  39  40  41  42  43  44  45  46  47  48  49  50  51  52  53  54
  55  56  57  58  59  60  61  62  63  64  65  66  67  68  69  70  71  72
  73  74  75  76  77  78  79  80  81  82  83  84  85  86  87  88  89  90
  91  92  93  94  95  96  97  98  99 100 101 102 103 104 105 106 107 108
 109 110 111 112 113 114 115 116 117 118 119 120 121 122 123 124 125]
5000
Starting Optimization [N=125, Batch=5000, Device=cuda]
Iter 100: Best Obj 91286.0000, Loss 171084.1406, Term1 218759.6719, Term2 -47675.5312
Iter 200: Best Obj 88172.0000, Loss 101276.0156, Term1 149655.6562, Term2 -48379.6406
Iter 300: Best Obj 81850.0000, Loss 78968.9219, Term1 128639.8516, Term2 -49670.9258
Iter 400: Best Obj 66550.0000, Loss 67036.5156, Term1 116399.3906, Term2 -49362.8711
Iter 500: Best Obj 43478.0000, Loss 53386.1367, Term1 94820.9219, Term2 -41434.7852
Iter 600: Best Obj 38884.0000, Loss 38311.5000, Term1 67653.4844, Term2 -29341.9824
Iter 700: Best Obj 36628.0000, Loss 30724.0020, Term1 53322.3008, Term2 -22598.2988
Iter 800: Best Obj 35896.0000, Loss 27936.5215, Term1 47453.2578, Term2 -19516.7363
Iter 900: Best Obj 35688.0000, Loss 26993.3359, Term1 45181.4141, Term2 -18188.0781
Iter 1000: Best Obj 35688.0000, Loss 26526.3535, Term1 44075.0625, Term2 -17548.7090
Total Time: 150.02s, FPS: 6.7
tensor([1., 1., 1., 1., 1., 1., 1., 1., 1., 1., 1., 1., 1., 1., 1., 1., 1., 1.,
        1., 1., 1., 1., 1., 1., 1., 1., 1., 1., 1., 1., 1., 1., 1., 1., 1., 1.,
        1., 1., 1., 1., 1., 1., 1., 1., 1., 1., 1., 1., 1., 1., 1., 1., 1., 1.,
        1., 1., 1., 1., 1., 1., 1., 1., 1., 1., 1., 1., 1., 1., 1., 1., 1., 1.,
        1., 1., 1., 1., 1., 1., 1., 1., 1., 1., 1., 1., 1., 1., 1., 1., 1., 1.,
        1., 1., 1., 1., 1., 1., 1., 1., 1., 1., 1., 1., 1., 1., 1., 1., 1., 1.,
        1., 1., 1., 1., 1., 1., 1., 1., 1., 1., 1., 1., 1., 1., 1., 1., 1.],
       device='cuda:0')
tensor([1., 1., 1., 1., 1., 1., 1., 1., 1., 1., 1., 1., 1., 1., 1., 1., 1., 1.,
        1., 1., 1., 1., 1., 1., 1., 1., 1., 1., 1., 1., 1., 1., 1., 1., 1., 1.,
        1., 1., 1., 1., 1., 1., 1., 1., 1., 1., 1., 1., 1., 1., 1., 1., 1., 1.,
        1., 1., 1., 1., 1., 1., 1., 1., 1., 1., 1., 1., 1., 1., 1., 1., 1., 1.,
        1., 1., 1., 1., 1., 1., 1., 1., 1., 1., 1., 1., 1., 1., 1., 1., 1., 1.,
        1., 1., 1., 1., 1., 1., 1., 1., 1., 1., 1., 1., 1., 1., 1., 1., 1., 1.,
        1., 1., 1., 1., 1., 1., 1., 1., 1., 1., 1., 1., 1., 1., 1., 1., 1.],
       device='cuda:0')
Solution is a valid permutation matrix.
0 0
[  1   2   3   4   5   6   7   8   9  10  11  12  13  14  15  16  17  18
  19  20  21  22  23  24  25  26  27  28  29  30  31  32  33  34  35  36
  37  38  39  40  41  42  43  44  45  46  47  48  49  50  51  52  53  54
  55  56  57  58  59  60  61  62  63  64  65  66  67  68  69  70  71  72
  73  74  75  76  77  78  79  80  81  82  83  84  85  86  87  88  89  90
  91  92  93  94  95  96  97  98  99 100 101 102 103 104 105 106 107 108
 109 110 111 112 113 114 115 116 117 118 119 120 121 122 123 124 125]
5000
Starting Optimization [N=125, Batch=5000, Device=cuda]
Iter 100: Best Obj 95520.0000, Loss -288208.7500, Term1 219816.2031, Term2 -508024.9688
Iter 200: Best Obj 94084.0000, Loss -370688.9375, Term1 147730.9219, Term2 -518419.8750
Iter 300: Best Obj 94084.0000, Loss -388451.0000, Term1 129067.7812, Term2 -517518.7812
Iter 400: Best Obj 92274.0000, Loss -395794.0000, Term1 121331.1797, Term2 -517125.1875
Iter 500: Best Obj 92274.0000, Loss -399757.4375, Term1 117152.7734, Term2 -516910.2188
Iter 600: Best Obj 92274.0000, Loss -402027.7500, Term1 114705.8203, Term2 -516733.5625
Iter 700: Best Obj 92274.0000, Loss -403344.1562, Term1 113239.0938, Term2 -516583.2500
Iter 800: Best Obj 92274.0000, Loss -404102.4688, Term1 112353.5391, Term2 -516456.0000
Iter 900: Best Obj 92274.0000, Loss -404530.4375, Term1 111817.2734, Term2 -516347.7188
Iter 1000: Best Obj 92274.0000, Loss -404761.0625, Term1 111491.7422, Term2 -516252.8125
Total Time: 150.00s, FPS: 6.7
tensor([1., 1., 1., 1., 1., 1., 1., 1., 1., 1., 1., 1., 1., 1., 1., 1., 1., 1.,
        1., 1., 1., 1., 1., 1., 1., 1., 1., 1., 1., 1., 1., 1., 1., 1., 1., 1.,
        1., 1., 1., 1., 1., 1., 1., 1., 1., 1., 1., 1., 1., 1., 1., 1., 1., 1.,
        1., 1., 1., 1., 1., 1., 1., 1., 1., 1., 1., 1., 1., 1., 1., 1., 1., 1.,
        1., 1., 1., 1., 1., 1., 1., 1., 1., 1., 1., 1., 1., 1., 1., 1., 1., 1.,
        1., 1., 1., 1., 1., 1., 1., 1., 1., 1., 1., 1., 1., 1., 1., 1., 1., 1.,
        1., 1., 1., 1., 1., 1., 1., 1., 1., 1., 1., 1., 1., 1., 1., 1., 1.],
       device='cuda:0')
tensor([1., 1., 1., 1., 1., 1., 1., 1., 1., 1., 1., 1., 1., 1., 1., 1., 1., 1.,
        1., 1., 1., 1., 1., 1., 1., 1., 1., 1., 1., 1., 1., 1., 1., 1., 1., 1.,
        1., 1., 1., 1., 1., 1., 1., 1., 1., 1., 1., 1., 1., 1., 1., 1., 1., 1.,
        1., 1., 1., 1., 1., 1., 1., 1., 1., 1., 1., 1., 1., 1., 1., 1., 1., 1.,
        1., 1., 1., 1., 1., 1., 1., 1., 1., 1., 1., 1., 1., 1., 1., 1., 1., 1.,
        1., 1., 1., 1., 1., 1., 1., 1., 1., 1., 1., 1., 1., 1., 1., 1., 1., 1.,
        1., 1., 1., 1., 1., 1., 1., 1., 1., 1., 1., 1., 1., 1., 1., 1., 1.],
       device='cuda:0')
Solution is a valid permutation matrix.
0 0
[  1   2   3   4   5   6   7   8   9  10  11  12  13  14  15  16  17  18
  19  20  21  22  23  24  25  26  27  28  29  30  31  32  33  34  35  36
  37  38  39  40  41  42  43  44  45  46  47  48  49  50  51  52  53  54
  55  56  57  58  59  60  61  62  63  64  65  66  67  68  69  70  71  72
  73  74  75  76  77  78  79  80  81  82  83  84  85  86  87  88  89  90
  91  92  93  94  95  96  97  98  99 100 101 102 103 104 105 106 107 108
 109 110 111 112 113 114 115 116 117 118 119 120 121 122 123 124 125]
5000
Starting Optimization [N=125, Batch=5000, Device=cuda]
Iter 100: Best Obj 86210.0000, Loss -4967207.5000, Term1 275687.5000, Term2 -5242895.0000
Iter 200: Best Obj 86210.0000, Loss -5028079.5000, Term1 174477.6719, Term2 -5202557.0000
Iter 300: Best Obj 86210.0000, Loss -5044385.0000, Term1 143609.3438, Term2 -5187994.5000
Iter 400: Best Obj 86210.0000, Loss -5050807.5000, Term1 130004.7656, Term2 -5180812.5000
Iter 500: Best Obj 86210.0000, Loss -5053872.5000, Term1 122769.1094, Term2 -5176641.5000
Iter 600: Best Obj 86210.0000, Loss -5055477.0000, Term1 118526.0312, Term2 -5174003.0000
Iter 700: Best Obj 86210.0000, Loss -5056344.5000, Term1 115908.4844, Term2 -5172253.0000
Iter 800: Best Obj 86210.0000, Loss -5056745.0000, Term1 114299.3203, Term2 -5171044.5000
Iter 900: Best Obj 86210.0000, Loss -5056969.5000, Term1 113340.7031, Term2 -5170310.0000
Iter 1000: Best Obj 86210.0000, Loss -5057082.0000, Term1 112711.2734, Term2 -5169793.5000
Total Time: 150.13s, FPS: 6.7
tensor([1., 1., 1., 1., 1., 1., 1., 1., 1., 1., 1., 1., 1., 1., 1., 1., 1., 1.,
        1., 1., 1., 1., 1., 1., 1., 1., 1., 1., 1., 1., 1., 1., 1., 1., 1., 1.,
        1., 1., 1., 1., 1., 1., 1., 1., 1., 1., 1., 1., 1., 1., 1., 1., 1., 1.,
        1., 1., 1., 1., 1., 1., 1., 1., 1., 1., 1., 1., 1., 1., 1., 1., 1., 1.,
        1., 1., 1., 1., 1., 1., 1., 1., 1., 1., 1., 1., 1., 1., 1., 1., 1., 1.,
        1., 1., 1., 1., 1., 1., 1., 1., 1., 1., 1., 1., 1., 1., 1., 1., 1., 1.,
        1., 1., 1., 1., 1., 1., 1., 1., 1., 1., 1., 1., 1., 1., 1., 1., 1.],
       device='cuda:0')
tensor([1., 1., 1., 1., 1., 1., 1., 1., 1., 1., 1., 1., 1., 1., 1., 1., 1., 1.,
        1., 1., 1., 1., 1., 1., 1., 1., 1., 1., 1., 1., 1., 1., 1., 1., 1., 1.,
        1., 1., 1., 1., 1., 1., 1., 1., 1., 1., 1., 1., 1., 1., 1., 1., 1., 1.,
        1., 1., 1., 1., 1., 1., 1., 1., 1., 1., 1., 1., 1., 1., 1., 1., 1., 1.,
        1., 1., 1., 1., 1., 1., 1., 1., 1., 1., 1., 1., 1., 1., 1., 1., 1., 1.,
        1., 1., 1., 1., 1., 1., 1., 1., 1., 1., 1., 1., 1., 1., 1., 1., 1., 1.,
        1., 1., 1., 1., 1., 1., 1., 1., 1., 1., 1., 1., 1., 1., 1., 1., 1.],
       device='cuda:0')
Solution is a valid permutation matrix.
0 0
[  1   2   3   4   5   6   7   8   9  10  11  12  13  14  15  16  17  18
  19  20  21  22  23  24  25  26  27  28  29  30  31  32  33  34  35  36
  37  38  39  40  41  42  43  44  45  46  47  48  49  50  51  52  53  54
  55  56  57  58  59  60  61  62  63  64  65  66  67  68  69  70  71  72
  73  74  75  76  77  78  79  80  81  82  83  84  85  86  87  88  89  90
  91  92  93  94  95  96  97  98  99 100 101 102 103 104 105 106 107 108
 109 110 111 112 113 114 115 116 117 118 119 120 121 122 123 124 125]
5000
Starting Optimization [N=125, Batch=5000, Device=cuda]
Iter 100: Best Obj 777846.0000, Loss -56552076.0000, Term1 3800501.2500, Term2 -60352576.0000
Iter 200: Best Obj 777846.0000, Loss -56553360.0000, Term1 3800500.7500, Term2 -60353860.0000
Iter 300: Best Obj 777846.0000, Loss -56553324.0000, Term1 3800501.7500, Term2 -60353824.0000
Iter 400: Best Obj 777846.0000, Loss -56553224.0000, Term1 3800508.2500, Term2 -60353732.0000
Iter 500: Best Obj 777846.0000, Loss -56553020.0000, Term1 3800527.0000, Term2 -60353548.0000
Iter 600: Best Obj 777846.0000, Loss -56552836.0000, Term1 3800546.2500, Term2 -60353384.0000
Iter 700: Best Obj 777846.0000, Loss -56552744.0000, Term1 3800557.2500, Term2 -60353300.0000
Iter 800: Best Obj 777846.0000, Loss -56552760.0000, Term1 3800555.7500, Term2 -60353316.0000
Iter 900: Best Obj 777846.0000, Loss -56552756.0000, Term1 3800556.5000, Term2 -60353312.0000
Iter 1000: Best Obj 777846.0000, Loss -56552744.0000, Term1 3800558.2500, Term2 -60353304.0000
Total Time: 149.86s, FPS: 6.7
tensor([1., 1., 1., 1., 1., 1., 1., 1., 1., 1., 1., 1., 1., 1., 1., 1., 1., 1.,
        1., 1., 1., 1., 1., 1., 1., 1., 1., 1., 1., 1., 1., 1., 1., 1., 1., 1.,
        1., 1., 1., 1., 1., 1., 1., 1., 1., 1., 1., 1., 1., 1., 1., 1., 1., 1.,
        1., 1., 1., 1., 1., 1., 1., 1., 1., 1., 1., 1., 1., 1., 1., 1., 1., 1.,
        1., 1., 1., 1., 1., 1., 1., 1., 1., 1., 1., 1., 1., 1., 1., 1., 1., 1.,
        1., 1., 1., 1., 1., 1., 1., 1., 1., 1., 1., 1., 1., 1., 1., 1., 1., 1.,
        1., 1., 1., 1., 1., 1., 1., 1., 1., 1., 1., 1., 1., 1., 1., 1., 1.],
       device='cuda:0')
tensor([1., 1., 1., 1., 1., 1., 1., 1., 1., 1., 1., 1., 1., 1., 1., 1., 1., 1.,
        1., 1., 1., 1., 1., 1., 1., 1., 1., 1., 1., 1., 1., 1., 1., 1., 1., 1.,
        1., 1., 1., 1., 1., 1., 1., 1., 1., 1., 1., 1., 1., 1., 1., 1., 1., 1.,
        1., 1., 1., 1., 1., 1., 1., 1., 1., 1., 1., 1., 1., 1., 1., 1., 1., 1.,
        1., 1., 1., 1., 1., 1., 1., 1., 1., 1., 1., 1., 1., 1., 1., 1., 1., 1.,
        1., 1., 1., 1., 1., 1., 1., 1., 1., 1., 1., 1., 1., 1., 1., 1., 1., 1.,
        1., 1., 1., 1., 1., 1., 1., 1., 1., 1., 1., 1., 1., 1., 1., 1., 1.],
       device='cuda:0')
Solution is a valid permutation matrix.
0 0
[  1   2   3   4   5   6   7   8   9  10  11  12  13  14  15  16  17  18
  19  20  21  22  23  24  25  26  27  28  29  30  31  32  33  34  35  36
  37  38  39  40  41  42  43  44  45  46  47  48  49  50  51  52  53  54
  55  56  57  58  59  60  61  62  63  64  65  66  67  68  69  70  71  72
  73  74  75  76  77  78  79  80  81  82  83  84  85  86  87  88  89  90
  91  92  93  94  95  96  97  98  99 100 101 102 103 104 105 106 107 108
 109 110 111 112 113 114 115 116 117 118 119 120 121 122 123 124 125]
5000
Starting Optimization [N=125, Batch=5000, Device=cuda]
Iter 100: Best Obj 101242.0000, Loss 228578.9062, Term1 228544.7344, Term2 34.1749
Iter 200: Best Obj 95388.0000, Loss 159746.6875, Term1 159627.2031, Term2 119.4838
Iter 300: Best Obj 83220.0000, Loss 137958.1250, Term1 137753.9375, Term2 204.1832
Iter 400: Best Obj 65186.0000, Loss 119466.0938, Term1 119191.0938, Term2 274.9993
Iter 500: Best Obj 54230.0000, Loss 84998.6953, Term1 84722.5547, Term2 276.1440
Iter 600: Best Obj 46806.0000, Loss 64027.2305, Term1 63773.2383, Term2 253.9915
Iter 700: Best Obj 46122.0000, Loss 57964.9609, Term1 57702.8438, Term2 262.1187
Iter 800: Best Obj 45932.0000, Loss 55759.6289, Term1 55475.2539, Term2 284.3736
Iter 900: Best Obj 45918.0000, Loss 54588.4023, Term1 54275.1719, Term2 313.2286
Iter 1000: Best Obj 45764.0000, Loss 53775.2383, Term1 53430.2617, Term2 344.9782
Total Time: 150.00s, FPS: 6.7
tensor([1., 1., 1., 1., 1., 1., 1., 1., 1., 1., 1., 1., 1., 1., 1., 1., 1., 1.,
        1., 1., 1., 1., 1., 1., 1., 1., 1., 1., 1., 1., 1., 1., 1., 1., 1., 1.,
        1., 1., 1., 1., 1., 1., 1., 1., 1., 1., 1., 1., 1., 1., 1., 1., 1., 1.,
        1., 1., 1., 1., 1., 1., 1., 1., 1., 1., 1., 1., 1., 1., 1., 1., 1., 1.,
        1., 1., 1., 1., 1., 1., 1., 1., 1., 1., 1., 1., 1., 1., 1., 1., 1., 1.,
        1., 1., 1., 1., 1., 1., 1., 1., 1., 1., 1., 1., 1., 1., 1., 1., 1., 1.,
        1., 1., 1., 1., 1., 1., 1., 1., 1., 1., 1., 1., 1., 1., 1., 1., 1.],
       device='cuda:0')
tensor([1., 1., 1., 1., 1., 1., 1., 1., 1., 1., 1., 1., 1., 1., 1., 1., 1., 1.,
        1., 1., 1., 1., 1., 1., 1., 1., 1., 1., 1., 1., 1., 1., 1., 1., 1., 1.,
        1., 1., 1., 1., 1., 1., 1., 1., 1., 1., 1., 1., 1., 1., 1., 1., 1., 1.,
        1., 1., 1., 1., 1., 1., 1., 1., 1., 1., 1., 1., 1., 1., 1., 1., 1., 1.,
        1., 1., 1., 1., 1., 1., 1., 1., 1., 1., 1., 1., 1., 1., 1., 1., 1., 1.,
        1., 1., 1., 1., 1., 1., 1., 1., 1., 1., 1., 1., 1., 1., 1., 1., 1., 1.,
        1., 1., 1., 1., 1., 1., 1., 1., 1., 1., 1., 1., 1., 1., 1., 1., 1.],
       device='cuda:0')
Solution is a valid permutation matrix.
0 0
[  1   2   3   4   5   6   7   8   9  10  11  12  13  14  15  16  17  18
  19  20  21  22  23  24  25  26  27  28  29  30  31  32  33  34  35  36
  37  38  39  40  41  42  43  44  45  46  47  48  49  50  51  52  53  54
  55  56  57  58  59  60  61  62  63  64  65  66  67  68  69  70  71  72
  73  74  75  76  77  78  79  80  81  82  83  84  85  86  87  88  89  90
  91  92  93  94  95  96  97  98  99 100 101 102 103 104 105 106 107 108
 109 110 111 112 113 114 115 116 117 118 119 120 121 122 123 124 125]
5000
Starting Optimization [N=125, Batch=5000, Device=cuda]
Iter 100: Best Obj 101222.0000, Loss 228152.1250, Term1 228541.2656, Term2 -389.1403
Iter 200: Best Obj 95388.0000, Loss 159330.3125, Term1 159630.5938, Term2 -300.2762
Iter 300: Best Obj 83250.0000, Loss 137558.8438, Term1 137768.7344, Term2 -209.8886
Iter 400: Best Obj 65024.0000, Loss 119155.9297, Term1 119262.9297, Term2 -106.9986
Iter 500: Best Obj 53332.0000, Loss 84820.6641, Term1 84807.8125, Term2 12.8483
Iter 600: Best Obj 46820.0000, Loss 63799.3047, Term1 63703.8477, Term2 95.4558
Iter 700: Best Obj 46146.0000, Loss 57747.4570, Term1 57599.4727, Term2 147.9863
Iter 800: Best Obj 46016.0000, Loss 55559.1875, Term1 55368.0273, Term2 191.1602
Iter 900: Best Obj 45810.0000, Loss 54399.2891, Term1 54167.6875, Term2 231.6010
Iter 1000: Best Obj 45362.0000, Loss 53587.6602, Term1 53316.6289, Term2 271.0303
Total Time: 150.23s, FPS: 6.7
tensor([1., 1., 1., 1., 1., 1., 1., 1., 1., 1., 1., 1., 1., 1., 1., 1., 1., 1.,
        1., 1., 1., 1., 1., 1., 1., 1., 1., 1., 1., 1., 1., 1., 1., 1., 1., 1.,
        1., 1., 1., 1., 1., 1., 1., 1., 1., 1., 1., 1., 1., 1., 1., 1., 1., 1.,
        1., 1., 1., 1., 1., 1., 1., 1., 1., 1., 1., 1., 1., 1., 1., 1., 1., 1.,
        1., 1., 1., 1., 1., 1., 1., 1., 1., 1., 1., 1., 1., 1., 1., 1., 1., 1.,
        1., 1., 1., 1., 1., 1., 1., 1., 1., 1., 1., 1., 1., 1., 1., 1., 1., 1.,
        1., 1., 1., 1., 1., 1., 1., 1., 1., 1., 1., 1., 1., 1., 1., 1., 1.],
       device='cuda:0')
tensor([1., 1., 1., 1., 1., 1., 1., 1., 1., 1., 1., 1., 1., 1., 1., 1., 1., 1.,
        1., 1., 1., 1., 1., 1., 1., 1., 1., 1., 1., 1., 1., 1., 1., 1., 1., 1.,
        1., 1., 1., 1., 1., 1., 1., 1., 1., 1., 1., 1., 1., 1., 1., 1., 1., 1.,
        1., 1., 1., 1., 1., 1., 1., 1., 1., 1., 1., 1., 1., 1., 1., 1., 1., 1.,
        1., 1., 1., 1., 1., 1., 1., 1., 1., 1., 1., 1., 1., 1., 1., 1., 1., 1.,
        1., 1., 1., 1., 1., 1., 1., 1., 1., 1., 1., 1., 1., 1., 1., 1., 1., 1.,
        1., 1., 1., 1., 1., 1., 1., 1., 1., 1., 1., 1., 1., 1., 1., 1., 1.],
       device='cuda:0')
Solution is a valid permutation matrix.
0 0
[  1   2   3   4   5   6   7   8   9  10  11  12  13  14  15  16  17  18
  19  20  21  22  23  24  25  26  27  28  29  30  31  32  33  34  35  36
  37  38  39  40  41  42  43  44  45  46  47  48  49  50  51  52  53  54
  55  56  57  58  59  60  61  62  63  64  65  66  67  68  69  70  71  72
  73  74  75  76  77  78  79  80  81  82  83  84  85  86  87  88  89  90
  91  92  93  94  95  96  97  98  99 100 101 102 103 104 105 106 107 108
 109 110 111 112 113 114 115 116 117 118 119 120 121 122 123 124 125]
5000
Starting Optimization [N=125, Batch=5000, Device=cuda]
Iter 100: Best Obj 102958.0000, Loss 223940.7031, Term1 228569.5625, Term2 -4628.8652
Iter 200: Best Obj 97232.0000, Loss 155139.9688, Term1 159656.1250, Term2 -4516.1509
Iter 300: Best Obj 82666.0000, Loss 133497.5000, Term1 137890.7188, Term2 -4393.2202
Iter 400: Best Obj 62430.0000, Loss 115829.3047, Term1 119861.4297, Term2 -4032.1282
Iter 500: Best Obj 48908.0000, Loss 82757.0703, Term1 85560.1484, Term2 -2803.0779
Iter 600: Best Obj 46974.0000, Loss 61669.4023, Term1 63272.5273, Term2 -1603.1265
Iter 700: Best Obj 45534.0000, Loss 55703.0664, Term1 56795.7969, Term2 -1092.7308
Iter 800: Best Obj 45292.0000, Loss 53570.3594, Term1 54428.7578, Term2 -858.3967
Iter 900: Best Obj 45240.0000, Loss 52433.0781, Term1 53153.5703, Term2 -720.4907
Iter 1000: Best Obj 45100.0000, Loss 51642.7344, Term1 52263.2227, Term2 -620.4876
Total Time: 150.17s, FPS: 6.7
tensor([1., 1., 1., 1., 1., 1., 1., 1., 1., 1., 1., 1., 1., 1., 1., 1., 1., 1.,
        1., 1., 1., 1., 1., 1., 1., 1., 1., 1., 1., 1., 1., 1., 1., 1., 1., 1.,
        1., 1., 1., 1., 1., 1., 1., 1., 1., 1., 1., 1., 1., 1., 1., 1., 1., 1.,
        1., 1., 1., 1., 1., 1., 1., 1., 1., 1., 1., 1., 1., 1., 1., 1., 1., 1.,
        1., 1., 1., 1., 1., 1., 1., 1., 1., 1., 1., 1., 1., 1., 1., 1., 1., 1.,
        1., 1., 1., 1., 1., 1., 1., 1., 1., 1., 1., 1., 1., 1., 1., 1., 1., 1.,
        1., 1., 1., 1., 1., 1., 1., 1., 1., 1., 1., 1., 1., 1., 1., 1., 1.],
       device='cuda:0')
tensor([1., 1., 1., 1., 1., 1., 1., 1., 1., 1., 1., 1., 1., 1., 1., 1., 1., 1.,
        1., 1., 1., 1., 1., 1., 1., 1., 1., 1., 1., 1., 1., 1., 1., 1., 1., 1.,
        1., 1., 1., 1., 1., 1., 1., 1., 1., 1., 1., 1., 1., 1., 1., 1., 1., 1.,
        1., 1., 1., 1., 1., 1., 1., 1., 1., 1., 1., 1., 1., 1., 1., 1., 1., 1.,
        1., 1., 1., 1., 1., 1., 1., 1., 1., 1., 1., 1., 1., 1., 1., 1., 1., 1.,
        1., 1., 1., 1., 1., 1., 1., 1., 1., 1., 1., 1., 1., 1., 1., 1., 1., 1.,
        1., 1., 1., 1., 1., 1., 1., 1., 1., 1., 1., 1., 1., 1., 1., 1., 1.],
       device='cuda:0')
Solution is a valid permutation matrix.
0 0
[  1   2   3   4   5   6   7   8   9  10  11  12  13  14  15  16  17  18
  19  20  21  22  23  24  25  26  27  28  29  30  31  32  33  34  35  36
  37  38  39  40  41  42  43  44  45  46  47  48  49  50  51  52  53  54
  55  56  57  58  59  60  61  62  63  64  65  66  67  68  69  70  71  72
  73  74  75  76  77  78  79  80  81  82  83  84  85  86  87  88  89  90
  91  92  93  94  95  96  97  98  99 100 101 102 103 104 105 106 107 108
 109 110 111 112 113 114 115 116 117 118 119 120 121 122 123 124 125]
5000
Starting Optimization [N=125, Batch=5000, Device=cuda]
Iter 100: Best Obj 97354.0000, Loss 181045.9375, Term1 228690.8281, Term2 -47644.8945
Iter 200: Best Obj 96342.0000, Loss 111315.7812, Term1 159655.7969, Term2 -48340.0156
Iter 300: Best Obj 82146.0000, Loss 88664.5234, Term1 138157.4531, Term2 -49492.9297
Iter 400: Best Obj 67396.0000, Loss 75033.1562, Term1 123102.6641, Term2 -48069.5117
Iter 500: Best Obj 52196.0000, Loss 57776.9414, Term1 95386.2969, Term2 -37609.3555
Iter 600: Best Obj 45230.0000, Loss 43451.4375, Term1 70062.0938, Term2 -26610.6582
Iter 700: Best Obj 41014.0000, Loss 36955.7969, Term1 58179.7461, Term2 -21223.9473
Iter 800: Best Obj 40534.0000, Loss 34425.9453, Term1 53109.6680, Term2 -18683.7207
Iter 900: Best Obj 40140.0000, Loss 33372.7266, Term1 50856.5234, Term2 -17483.7969
Iter 1000: Best Obj 40140.0000, Loss 32776.6562, Term1 49644.5898, Term2 -16867.9355
Total Time: 149.92s, FPS: 6.7
tensor([1., 1., 1., 1., 1., 1., 1., 1., 1., 1., 1., 1., 1., 1., 1., 1., 1., 1.,
        1., 1., 1., 1., 1., 1., 1., 1., 1., 1., 1., 1., 1., 1., 1., 1., 1., 1.,
        1., 1., 1., 1., 1., 1., 1., 1., 1., 1., 1., 1., 1., 1., 1., 1., 1., 1.,
        1., 1., 1., 1., 1., 1., 1., 1., 1., 1., 1., 1., 1., 1., 1., 1., 1., 1.,
        1., 1., 1., 1., 1., 1., 1., 1., 1., 1., 1., 1., 1., 1., 1., 1., 1., 1.,
        1., 1., 1., 1., 1., 1., 1., 1., 1., 1., 1., 1., 1., 1., 1., 1., 1., 1.,
        1., 1., 1., 1., 1., 1., 1., 1., 1., 1., 1., 1., 1., 1., 1., 1., 1.],
       device='cuda:0')
tensor([1., 1., 1., 1., 1., 1., 1., 1., 1., 1., 1., 1., 1., 1., 1., 1., 1., 1.,
        1., 1., 1., 1., 1., 1., 1., 1., 1., 1., 1., 1., 1., 1., 1., 1., 1., 1.,
        1., 1., 1., 1., 1., 1., 1., 1., 1., 1., 1., 1., 1., 1., 1., 1., 1., 1.,
        1., 1., 1., 1., 1., 1., 1., 1., 1., 1., 1., 1., 1., 1., 1., 1., 1., 1.,
        1., 1., 1., 1., 1., 1., 1., 1., 1., 1., 1., 1., 1., 1., 1., 1., 1., 1.,
        1., 1., 1., 1., 1., 1., 1., 1., 1., 1., 1., 1., 1., 1., 1., 1., 1., 1.,
        1., 1., 1., 1., 1., 1., 1., 1., 1., 1., 1., 1., 1., 1., 1., 1., 1.],
       device='cuda:0')
Solution is a valid permutation matrix.
0 0
[  1   2   3   4   5   6   7   8   9  10  11  12  13  14  15  16  17  18
  19  20  21  22  23  24  25  26  27  28  29  30  31  32  33  34  35  36
  37  38  39  40  41  42  43  44  45  46  47  48  49  50  51  52  53  54
  55  56  57  58  59  60  61  62  63  64  65  66  67  68  69  70  71  72
  73  74  75  76  77  78  79  80  81  82  83  84  85  86  87  88  89  90
  91  92  93  94  95  96  97  98  99 100 101 102 103 104 105 106 107 108
 109 110 111 112 113 114 115 116 117 118 119 120 121 122 123 124 125]
5000
Starting Optimization [N=125, Batch=5000, Device=cuda]
Iter 100: Best Obj 101374.0000, Loss -278309.8125, Term1 229629.1719, Term2 -507939.0000
Iter 200: Best Obj 101374.0000, Loss -360422.1250, Term1 157916.7031, Term2 -518338.8438
Iter 300: Best Obj 97816.0000, Loss -378125.1250, Term1 139326.2969, Term2 -517451.4062
Iter 400: Best Obj 92834.0000, Loss -385410.1875, Term1 131633.5938, Term2 -517043.7812
Iter 500: Best Obj 92834.0000, Loss -389340.2188, Term1 127492.1562, Term2 -516832.3750
Iter 600: Best Obj 92834.0000, Loss -391595.1562, Term1 125067.8984, Term2 -516663.0625
Iter 700: Best Obj 92834.0000, Loss -392903.9375, Term1 123612.9062, Term2 -516516.8438
Iter 800: Best Obj 92834.0000, Loss -393658.2500, Term1 122733.5469, Term2 -516391.8125
Iter 900: Best Obj 92834.0000, Loss -394083.9062, Term1 122200.7578, Term2 -516284.6562
Iter 1000: Best Obj 92834.0000, Loss -394313.1562, Term1 121877.2812, Term2 -516190.4375
Total Time: 149.98s, FPS: 6.7
tensor([1., 1., 1., 1., 1., 1., 1., 1., 1., 1., 1., 1., 1., 1., 1., 1., 1., 1.,
        1., 1., 1., 1., 1., 1., 1., 1., 1., 1., 1., 1., 1., 1., 1., 1., 1., 1.,
        1., 1., 1., 1., 1., 1., 1., 1., 1., 1., 1., 1., 1., 1., 1., 1., 1., 1.,
        1., 1., 1., 1., 1., 1., 1., 1., 1., 1., 1., 1., 1., 1., 1., 1., 1., 1.,
        1., 1., 1., 1., 1., 1., 1., 1., 1., 1., 1., 1., 1., 1., 1., 1., 1., 1.,
        1., 1., 1., 1., 1., 1., 1., 1., 1., 1., 1., 1., 1., 1., 1., 1., 1., 1.,
        1., 1., 1., 1., 1., 1., 1., 1., 1., 1., 1., 1., 1., 1., 1., 1., 1.],
       device='cuda:0')
tensor([1., 1., 1., 1., 1., 1., 1., 1., 1., 1., 1., 1., 1., 1., 1., 1., 1., 1.,
        1., 1., 1., 1., 1., 1., 1., 1., 1., 1., 1., 1., 1., 1., 1., 1., 1., 1.,
        1., 1., 1., 1., 1., 1., 1., 1., 1., 1., 1., 1., 1., 1., 1., 1., 1., 1.,
        1., 1., 1., 1., 1., 1., 1., 1., 1., 1., 1., 1., 1., 1., 1., 1., 1., 1.,
        1., 1., 1., 1., 1., 1., 1., 1., 1., 1., 1., 1., 1., 1., 1., 1., 1., 1.,
        1., 1., 1., 1., 1., 1., 1., 1., 1., 1., 1., 1., 1., 1., 1., 1., 1., 1.,
        1., 1., 1., 1., 1., 1., 1., 1., 1., 1., 1., 1., 1., 1., 1., 1., 1.],
       device='cuda:0')
Solution is a valid permutation matrix.
0 0
[  1   2   3   4   5   6   7   8   9  10  11  12  13  14  15  16  17  18
  19  20  21  22  23  24  25  26  27  28  29  30  31  32  33  34  35  36
  37  38  39  40  41  42  43  44  45  46  47  48  49  50  51  52  53  54
  55  56  57  58  59  60  61  62  63  64  65  66  67  68  69  70  71  72
  73  74  75  76  77  78  79  80  81  82  83  84  85  86  87  88  89  90
  91  92  93  94  95  96  97  98  99 100 101 102 103 104 105 106 107 108
 109 110 111 112 113 114 115 116 117 118 119 120 121 122 123 124 125]
5000
Starting Optimization [N=125, Batch=5000, Device=cuda]
Iter 100: Best Obj 98258.0000, Loss -4957599.5000, Term1 285738.6250, Term2 -5243338.0000
Iter 200: Best Obj 98258.0000, Loss -5017874.5000, Term1 184992.4219, Term2 -5202867.0000
Iter 300: Best Obj 98258.0000, Loss -5034041.5000, Term1 154172.6094, Term2 -5188214.0000
Iter 400: Best Obj 98258.0000, Loss -5040404.5000, Term1 140574.2656, Term2 -5180979.0000
Iter 500: Best Obj 98258.0000, Loss -5043437.0000, Term1 133337.8906, Term2 -5176775.0000
Iter 600: Best Obj 98258.0000, Loss -5045021.0000, Term1 129090.8750, Term2 -5174112.0000
Iter 700: Best Obj 98258.0000, Loss -5045866.5000, Term1 126468.7031, Term2 -5172335.0000
Iter 800: Best Obj 98258.0000, Loss -5046278.0000, Term1 124858.5625, Term2 -5171136.5000
Iter 900: Best Obj 98258.0000, Loss -5046489.0000, Term1 123894.2812, Term2 -5170383.5000
Iter 1000: Best Obj 98258.0000, Loss -5046595.5000, Term1 123259.5547, Term2 -5169855.0000
Total Time: 149.91s, FPS: 6.7
tensor([1., 1., 1., 1., 1., 1., 1., 1., 1., 1., 1., 1., 1., 1., 1., 1., 1., 1.,
        1., 1., 1., 1., 1., 1., 1., 1., 1., 1., 1., 1., 1., 1., 1., 1., 1., 1.,
        1., 1., 1., 1., 1., 1., 1., 1., 1., 1., 1., 1., 1., 1., 1., 1., 1., 1.,
        1., 1., 1., 1., 1., 1., 1., 1., 1., 1., 1., 1., 1., 1., 1., 1., 1., 1.,
        1., 1., 1., 1., 1., 1., 1., 1., 1., 1., 1., 1., 1., 1., 1., 1., 1., 1.,
        1., 1., 1., 1., 1., 1., 1., 1., 1., 1., 1., 1., 1., 1., 1., 1., 1., 1.,
        1., 1., 1., 1., 1., 1., 1., 1., 1., 1., 1., 1., 1., 1., 1., 1., 1.],
       device='cuda:0')
tensor([1., 1., 1., 1., 1., 1., 1., 1., 1., 1., 1., 1., 1., 1., 1., 1., 1., 1.,
        1., 1., 1., 1., 1., 1., 1., 1., 1., 1., 1., 1., 1., 1., 1., 1., 1., 1.,
        1., 1., 1., 1., 1., 1., 1., 1., 1., 1., 1., 1., 1., 1., 1., 1., 1., 1.,
        1., 1., 1., 1., 1., 1., 1., 1., 1., 1., 1., 1., 1., 1., 1., 1., 1., 1.,
        1., 1., 1., 1., 1., 1., 1., 1., 1., 1., 1., 1., 1., 1., 1., 1., 1., 1.,
        1., 1., 1., 1., 1., 1., 1., 1., 1., 1., 1., 1., 1., 1., 1., 1., 1., 1.,
        1., 1., 1., 1., 1., 1., 1., 1., 1., 1., 1., 1., 1., 1., 1., 1., 1.],
       device='cuda:0')
Solution is a valid permutation matrix.
0 0
[  1   2   3   4   5   6   7   8   9  10  11  12  13  14  15  16  17  18
  19  20  21  22  23  24  25  26  27  28  29  30  31  32  33  34  35  36
  37  38  39  40  41  42  43  44  45  46  47  48  49  50  51  52  53  54
  55  56  57  58  59  60  61  62  63  64  65  66  67  68  69  70  71  72
  73  74  75  76  77  78  79  80  81  82  83  84  85  86  87  88  89  90
  91  92  93  94  95  96  97  98  99 100 101 102 103 104 105 106 107 108
 109 110 111 112 113 114 115 116 117 118 119 120 121 122 123 124 125]
5000
Starting Optimization [N=125, Batch=5000, Device=cuda]
Iter 100: Best Obj 2919154.0000, Loss -56560580.0000, Term1 3791955.0000, Term2 -60352536.0000
Iter 200: Best Obj 2919154.0000, Loss -56561852.0000, Term1 3791955.0000, Term2 -60353808.0000
Iter 300: Best Obj 2919154.0000, Loss -56561828.0000, Term1 3791955.7500, Term2 -60353784.0000
Iter 400: Best Obj 2779266.0000, Loss -56561716.0000, Term1 3791962.2500, Term2 -60353680.0000
Iter 500: Best Obj 2779266.0000, Loss -56561508.0000, Term1 3791981.2500, Term2 -60353488.0000
Iter 600: Best Obj 2697000.0000, Loss -56561296.0000, Term1 3792005.0000, Term2 -60353300.0000
Iter 700: Best Obj 2697000.0000, Loss -56561276.0000, Term1 3792009.0000, Term2 -60353284.0000
Iter 800: Best Obj 2697000.0000, Loss -56561252.0000, Term1 3792011.5000, Term2 -60353264.0000
Iter 900: Best Obj 2685976.0000, Loss -56561248.0000, Term1 3792013.0000, Term2 -60353260.0000
Iter 1000: Best Obj 2682452.0000, Loss -56561232.0000, Term1 3792014.0000, Term2 -60353244.0000
Total Time: 150.17s, FPS: 6.7
tensor([1., 1., 1., 1., 1., 1., 1., 1., 1., 1., 1., 1., 1., 1., 1., 1., 1., 1.,
        1., 1., 1., 1., 1., 1., 1., 1., 1., 1., 1., 1., 1., 1., 1., 1., 1., 1.,
        1., 1., 1., 1., 1., 1., 1., 1., 1., 1., 1., 1., 1., 1., 1., 1., 1., 1.,
        1., 1., 1., 1., 1., 1., 1., 1., 1., 1., 1., 1., 1., 1., 1., 1., 1., 1.,
        1., 1., 1., 1., 1., 1., 1., 1., 1., 1., 1., 1., 1., 1., 1., 1., 1., 1.,
        1., 1., 1., 1., 1., 1., 1., 1., 1., 1., 1., 1., 1., 1., 1., 1., 1., 1.,
        1., 1., 1., 1., 1., 1., 1., 1., 1., 1., 1., 1., 1., 1., 1., 1., 1.],
       device='cuda:0')
tensor([1., 1., 1., 1., 1., 1., 1., 1., 1., 1., 1., 1., 1., 1., 1., 1., 1., 1.,
        1., 1., 1., 1., 1., 1., 1., 1., 1., 1., 1., 1., 1., 1., 1., 1., 1., 1.,
        1., 1., 1., 1., 1., 1., 1., 1., 1., 1., 1., 1., 1., 1., 1., 1., 1., 1.,
        1., 1., 1., 1., 1., 1., 1., 1., 1., 1., 1., 1., 1., 1., 1., 1., 1., 1.,
        1., 1., 1., 1., 1., 1., 1., 1., 1., 1., 1., 1., 1., 1., 1., 1., 1., 1.,
        1., 1., 1., 1., 1., 1., 1., 1., 1., 1., 1., 1., 1., 1., 1., 1., 1., 1.,
        1., 1., 1., 1., 1., 1., 1., 1., 1., 1., 1., 1., 1., 1., 1., 1., 1.],
       device='cuda:0')
Solution is a valid permutation matrix.
/home/xjx/miniconda3/envs/scopf/lib/python3.10/site-packages/torch/_inductor/compile_fx.py:312: UserWarning: TensorFloat32 tensor cores for float32 matrix multiplication available but not enabled. Consider setting `torch.set_float32_matmul_precision('high')` for better performance.
  warnings.warn(
0 0
[  1   2   3   4   5   6   7   8   9  10  11  12  13  14  15  16  17  18
  19  20  21  22  23  24  25  26  27  28  29  30  31  32  33  34  35  36
  37  38  39  40  41  42  43  44  45  46  47  48  49  50  51  52  53  54
  55  56  57  58  59  60  61  62  63  64  65  66  67  68  69  70  71  72
  73  74  75  76  77  78  79  80  81  82  83  84  85  86  87  88  89  90
  91  92  93  94  95  96  97  98  99 100 101 102 103 104 105 106 107 108
 109 110 111 112 113 114 115 116 117 118 119 120 121 122 123 124 125 126
 127 128 129 130 131 132 133 134 135 136 137 138 139 140 141 142 143 144
 145 146 147 148 149 150 151 152 153 154 155 156 157 158 159 160 161 162
 163 164 165 166 167 168 169 170 171 172 173 174 175]
5000
Starting Optimization [N=175, Batch=5000, Device=cuda]
Iter 100: Best Obj 177036.0000, Loss 449414.1250, Term1 449387.1875, Term2 26.9264
Iter 200: Best Obj 169460.0000, Loss 306183.3438, Term1 306052.4688, Term2 130.8807
Iter 300: Best Obj 145808.0000, Loss 261839.2344, Term1 261604.0000, Term2 235.2408
Iter 400: Best Obj 119406.0000, Loss 233499.3281, Term1 233164.3438, Term2 334.9916
Iter 500: Best Obj 93118.0000, Loss 174339.6406, Term1 173965.5469, Term2 374.0999
Iter 600: Best Obj 70536.0000, Loss 110856.9766, Term1 110508.1250, Term2 348.8532
Iter 700: Best Obj 65918.0000, Loss 91837.2031, Term1 91457.5156, Term2 379.6851
Iter 800: Best Obj 65072.0000, Loss 85776.6250, Term1 85357.4844, Term2 419.1395
Iter 900: Best Obj 65064.0000, Loss 82728.4375, Term1 82280.7109, Term2 447.7243
Iter 1000: Best Obj 65064.0000, Loss 80670.7891, Term1 80201.5391, Term2 469.2508
Total Time: 348.28s, FPS: 2.9
tensor([1., 1., 1., 1., 1., 1., 1., 1., 1., 1., 1., 1., 1., 1., 1., 1., 1., 1.,
        1., 1., 1., 1., 1., 1., 1., 1., 1., 1., 1., 1., 1., 1., 1., 1., 1., 1.,
        1., 1., 1., 1., 1., 1., 1., 1., 1., 1., 1., 1., 1., 1., 1., 1., 1., 1.,
        1., 1., 1., 1., 1., 1., 1., 1., 1., 1., 1., 1., 1., 1., 1., 1., 1., 1.,
        1., 1., 1., 1., 1., 1., 1., 1., 1., 1., 1., 1., 1., 1., 1., 1., 1., 1.,
        1., 1., 1., 1., 1., 1., 1., 1., 1., 1., 1., 1., 1., 1., 1., 1., 1., 1.,
        1., 1., 1., 1., 1., 1., 1., 1., 1., 1., 1., 1., 1., 1., 1., 1., 1., 1.,
        1., 1., 1., 1., 1., 1., 1., 1., 1., 1., 1., 1., 1., 1., 1., 1., 1., 1.,
        1., 1., 1., 1., 1., 1., 1., 1., 1., 1., 1., 1., 1., 1., 1., 1., 1., 1.,
        1., 1., 1., 1., 1., 1., 1., 1., 1., 1., 1., 1., 1.], device='cuda:0')
tensor([1., 1., 1., 1., 1., 1., 1., 1., 1., 1., 1., 1., 1., 1., 1., 1., 1., 1.,
        1., 1., 1., 1., 1., 1., 1., 1., 1., 1., 1., 1., 1., 1., 1., 1., 1., 1.,
        1., 1., 1., 1., 1., 1., 1., 1., 1., 1., 1., 1., 1., 1., 1., 1., 1., 1.,
        1., 1., 1., 1., 1., 1., 1., 1., 1., 1., 1., 1., 1., 1., 1., 1., 1., 1.,
        1., 1., 1., 1., 1., 1., 1., 1., 1., 1., 1., 1., 1., 1., 1., 1., 1., 1.,
        1., 1., 1., 1., 1., 1., 1., 1., 1., 1., 1., 1., 1., 1., 1., 1., 1., 1.,
        1., 1., 1., 1., 1., 1., 1., 1., 1., 1., 1., 1., 1., 1., 1., 1., 1., 1.,
        1., 1., 1., 1., 1., 1., 1., 1., 1., 1., 1., 1., 1., 1., 1., 1., 1., 1.,
        1., 1., 1., 1., 1., 1., 1., 1., 1., 1., 1., 1., 1., 1., 1., 1., 1., 1.,
        1., 1., 1., 1., 1., 1., 1., 1., 1., 1., 1., 1., 1.], device='cuda:0')
Solution is a valid permutation matrix.
0 0
[  1   2   3   4   5   6   7   8   9  10  11  12  13  14  15  16  17  18
  19  20  21  22  23  24  25  26  27  28  29  30  31  32  33  34  35  36
  37  38  39  40  41  42  43  44  45  46  47  48  49  50  51  52  53  54
  55  56  57  58  59  60  61  62  63  64  65  66  67  68  69  70  71  72
  73  74  75  76  77  78  79  80  81  82  83  84  85  86  87  88  89  90
  91  92  93  94  95  96  97  98  99 100 101 102 103 104 105 106 107 108
 109 110 111 112 113 114 115 116 117 118 119 120 121 122 123 124 125 126
 127 128 129 130 131 132 133 134 135 136 137 138 139 140 141 142 143 144
 145 146 147 148 149 150 151 152 153 154 155 156 157 158 159 160 161 162
 163 164 165 166 167 168 169 170 171 172 173 174 175]
5000
Starting Optimization [N=175, Batch=5000, Device=cuda]
Iter 100: Best Obj 177036.0000, Loss 448838.4688, Term1 449457.0625, Term2 -618.5816
Iter 200: Best Obj 168552.0000, Loss 305466.7188, Term1 305976.7500, Term2 -510.0260
Iter 300: Best Obj 145808.0000, Loss 261208.9844, Term1 261609.8750, Term2 -400.8940
Iter 400: Best Obj 121224.0000, Loss 232952.6250, Term1 233230.7500, Term2 -278.1205
Iter 500: Best Obj 91618.0000, Loss 174030.4375, Term1 174138.9062, Term2 -108.4753
Iter 600: Best Obj 70618.0000, Loss 110450.0156, Term1 110387.1562, Term2 62.8598
Iter 700: Best Obj 65888.0000, Loss 91416.4844, Term1 91240.6875, Term2 175.7992
Iter 800: Best Obj 65092.0000, Loss 85387.2734, Term1 85130.1406, Term2 257.1344
Iter 900: Best Obj 65064.0000, Loss 82370.9297, Term1 82056.6562, Term2 314.2762
Iter 1000: Best Obj 65064.0000, Loss 80338.5312, Term1 79981.7031, Term2 356.8268
Total Time: 329.38s, FPS: 3.0
tensor([1., 1., 1., 1., 1., 1., 1., 1., 1., 1., 1., 1., 1., 1., 1., 1., 1., 1.,
        1., 1., 1., 1., 1., 1., 1., 1., 1., 1., 1., 1., 1., 1., 1., 1., 1., 1.,
        1., 1., 1., 1., 1., 1., 1., 1., 1., 1., 1., 1., 1., 1., 1., 1., 1., 1.,
        1., 1., 1., 1., 1., 1., 1., 1., 1., 1., 1., 1., 1., 1., 1., 1., 1., 1.,
        1., 1., 1., 1., 1., 1., 1., 1., 1., 1., 1., 1., 1., 1., 1., 1., 1., 1.,
        1., 1., 1., 1., 1., 1., 1., 1., 1., 1., 1., 1., 1., 1., 1., 1., 1., 1.,
        1., 1., 1., 1., 1., 1., 1., 1., 1., 1., 1., 1., 1., 1., 1., 1., 1., 1.,
        1., 1., 1., 1., 1., 1., 1., 1., 1., 1., 1., 1., 1., 1., 1., 1., 1., 1.,
        1., 1., 1., 1., 1., 1., 1., 1., 1., 1., 1., 1., 1., 1., 1., 1., 1., 1.,
        1., 1., 1., 1., 1., 1., 1., 1., 1., 1., 1., 1., 1.], device='cuda:0')
tensor([1., 1., 1., 1., 1., 1., 1., 1., 1., 1., 1., 1., 1., 1., 1., 1., 1., 1.,
        1., 1., 1., 1., 1., 1., 1., 1., 1., 1., 1., 1., 1., 1., 1., 1., 1., 1.,
        1., 1., 1., 1., 1., 1., 1., 1., 1., 1., 1., 1., 1., 1., 1., 1., 1., 1.,
        1., 1., 1., 1., 1., 1., 1., 1., 1., 1., 1., 1., 1., 1., 1., 1., 1., 1.,
        1., 1., 1., 1., 1., 1., 1., 1., 1., 1., 1., 1., 1., 1., 1., 1., 1., 1.,
        1., 1., 1., 1., 1., 1., 1., 1., 1., 1., 1., 1., 1., 1., 1., 1., 1., 1.,
        1., 1., 1., 1., 1., 1., 1., 1., 1., 1., 1., 1., 1., 1., 1., 1., 1., 1.,
        1., 1., 1., 1., 1., 1., 1., 1., 1., 1., 1., 1., 1., 1., 1., 1., 1., 1.,
        1., 1., 1., 1., 1., 1., 1., 1., 1., 1., 1., 1., 1., 1., 1., 1., 1., 1.,
        1., 1., 1., 1., 1., 1., 1., 1., 1., 1., 1., 1., 1.], device='cuda:0')
Solution is a valid permutation matrix.
0 0
[  1   2   3   4   5   6   7   8   9  10  11  12  13  14  15  16  17  18
  19  20  21  22  23  24  25  26  27  28  29  30  31  32  33  34  35  36
  37  38  39  40  41  42  43  44  45  46  47  48  49  50  51  52  53  54
  55  56  57  58  59  60  61  62  63  64  65  66  67  68  69  70  71  72
  73  74  75  76  77  78  79  80  81  82  83  84  85  86  87  88  89  90
  91  92  93  94  95  96  97  98  99 100 101 102 103 104 105 106 107 108
 109 110 111 112 113 114 115 116 117 118 119 120 121 122 123 124 125]
5000
Starting Optimization [N=125, Batch=5000, Device=cuda]
Iter 100: Best Obj 87452.0000, Loss 223770.6562, Term1 228402.0000, Term2 -4631.3452
Iter 200: Best Obj 87418.0000, Loss 153365.0156, Term1 157885.6719, Term2 -4520.6509
Iter 300: Best Obj 81464.0000, Loss 131590.6719, Term1 135998.7969, Term2 -4408.1245
Iter 400: Best Obj 60560.0000, Loss 115233.5781, Term1 119337.8750, Term2 -4104.3008
Iter 500: Best Obj 51062.0000, Loss 83148.5000, Term1 86127.7188, Term2 -2979.2227
Iter 600: Best Obj 43550.0000, Loss 58829.8828, Term1 60516.2344, Term2 -1686.3511
Iter 700: Best Obj 39774.0000, Loss 52035.9883, Term1 53157.0938, Term2 -1121.1067
Iter 800: Best Obj 39392.0000, Loss 49841.9844, Term1 50713.0898, Term2 -871.1036
Iter 900: Best Obj 39328.0000, Loss 48756.3906, Term1 49483.8555, Term2 -727.4649
Iter 1000: Best Obj 39304.0000, Loss 48014.7148, Term1 48639.7188, Term2 -625.0044
Total Time: 150.26s, FPS: 6.7
tensor([1., 1., 1., 1., 1., 1., 1., 1., 1., 1., 1., 1., 1., 1., 1., 1., 1., 1.,
        1., 1., 1., 1., 1., 1., 1., 1., 1., 1., 1., 1., 1., 1., 1., 1., 1., 1.,
        1., 1., 1., 1., 1., 1., 1., 1., 1., 1., 1., 1., 1., 1., 1., 1., 1., 1.,
        1., 1., 1., 1., 1., 1., 1., 1., 1., 1., 1., 1., 1., 1., 1., 1., 1., 1.,
        1., 1., 1., 1., 1., 1., 1., 1., 1., 1., 1., 1., 1., 1., 1., 1., 1., 1.,
        1., 1., 1., 1., 1., 1., 1., 1., 1., 1., 1., 1., 1., 1., 1., 1., 1., 1.,
        1., 1., 1., 1., 1., 1., 1., 1., 1., 1., 1., 1., 1., 1., 1., 1., 1.],
       device='cuda:0')
tensor([1., 1., 1., 1., 1., 1., 1., 1., 1., 1., 1., 1., 1., 1., 1., 1., 1., 1.,
        1., 1., 1., 1., 1., 1., 1., 1., 1., 1., 1., 1., 1., 1., 1., 1., 1., 1.,
        1., 1., 1., 1., 1., 1., 1., 1., 1., 1., 1., 1., 1., 1., 1., 1., 1., 1.,
        1., 1., 1., 1., 1., 1., 1., 1., 1., 1., 1., 1., 1., 1., 1., 1., 1., 1.,
        1., 1., 1., 1., 1., 1., 1., 1., 1., 1., 1., 1., 1., 1., 1., 1., 1., 1.,
        1., 1., 1., 1., 1., 1., 1., 1., 1., 1., 1., 1., 1., 1., 1., 1., 1., 1.,
        1., 1., 1., 1., 1., 1., 1., 1., 1., 1., 1., 1., 1., 1., 1., 1., 1.],
       device='cuda:0')
Solution is a valid permutation matrix.
0 0
[  1   2   3   4   5   6   7   8   9  10  11  12  13  14  15  16  17  18
  19  20  21  22  23  24  25  26  27  28  29  30  31  32  33  34  35  36
  37  38  39  40  41  42  43  44  45  46  47  48  49  50  51  52  53  54
  55  56  57  58  59  60  61  62  63  64  65  66  67  68  69  70  71  72
  73  74  75  76  77  78  79  80  81  82  83  84  85  86  87  88  89  90
  91  92  93  94  95  96  97  98  99 100 101 102 103 104 105 106 107 108
 109 110 111 112 113 114 115 116 117 118 119 120 121 122 123 124 125]
5000
Starting Optimization [N=125, Batch=5000, Device=cuda]
Iter 100: Best Obj 87452.0000, Loss 180859.0000, Term1 228514.0625, Term2 -47655.0703
Iter 200: Best Obj 87452.0000, Loss 109545.7969, Term1 157875.4062, Term2 -48329.6133
Iter 300: Best Obj 83118.0000, Loss 86634.7188, Term1 136176.6406, Term2 -49541.9180
Iter 400: Best Obj 62230.0000, Loss 73357.4219, Term1 121989.6641, Term2 -48632.2383
Iter 500: Best Obj 48390.0000, Loss 56678.7422, Term1 95577.6719, Term2 -38898.9297
Iter 600: Best Obj 43250.0000, Loss 41085.6406, Term1 68201.3906, Term2 -27115.7480
Iter 700: Best Obj 38644.0000, Loss 33927.5938, Term1 55301.8984, Term2 -21374.3047
Iter 800: Best Obj 38406.0000, Loss 31234.2285, Term1 50041.2734, Term2 -18807.0449
Iter 900: Best Obj 38360.0000, Loss 30246.4512, Term1 47920.5117, Term2 -17674.0605
Iter 1000: Best Obj 37646.0000, Loss 29745.6133, Term1 46870.0039, Term2 -17124.3906
Total Time: 149.97s, FPS: 6.7
tensor([1., 1., 1., 1., 1., 1., 1., 1., 1., 1., 1., 1., 1., 1., 1., 1., 1., 1.,
        1., 1., 1., 1., 1., 1., 1., 1., 1., 1., 1., 1., 1., 1., 1., 1., 1., 1.,
        1., 1., 1., 1., 1., 1., 1., 1., 1., 1., 1., 1., 1., 1., 1., 1., 1., 1.,
        1., 1., 1., 1., 1., 1., 1., 1., 1., 1., 1., 1., 1., 1., 1., 1., 1., 1.,
        1., 1., 1., 1., 1., 1., 1., 1., 1., 1., 1., 1., 1., 1., 1., 1., 1., 1.,
        1., 1., 1., 1., 1., 1., 1., 1., 1., 1., 1., 1., 1., 1., 1., 1., 1., 1.,
        1., 1., 1., 1., 1., 1., 1., 1., 1., 1., 1., 1., 1., 1., 1., 1., 1.],
       device='cuda:0')
tensor([1., 1., 1., 1., 1., 1., 1., 1., 1., 1., 1., 1., 1., 1., 1., 1., 1., 1.,
        1., 1., 1., 1., 1., 1., 1., 1., 1., 1., 1., 1., 1., 1., 1., 1., 1., 1.,
        1., 1., 1., 1., 1., 1., 1., 1., 1., 1., 1., 1., 1., 1., 1., 1., 1., 1.,
        1., 1., 1., 1., 1., 1., 1., 1., 1., 1., 1., 1., 1., 1., 1., 1., 1., 1.,
        1., 1., 1., 1., 1., 1., 1., 1., 1., 1., 1., 1., 1., 1., 1., 1., 1., 1.,
        1., 1., 1., 1., 1., 1., 1., 1., 1., 1., 1., 1., 1., 1., 1., 1., 1., 1.,
        1., 1., 1., 1., 1., 1., 1., 1., 1., 1., 1., 1., 1., 1., 1., 1., 1.],
       device='cuda:0')
Solution is a valid permutation matrix.
0 0
[  1   2   3   4   5   6   7   8   9  10  11  12  13  14  15  16  17  18
  19  20  21  22  23  24  25  26  27  28  29  30  31  32  33  34  35  36
  37  38  39  40  41  42  43  44  45  46  47  48  49  50  51  52  53  54
  55  56  57  58  59  60  61  62  63  64  65  66  67  68  69  70  71  72
  73  74  75  76  77  78  79  80  81  82  83  84  85  86  87  88  89  90
  91  92  93  94  95  96  97  98  99 100 101 102 103 104 105 106 107 108
 109 110 111 112 113 114 115 116 117 118 119 120 121 122 123 124 125]
5000
Starting Optimization [N=125, Batch=5000, Device=cuda]
Iter 100: Best Obj 90398.0000, Loss 82440.1094, Term1 228751.3750, Term2 -146311.2656
Iter 200: Best Obj 90398.0000, Loss 5077.6406, Term1 156912.5000, Term2 -151834.8594
Iter 300: Best Obj 89156.0000, Loss -19036.9219, Term1 135521.8750, Term2 -154558.7969
Iter 400: Best Obj 79078.0000, Loss -27121.1875, Term1 127445.6094, Term2 -154566.7969
Iter 500: Best Obj 65642.0000, Loss -30764.3359, Term1 123668.6172, Term2 -154432.9531
Iter 600: Best Obj 62158.0000, Loss -32872.3672, Term1 121363.3203, Term2 -154235.6875
Iter 700: Best Obj 59246.0000, Loss -34256.4141, Term1 119203.4609, Term2 -153459.8750
Iter 800: Best Obj 57620.0000, Loss -35536.4609, Term1 114233.9609, Term2 -149770.4219
Iter 900: Best Obj 56238.0000, Loss -37510.2656, Term1 99508.9375, Term2 -137019.2031
Iter 1000: Best Obj 56238.0000, Loss -38415.0156, Term1 88686.7656, Term2 -127101.7812
Total Time: 150.00s, FPS: 6.7
tensor([1., 1., 1., 1., 1., 1., 1., 1., 1., 1., 1., 1., 1., 1., 1., 1., 1., 1.,
        1., 1., 1., 1., 1., 1., 1., 1., 1., 1., 1., 1., 1., 1., 1., 1., 1., 1.,
        1., 1., 1., 1., 1., 1., 1., 1., 1., 1., 1., 1., 1., 1., 1., 1., 1., 1.,
        1., 1., 1., 1., 1., 1., 1., 1., 1., 1., 1., 1., 1., 1., 1., 1., 1., 1.,
        1., 1., 1., 1., 1., 1., 1., 1., 1., 1., 1., 1., 1., 1., 1., 1., 1., 1.,
        1., 1., 1., 1., 1., 1., 1., 1., 1., 1., 1., 1., 1., 1., 1., 1., 1., 1.,
        1., 1., 1., 1., 1., 1., 1., 1., 1., 1., 1., 1., 1., 1., 1., 1., 1.],
       device='cuda:0')
tensor([1., 1., 1., 1., 1., 1., 1., 1., 1., 1., 1., 1., 1., 1., 1., 1., 1., 1.,
        1., 1., 1., 1., 1., 1., 1., 1., 1., 1., 1., 1., 1., 1., 1., 1., 1., 1.,
        1., 1., 1., 1., 1., 1., 1., 1., 1., 1., 1., 1., 1., 1., 1., 1., 1., 1.,
        1., 1., 1., 1., 1., 1., 1., 1., 1., 1., 1., 1., 1., 1., 1., 1., 1., 1.,
        1., 1., 1., 1., 1., 1., 1., 1., 1., 1., 1., 1., 1., 1., 1., 1., 1., 1.,
        1., 1., 1., 1., 1., 1., 1., 1., 1., 1., 1., 1., 1., 1., 1., 1., 1., 1.,
        1., 1., 1., 1., 1., 1., 1., 1., 1., 1., 1., 1., 1., 1., 1., 1., 1.],
       device='cuda:0')
Solution is a valid permutation matrix.
0 0
[  1   2   3   4   5   6   7   8   9  10  11  12  13  14  15  16  17  18
  19  20  21  22  23  24  25  26  27  28  29  30  31  32  33  34  35  36
  37  38  39  40  41  42  43  44  45  46  47  48  49  50  51  52  53  54
  55  56  57  58  59  60  61  62  63  64  65  66  67  68  69  70  71  72
  73  74  75  76  77  78  79  80  81  82  83  84  85  86  87  88  89  90
  91  92  93  94  95  96  97  98  99 100 101 102 103 104 105 106 107 108
 109 110 111 112 113 114 115 116 117 118 119 120 121 122 123 124 125]
5000
Starting Optimization [N=125, Batch=5000, Device=cuda]
Iter 100: Best Obj 90760.0000, Loss -18847.7031, Term1 228930.8750, Term2 -247778.5781
Iter 200: Best Obj 90760.0000, Loss -101139.1875, Term1 156025.3125, Term2 -257164.5000
Iter 300: Best Obj 90760.0000, Loss -122801.9531, Term1 135644.3906, Term2 -258446.3438
Iter 400: Best Obj 90760.0000, Loss -130144.0078, Term1 128044.8828, Term2 -258188.8906
Iter 500: Best Obj 88116.0000, Loss -133903.1094, Term1 124210.5938, Term2 -258113.7031
Iter 600: Best Obj 88060.0000, Loss -136115.1875, Term1 121951.2344, Term2 -258066.4219
Iter 700: Best Obj 88060.0000, Loss -137442.2188, Term1 120559.6484, Term2 -258001.8594
Iter 800: Best Obj 88060.0000, Loss -138226.8750, Term1 119698.9531, Term2 -257925.8281
Iter 900: Best Obj 88060.0000, Loss -138676.9062, Term1 119169.5703, Term2 -257846.4688
Iter 1000: Best Obj 88060.0000, Loss -138922.2500, Term1 118846.0078, Term2 -257768.2500
Total Time: 150.11s, FPS: 6.7
tensor([1., 1., 1., 1., 1., 1., 1., 1., 1., 1., 1., 1., 1., 1., 1., 1., 1., 1.,
        1., 1., 1., 1., 1., 1., 1., 1., 1., 1., 1., 1., 1., 1., 1., 1., 1., 1.,
        1., 1., 1., 1., 1., 1., 1., 1., 1., 1., 1., 1., 1., 1., 1., 1., 1., 1.,
        1., 1., 1., 1., 1., 1., 1., 1., 1., 1., 1., 1., 1., 1., 1., 1., 1., 1.,
        1., 1., 1., 1., 1., 1., 1., 1., 1., 1., 1., 1., 1., 1., 1., 1., 1., 1.,
        1., 1., 1., 1., 1., 1., 1., 1., 1., 1., 1., 1., 1., 1., 1., 1., 1., 1.,
        1., 1., 1., 1., 1., 1., 1., 1., 1., 1., 1., 1., 1., 1., 1., 1., 1.],
       device='cuda:0')
tensor([1., 1., 1., 1., 1., 1., 1., 1., 1., 1., 1., 1., 1., 1., 1., 1., 1., 1.,
        1., 1., 1., 1., 1., 1., 1., 1., 1., 1., 1., 1., 1., 1., 1., 1., 1., 1.,
        1., 1., 1., 1., 1., 1., 1., 1., 1., 1., 1., 1., 1., 1., 1., 1., 1., 1.,
        1., 1., 1., 1., 1., 1., 1., 1., 1., 1., 1., 1., 1., 1., 1., 1., 1., 1.,
        1., 1., 1., 1., 1., 1., 1., 1., 1., 1., 1., 1., 1., 1., 1., 1., 1., 1.,
        1., 1., 1., 1., 1., 1., 1., 1., 1., 1., 1., 1., 1., 1., 1., 1., 1., 1.,
        1., 1., 1., 1., 1., 1., 1., 1., 1., 1., 1., 1., 1., 1., 1., 1., 1.],
       device='cuda:0')
Solution is a valid permutation matrix.
0 0
[  1   2   3   4   5   6   7   8   9  10  11  12  13  14  15  16  17  18
  19  20  21  22  23  24  25  26  27  28  29  30  31  32  33  34  35  36
  37  38  39  40  41  42  43  44  45  46  47  48  49  50  51  52  53  54
  55  56  57  58  59  60  61  62  63  64  65  66  67  68  69  70  71  72
  73  74  75  76  77  78  79  80  81  82  83  84  85  86  87  88  89  90
  91  92  93  94  95  96  97  98  99 100 101 102 103 104 105 106 107 108
 109 110 111 112 113 114 115 116 117 118 119 120 121 122 123 124 125]
5000
Starting Optimization [N=125, Batch=5000, Device=cuda]
Iter 100: Best Obj 90760.0000, Loss -121844.8281, Term1 229151.1719, Term2 -350996.0000
Iter 200: Best Obj 90760.0000, Loss -206291.9062, Term1 155695.9062, Term2 -361987.8125
Iter 300: Best Obj 90760.0000, Loss -225983.0469, Term1 136087.7656, Term2 -362070.8125
Iter 400: Best Obj 90760.0000, Loss -233286.7969, Term1 128465.6406, Term2 -361752.4375
Iter 500: Best Obj 90760.0000, Loss -237195.3594, Term1 124444.4844, Term2 -361639.8438
Iter 600: Best Obj 90760.0000, Loss -239476.8750, Term1 122065.6797, Term2 -361542.5625
Iter 700: Best Obj 90760.0000, Loss -240823.1562, Term1 120618.0547, Term2 -361441.2188
Iter 800: Best Obj 90760.0000, Loss -241608.1719, Term1 119734.1406, Term2 -361342.3125
Iter 900: Best Obj 90760.0000, Loss -242054.3125, Term1 119195.6016, Term2 -361249.9062
Iter 1000: Best Obj 90760.0000, Loss -242296.3281, Term1 118868.1406, Term2 -361164.4688
Total Time: 149.97s, FPS: 6.7
tensor([1., 1., 1., 1., 1., 1., 1., 1., 1., 1., 1., 1., 1., 1., 1., 1., 1., 1.,
        1., 1., 1., 1., 1., 1., 1., 1., 1., 1., 1., 1., 1., 1., 1., 1., 1., 1.,
        1., 1., 1., 1., 1., 1., 1., 1., 1., 1., 1., 1., 1., 1., 1., 1., 1., 1.,
        1., 1., 1., 1., 1., 1., 1., 1., 1., 1., 1., 1., 1., 1., 1., 1., 1., 1.,
        1., 1., 1., 1., 1., 1., 1., 1., 1., 1., 1., 1., 1., 1., 1., 1., 1., 1.,
        1., 1., 1., 1., 1., 1., 1., 1., 1., 1., 1., 1., 1., 1., 1., 1., 1., 1.,
        1., 1., 1., 1., 1., 1., 1., 1., 1., 1., 1., 1., 1., 1., 1., 1., 1.],
       device='cuda:0')
tensor([1., 1., 1., 1., 1., 1., 1., 1., 1., 1., 1., 1., 1., 1., 1., 1., 1., 1.,
        1., 1., 1., 1., 1., 1., 1., 1., 1., 1., 1., 1., 1., 1., 1., 1., 1., 1.,
        1., 1., 1., 1., 1., 1., 1., 1., 1., 1., 1., 1., 1., 1., 1., 1., 1., 1.,
        1., 1., 1., 1., 1., 1., 1., 1., 1., 1., 1., 1., 1., 1., 1., 1., 1., 1.,
        1., 1., 1., 1., 1., 1., 1., 1., 1., 1., 1., 1., 1., 1., 1., 1., 1., 1.,
        1., 1., 1., 1., 1., 1., 1., 1., 1., 1., 1., 1., 1., 1., 1., 1., 1., 1.,
        1., 1., 1., 1., 1., 1., 1., 1., 1., 1., 1., 1., 1., 1., 1., 1., 1.],
       device='cuda:0')
Solution is a valid permutation matrix.
0 0
[  1   2   3   4   5   6   7   8   9  10  11  12  13  14  15  16  17  18
  19  20  21  22  23  24  25  26  27  28  29  30  31  32  33  34  35  36
  37  38  39  40  41  42  43  44  45  46  47  48  49  50  51  52  53  54
  55  56  57  58  59  60  61  62  63  64  65  66  67  68  69  70  71  72
  73  74  75  76  77  78  79  80  81  82  83  84  85  86  87  88  89  90
  91  92  93  94  95  96  97  98  99 100 101 102 103 104 105 106 107 108
 109 110 111 112 113 114 115 116 117 118 119 120 121 122 123 124 125]
5000
Starting Optimization [N=125, Batch=5000, Device=cuda]
Iter 100: Best Obj 91494.0000, Loss -173771.6719, Term1 229263.9531, Term2 -403035.6250
Iter 200: Best Obj 91494.0000, Loss -258501.1875, Term1 155699.4062, Term2 -414200.5938
Iter 300: Best Obj 91494.0000, Loss -277541.5625, Term1 136336.2812, Term2 -413877.8438
Iter 400: Best Obj 91494.0000, Loss -284899.6250, Term1 128639.0703, Term2 -413538.6875
Iter 500: Best Obj 91494.0000, Loss -288866.0312, Term1 124530.8750, Term2 -413396.9062
Iter 600: Best Obj 91494.0000, Loss -291167.5625, Term1 122106.2188, Term2 -413273.7812
Iter 700: Best Obj 91494.0000, Loss -292516.9375, Term1 120638.7734, Term2 -413155.7188
Iter 800: Best Obj 91494.0000, Loss -293300.1875, Term1 119746.8203, Term2 -413047.0000
Iter 900: Best Obj 91494.0000, Loss -293744.2500, Term1 119204.8594, Term2 -412949.0938
Iter 1000: Best Obj 91494.0000, Loss -293984.8438, Term1 118875.6562, Term2 -412860.5000
Total Time: 149.89s, FPS: 6.7
tensor([1., 1., 1., 1., 1., 1., 1., 1., 1., 1., 1., 1., 1., 1., 1., 1., 1., 1.,
        1., 1., 1., 1., 1., 1., 1., 1., 1., 1., 1., 1., 1., 1., 1., 1., 1., 1.,
        1., 1., 1., 1., 1., 1., 1., 1., 1., 1., 1., 1., 1., 1., 1., 1., 1., 1.,
        1., 1., 1., 1., 1., 1., 1., 1., 1., 1., 1., 1., 1., 1., 1., 1., 1., 1.,
        1., 1., 1., 1., 1., 1., 1., 1., 1., 1., 1., 1., 1., 1., 1., 1., 1., 1.,
        1., 1., 1., 1., 1., 1., 1., 1., 1., 1., 1., 1., 1., 1., 1., 1., 1., 1.,
        1., 1., 1., 1., 1., 1., 1., 1., 1., 1., 1., 1., 1., 1., 1., 1., 1.],
       device='cuda:0')
tensor([1., 1., 1., 1., 1., 1., 1., 1., 1., 1., 1., 1., 1., 1., 1., 1., 1., 1.,
        1., 1., 1., 1., 1., 1., 1., 1., 1., 1., 1., 1., 1., 1., 1., 1., 1., 1.,
        1., 1., 1., 1., 1., 1., 1., 1., 1., 1., 1., 1., 1., 1., 1., 1., 1., 1.,
        1., 1., 1., 1., 1., 1., 1., 1., 1., 1., 1., 1., 1., 1., 1., 1., 1., 1.,
        1., 1., 1., 1., 1., 1., 1., 1., 1., 1., 1., 1., 1., 1., 1., 1., 1., 1.,
        1., 1., 1., 1., 1., 1., 1., 1., 1., 1., 1., 1., 1., 1., 1., 1., 1., 1.,
        1., 1., 1., 1., 1., 1., 1., 1., 1., 1., 1., 1., 1., 1., 1., 1., 1.],
       device='cuda:0')
Solution is a valid permutation matrix.
0 0
[  1   2   3   4   5   6   7   8   9  10  11  12  13  14  15  16  17  18
  19  20  21  22  23  24  25  26  27  28  29  30  31  32  33  34  35  36
  37  38  39  40  41  42  43  44  45  46  47  48  49  50  51  52  53  54
  55  56  57  58  59  60  61  62  63  64  65  66  67  68  69  70  71  72
  73  74  75  76  77  78  79  80  81  82  83  84  85  86  87  88  89  90
  91  92  93  94  95  96  97  98  99 100 101 102 103 104 105 106 107 108
 109 110 111 112 113 114 115 116 117 118 119 120 121 122 123 124 125]
5000
Starting Optimization [N=125, Batch=5000, Device=cuda]
Iter 100: Best Obj 91778.0000, Loss -278044.9375, Term1 229616.5938, Term2 -507661.5312
Iter 200: Best Obj 91778.0000, Loss -362438.7188, Term1 155938.3125, Term2 -518377.0312
Iter 300: Best Obj 91778.0000, Loss -380681.6875, Term1 136825.7969, Term2 -517507.5000
Iter 400: Best Obj 91778.0000, Loss -388182.1250, Term1 128930.8516, Term2 -517112.9688
Iter 500: Best Obj 91778.0000, Loss -392232.8438, Term1 124669.8828, Term2 -516902.7188
Iter 600: Best Obj 91778.0000, Loss -394556.8438, Term1 122172.4453, Term2 -516729.2812
Iter 700: Best Obj 91778.0000, Loss -395906.2500, Term1 120674.2188, Term2 -516580.4688
Iter 800: Best Obj 91778.0000, Loss -396684.6875, Term1 119769.1953, Term2 -516453.8750
Iter 900: Best Obj 91778.0000, Loss -397124.7500, Term1 119221.0469, Term2 -516345.7812
Iter 1000: Best Obj 91778.0000, Loss -397362.6250, Term1 118888.3281, Term2 -516250.9688
Total Time: 149.97s, FPS: 6.7
tensor([1., 1., 1., 1., 1., 1., 1., 1., 1., 1., 1., 1., 1., 1., 1., 1., 1., 1.,
        1., 1., 1., 1., 1., 1., 1., 1., 1., 1., 1., 1., 1., 1., 1., 1., 1., 1.,
        1., 1., 1., 1., 1., 1., 1., 1., 1., 1., 1., 1., 1., 1., 1., 1., 1., 1.,
        1., 1., 1., 1., 1., 1., 1., 1., 1., 1., 1., 1., 1., 1., 1., 1., 1., 1.,
        1., 1., 1., 1., 1., 1., 1., 1., 1., 1., 1., 1., 1., 1., 1., 1., 1., 1.,
        1., 1., 1., 1., 1., 1., 1., 1., 1., 1., 1., 1., 1., 1., 1., 1., 1., 1.,
        1., 1., 1., 1., 1., 1., 1., 1., 1., 1., 1., 1., 1., 1., 1., 1., 1.],
       device='cuda:0')
tensor([1., 1., 1., 1., 1., 1., 1., 1., 1., 1., 1., 1., 1., 1., 1., 1., 1., 1.,
        1., 1., 1., 1., 1., 1., 1., 1., 1., 1., 1., 1., 1., 1., 1., 1., 1., 1.,
        1., 1., 1., 1., 1., 1., 1., 1., 1., 1., 1., 1., 1., 1., 1., 1., 1., 1.,
        1., 1., 1., 1., 1., 1., 1., 1., 1., 1., 1., 1., 1., 1., 1., 1., 1., 1.,
        1., 1., 1., 1., 1., 1., 1., 1., 1., 1., 1., 1., 1., 1., 1., 1., 1., 1.,
        1., 1., 1., 1., 1., 1., 1., 1., 1., 1., 1., 1., 1., 1., 1., 1., 1., 1.,
        1., 1., 1., 1., 1., 1., 1., 1., 1., 1., 1., 1., 1., 1., 1., 1., 1.],
       device='cuda:0')
Solution is a valid permutation matrix.
0 0
[  1   2   3   4   5   6   7   8   9  10  11  12  13  14  15  16  17  18
  19  20  21  22  23  24  25  26  27  28  29  30  31  32  33  34  35  36
  37  38  39  40  41  42  43  44  45  46  47  48  49  50  51  52  53  54
  55  56  57  58  59  60  61  62  63  64  65  66  67  68  69  70  71  72
  73  74  75  76  77  78  79  80  81  82  83  84  85  86  87  88  89  90
  91  92  93  94  95  96  97  98  99 100 101 102 103 104 105 106 107 108
 109 110 111 112 113 114 115 116 117 118 119 120 121 122 123 124 125]
5000
Starting Optimization [N=125, Batch=5000, Device=cuda]
Iter 100: Best Obj 95144.0000, Loss -2362940.5000, Term1 249099.8906, Term2 -2612040.5000
Iter 200: Best Obj 95144.0000, Loss -2430411.5000, Term1 166941.2656, Term2 -2597352.7500
Iter 300: Best Obj 95144.0000, Loss -2448804.2500, Term1 142681.5625, Term2 -2591485.7500
Iter 400: Best Obj 95144.0000, Loss -2456541.7500, Term1 132025.9375, Term2 -2588567.7500
Iter 500: Best Obj 95144.0000, Loss -2460418.0000, Term1 126453.5859, Term2 -2586871.5000
Iter 600: Best Obj 95144.0000, Loss -2462522.5000, Term1 123282.6172, Term2 -2585805.0000
Iter 700: Best Obj 95144.0000, Loss -2463702.2500, Term1 121399.4062, Term2 -2585101.7500
Iter 800: Best Obj 95144.0000, Loss -2464366.7500, Term1 120255.2656, Term2 -2584622.0000
Iter 900: Best Obj 95144.0000, Loss -2464708.0000, Term1 119553.2344, Term2 -2584261.2500
Iter 1000: Best Obj 95144.0000, Loss -2464870.2500, Term1 119150.6719, Term2 -2584021.0000
Total Time: 150.15s, FPS: 6.7
tensor([1., 1., 1., 1., 1., 1., 1., 1., 1., 1., 1., 1., 1., 1., 1., 1., 1., 1.,
        1., 1., 1., 1., 1., 1., 1., 1., 1., 1., 1., 1., 1., 1., 1., 1., 1., 1.,
        1., 1., 1., 1., 1., 1., 1., 1., 1., 1., 1., 1., 1., 1., 1., 1., 1., 1.,
        1., 1., 1., 1., 1., 1., 1., 1., 1., 1., 1., 1., 1., 1., 1., 1., 1., 1.,
        1., 1., 1., 1., 1., 1., 1., 1., 1., 1., 1., 1., 1., 1., 1., 1., 1., 1.,
        1., 1., 1., 1., 1., 1., 1., 1., 1., 1., 1., 1., 1., 1., 1., 1., 1., 1.,
        1., 1., 1., 1., 1., 1., 1., 1., 1., 1., 1., 1., 1., 1., 1., 1., 1.],
       device='cuda:0')
tensor([1., 1., 1., 1., 1., 1., 1., 1., 1., 1., 1., 1., 1., 1., 1., 1., 1., 1.,
        1., 1., 1., 1., 1., 1., 1., 1., 1., 1., 1., 1., 1., 1., 1., 1., 1., 1.,
        1., 1., 1., 1., 1., 1., 1., 1., 1., 1., 1., 1., 1., 1., 1., 1., 1., 1.,
        1., 1., 1., 1., 1., 1., 1., 1., 1., 1., 1., 1., 1., 1., 1., 1., 1., 1.,
        1., 1., 1., 1., 1., 1., 1., 1., 1., 1., 1., 1., 1., 1., 1., 1., 1., 1.,
        1., 1., 1., 1., 1., 1., 1., 1., 1., 1., 1., 1., 1., 1., 1., 1., 1., 1.,
        1., 1., 1., 1., 1., 1., 1., 1., 1., 1., 1., 1., 1., 1., 1., 1., 1.],
       device='cuda:0')
Solution is a valid permutation matrix.
0 0
[  1   2   3   4   5   6   7   8   9  10  11  12  13  14  15  16  17  18
  19  20  21  22  23  24  25  26  27  28  29  30  31  32  33  34  35  36
  37  38  39  40  41  42  43  44  45  46  47  48  49  50  51  52  53  54
  55  56  57  58  59  60  61  62  63  64  65  66  67  68  69  70  71  72
  73  74  75  76  77  78  79  80  81  82  83  84  85  86  87  88  89  90
  91  92  93  94  95  96  97  98  99 100 101 102 103 104 105 106 107 108
 109 110 111 112 113 114 115 116 117 118 119 120 121 122 123 124 125]
5000
Starting Optimization [N=125, Batch=5000, Device=cuda]
Iter 100: Best Obj 88364.0000, Loss -4957213.0000, Term1 284960.6875, Term2 -5242173.5000
Iter 200: Best Obj 88364.0000, Loss -5019721.0000, Term1 182456.6562, Term2 -5202177.5000
Iter 300: Best Obj 88364.0000, Loss -5036499.0000, Term1 151248.5938, Term2 -5187747.5000
Iter 400: Best Obj 88364.0000, Loss -5043133.5000, Term1 137497.7656, Term2 -5180631.5000
Iter 500: Best Obj 88364.0000, Loss -5046313.0000, Term1 130190.1094, Term2 -5176503.0000
Iter 600: Best Obj 88364.0000, Loss -5047982.5000, Term1 125911.5078, Term2 -5173894.0000
Iter 700: Best Obj 88364.0000, Loss -5048890.5000, Term1 123277.1875, Term2 -5172167.5000
Iter 800: Best Obj 88364.0000, Loss -5049315.0000, Term1 121655.1328, Term2 -5170970.0000
Iter 900: Best Obj 88364.0000, Loss -5049552.5000, Term1 120693.6094, Term2 -5170246.0000
Iter 1000: Best Obj 88364.0000, Loss -5049672.5000, Term1 120066.5391, Term2 -5169739.0000
Total Time: 149.95s, FPS: 6.7
tensor([1., 1., 1., 1., 1., 1., 1., 1., 1., 1., 1., 1., 1., 1., 1., 1., 1., 1.,
        1., 1., 1., 1., 1., 1., 1., 1., 1., 1., 1., 1., 1., 1., 1., 1., 1., 1.,
        1., 1., 1., 1., 1., 1., 1., 1., 1., 1., 1., 1., 1., 1., 1., 1., 1., 1.,
        1., 1., 1., 1., 1., 1., 1., 1., 1., 1., 1., 1., 1., 1., 1., 1., 1., 1.,
        1., 1., 1., 1., 1., 1., 1., 1., 1., 1., 1., 1., 1., 1., 1., 1., 1., 1.,
        1., 1., 1., 1., 1., 1., 1., 1., 1., 1., 1., 1., 1., 1., 1., 1., 1., 1.,
        1., 1., 1., 1., 1., 1., 1., 1., 1., 1., 1., 1., 1., 1., 1., 1., 1.],
       device='cuda:0')
tensor([1., 1., 1., 1., 1., 1., 1., 1., 1., 1., 1., 1., 1., 1., 1., 1., 1., 1.,
        1., 1., 1., 1., 1., 1., 1., 1., 1., 1., 1., 1., 1., 1., 1., 1., 1., 1.,
        1., 1., 1., 1., 1., 1., 1., 1., 1., 1., 1., 1., 1., 1., 1., 1., 1., 1.,
        1., 1., 1., 1., 1., 1., 1., 1., 1., 1., 1., 1., 1., 1., 1., 1., 1., 1.,
        1., 1., 1., 1., 1., 1., 1., 1., 1., 1., 1., 1., 1., 1., 1., 1., 1., 1.,
        1., 1., 1., 1., 1., 1., 1., 1., 1., 1., 1., 1., 1., 1., 1., 1., 1., 1.,
        1., 1., 1., 1., 1., 1., 1., 1., 1., 1., 1., 1., 1., 1., 1., 1., 1.],
       device='cuda:0')
Solution is a valid permutation matrix.
0 0
[  1   2   3   4   5   6   7   8   9  10  11  12  13  14  15  16  17  18
  19  20  21  22  23  24  25  26  27  28  29  30  31  32  33  34  35  36
  37  38  39  40  41  42  43  44  45  46  47  48  49  50  51  52  53  54
  55  56  57  58  59  60  61  62  63  64  65  66  67  68  69  70  71  72
  73  74  75  76  77  78  79  80  81  82  83  84  85  86  87  88  89  90
  91  92  93  94  95  96  97  98  99 100 101 102 103 104 105 106 107 108
 109 110 111 112 113 114 115 116 117 118 119 120 121 122 123 124 125]
5000
Starting Optimization [N=125, Batch=5000, Device=cuda]
Iter 100: Best Obj 93668.0000, Loss 225883.1406, Term1 230515.4219, Term2 -4632.2754
Iter 200: Best Obj 92784.0000, Loss 153734.6719, Term1 158257.9531, Term2 -4523.2886
Iter 300: Best Obj 82630.0000, Loss 131799.0312, Term1 136219.6875, Term2 -4420.6528
Iter 400: Best Obj 70322.0000, Loss 117681.9844, Term1 121864.7734, Term2 -4182.7905
Iter 500: Best Obj 51196.0000, Loss 89799.5078, Term1 93000.0078, Term2 -3200.5037
Iter 600: Best Obj 43042.0000, Loss 61277.6953, Term1 63040.8594, Term2 -1763.1650
Iter 700: Best Obj 41992.0000, Loss 52949.3047, Term1 54087.6758, Term2 -1138.3708
Iter 800: Best Obj 41734.0000, Loss 50435.8086, Term1 51313.5625, Term2 -877.7540
Iter 900: Best Obj 41522.0000, Loss 49255.4492, Term1 49987.9688, Term2 -732.5178
Iter 1000: Best Obj 41522.0000, Loss 48493.8398, Term1 49125.3711, Term2 -631.5316
Total Time: 149.99s, FPS: 6.7
tensor([1., 1., 1., 1., 1., 1., 1., 1., 1., 1., 1., 1., 1., 1., 1., 1., 1., 1.,
        1., 1., 1., 1., 1., 1., 1., 1., 1., 1., 1., 1., 1., 1., 1., 1., 1., 1.,
        1., 1., 1., 1., 1., 1., 1., 1., 1., 1., 1., 1., 1., 1., 1., 1., 1., 1.,
        1., 1., 1., 1., 1., 1., 1., 1., 1., 1., 1., 1., 1., 1., 1., 1., 1., 1.,
        1., 1., 1., 1., 1., 1., 1., 1., 1., 1., 1., 1., 1., 1., 1., 1., 1., 1.,
        1., 1., 1., 1., 1., 1., 1., 1., 1., 1., 1., 1., 1., 1., 1., 1., 1., 1.,
        1., 1., 1., 1., 1., 1., 1., 1., 1., 1., 1., 1., 1., 1., 1., 1., 1.],
       device='cuda:0')
tensor([1., 1., 1., 1., 1., 1., 1., 1., 1., 1., 1., 1., 1., 1., 1., 1., 1., 1.,
        1., 1., 1., 1., 1., 1., 1., 1., 1., 1., 1., 1., 1., 1., 1., 1., 1., 1.,
        1., 1., 1., 1., 1., 1., 1., 1., 1., 1., 1., 1., 1., 1., 1., 1., 1., 1.,
        1., 1., 1., 1., 1., 1., 1., 1., 1., 1., 1., 1., 1., 1., 1., 1., 1., 1.,
        1., 1., 1., 1., 1., 1., 1., 1., 1., 1., 1., 1., 1., 1., 1., 1., 1., 1.,
        1., 1., 1., 1., 1., 1., 1., 1., 1., 1., 1., 1., 1., 1., 1., 1., 1., 1.,
        1., 1., 1., 1., 1., 1., 1., 1., 1., 1., 1., 1., 1., 1., 1., 1., 1.],
       device='cuda:0')
Solution is a valid permutation matrix.
0 0
[  1   2   3   4   5   6   7   8   9  10  11  12  13  14  15  16  17  18
  19  20  21  22  23  24  25  26  27  28  29  30  31  32  33  34  35  36
  37  38  39  40  41  42  43  44  45  46  47  48  49  50  51  52  53  54
  55  56  57  58  59  60  61  62  63  64  65  66  67  68  69  70  71  72
  73  74  75  76  77  78  79  80  81  82  83  84  85  86  87  88  89  90
  91  92  93  94  95  96  97  98  99 100 101 102 103 104 105 106 107 108
 109 110 111 112 113 114 115 116 117 118 119 120 121 122 123 124 125]
5000
Starting Optimization [N=125, Batch=5000, Device=cuda]
Iter 100: Best Obj 96468.0000, Loss 183007.6562, Term1 230652.8906, Term2 -47645.2266
Iter 200: Best Obj 89442.0000, Loss 109905.3125, Term1 158208.7969, Term2 -48303.4844
Iter 300: Best Obj 78432.0000, Loss 86617.1172, Term1 136182.8750, Term2 -49565.7578
Iter 400: Best Obj 68498.0000, Loss 74407.7578, Term1 123881.7812, Term2 -49474.0234
Iter 500: Best Obj 51514.0000, Loss 61116.1680, Term1 102982.9844, Term2 -41866.8164
Iter 600: Best Obj 41578.0000, Loss 44754.1484, Term1 73423.4766, Term2 -28669.3262
Iter 700: Best Obj 41118.0000, Loss 35554.0391, Term1 56542.1211, Term2 -20988.0840
Iter 800: Best Obj 39164.0000, Loss 32208.9336, Term1 50249.3086, Term2 -18040.3750
Iter 900: Best Obj 38906.0000, Loss 31074.8125, Term1 47945.5156, Term2 -16870.7031
Iter 1000: Best Obj 38850.0000, Loss 30514.9297, Term1 46798.2422, Term2 -16283.3125
Total Time: 149.98s, FPS: 6.7
tensor([1., 1., 1., 1., 1., 1., 1., 1., 1., 1., 1., 1., 1., 1., 1., 1., 1., 1.,
        1., 1., 1., 1., 1., 1., 1., 1., 1., 1., 1., 1., 1., 1., 1., 1., 1., 1.,
        1., 1., 1., 1., 1., 1., 1., 1., 1., 1., 1., 1., 1., 1., 1., 1., 1., 1.,
        1., 1., 1., 1., 1., 1., 1., 1., 1., 1., 1., 1., 1., 1., 1., 1., 1., 1.,
        1., 1., 1., 1., 1., 1., 1., 1., 1., 1., 1., 1., 1., 1., 1., 1., 1., 1.,
        1., 1., 1., 1., 1., 1., 1., 1., 1., 1., 1., 1., 1., 1., 1., 1., 1., 1.,
        1., 1., 1., 1., 1., 1., 1., 1., 1., 1., 1., 1., 1., 1., 1., 1., 1.],
       device='cuda:0')
tensor([1., 1., 1., 1., 1., 1., 1., 1., 1., 1., 1., 1., 1., 1., 1., 1., 1., 1.,
        1., 1., 1., 1., 1., 1., 1., 1., 1., 1., 1., 1., 1., 1., 1., 1., 1., 1.,
        1., 1., 1., 1., 1., 1., 1., 1., 1., 1., 1., 1., 1., 1., 1., 1., 1., 1.,
        1., 1., 1., 1., 1., 1., 1., 1., 1., 1., 1., 1., 1., 1., 1., 1., 1., 1.,
        1., 1., 1., 1., 1., 1., 1., 1., 1., 1., 1., 1., 1., 1., 1., 1., 1., 1.,
        1., 1., 1., 1., 1., 1., 1., 1., 1., 1., 1., 1., 1., 1., 1., 1., 1., 1.,
        1., 1., 1., 1., 1., 1., 1., 1., 1., 1., 1., 1., 1., 1., 1., 1., 1.],
       device='cuda:0')
Solution is a valid permutation matrix.
0 0
[  1   2   3   4   5   6   7   8   9  10  11  12  13  14  15  16  17  18
  19  20  21  22  23  24  25  26  27  28  29  30  31  32  33  34  35  36
  37  38  39  40  41  42  43  44  45  46  47  48  49  50  51  52  53  54
  55  56  57  58  59  60  61  62  63  64  65  66  67  68  69  70  71  72
  73  74  75  76  77  78  79  80  81  82  83  84  85  86  87  88  89  90
  91  92  93  94  95  96  97  98  99 100 101 102 103 104 105 106 107 108
 109 110 111 112 113 114 115 116 117 118 119 120 121 122 123 124 125]
5000
Starting Optimization [N=125, Batch=5000, Device=cuda]
Iter 100: Best Obj 98798.0000, Loss 84696.2656, Term1 230899.1562, Term2 -146202.8906
Iter 200: Best Obj 97794.0000, Loss 5504.4219, Term1 157199.2969, Term2 -151694.8750
Iter 300: Best Obj 91894.0000, Loss -19375.5469, Term1 135189.4062, Term2 -154564.9531
Iter 400: Best Obj 84746.0000, Loss -27747.1875, Term1 126866.7188, Term2 -154613.9062
Iter 500: Best Obj 75838.0000, Loss -31484.6016, Term1 123031.4141, Term2 -154516.0156
Iter 600: Best Obj 73280.0000, Loss -33618.5234, Term1 120849.0078, Term2 -154467.5312
Iter 700: Best Obj 73280.0000, Loss -34927.9453, Term1 119436.1641, Term2 -154364.1094
Iter 800: Best Obj 70272.0000, Loss -35740.7578, Term1 118320.9766, Term2 -154061.7344
Iter 900: Best Obj 65004.0000, Loss -36285.1094, Term1 116719.9531, Term2 -153005.0625
Iter 1000: Best Obj 61814.0000, Loss -36752.9219, Term1 112957.6250, Term2 -149710.5469
Total Time: 149.97s, FPS: 6.7
tensor([1., 1., 1., 1., 1., 1., 1., 1., 1., 1., 1., 1., 1., 1., 1., 1., 1., 1.,
        1., 1., 1., 1., 1., 1., 1., 1., 1., 1., 1., 1., 1., 1., 1., 1., 1., 1.,
        1., 1., 1., 1., 1., 1., 1., 1., 1., 1., 1., 1., 1., 1., 1., 1., 1., 1.,
        1., 1., 1., 1., 1., 1., 1., 1., 1., 1., 1., 1., 1., 1., 1., 1., 1., 1.,
        1., 1., 1., 1., 1., 1., 1., 1., 1., 1., 1., 1., 1., 1., 1., 1., 1., 1.,
        1., 1., 1., 1., 1., 1., 1., 1., 1., 1., 1., 1., 1., 1., 1., 1., 1., 1.,
        1., 1., 1., 1., 1., 1., 1., 1., 1., 1., 1., 1., 1., 1., 1., 1., 1.],
       device='cuda:0')
tensor([1., 1., 1., 1., 1., 1., 1., 1., 1., 1., 1., 1., 1., 1., 1., 1., 1., 1.,
        1., 1., 1., 1., 1., 1., 1., 1., 1., 1., 1., 1., 1., 1., 1., 1., 1., 1.,
        1., 1., 1., 1., 1., 1., 1., 1., 1., 1., 1., 1., 1., 1., 1., 1., 1., 1.,
        1., 1., 1., 1., 1., 1., 1., 1., 1., 1., 1., 1., 1., 1., 1., 1., 1., 1.,
        1., 1., 1., 1., 1., 1., 1., 1., 1., 1., 1., 1., 1., 1., 1., 1., 1., 1.,
        1., 1., 1., 1., 1., 1., 1., 1., 1., 1., 1., 1., 1., 1., 1., 1., 1., 1.,
        1., 1., 1., 1., 1., 1., 1., 1., 1., 1., 1., 1., 1., 1., 1., 1., 1.],
       device='cuda:0')
Solution is a valid permutation matrix.
0 0
[  1   2   3   4   5   6   7   8   9  10  11  12  13  14  15  16  17  18
  19  20  21  22  23  24  25  26  27  28  29  30  31  32  33  34  35  36
  37  38  39  40  41  42  43  44  45  46  47  48  49  50  51  52  53  54
  55  56  57  58  59  60  61  62  63  64  65  66  67  68  69  70  71  72
  73  74  75  76  77  78  79  80  81  82  83  84  85  86  87  88  89  90
  91  92  93  94  95  96  97  98  99 100 101 102 103 104 105 106 107 108
 109 110 111 112 113 114 115 116 117 118 119 120 121 122 123 124 125]
5000
Starting Optimization [N=125, Batch=5000, Device=cuda]
Iter 100: Best Obj 99030.0000, Loss -16444.5312, Term1 231086.7500, Term2 -247531.2812
Iter 200: Best Obj 97544.0000, Loss -100772.8750, Term1 156254.1094, Term2 -257026.9844
Iter 300: Best Obj 95828.0000, Loss -123210.6250, Term1 135233.7031, Term2 -258444.3281
Iter 400: Best Obj 94824.0000, Loss -130769.6172, Term1 127412.3828, Term2 -258182.0000
Iter 500: Best Obj 91736.0000, Loss -134623.6250, Term1 123482.6953, Term2 -258106.3281
Iter 600: Best Obj 91736.0000, Loss -136893.5469, Term1 121169.3594, Term2 -258062.9062
Iter 700: Best Obj 91736.0000, Loss -138258.1562, Term1 119743.2109, Term2 -258001.3750
Iter 800: Best Obj 91736.0000, Loss -139066.7500, Term1 118860.0156, Term2 -257926.7656
Iter 900: Best Obj 91736.0000, Loss -139531.7344, Term1 118316.2969, Term2 -257848.0312
Iter 1000: Best Obj 91736.0000, Loss -139786.2656, Term1 117983.8281, Term2 -257770.0938
Total Time: 150.21s, FPS: 6.7
tensor([1., 1., 1., 1., 1., 1., 1., 1., 1., 1., 1., 1., 1., 1., 1., 1., 1., 1.,
        1., 1., 1., 1., 1., 1., 1., 1., 1., 1., 1., 1., 1., 1., 1., 1., 1., 1.,
        1., 1., 1., 1., 1., 1., 1., 1., 1., 1., 1., 1., 1., 1., 1., 1., 1., 1.,
        1., 1., 1., 1., 1., 1., 1., 1., 1., 1., 1., 1., 1., 1., 1., 1., 1., 1.,
        1., 1., 1., 1., 1., 1., 1., 1., 1., 1., 1., 1., 1., 1., 1., 1., 1., 1.,
        1., 1., 1., 1., 1., 1., 1., 1., 1., 1., 1., 1., 1., 1., 1., 1., 1., 1.,
        1., 1., 1., 1., 1., 1., 1., 1., 1., 1., 1., 1., 1., 1., 1., 1., 1.],
       device='cuda:0')
tensor([1., 1., 1., 1., 1., 1., 1., 1., 1., 1., 1., 1., 1., 1., 1., 1., 1., 1.,
        1., 1., 1., 1., 1., 1., 1., 1., 1., 1., 1., 1., 1., 1., 1., 1., 1., 1.,
        1., 1., 1., 1., 1., 1., 1., 1., 1., 1., 1., 1., 1., 1., 1., 1., 1., 1.,
        1., 1., 1., 1., 1., 1., 1., 1., 1., 1., 1., 1., 1., 1., 1., 1., 1., 1.,
        1., 1., 1., 1., 1., 1., 1., 1., 1., 1., 1., 1., 1., 1., 1., 1., 1., 1.,
        1., 1., 1., 1., 1., 1., 1., 1., 1., 1., 1., 1., 1., 1., 1., 1., 1., 1.,
        1., 1., 1., 1., 1., 1., 1., 1., 1., 1., 1., 1., 1., 1., 1., 1., 1.],
       device='cuda:0')
Solution is a valid permutation matrix.
0 0
[  1   2   3   4   5   6   7   8   9  10  11  12  13  14  15  16  17  18
  19  20  21  22  23  24  25  26  27  28  29  30  31  32  33  34  35  36
  37  38  39  40  41  42  43  44  45  46  47  48  49  50  51  52  53  54
  55  56  57  58  59  60  61  62  63  64  65  66  67  68  69  70  71  72
  73  74  75  76  77  78  79  80  81  82  83  84  85  86  87  88  89  90
  91  92  93  94  95  96  97  98  99 100 101 102 103 104 105 106 107 108
 109 110 111 112 113 114 115 116 117 118 119 120 121 122 123 124 125]
5000
Starting Optimization [N=125, Batch=5000, Device=cuda]
Iter 100: Best Obj 98818.0000, Loss -119360.0781, Term1 231267.3594, Term2 -350627.4375
Iter 200: Best Obj 98762.0000, Loss -206023.6250, Term1 155869.7812, Term2 -361893.4062
Iter 300: Best Obj 98714.0000, Loss -226400.7344, Term1 135663.5781, Term2 -362064.3125
Iter 400: Best Obj 94986.0000, Loss -233900.3750, Term1 127840.5312, Term2 -361740.9062
Iter 500: Best Obj 90834.0000, Loss -237909.4375, Term1 123723.1953, Term2 -361632.6250
Iter 600: Best Obj 90834.0000, Loss -240253.4688, Term1 121286.4297, Term2 -361539.9062
Iter 700: Best Obj 90834.0000, Loss -241639.1562, Term1 119801.8516, Term2 -361441.0000
Iter 800: Best Obj 90834.0000, Loss -242448.7812, Term1 118894.5312, Term2 -361343.3125
Iter 900: Best Obj 90834.0000, Loss -242909.9219, Term1 118341.4219, Term2 -361251.3438
Iter 1000: Best Obj 90834.0000, Loss -243161.0938, Term1 118005.0000, Term2 -361166.0938
Total Time: 150.19s, FPS: 6.7
tensor([1., 1., 1., 1., 1., 1., 1., 1., 1., 1., 1., 1., 1., 1., 1., 1., 1., 1.,
        1., 1., 1., 1., 1., 1., 1., 1., 1., 1., 1., 1., 1., 1., 1., 1., 1., 1.,
        1., 1., 1., 1., 1., 1., 1., 1., 1., 1., 1., 1., 1., 1., 1., 1., 1., 1.,
        1., 1., 1., 1., 1., 1., 1., 1., 1., 1., 1., 1., 1., 1., 1., 1., 1., 1.,
        1., 1., 1., 1., 1., 1., 1., 1., 1., 1., 1., 1., 1., 1., 1., 1., 1., 1.,
        1., 1., 1., 1., 1., 1., 1., 1., 1., 1., 1., 1., 1., 1., 1., 1., 1., 1.,
        1., 1., 1., 1., 1., 1., 1., 1., 1., 1., 1., 1., 1., 1., 1., 1., 1.],
       device='cuda:0')
tensor([1., 1., 1., 1., 1., 1., 1., 1., 1., 1., 1., 1., 1., 1., 1., 1., 1., 1.,
        1., 1., 1., 1., 1., 1., 1., 1., 1., 1., 1., 1., 1., 1., 1., 1., 1., 1.,
        1., 1., 1., 1., 1., 1., 1., 1., 1., 1., 1., 1., 1., 1., 1., 1., 1., 1.,
        1., 1., 1., 1., 1., 1., 1., 1., 1., 1., 1., 1., 1., 1., 1., 1., 1., 1.,
        1., 1., 1., 1., 1., 1., 1., 1., 1., 1., 1., 1., 1., 1., 1., 1., 1., 1.,
        1., 1., 1., 1., 1., 1., 1., 1., 1., 1., 1., 1., 1., 1., 1., 1., 1., 1.,
        1., 1., 1., 1., 1., 1., 1., 1., 1., 1., 1., 1., 1., 1., 1., 1., 1.],
       device='cuda:0')
Solution is a valid permutation matrix.
0 0
[  1   2   3   4   5   6   7   8   9  10  11  12  13  14  15  16  17  18
  19  20  21  22  23  24  25  26  27  28  29  30  31  32  33  34  35  36
  37  38  39  40  41  42  43  44  45  46  47  48  49  50  51  52  53  54
  55  56  57  58  59  60  61  62  63  64  65  66  67  68  69  70  71  72
  73  74  75  76  77  78  79  80  81  82  83  84  85  86  87  88  89  90
  91  92  93  94  95  96  97  98  99 100 101 102 103 104 105 106 107 108
 109 110 111 112 113 114 115 116 117 118 119 120 121 122 123 124 125]
5000
Starting Optimization [N=125, Batch=5000, Device=cuda]
Iter 100: Best Obj 98150.0000, Loss -171224.2812, Term1 231391.8125, Term2 -402616.0938
Iter 200: Best Obj 97942.0000, Loss -258268.7031, Term1 155855.2344, Term2 -414123.9375
Iter 300: Best Obj 97942.0000, Loss -277956.6875, Term1 135911.9375, Term2 -413868.6250
Iter 400: Best Obj 94572.0000, Loss -285508.3750, Term1 128018.1016, Term2 -413526.4688
Iter 500: Best Obj 92062.0000, Loss -289578.1562, Term1 123812.0000, Term2 -413390.1562
Iter 600: Best Obj 92062.0000, Loss -291943.5938, Term1 121327.7734, Term2 -413271.3750
Iter 700: Best Obj 92062.0000, Loss -293332.9375, Term1 119822.6641, Term2 -413155.5938
Iter 800: Best Obj 92062.0000, Loss -294140.9375, Term1 118907.0156, Term2 -413047.9375
Iter 900: Best Obj 92062.0000, Loss -294600.0000, Term1 118350.3906, Term2 -412950.4062
Iter 1000: Best Obj 92062.0000, Loss -294849.7188, Term1 118012.2188, Term2 -412861.9375
Total Time: 150.18s, FPS: 6.7
tensor([1., 1., 1., 1., 1., 1., 1., 1., 1., 1., 1., 1., 1., 1., 1., 1., 1., 1.,
        1., 1., 1., 1., 1., 1., 1., 1., 1., 1., 1., 1., 1., 1., 1., 1., 1., 1.,
        1., 1., 1., 1., 1., 1., 1., 1., 1., 1., 1., 1., 1., 1., 1., 1., 1., 1.,
        1., 1., 1., 1., 1., 1., 1., 1., 1., 1., 1., 1., 1., 1., 1., 1., 1., 1.,
        1., 1., 1., 1., 1., 1., 1., 1., 1., 1., 1., 1., 1., 1., 1., 1., 1., 1.,
        1., 1., 1., 1., 1., 1., 1., 1., 1., 1., 1., 1., 1., 1., 1., 1., 1., 1.,
        1., 1., 1., 1., 1., 1., 1., 1., 1., 1., 1., 1., 1., 1., 1., 1., 1.],
       device='cuda:0')
tensor([1., 1., 1., 1., 1., 1., 1., 1., 1., 1., 1., 1., 1., 1., 1., 1., 1., 1.,
        1., 1., 1., 1., 1., 1., 1., 1., 1., 1., 1., 1., 1., 1., 1., 1., 1., 1.,
        1., 1., 1., 1., 1., 1., 1., 1., 1., 1., 1., 1., 1., 1., 1., 1., 1., 1.,
        1., 1., 1., 1., 1., 1., 1., 1., 1., 1., 1., 1., 1., 1., 1., 1., 1., 1.,
        1., 1., 1., 1., 1., 1., 1., 1., 1., 1., 1., 1., 1., 1., 1., 1., 1., 1.,
        1., 1., 1., 1., 1., 1., 1., 1., 1., 1., 1., 1., 1., 1., 1., 1., 1., 1.,
        1., 1., 1., 1., 1., 1., 1., 1., 1., 1., 1., 1., 1., 1., 1., 1., 1.],
       device='cuda:0')
Solution is a valid permutation matrix.
0 0
[  1   2   3   4   5   6   7   8   9  10  11  12  13  14  15  16  17  18
  19  20  21  22  23  24  25  26  27  28  29  30  31  32  33  34  35  36
  37  38  39  40  41  42  43  44  45  46  47  48  49  50  51  52  53  54
  55  56  57  58  59  60  61  62  63  64  65  66  67  68  69  70  71  72
  73  74  75  76  77  78  79  80  81  82  83  84  85  86  87  88  89  90
  91  92  93  94  95  96  97  98  99 100 101 102 103 104 105 106 107 108
 109 110 111 112 113 114 115 116 117 118 119 120 121 122 123 124 125]
5000
Starting Optimization [N=125, Batch=5000, Device=cuda]
Iter 100: Best Obj 97696.0000, Loss -275442.5000, Term1 231718.2031, Term2 -507160.6875
Iter 200: Best Obj 97696.0000, Loss -362263.6250, Term1 156063.5938, Term2 -518327.2188
Iter 300: Best Obj 97696.0000, Loss -381088.4688, Term1 136405.9375, Term2 -517494.4062
Iter 400: Best Obj 90604.0000, Loss -388783.1562, Term1 128317.5000, Term2 -517100.6562
Iter 500: Best Obj 90408.0000, Loss -392942.1250, Term1 123954.6562, Term2 -516896.7812
Iter 600: Best Obj 90408.0000, Loss -395332.4375, Term1 121394.9844, Term2 -516727.4375
Iter 700: Best Obj 90408.0000, Loss -396722.5625, Term1 119857.9219, Term2 -516580.4688
Iter 800: Best Obj 90408.0000, Loss -397525.8750, Term1 118928.8281, Term2 -516454.7188
Iter 900: Best Obj 90408.0000, Loss -397980.9688, Term1 118365.9297, Term2 -516346.9062
Iter 1000: Best Obj 90408.0000, Loss -398227.9375, Term1 118024.2344, Term2 -516252.1875
Total Time: 149.93s, FPS: 6.7
tensor([1., 1., 1., 1., 1., 1., 1., 1., 1., 1., 1., 1., 1., 1., 1., 1., 1., 1.,
        1., 1., 1., 1., 1., 1., 1., 1., 1., 1., 1., 1., 1., 1., 1., 1., 1., 1.,
        1., 1., 1., 1., 1., 1., 1., 1., 1., 1., 1., 1., 1., 1., 1., 1., 1., 1.,
        1., 1., 1., 1., 1., 1., 1., 1., 1., 1., 1., 1., 1., 1., 1., 1., 1., 1.,
        1., 1., 1., 1., 1., 1., 1., 1., 1., 1., 1., 1., 1., 1., 1., 1., 1., 1.,
        1., 1., 1., 1., 1., 1., 1., 1., 1., 1., 1., 1., 1., 1., 1., 1., 1., 1.,
        1., 1., 1., 1., 1., 1., 1., 1., 1., 1., 1., 1., 1., 1., 1., 1., 1.],
       device='cuda:0')
tensor([1., 1., 1., 1., 1., 1., 1., 1., 1., 1., 1., 1., 1., 1., 1., 1., 1., 1.,
        1., 1., 1., 1., 1., 1., 1., 1., 1., 1., 1., 1., 1., 1., 1., 1., 1., 1.,
        1., 1., 1., 1., 1., 1., 1., 1., 1., 1., 1., 1., 1., 1., 1., 1., 1., 1.,
        1., 1., 1., 1., 1., 1., 1., 1., 1., 1., 1., 1., 1., 1., 1., 1., 1., 1.,
        1., 1., 1., 1., 1., 1., 1., 1., 1., 1., 1., 1., 1., 1., 1., 1., 1., 1.,
        1., 1., 1., 1., 1., 1., 1., 1., 1., 1., 1., 1., 1., 1., 1., 1., 1., 1.,
        1., 1., 1., 1., 1., 1., 1., 1., 1., 1., 1., 1., 1., 1., 1., 1., 1.],
       device='cuda:0')
Solution is a valid permutation matrix.
0 0
[  1   2   3   4   5   6   7   8   9  10  11  12  13  14  15  16  17  18
  19  20  21  22  23  24  25  26  27  28  29  30  31  32  33  34  35  36
  37  38  39  40  41  42  43  44  45  46  47  48  49  50  51  52  53  54
  55  56  57  58  59  60  61  62  63  64  65  66  67  68  69  70  71  72
  73  74  75  76  77  78  79  80  81  82  83  84  85  86  87  88  89  90
  91  92  93  94  95  96  97  98  99 100 101 102 103 104 105 106 107 108
 109 110 111 112 113 114 115 116 117 118 119 120 121 122 123 124 125]
5000
Starting Optimization [N=125, Batch=5000, Device=cuda]
Iter 100: Best Obj 98316.0000, Loss -2360673.5000, Term1 250934.7188, Term2 -2611608.2500
Iter 200: Best Obj 98316.0000, Loss -2430200.5000, Term1 167051.8906, Term2 -2597252.5000
Iter 300: Best Obj 98316.0000, Loss -2449128.2500, Term1 142304.2500, Term2 -2591432.5000
Iter 400: Best Obj 98316.0000, Loss -2457112.7500, Term1 131421.6719, Term2 -2588534.5000
Iter 500: Best Obj 98316.0000, Loss -2461119.0000, Term1 125730.0703, Term2 -2586849.0000
Iter 600: Best Obj 98316.0000, Loss -2463296.5000, Term1 122492.8594, Term2 -2585789.2500
Iter 700: Best Obj 98316.0000, Loss -2464519.2500, Term1 120571.8203, Term2 -2585091.0000
Iter 800: Best Obj 98316.0000, Loss -2465208.5000, Term1 119405.7266, Term2 -2584614.2500
Iter 900: Best Obj 98316.0000, Loss -2465571.7500, Term1 118690.3594, Term2 -2584262.0000
Iter 1000: Best Obj 98316.0000, Loss -2465739.5000, Term1 118277.9297, Term2 -2584017.5000
Total Time: 149.92s, FPS: 6.7
tensor([1., 1., 1., 1., 1., 1., 1., 1., 1., 1., 1., 1., 1., 1., 1., 1., 1., 1.,
        1., 1., 1., 1., 1., 1., 1., 1., 1., 1., 1., 1., 1., 1., 1., 1., 1., 1.,
        1., 1., 1., 1., 1., 1., 1., 1., 1., 1., 1., 1., 1., 1., 1., 1., 1., 1.,
        1., 1., 1., 1., 1., 1., 1., 1., 1., 1., 1., 1., 1., 1., 1., 1., 1., 1.,
        1., 1., 1., 1., 1., 1., 1., 1., 1., 1., 1., 1., 1., 1., 1., 1., 1., 1.,
        1., 1., 1., 1., 1., 1., 1., 1., 1., 1., 1., 1., 1., 1., 1., 1., 1., 1.,
        1., 1., 1., 1., 1., 1., 1., 1., 1., 1., 1., 1., 1., 1., 1., 1., 1.],
       device='cuda:0')
tensor([1., 1., 1., 1., 1., 1., 1., 1., 1., 1., 1., 1., 1., 1., 1., 1., 1., 1.,
        1., 1., 1., 1., 1., 1., 1., 1., 1., 1., 1., 1., 1., 1., 1., 1., 1., 1.,
        1., 1., 1., 1., 1., 1., 1., 1., 1., 1., 1., 1., 1., 1., 1., 1., 1., 1.,
        1., 1., 1., 1., 1., 1., 1., 1., 1., 1., 1., 1., 1., 1., 1., 1., 1., 1.,
        1., 1., 1., 1., 1., 1., 1., 1., 1., 1., 1., 1., 1., 1., 1., 1., 1., 1.,
        1., 1., 1., 1., 1., 1., 1., 1., 1., 1., 1., 1., 1., 1., 1., 1., 1., 1.,
        1., 1., 1., 1., 1., 1., 1., 1., 1., 1., 1., 1., 1., 1., 1., 1., 1.],
       device='cuda:0')
Solution is a valid permutation matrix.
0 0
[  1   2   3   4   5   6   7   8   9  10  11  12  13  14  15  16  17  18
  19  20  21  22  23  24  25  26  27  28  29  30  31  32  33  34  35  36
  37  38  39  40  41  42  43  44  45  46  47  48  49  50  51  52  53  54
  55  56  57  58  59  60  61  62  63  64  65  66  67  68  69  70  71  72
  73  74  75  76  77  78  79  80  81  82  83  84  85  86  87  88  89  90
  91  92  93  94  95  96  97  98  99 100 101 102 103 104 105 106 107 108
 109 110 111 112 113 114 115 116 117 118 119 120 121 122 123 124 125]
5000
Starting Optimization [N=125, Batch=5000, Device=cuda]
Iter 100: Best Obj 95864.0000, Loss -4954816.5000, Term1 286411.0312, Term2 -5241227.5000
Iter 200: Best Obj 95864.0000, Loss -5019372.0000, Term1 182325.2188, Term2 -5201697.0000
Iter 300: Best Obj 95864.0000, Loss -5036756.5000, Term1 150675.9688, Term2 -5187432.5000
Iter 400: Best Obj 95864.0000, Loss -5043660.5000, Term1 136742.3750, Term2 -5180403.0000
Iter 500: Best Obj 95864.0000, Loss -5046981.0000, Term1 129347.0391, Term2 -5176328.0000
Iter 600: Best Obj 95864.0000, Loss -5048732.5000, Term1 125025.7344, Term2 -5173758.0000
Iter 700: Best Obj 95864.0000, Loss -5049689.5000, Term1 122371.5234, Term2 -5172061.0000
Iter 800: Best Obj 95864.0000, Loss -5050149.5000, Term1 120733.5469, Term2 -5170883.0000
Iter 900: Best Obj 95864.0000, Loss -5050399.0000, Term1 119767.1719, Term2 -5170166.0000
Iter 1000: Best Obj 95864.0000, Loss -5050528.0000, Term1 119143.0859, Term2 -5169671.0000
Total Time: 150.05s, FPS: 6.7
tensor([1., 1., 1., 1., 1., 1., 1., 1., 1., 1., 1., 1., 1., 1., 1., 1., 1., 1.,
        1., 1., 1., 1., 1., 1., 1., 1., 1., 1., 1., 1., 1., 1., 1., 1., 1., 1.,
        1., 1., 1., 1., 1., 1., 1., 1., 1., 1., 1., 1., 1., 1., 1., 1., 1., 1.,
        1., 1., 1., 1., 1., 1., 1., 1., 1., 1., 1., 1., 1., 1., 1., 1., 1., 1.,
        1., 1., 1., 1., 1., 1., 1., 1., 1., 1., 1., 1., 1., 1., 1., 1., 1., 1.,
        1., 1., 1., 1., 1., 1., 1., 1., 1., 1., 1., 1., 1., 1., 1., 1., 1., 1.,
        1., 1., 1., 1., 1., 1., 1., 1., 1., 1., 1., 1., 1., 1., 1., 1., 1.],
       device='cuda:0')
tensor([1., 1., 1., 1., 1., 1., 1., 1., 1., 1., 1., 1., 1., 1., 1., 1., 1., 1.,
        1., 1., 1., 1., 1., 1., 1., 1., 1., 1., 1., 1., 1., 1., 1., 1., 1., 1.,
        1., 1., 1., 1., 1., 1., 1., 1., 1., 1., 1., 1., 1., 1., 1., 1., 1., 1.,
        1., 1., 1., 1., 1., 1., 1., 1., 1., 1., 1., 1., 1., 1., 1., 1., 1., 1.,
        1., 1., 1., 1., 1., 1., 1., 1., 1., 1., 1., 1., 1., 1., 1., 1., 1., 1.,
        1., 1., 1., 1., 1., 1., 1., 1., 1., 1., 1., 1., 1., 1., 1., 1., 1., 1.,
        1., 1., 1., 1., 1., 1., 1., 1., 1., 1., 1., 1., 1., 1., 1., 1., 1.],
       device='cuda:0')
Solution is a valid permutation matrix.
0 0
[  1   2   3   4   5   6   7   8   9  10  11  12  13  14  15  16  17  18
  19  20  21  22  23  24  25  26  27  28  29  30  31  32  33  34  35  36
  37  38  39  40  41  42  43  44  45  46  47  48  49  50  51  52  53  54
  55  56  57  58  59  60  61  62  63  64  65  66  67  68  69  70  71  72
  73  74  75  76  77  78  79  80  81  82  83  84  85  86  87  88  89  90
  91  92  93  94  95  96  97  98  99 100 101 102 103 104 105 106 107 108
 109 110 111 112 113 114 115 116 117 118 119 120 121 122 123 124 125]
5000
Starting Optimization [N=125, Batch=5000, Device=cuda]
Iter 100: Best Obj 89174.0000, Loss 200416.6406, Term1 205048.4375, Term2 -4631.7959
Iter 200: Best Obj 81860.0000, Loss 137821.0625, Term1 142342.1250, Term2 -4521.0620
Iter 300: Best Obj 68816.0000, Loss 118193.8594, Term1 122597.8906, Term2 -4404.0283
Iter 400: Best Obj 56888.0000, Loss 102397.6406, Term1 106465.3906, Term2 -4067.7461
Iter 500: Best Obj 42868.0000, Loss 72327.5156, Term1 75180.0000, Term2 -2852.4834
Iter 600: Best Obj 38742.0000, Loss 51798.5781, Term1 53383.3242, Term2 -1584.7480
Iter 700: Best Obj 36886.0000, Loss 46251.7227, Term1 47315.4219, Term2 -1063.6989
Iter 800: Best Obj 36614.0000, Loss 44349.3242, Term1 45177.0039, Term2 -827.6797
Iter 900: Best Obj 36298.0000, Loss 43357.9336, Term1 44048.9492, Term2 -691.0161
Iter 1000: Best Obj 36202.0000, Loss 42673.3438, Term1 43266.9570, Term2 -593.6131
Total Time: 149.99s, FPS: 6.7
tensor([1., 1., 1., 1., 1., 1., 1., 1., 1., 1., 1., 1., 1., 1., 1., 1., 1., 1.,
        1., 1., 1., 1., 1., 1., 1., 1., 1., 1., 1., 1., 1., 1., 1., 1., 1., 1.,
        1., 1., 1., 1., 1., 1., 1., 1., 1., 1., 1., 1., 1., 1., 1., 1., 1., 1.,
        1., 1., 1., 1., 1., 1., 1., 1., 1., 1., 1., 1., 1., 1., 1., 1., 1., 1.,
        1., 1., 1., 1., 1., 1., 1., 1., 1., 1., 1., 1., 1., 1., 1., 1., 1., 1.,
        1., 1., 1., 1., 1., 1., 1., 1., 1., 1., 1., 1., 1., 1., 1., 1., 1., 1.,
        1., 1., 1., 1., 1., 1., 1., 1., 1., 1., 1., 1., 1., 1., 1., 1., 1.],
       device='cuda:0')
tensor([1., 1., 1., 1., 1., 1., 1., 1., 1., 1., 1., 1., 1., 1., 1., 1., 1., 1.,
        1., 1., 1., 1., 1., 1., 1., 1., 1., 1., 1., 1., 1., 1., 1., 1., 1., 1.,
        1., 1., 1., 1., 1., 1., 1., 1., 1., 1., 1., 1., 1., 1., 1., 1., 1., 1.,
        1., 1., 1., 1., 1., 1., 1., 1., 1., 1., 1., 1., 1., 1., 1., 1., 1., 1.,
        1., 1., 1., 1., 1., 1., 1., 1., 1., 1., 1., 1., 1., 1., 1., 1., 1., 1.,
        1., 1., 1., 1., 1., 1., 1., 1., 1., 1., 1., 1., 1., 1., 1., 1., 1., 1.,
        1., 1., 1., 1., 1., 1., 1., 1., 1., 1., 1., 1., 1., 1., 1., 1., 1.],
       device='cuda:0')
Solution is a valid permutation matrix.
0 0
[  1   2   3   4   5   6   7   8   9  10  11  12  13  14  15  16  17  18
  19  20  21  22  23  24  25  26  27  28  29  30  31  32  33  34  35  36
  37  38  39  40  41  42  43  44  45  46  47  48  49  50  51  52  53  54
  55  56  57  58  59  60  61  62  63  64  65  66  67  68  69  70  71  72
  73  74  75  76  77  78  79  80  81  82  83  84  85  86  87  88  89  90
  91  92  93  94  95  96  97  98  99 100 101 102 103 104 105 106 107 108
 109 110 111 112 113 114 115 116 117 118 119 120 121 122 123 124 125]
5000
Starting Optimization [N=125, Batch=5000, Device=cuda]
Iter 100: Best Obj 87452.0000, Loss 204827.6562, Term1 228450.0000, Term2 -23622.3438
Iter 200: Best Obj 87418.0000, Loss 134284.4219, Term1 157934.6250, Term2 -23650.1973
Iter 300: Best Obj 81876.0000, Loss 112364.9766, Term1 136236.2969, Term2 -23871.3203
Iter 400: Best Obj 63998.0000, Loss 97113.7109, Term1 120268.1562, Term2 -23154.4473
Iter 500: Best Obj 49236.0000, Loss 71528.0000, Term1 88598.3438, Term2 -17070.3457
Iter 600: Best Obj 44174.0000, Loss 52071.6133, Term1 62455.5312, Term2 -10383.9189
Iter 700: Best Obj 40440.0000, Loss 44846.1797, Term1 52585.7383, Term2 -7739.5571
Iter 800: Best Obj 39428.0000, Loss 42133.3398, Term1 49025.3984, Term2 -6892.0596
Iter 900: Best Obj 39186.0000, Loss 40856.6094, Term1 47397.2266, Term2 -6540.6152
Iter 1000: Best Obj 39186.0000, Loss 40083.2891, Term1 46409.0508, Term2 -6325.7622
Total Time: 149.98s, FPS: 6.7
tensor([1., 1., 1., 1., 1., 1., 1., 1., 1., 1., 1., 1., 1., 1., 1., 1., 1., 1.,
        1., 1., 1., 1., 1., 1., 1., 1., 1., 1., 1., 1., 1., 1., 1., 1., 1., 1.,
        1., 1., 1., 1., 1., 1., 1., 1., 1., 1., 1., 1., 1., 1., 1., 1., 1., 1.,
        1., 1., 1., 1., 1., 1., 1., 1., 1., 1., 1., 1., 1., 1., 1., 1., 1., 1.,
        1., 1., 1., 1., 1., 1., 1., 1., 1., 1., 1., 1., 1., 1., 1., 1., 1., 1.,
        1., 1., 1., 1., 1., 1., 1., 1., 1., 1., 1., 1., 1., 1., 1., 1., 1., 1.,
        1., 1., 1., 1., 1., 1., 1., 1., 1., 1., 1., 1., 1., 1., 1., 1., 1.],
       device='cuda:0')
tensor([1., 1., 1., 1., 1., 1., 1., 1., 1., 1., 1., 1., 1., 1., 1., 1., 1., 1.,
        1., 1., 1., 1., 1., 1., 1., 1., 1., 1., 1., 1., 1., 1., 1., 1., 1., 1.,
        1., 1., 1., 1., 1., 1., 1., 1., 1., 1., 1., 1., 1., 1., 1., 1., 1., 1.,
        1., 1., 1., 1., 1., 1., 1., 1., 1., 1., 1., 1., 1., 1., 1., 1., 1., 1.,
        1., 1., 1., 1., 1., 1., 1., 1., 1., 1., 1., 1., 1., 1., 1., 1., 1., 1.,
        1., 1., 1., 1., 1., 1., 1., 1., 1., 1., 1., 1., 1., 1., 1., 1., 1., 1.,
        1., 1., 1., 1., 1., 1., 1., 1., 1., 1., 1., 1., 1., 1., 1., 1., 1.],
       device='cuda:0')
Solution is a valid permutation matrix.
0 0
[  1   2   3   4   5   6   7   8   9  10  11  12  13  14  15  16  17  18
  19  20  21  22  23  24  25  26  27  28  29  30  31  32  33  34  35  36
  37  38  39  40  41  42  43  44  45  46  47  48  49  50  51  52  53  54
  55  56  57  58  59  60  61  62  63  64  65  66  67  68  69  70  71  72
  73  74  75  76  77  78  79  80  81  82  83  84  85  86  87  88  89  90
  91  92  93  94  95  96  97  98  99 100 101 102 103 104 105 106 107 108
 109 110 111 112 113 114 115 116 117 118 119 120 121 122 123 124 125]
5000
Starting Optimization [N=125, Batch=5000, Device=cuda]
Iter 100: Best Obj 87452.0000, Loss 193458.2188, Term1 229058.1094, Term2 -35599.8984
Iter 200: Best Obj 87452.0000, Loss 122607.9219, Term1 158501.0469, Term2 -35893.1211
Iter 300: Best Obj 82046.0000, Loss 99707.4531, Term1 136281.0156, Term2 -36573.5586
Iter 400: Best Obj 63000.0000, Loss 85220.7812, Term1 120894.7500, Term2 -35673.9648
Iter 500: Best Obj 48340.0000, Loss 64201.2969, Term1 91231.2656, Term2 -27029.9668
Iter 600: Best Obj 43598.0000, Loss 46980.6250, Term1 64575.5117, Term2 -17594.8848
Iter 700: Best Obj 38500.0000, Loss 39761.1016, Term1 53304.5664, Term2 -13543.4658
Iter 800: Best Obj 38308.0000, Loss 36961.7930, Term1 49004.1094, Term2 -12042.3154
Iter 900: Best Obj 38308.0000, Loss 35770.5430, Term1 47153.8203, Term2 -11383.2764
Iter 1000: Best Obj 38274.0000, Loss 35106.6445, Term1 46111.0938, Term2 -11004.4502
Total Time: 149.89s, FPS: 6.7
tensor([1., 1., 1., 1., 1., 1., 1., 1., 1., 1., 1., 1., 1., 1., 1., 1., 1., 1.,
        1., 1., 1., 1., 1., 1., 1., 1., 1., 1., 1., 1., 1., 1., 1., 1., 1., 1.,
        1., 1., 1., 1., 1., 1., 1., 1., 1., 1., 1., 1., 1., 1., 1., 1., 1., 1.,
        1., 1., 1., 1., 1., 1., 1., 1., 1., 1., 1., 1., 1., 1., 1., 1., 1., 1.,
        1., 1., 1., 1., 1., 1., 1., 1., 1., 1., 1., 1., 1., 1., 1., 1., 1., 1.,
        1., 1., 1., 1., 1., 1., 1., 1., 1., 1., 1., 1., 1., 1., 1., 1., 1., 1.,
        1., 1., 1., 1., 1., 1., 1., 1., 1., 1., 1., 1., 1., 1., 1., 1., 1.],
       device='cuda:0')
tensor([1., 1., 1., 1., 1., 1., 1., 1., 1., 1., 1., 1., 1., 1., 1., 1., 1., 1.,
        1., 1., 1., 1., 1., 1., 1., 1., 1., 1., 1., 1., 1., 1., 1., 1., 1., 1.,
        1., 1., 1., 1., 1., 1., 1., 1., 1., 1., 1., 1., 1., 1., 1., 1., 1., 1.,
        1., 1., 1., 1., 1., 1., 1., 1., 1., 1., 1., 1., 1., 1., 1., 1., 1., 1.,
        1., 1., 1., 1., 1., 1., 1., 1., 1., 1., 1., 1., 1., 1., 1., 1., 1., 1.,
        1., 1., 1., 1., 1., 1., 1., 1., 1., 1., 1., 1., 1., 1., 1., 1., 1., 1.,
        1., 1., 1., 1., 1., 1., 1., 1., 1., 1., 1., 1., 1., 1., 1., 1., 1.],
       device='cuda:0')
Solution is a valid permutation matrix.
0 0
[  1   2   3   4   5   6   7   8   9  10  11  12  13  14  15  16  17  18
  19  20  21  22  23  24  25  26  27  28  29  30  31  32  33  34  35  36
  37  38  39  40  41  42  43  44  45  46  47  48  49  50  51  52  53  54
  55  56  57  58  59  60  61  62  63  64  65  66  67  68  69  70  71  72
  73  74  75  76  77  78  79  80  81  82  83  84  85  86  87  88  89  90
  91  92  93  94  95  96  97  98  99 100 101 102 103 104 105 106 107 108
 109 110 111 112 113 114 115 116 117 118 119 120 121 122 123 124 125]
5000
Starting Optimization [N=125, Batch=5000, Device=cuda]
Iter 100: Best Obj 87452.0000, Loss 180859.0000, Term1 228514.0625, Term2 -47655.0703
Iter 200: Best Obj 87452.0000, Loss 109545.7969, Term1 157875.4062, Term2 -48329.6133
Iter 300: Best Obj 83118.0000, Loss 86634.7188, Term1 136176.6406, Term2 -49541.9180
Iter 400: Best Obj 62230.0000, Loss 73357.4219, Term1 121989.6641, Term2 -48632.2383
Iter 500: Best Obj 48390.0000, Loss 56678.7422, Term1 95577.6719, Term2 -38898.9297
Iter 600: Best Obj 43250.0000, Loss 41085.6406, Term1 68201.3906, Term2 -27115.7480
Iter 700: Best Obj 38644.0000, Loss 33927.5938, Term1 55301.8984, Term2 -21374.3047
Iter 800: Best Obj 38406.0000, Loss 31234.2285, Term1 50041.2734, Term2 -18807.0449
Iter 900: Best Obj 38360.0000, Loss 30246.4512, Term1 47920.5117, Term2 -17674.0605
Iter 1000: Best Obj 37646.0000, Loss 29745.6133, Term1 46870.0039, Term2 -17124.3906
Total Time: 149.93s, FPS: 6.7
tensor([1., 1., 1., 1., 1., 1., 1., 1., 1., 1., 1., 1., 1., 1., 1., 1., 1., 1.,
        1., 1., 1., 1., 1., 1., 1., 1., 1., 1., 1., 1., 1., 1., 1., 1., 1., 1.,
        1., 1., 1., 1., 1., 1., 1., 1., 1., 1., 1., 1., 1., 1., 1., 1., 1., 1.,
        1., 1., 1., 1., 1., 1., 1., 1., 1., 1., 1., 1., 1., 1., 1., 1., 1., 1.,
        1., 1., 1., 1., 1., 1., 1., 1., 1., 1., 1., 1., 1., 1., 1., 1., 1., 1.,
        1., 1., 1., 1., 1., 1., 1., 1., 1., 1., 1., 1., 1., 1., 1., 1., 1., 1.,
        1., 1., 1., 1., 1., 1., 1., 1., 1., 1., 1., 1., 1., 1., 1., 1., 1.],
       device='cuda:0')
tensor([1., 1., 1., 1., 1., 1., 1., 1., 1., 1., 1., 1., 1., 1., 1., 1., 1., 1.,
        1., 1., 1., 1., 1., 1., 1., 1., 1., 1., 1., 1., 1., 1., 1., 1., 1., 1.,
        1., 1., 1., 1., 1., 1., 1., 1., 1., 1., 1., 1., 1., 1., 1., 1., 1., 1.,
        1., 1., 1., 1., 1., 1., 1., 1., 1., 1., 1., 1., 1., 1., 1., 1., 1., 1.,
        1., 1., 1., 1., 1., 1., 1., 1., 1., 1., 1., 1., 1., 1., 1., 1., 1., 1.,
        1., 1., 1., 1., 1., 1., 1., 1., 1., 1., 1., 1., 1., 1., 1., 1., 1., 1.,
        1., 1., 1., 1., 1., 1., 1., 1., 1., 1., 1., 1., 1., 1., 1., 1., 1.],
       device='cuda:0')
Solution is a valid permutation matrix.
0 0
[  1   2   3   4   5   6   7   8   9  10  11  12  13  14  15  16  17  18
  19  20  21  22  23  24  25  26  27  28  29  30  31  32  33  34  35  36
  37  38  39  40  41  42  43  44  45  46  47  48  49  50  51  52  53  54
  55  56  57  58  59  60  61  62  63  64  65  66  67  68  69  70  71  72
  73  74  75  76  77  78  79  80  81  82  83  84  85  86  87  88  89  90
  91  92  93  94  95  96  97  98  99 100 101 102 103 104 105 106 107 108
 109 110 111 112 113 114 115 116 117 118 119 120 121 122 123 124 125]
5000
Starting Optimization [N=125, Batch=5000, Device=cuda]
Iter 100: Best Obj 88094.0000, Loss 168794.9219, Term1 228575.0312, Term2 -59780.1133
Iter 200: Best Obj 88094.0000, Loss 96872.2656, Term1 157801.0000, Term2 -60928.7344
Iter 300: Best Obj 84818.0000, Loss 73418.7891, Term1 136072.4062, Term2 -62653.6172
Iter 400: Best Obj 66804.0000, Loss 61415.2461, Term1 123369.5391, Term2 -61954.2930
Iter 500: Best Obj 50986.0000, Loss 48666.7266, Term1 101471.7578, Term2 -52805.0312
Iter 600: Best Obj 42144.0000, Loss 34563.3164, Term1 73989.8125, Term2 -39426.4961
Iter 700: Best Obj 39570.0000, Loss 27407.3574, Term1 59281.7617, Term2 -31874.4043
Iter 800: Best Obj 37354.0000, Loss 24880.7246, Term1 52866.7539, Term2 -27986.0293
Iter 900: Best Obj 37048.0000, Loss 24079.9609, Term1 50428.2031, Term2 -26348.2422
Iter 1000: Best Obj 36990.0000, Loss 23714.6680, Term1 49364.5391, Term2 -25649.8711
Total Time: 150.18s, FPS: 6.7
tensor([1., 1., 1., 1., 1., 1., 1., 1., 1., 1., 1., 1., 1., 1., 1., 1., 1., 1.,
        1., 1., 1., 1., 1., 1., 1., 1., 1., 1., 1., 1., 1., 1., 1., 1., 1., 1.,
        1., 1., 1., 1., 1., 1., 1., 1., 1., 1., 1., 1., 1., 1., 1., 1., 1., 1.,
        1., 1., 1., 1., 1., 1., 1., 1., 1., 1., 1., 1., 1., 1., 1., 1., 1., 1.,
        1., 1., 1., 1., 1., 1., 1., 1., 1., 1., 1., 1., 1., 1., 1., 1., 1., 1.,
        1., 1., 1., 1., 1., 1., 1., 1., 1., 1., 1., 1., 1., 1., 1., 1., 1., 1.,
        1., 1., 1., 1., 1., 1., 1., 1., 1., 1., 1., 1., 1., 1., 1., 1., 1.],
       device='cuda:0')
tensor([1., 1., 1., 1., 1., 1., 1., 1., 1., 1., 1., 1., 1., 1., 1., 1., 1., 1.,
        1., 1., 1., 1., 1., 1., 1., 1., 1., 1., 1., 1., 1., 1., 1., 1., 1., 1.,
        1., 1., 1., 1., 1., 1., 1., 1., 1., 1., 1., 1., 1., 1., 1., 1., 1., 1.,
        1., 1., 1., 1., 1., 1., 1., 1., 1., 1., 1., 1., 1., 1., 1., 1., 1., 1.,
        1., 1., 1., 1., 1., 1., 1., 1., 1., 1., 1., 1., 1., 1., 1., 1., 1., 1.,
        1., 1., 1., 1., 1., 1., 1., 1., 1., 1., 1., 1., 1., 1., 1., 1., 1., 1.,
        1., 1., 1., 1., 1., 1., 1., 1., 1., 1., 1., 1., 1., 1., 1., 1., 1.],
       device='cuda:0')
Solution is a valid permutation matrix.
0 0
[  1   2   3   4   5   6   7   8   9  10  11  12  13  14  15  16  17  18
  19  20  21  22  23  24  25  26  27  28  29  30  31  32  33  34  35  36
  37  38  39  40  41  42  43  44  45  46  47  48  49  50  51  52  53  54
  55  56  57  58  59  60  61  62  63  64  65  66  67  68  69  70  71  72
  73  74  75  76  77  78  79  80  81  82  83  84  85  86  87  88  89  90
  91  92  93  94  95  96  97  98  99 100 101 102 103 104 105 106 107 108
 109 110 111 112 113 114 115 116 117 118 119 120 121 122 123 124 125]
5000
Starting Optimization [N=125, Batch=5000, Device=cuda]
Iter 100: Best Obj 88440.0000, Loss 156677.5312, Term1 228649.1250, Term2 -71971.5859
Iter 200: Best Obj 88440.0000, Loss 84038.9453, Term1 157706.6250, Term2 -73667.6797
Iter 300: Best Obj 78960.0000, Loss 60130.7344, Term1 135958.5625, Term2 -75827.8281
Iter 400: Best Obj 67556.0000, Loss 49245.3672, Term1 124682.3516, Term2 -75436.9844
Iter 500: Best Obj 50906.0000, Loss 39824.3203, Term1 107948.3047, Term2 -68123.9844
Iter 600: Best Obj 43668.0000, Loss 27544.5273, Term1 81897.7734, Term2 -54353.2461
Iter 700: Best Obj 40780.0000, Loss 20145.4883, Term1 65216.4766, Term2 -45070.9883
Iter 800: Best Obj 37422.0000, Loss 17699.5352, Term1 57711.6445, Term2 -40012.1094
Iter 900: Best Obj 37334.0000, Loss 17013.5977, Term1 54874.4297, Term2 -37860.8320
Iter 1000: Best Obj 36866.0000, Loss 16753.1914, Term1 53759.4922, Term2 -37006.3008
Total Time: 149.94s, FPS: 6.7
tensor([1., 1., 1., 1., 1., 1., 1., 1., 1., 1., 1., 1., 1., 1., 1., 1., 1., 1.,
        1., 1., 1., 1., 1., 1., 1., 1., 1., 1., 1., 1., 1., 1., 1., 1., 1., 1.,
        1., 1., 1., 1., 1., 1., 1., 1., 1., 1., 1., 1., 1., 1., 1., 1., 1., 1.,
        1., 1., 1., 1., 1., 1., 1., 1., 1., 1., 1., 1., 1., 1., 1., 1., 1., 1.,
        1., 1., 1., 1., 1., 1., 1., 1., 1., 1., 1., 1., 1., 1., 1., 1., 1., 1.,
        1., 1., 1., 1., 1., 1., 1., 1., 1., 1., 1., 1., 1., 1., 1., 1., 1., 1.,
        1., 1., 1., 1., 1., 1., 1., 1., 1., 1., 1., 1., 1., 1., 1., 1., 1.],
       device='cuda:0')
tensor([1., 1., 1., 1., 1., 1., 1., 1., 1., 1., 1., 1., 1., 1., 1., 1., 1., 1.,
        1., 1., 1., 1., 1., 1., 1., 1., 1., 1., 1., 1., 1., 1., 1., 1., 1., 1.,
        1., 1., 1., 1., 1., 1., 1., 1., 1., 1., 1., 1., 1., 1., 1., 1., 1., 1.,
        1., 1., 1., 1., 1., 1., 1., 1., 1., 1., 1., 1., 1., 1., 1., 1., 1., 1.,
        1., 1., 1., 1., 1., 1., 1., 1., 1., 1., 1., 1., 1., 1., 1., 1., 1., 1.,
        1., 1., 1., 1., 1., 1., 1., 1., 1., 1., 1., 1., 1., 1., 1., 1., 1., 1.,
        1., 1., 1., 1., 1., 1., 1., 1., 1., 1., 1., 1., 1., 1., 1., 1., 1.],
       device='cuda:0')
Solution is a valid permutation matrix.
0 0
[  1   2   3   4   5   6   7   8   9  10  11  12  13  14  15  16  17  18
  19  20  21  22  23  24  25  26  27  28  29  30  31  32  33  34  35  36
  37  38  39  40  41  42  43  44  45  46  47  48  49  50  51  52  53  54
  55  56  57  58  59  60  61  62  63  64  65  66  67  68  69  70  71  72
  73  74  75  76  77  78  79  80  81  82  83  84  85  86  87  88  89  90
  91  92  93  94  95  96  97  98  99 100 101 102 103 104 105 106 107 108
 109 110 111 112 113 114 115 116 117 118 119 120 121 122 123 124 125]
5000
Starting Optimization [N=125, Batch=5000, Device=cuda]
Iter 100: Best Obj 94454.0000, Loss 206951.2188, Term1 230574.5469, Term2 -23623.3359
Iter 200: Best Obj 92456.0000, Loss 134637.7031, Term1 158288.7344, Term2 -23651.0254
Iter 300: Best Obj 77626.0000, Loss 112453.4531, Term1 136355.7500, Term2 -23902.2988
Iter 400: Best Obj 67548.0000, Loss 99034.5703, Term1 122600.3516, Term2 -23565.7793
Iter 500: Best Obj 52822.0000, Loss 77256.4375, Term1 95654.4688, Term2 -18398.0332
Iter 600: Best Obj 42748.0000, Loss 55095.8594, Term1 65887.5781, Term2 -10791.7178
Iter 700: Best Obj 39392.0000, Loss 45984.1680, Term1 53573.1875, Term2 -7589.0181
Iter 800: Best Obj 38430.0000, Loss 42810.2969, Term1 49507.5742, Term2 -6697.2793
Iter 900: Best Obj 38284.0000, Loss 41384.1797, Term1 47757.1367, Term2 -6372.9570
Iter 1000: Best Obj 38284.0000, Loss 40540.6953, Term1 46724.8984, Term2 -6184.2036
Total Time: 149.95s, FPS: 6.7
tensor([1., 1., 1., 1., 1., 1., 1., 1., 1., 1., 1., 1., 1., 1., 1., 1., 1., 1.,
        1., 1., 1., 1., 1., 1., 1., 1., 1., 1., 1., 1., 1., 1., 1., 1., 1., 1.,
        1., 1., 1., 1., 1., 1., 1., 1., 1., 1., 1., 1., 1., 1., 1., 1., 1., 1.,
        1., 1., 1., 1., 1., 1., 1., 1., 1., 1., 1., 1., 1., 1., 1., 1., 1., 1.,
        1., 1., 1., 1., 1., 1., 1., 1., 1., 1., 1., 1., 1., 1., 1., 1., 1., 1.,
        1., 1., 1., 1., 1., 1., 1., 1., 1., 1., 1., 1., 1., 1., 1., 1., 1., 1.,
        1., 1., 1., 1., 1., 1., 1., 1., 1., 1., 1., 1., 1., 1., 1., 1., 1.],
       device='cuda:0')
tensor([1., 1., 1., 1., 1., 1., 1., 1., 1., 1., 1., 1., 1., 1., 1., 1., 1., 1.,
        1., 1., 1., 1., 1., 1., 1., 1., 1., 1., 1., 1., 1., 1., 1., 1., 1., 1.,
        1., 1., 1., 1., 1., 1., 1., 1., 1., 1., 1., 1., 1., 1., 1., 1., 1., 1.,
        1., 1., 1., 1., 1., 1., 1., 1., 1., 1., 1., 1., 1., 1., 1., 1., 1., 1.,
        1., 1., 1., 1., 1., 1., 1., 1., 1., 1., 1., 1., 1., 1., 1., 1., 1., 1.,
        1., 1., 1., 1., 1., 1., 1., 1., 1., 1., 1., 1., 1., 1., 1., 1., 1., 1.,
        1., 1., 1., 1., 1., 1., 1., 1., 1., 1., 1., 1., 1., 1., 1., 1., 1.],
       device='cuda:0')
Solution is a valid permutation matrix.
0 0
[  1   2   3   4   5   6   7   8   9  10  11  12  13  14  15  16  17  18
  19  20  21  22  23  24  25  26  27  28  29  30  31  32  33  34  35  36
  37  38  39  40  41  42  43  44  45  46  47  48  49  50  51  52  53  54
  55  56  57  58  59  60  61  62  63  64  65  66  67  68  69  70  71  72
  73  74  75  76  77  78  79  80  81  82  83  84  85  86  87  88  89  90
  91  92  93  94  95  96  97  98  99 100 101 102 103 104 105 106 107 108
 109 110 111 112 113 114 115 116 117 118 119 120 121 122 123 124 125]
5000
Starting Optimization [N=125, Batch=5000, Device=cuda]
Iter 100: Best Obj 95950.0000, Loss 195007.5000, Term1 230604.8594, Term2 -35597.3672
Iter 200: Best Obj 87500.0000, Loss 122379.8438, Term1 158263.8438, Term2 -35884.0000
Iter 300: Best Obj 76452.0000, Loss 99700.5469, Term1 136304.8125, Term2 -36604.2695
Iter 400: Best Obj 65692.0000, Loss 86748.5312, Term1 123092.9453, Term2 -36344.4180
Iter 500: Best Obj 52338.0000, Loss 69287.8125, Term1 98429.3203, Term2 -29141.5059
Iter 600: Best Obj 44622.0000, Loss 50275.3945, Term1 68636.8906, Term2 -18361.4961
Iter 700: Best Obj 41106.0000, Loss 41117.8789, Term1 54353.4609, Term2 -13235.5830
Iter 800: Best Obj 39920.0000, Loss 37777.1484, Term1 49415.6133, Term2 -11638.4648
Iter 900: Best Obj 39172.0000, Loss 36420.7734, Term1 47434.7031, Term2 -11013.9297
Iter 1000: Best Obj 39172.0000, Loss 35686.8516, Term1 46343.2734, Term2 -10656.4229
Total Time: 150.14s, FPS: 6.7
tensor([1., 1., 1., 1., 1., 1., 1., 1., 1., 1., 1., 1., 1., 1., 1., 1., 1., 1.,
        1., 1., 1., 1., 1., 1., 1., 1., 1., 1., 1., 1., 1., 1., 1., 1., 1., 1.,
        1., 1., 1., 1., 1., 1., 1., 1., 1., 1., 1., 1., 1., 1., 1., 1., 1., 1.,
        1., 1., 1., 1., 1., 1., 1., 1., 1., 1., 1., 1., 1., 1., 1., 1., 1., 1.,
        1., 1., 1., 1., 1., 1., 1., 1., 1., 1., 1., 1., 1., 1., 1., 1., 1., 1.,
        1., 1., 1., 1., 1., 1., 1., 1., 1., 1., 1., 1., 1., 1., 1., 1., 1., 1.,
        1., 1., 1., 1., 1., 1., 1., 1., 1., 1., 1., 1., 1., 1., 1., 1., 1.],
       device='cuda:0')
tensor([1., 1., 1., 1., 1., 1., 1., 1., 1., 1., 1., 1., 1., 1., 1., 1., 1., 1.,
        1., 1., 1., 1., 1., 1., 1., 1., 1., 1., 1., 1., 1., 1., 1., 1., 1., 1.,
        1., 1., 1., 1., 1., 1., 1., 1., 1., 1., 1., 1., 1., 1., 1., 1., 1., 1.,
        1., 1., 1., 1., 1., 1., 1., 1., 1., 1., 1., 1., 1., 1., 1., 1., 1., 1.,
        1., 1., 1., 1., 1., 1., 1., 1., 1., 1., 1., 1., 1., 1., 1., 1., 1., 1.,
        1., 1., 1., 1., 1., 1., 1., 1., 1., 1., 1., 1., 1., 1., 1., 1., 1., 1.,
        1., 1., 1., 1., 1., 1., 1., 1., 1., 1., 1., 1., 1., 1., 1., 1., 1.],
       device='cuda:0')
Solution is a valid permutation matrix.
0 0
[  1   2   3   4   5   6   7   8   9  10  11  12  13  14  15  16  17  18
  19  20  21  22  23  24  25  26  27  28  29  30  31  32  33  34  35  36
  37  38  39  40  41  42  43  44  45  46  47  48  49  50  51  52  53  54
  55  56  57  58  59  60  61  62  63  64  65  66  67  68  69  70  71  72
  73  74  75  76  77  78  79  80  81  82  83  84  85  86  87  88  89  90
  91  92  93  94  95  96  97  98  99 100 101 102 103 104 105 106 107 108
 109 110 111 112 113 114 115 116 117 118 119 120 121 122 123 124 125]
5000
Starting Optimization [N=125, Batch=5000, Device=cuda]
Iter 100: Best Obj 96468.0000, Loss 183007.6562, Term1 230652.8906, Term2 -47645.2266
Iter 200: Best Obj 89442.0000, Loss 109905.3125, Term1 158208.7969, Term2 -48303.4844
Iter 300: Best Obj 78432.0000, Loss 86617.1172, Term1 136182.8750, Term2 -49565.7578
Iter 400: Best Obj 68498.0000, Loss 74407.7578, Term1 123881.7812, Term2 -49474.0234
Iter 500: Best Obj 51514.0000, Loss 61116.1680, Term1 102982.9844, Term2 -41866.8164
Iter 600: Best Obj 41578.0000, Loss 44754.1484, Term1 73423.4766, Term2 -28669.3262
Iter 700: Best Obj 41118.0000, Loss 35554.0391, Term1 56542.1211, Term2 -20988.0840
Iter 800: Best Obj 39164.0000, Loss 32208.9336, Term1 50249.3086, Term2 -18040.3750
Iter 900: Best Obj 38906.0000, Loss 31074.8125, Term1 47945.5156, Term2 -16870.7031
Iter 1000: Best Obj 38850.0000, Loss 30514.9297, Term1 46798.2422, Term2 -16283.3125
Total Time: 150.02s, FPS: 6.7
tensor([1., 1., 1., 1., 1., 1., 1., 1., 1., 1., 1., 1., 1., 1., 1., 1., 1., 1.,
        1., 1., 1., 1., 1., 1., 1., 1., 1., 1., 1., 1., 1., 1., 1., 1., 1., 1.,
        1., 1., 1., 1., 1., 1., 1., 1., 1., 1., 1., 1., 1., 1., 1., 1., 1., 1.,
        1., 1., 1., 1., 1., 1., 1., 1., 1., 1., 1., 1., 1., 1., 1., 1., 1., 1.,
        1., 1., 1., 1., 1., 1., 1., 1., 1., 1., 1., 1., 1., 1., 1., 1., 1., 1.,
        1., 1., 1., 1., 1., 1., 1., 1., 1., 1., 1., 1., 1., 1., 1., 1., 1., 1.,
        1., 1., 1., 1., 1., 1., 1., 1., 1., 1., 1., 1., 1., 1., 1., 1., 1.],
       device='cuda:0')
tensor([1., 1., 1., 1., 1., 1., 1., 1., 1., 1., 1., 1., 1., 1., 1., 1., 1., 1.,
        1., 1., 1., 1., 1., 1., 1., 1., 1., 1., 1., 1., 1., 1., 1., 1., 1., 1.,
        1., 1., 1., 1., 1., 1., 1., 1., 1., 1., 1., 1., 1., 1., 1., 1., 1., 1.,
        1., 1., 1., 1., 1., 1., 1., 1., 1., 1., 1., 1., 1., 1., 1., 1., 1., 1.,
        1., 1., 1., 1., 1., 1., 1., 1., 1., 1., 1., 1., 1., 1., 1., 1., 1., 1.,
        1., 1., 1., 1., 1., 1., 1., 1., 1., 1., 1., 1., 1., 1., 1., 1., 1., 1.,
        1., 1., 1., 1., 1., 1., 1., 1., 1., 1., 1., 1., 1., 1., 1., 1., 1.],
       device='cuda:0')
Solution is a valid permutation matrix.
0 0
[  1   2   3   4   5   6   7   8   9  10  11  12  13  14  15  16  17  18
  19  20  21  22  23  24  25  26  27  28  29  30  31  32  33  34  35  36
  37  38  39  40  41  42  43  44  45  46  47  48  49  50  51  52  53  54
  55  56  57  58  59  60  61  62  63  64  65  66  67  68  69  70  71  72
  73  74  75  76  77  78  79  80  81  82  83  84  85  86  87  88  89  90
  91  92  93  94  95  96  97  98  99 100 101 102 103 104 105 106 107 108
 109 110 111 112 113 114 115 116 117 118 119 120 121 122 123 124 125]
5000
Starting Optimization [N=125, Batch=5000, Device=cuda]
Iter 100: Best Obj 97770.0000, Loss 170899.0312, Term1 230663.6094, Term2 -59764.5859
Iter 200: Best Obj 92566.0000, Loss 97239.7812, Term1 158129.4375, Term2 -60889.6602
Iter 300: Best Obj 79588.0000, Loss 73349.4688, Term1 136030.5938, Term2 -62681.1289
Iter 400: Best Obj 68890.0000, Loss 61962.0273, Term1 124770.6953, Term2 -62808.6680
Iter 500: Best Obj 54882.0000, Loss 52250.7539, Term1 108725.5078, Term2 -56474.7539
Iter 600: Best Obj 41992.0000, Loss 38736.4141, Term1 81195.7656, Term2 -42459.3516
Iter 700: Best Obj 40312.0000, Loss 29490.1973, Term1 61374.9922, Term2 -31884.7949
Iter 800: Best Obj 38936.0000, Loss 26161.2285, Term1 52891.6875, Term2 -26730.4590
Iter 900: Best Obj 38728.0000, Loss 25239.6953, Term1 49978.5469, Term2 -24738.8516
Iter 1000: Best Obj 38728.0000, Loss 24843.6855, Term1 48756.3398, Term2 -23912.6543
Total Time: 150.18s, FPS: 6.7
tensor([1., 1., 1., 1., 1., 1., 1., 1., 1., 1., 1., 1., 1., 1., 1., 1., 1., 1.,
        1., 1., 1., 1., 1., 1., 1., 1., 1., 1., 1., 1., 1., 1., 1., 1., 1., 1.,
        1., 1., 1., 1., 1., 1., 1., 1., 1., 1., 1., 1., 1., 1., 1., 1., 1., 1.,
        1., 1., 1., 1., 1., 1., 1., 1., 1., 1., 1., 1., 1., 1., 1., 1., 1., 1.,
        1., 1., 1., 1., 1., 1., 1., 1., 1., 1., 1., 1., 1., 1., 1., 1., 1., 1.,
        1., 1., 1., 1., 1., 1., 1., 1., 1., 1., 1., 1., 1., 1., 1., 1., 1., 1.,
        1., 1., 1., 1., 1., 1., 1., 1., 1., 1., 1., 1., 1., 1., 1., 1., 1.],
       device='cuda:0')
tensor([1., 1., 1., 1., 1., 1., 1., 1., 1., 1., 1., 1., 1., 1., 1., 1., 1., 1.,
        1., 1., 1., 1., 1., 1., 1., 1., 1., 1., 1., 1., 1., 1., 1., 1., 1., 1.,
        1., 1., 1., 1., 1., 1., 1., 1., 1., 1., 1., 1., 1., 1., 1., 1., 1., 1.,
        1., 1., 1., 1., 1., 1., 1., 1., 1., 1., 1., 1., 1., 1., 1., 1., 1., 1.,
        1., 1., 1., 1., 1., 1., 1., 1., 1., 1., 1., 1., 1., 1., 1., 1., 1., 1.,
        1., 1., 1., 1., 1., 1., 1., 1., 1., 1., 1., 1., 1., 1., 1., 1., 1., 1.,
        1., 1., 1., 1., 1., 1., 1., 1., 1., 1., 1., 1., 1., 1., 1., 1., 1.],
       device='cuda:0')
Solution is a valid permutation matrix.
0 0
[  1   2   3   4   5   6   7   8   9  10  11  12  13  14  15  16  17  18
  19  20  21  22  23  24  25  26  27  28  29  30  31  32  33  34  35  36
  37  38  39  40  41  42  43  44  45  46  47  48  49  50  51  52  53  54
  55  56  57  58  59  60  61  62  63  64  65  66  67  68  69  70  71  72
  73  74  75  76  77  78  79  80  81  82  83  84  85  86  87  88  89  90
  91  92  93  94  95  96  97  98  99 100 101 102 103 104 105 106 107 108
 109 110 111 112 113 114 115 116 117 118 119 120 121 122 123 124 125]
5000
Starting Optimization [N=125, Batch=5000, Device=cuda]
Iter 100: Best Obj 99220.0000, Loss 158762.0000, Term1 230709.3281, Term2 -71947.3203
Iter 200: Best Obj 90976.0000, Loss 84415.9375, Term1 158027.4062, Term2 -73611.4688
Iter 300: Best Obj 81688.0000, Loss 60003.7578, Term1 135858.1875, Term2 -75854.4297
Iter 400: Best Obj 66792.0000, Loss 49346.7734, Term1 125497.9922, Term2 -76151.2188
Iter 500: Best Obj 55928.0000, Loss 42393.5312, Term1 114304.8125, Term2 -71911.2812
Iter 600: Best Obj 44328.0000, Loss 32180.6523, Term1 91605.4219, Term2 -59424.7695
Iter 700: Best Obj 40828.0000, Loss 22861.8203, Term1 69403.2578, Term2 -46541.4375
Iter 800: Best Obj 38260.0000, Loss 19485.6016, Term1 58638.7812, Term2 -39153.1797
Iter 900: Best Obj 37708.0000, Loss 18652.5391, Term1 54665.8516, Term2 -36013.3125
Iter 1000: Best Obj 37602.0000, Loss 18378.8711, Term1 53222.3242, Term2 -34843.4531
Total Time: 150.03s, FPS: 6.7
tensor([1., 1., 1., 1., 1., 1., 1., 1., 1., 1., 1., 1., 1., 1., 1., 1., 1., 1.,
        1., 1., 1., 1., 1., 1., 1., 1., 1., 1., 1., 1., 1., 1., 1., 1., 1., 1.,
        1., 1., 1., 1., 1., 1., 1., 1., 1., 1., 1., 1., 1., 1., 1., 1., 1., 1.,
        1., 1., 1., 1., 1., 1., 1., 1., 1., 1., 1., 1., 1., 1., 1., 1., 1., 1.,
        1., 1., 1., 1., 1., 1., 1., 1., 1., 1., 1., 1., 1., 1., 1., 1., 1., 1.,
        1., 1., 1., 1., 1., 1., 1., 1., 1., 1., 1., 1., 1., 1., 1., 1., 1., 1.,
        1., 1., 1., 1., 1., 1., 1., 1., 1., 1., 1., 1., 1., 1., 1., 1., 1.],
       device='cuda:0')
tensor([1., 1., 1., 1., 1., 1., 1., 1., 1., 1., 1., 1., 1., 1., 1., 1., 1., 1.,
        1., 1., 1., 1., 1., 1., 1., 1., 1., 1., 1., 1., 1., 1., 1., 1., 1., 1.,
        1., 1., 1., 1., 1., 1., 1., 1., 1., 1., 1., 1., 1., 1., 1., 1., 1., 1.,
        1., 1., 1., 1., 1., 1., 1., 1., 1., 1., 1., 1., 1., 1., 1., 1., 1., 1.,
        1., 1., 1., 1., 1., 1., 1., 1., 1., 1., 1., 1., 1., 1., 1., 1., 1., 1.,
        1., 1., 1., 1., 1., 1., 1., 1., 1., 1., 1., 1., 1., 1., 1., 1., 1., 1.,
        1., 1., 1., 1., 1., 1., 1., 1., 1., 1., 1., 1., 1., 1., 1., 1., 1.],
       device='cuda:0')
Solution is a valid permutation matrix.
0 0
[  1   2   3   4   5   6   7   8   9  10  11  12  13  14  15  16  17  18
  19  20  21  22  23  24  25  26  27  28  29  30  31  32  33  34  35  36
  37  38  39  40  41  42  43  44  45  46  47  48  49  50  51  52  53  54
  55  56  57  58  59  60  61  62  63  64  65  66  67  68  69  70  71  72
  73  74  75  76  77  78  79  80  81  82  83  84  85  86  87  88  89  90
  91  92  93  94  95  96  97  98  99 100 101 102 103 104 105 106 107 108
 109 110 111 112 113 114 115 116 117 118 119 120 121 122 123 124 125]
5000
Starting Optimization [N=125, Batch=5000, Device=cuda]
Iter 100: Best Obj 86802.0000, Loss 181477.4375, Term1 205117.0781, Term2 -23639.6445
Iter 200: Best Obj 83324.0000, Loss 118696.8438, Term1 142393.6719, Term2 -23696.8242
Iter 300: Best Obj 66358.0000, Loss 98912.2500, Term1 122856.5312, Term2 -23944.2793
Iter 400: Best Obj 55306.0000, Loss 84371.6875, Term1 107415.3516, Term2 -23043.6602
Iter 500: Best Obj 43492.0000, Loss 61426.0625, Term1 77986.4531, Term2 -16560.3906
Iter 600: Best Obj 37702.0000, Loss 45050.4258, Term1 55105.0273, Term2 -10054.6006
Iter 700: Best Obj 35298.0000, Loss 38804.4766, Term1 46415.6836, Term2 -7611.2051
Iter 800: Best Obj 34768.0000, Loss 36419.8984, Term1 43277.2695, Term2 -6857.3730
Iter 900: Best Obj 34298.0000, Loss 35225.9180, Term1 41758.7227, Term2 -6532.8057
Iter 1000: Best Obj 34114.0000, Loss 34493.2539, Term1 40817.4414, Term2 -6324.1865
Total Time: 150.04s, FPS: 6.7
tensor([1., 1., 1., 1., 1., 1., 1., 1., 1., 1., 1., 1., 1., 1., 1., 1., 1., 1.,
        1., 1., 1., 1., 1., 1., 1., 1., 1., 1., 1., 1., 1., 1., 1., 1., 1., 1.,
        1., 1., 1., 1., 1., 1., 1., 1., 1., 1., 1., 1., 1., 1., 1., 1., 1., 1.,
        1., 1., 1., 1., 1., 1., 1., 1., 1., 1., 1., 1., 1., 1., 1., 1., 1., 1.,
        1., 1., 1., 1., 1., 1., 1., 1., 1., 1., 1., 1., 1., 1., 1., 1., 1., 1.,
        1., 1., 1., 1., 1., 1., 1., 1., 1., 1., 1., 1., 1., 1., 1., 1., 1., 1.,
        1., 1., 1., 1., 1., 1., 1., 1., 1., 1., 1., 1., 1., 1., 1., 1., 1.],
       device='cuda:0')
tensor([1., 1., 1., 1., 1., 1., 1., 1., 1., 1., 1., 1., 1., 1., 1., 1., 1., 1.,
        1., 1., 1., 1., 1., 1., 1., 1., 1., 1., 1., 1., 1., 1., 1., 1., 1., 1.,
        1., 1., 1., 1., 1., 1., 1., 1., 1., 1., 1., 1., 1., 1., 1., 1., 1., 1.,
        1., 1., 1., 1., 1., 1., 1., 1., 1., 1., 1., 1., 1., 1., 1., 1., 1., 1.,
        1., 1., 1., 1., 1., 1., 1., 1., 1., 1., 1., 1., 1., 1., 1., 1., 1., 1.,
        1., 1., 1., 1., 1., 1., 1., 1., 1., 1., 1., 1., 1., 1., 1., 1., 1., 1.,
        1., 1., 1., 1., 1., 1., 1., 1., 1., 1., 1., 1., 1., 1., 1., 1., 1.],
       device='cuda:0')
Solution is a valid permutation matrix.
0 0
[  1   2   3   4   5   6   7   8   9  10  11  12  13  14  15  16  17  18
  19  20  21  22  23  24  25  26  27  28  29  30  31  32  33  34  35  36
  37  38  39  40  41  42  43  44  45  46  47  48  49  50  51  52  53  54
  55  56  57  58  59  60  61  62  63  64  65  66  67  68  69  70  71  72
  73  74  75  76  77  78  79  80  81  82  83  84  85  86  87  88  89  90
  91  92  93  94  95  96  97  98  99 100 101 102 103 104 105 106 107 108
 109 110 111 112 113 114 115 116 117 118 119 120 121 122 123 124 125]
5000
Starting Optimization [N=125, Batch=5000, Device=cuda]
Iter 100: Best Obj 88494.0000, Loss 169498.0156, Term1 205136.6406, Term2 -35638.6250
Iter 200: Best Obj 81588.0000, Loss 106377.1406, Term1 142375.0156, Term2 -35997.8711
Iter 300: Best Obj 67416.0000, Loss 86141.2812, Term1 122866.9531, Term2 -36725.6719
Iter 400: Best Obj 55258.0000, Loss 72670.6719, Term1 108230.2031, Term2 -35559.5273
Iter 500: Best Obj 41872.0000, Loss 54270.9297, Term1 80999.3359, Term2 -26728.4043
Iter 600: Best Obj 33930.0000, Loss 39823.4766, Term1 57336.3594, Term2 -17512.8809
Iter 700: Best Obj 32848.0000, Loss 33488.2148, Term1 46987.1641, Term2 -13498.9492
Iter 800: Best Obj 32704.0000, Loss 31071.4395, Term1 43150.2031, Term2 -12078.7637
Iter 900: Best Obj 32494.0000, Loss 29976.9121, Term1 41408.3320, Term2 -11431.4199
Iter 1000: Best Obj 32478.0000, Loss 29356.9336, Term1 40405.0586, Term2 -11048.1240
Total Time: 150.18s, FPS: 6.7
tensor([1., 1., 1., 1., 1., 1., 1., 1., 1., 1., 1., 1., 1., 1., 1., 1., 1., 1.,
        1., 1., 1., 1., 1., 1., 1., 1., 1., 1., 1., 1., 1., 1., 1., 1., 1., 1.,
        1., 1., 1., 1., 1., 1., 1., 1., 1., 1., 1., 1., 1., 1., 1., 1., 1., 1.,
        1., 1., 1., 1., 1., 1., 1., 1., 1., 1., 1., 1., 1., 1., 1., 1., 1., 1.,
        1., 1., 1., 1., 1., 1., 1., 1., 1., 1., 1., 1., 1., 1., 1., 1., 1., 1.,
        1., 1., 1., 1., 1., 1., 1., 1., 1., 1., 1., 1., 1., 1., 1., 1., 1., 1.,
        1., 1., 1., 1., 1., 1., 1., 1., 1., 1., 1., 1., 1., 1., 1., 1., 1.],
       device='cuda:0')
tensor([1., 1., 1., 1., 1., 1., 1., 1., 1., 1., 1., 1., 1., 1., 1., 1., 1., 1.,
        1., 1., 1., 1., 1., 1., 1., 1., 1., 1., 1., 1., 1., 1., 1., 1., 1., 1.,
        1., 1., 1., 1., 1., 1., 1., 1., 1., 1., 1., 1., 1., 1., 1., 1., 1., 1.,
        1., 1., 1., 1., 1., 1., 1., 1., 1., 1., 1., 1., 1., 1., 1., 1., 1., 1.,
        1., 1., 1., 1., 1., 1., 1., 1., 1., 1., 1., 1., 1., 1., 1., 1., 1., 1.,
        1., 1., 1., 1., 1., 1., 1., 1., 1., 1., 1., 1., 1., 1., 1., 1., 1., 1.,
        1., 1., 1., 1., 1., 1., 1., 1., 1., 1., 1., 1., 1., 1., 1., 1., 1.],
       device='cuda:0')
Solution is a valid permutation matrix.
0 0
[  1   2   3   4   5   6   7   8   9  10  11  12  13  14  15  16  17  18
  19  20  21  22  23  24  25  26  27  28  29  30  31  32  33  34  35  36
  37  38  39  40  41  42  43  44  45  46  47  48  49  50  51  52  53  54
  55  56  57  58  59  60  61  62  63  64  65  66  67  68  69  70  71  72
  73  74  75  76  77  78  79  80  81  82  83  84  85  86  87  88  89  90
  91  92  93  94  95  96  97  98  99 100 101 102 103 104 105 106 107 108
 109 110 111 112 113 114 115 116 117 118 119 120 121 122 123 124 125]
5000
Starting Optimization [N=125, Batch=5000, Device=cuda]
Iter 100: Best Obj 89830.0000, Loss 157455.5156, Term1 205177.4531, Term2 -47721.9336
Iter 200: Best Obj 83254.0000, Loss 93819.4844, Term1 142325.0000, Term2 -48505.5195
Iter 300: Best Obj 73712.0000, Loss 73061.8438, Term1 122815.7734, Term2 -49753.9336
Iter 400: Best Obj 58370.0000, Loss 60998.7344, Term1 109576.8984, Term2 -48578.1641
Iter 500: Best Obj 42538.0000, Loss 46738.2695, Term1 85878.7891, Term2 -39140.5195
Iter 600: Best Obj 33678.0000, Loss 33826.5000, Term1 61571.9961, Term2 -27745.4961
Iter 700: Best Obj 32818.0000, Loss 27566.8926, Term1 49184.8164, Term2 -21617.9238
Iter 800: Best Obj 32288.0000, Loss 25304.2461, Term1 44245.3789, Term2 -18941.1328
Iter 900: Best Obj 32170.0000, Loss 24418.7363, Term1 42219.6484, Term2 -17800.9121
Iter 1000: Best Obj 32124.0000, Loss 23946.6855, Term1 41163.6992, Term2 -17217.0137
Total Time: 149.92s, FPS: 6.7
tensor([1., 1., 1., 1., 1., 1., 1., 1., 1., 1., 1., 1., 1., 1., 1., 1., 1., 1.,
        1., 1., 1., 1., 1., 1., 1., 1., 1., 1., 1., 1., 1., 1., 1., 1., 1., 1.,
        1., 1., 1., 1., 1., 1., 1., 1., 1., 1., 1., 1., 1., 1., 1., 1., 1., 1.,
        1., 1., 1., 1., 1., 1., 1., 1., 1., 1., 1., 1., 1., 1., 1., 1., 1., 1.,
        1., 1., 1., 1., 1., 1., 1., 1., 1., 1., 1., 1., 1., 1., 1., 1., 1., 1.,
        1., 1., 1., 1., 1., 1., 1., 1., 1., 1., 1., 1., 1., 1., 1., 1., 1., 1.,
        1., 1., 1., 1., 1., 1., 1., 1., 1., 1., 1., 1., 1., 1., 1., 1., 1.],
       device='cuda:0')
tensor([1., 1., 1., 1., 1., 1., 1., 1., 1., 1., 1., 1., 1., 1., 1., 1., 1., 1.,
        1., 1., 1., 1., 1., 1., 1., 1., 1., 1., 1., 1., 1., 1., 1., 1., 1., 1.,
        1., 1., 1., 1., 1., 1., 1., 1., 1., 1., 1., 1., 1., 1., 1., 1., 1., 1.,
        1., 1., 1., 1., 1., 1., 1., 1., 1., 1., 1., 1., 1., 1., 1., 1., 1., 1.,
        1., 1., 1., 1., 1., 1., 1., 1., 1., 1., 1., 1., 1., 1., 1., 1., 1., 1.,
        1., 1., 1., 1., 1., 1., 1., 1., 1., 1., 1., 1., 1., 1., 1., 1., 1., 1.,
        1., 1., 1., 1., 1., 1., 1., 1., 1., 1., 1., 1., 1., 1., 1., 1., 1.],
       device='cuda:0')
Solution is a valid permutation matrix.
0 0
[  1   2   3   4   5   6   7   8   9  10  11  12  13  14  15  16  17  18
  19  20  21  22  23  24  25  26  27  28  29  30  31  32  33  34  35  36
  37  38  39  40  41  42  43  44  45  46  47  48  49  50  51  52  53  54
  55  56  57  58  59  60  61  62  63  64  65  66  67  68  69  70  71  72
  73  74  75  76  77  78  79  80  81  82  83  84  85  86  87  88  89  90
  91  92  93  94  95  96  97  98  99 100 101 102 103 104 105 106 107 108
 109 110 111 112 113 114 115 116 117 118 119 120 121 122 123 124 125]
5000
Starting Optimization [N=125, Batch=5000, Device=cuda]
Iter 100: Best Obj 89572.0000, Loss 145307.6094, Term1 205190.4688, Term2 -59882.8633
Iter 200: Best Obj 83648.0000, Loss 81058.0312, Term1 142244.4688, Term2 -61186.4336
Iter 300: Best Obj 74558.0000, Loss 59844.0469, Term1 122745.7188, Term2 -62901.6719
Iter 400: Best Obj 59902.0000, Loss 49173.0312, Term1 111136.3359, Term2 -61963.3047
Iter 500: Best Obj 44818.0000, Loss 38502.6172, Term1 92142.0312, Term2 -53639.4141
Iter 600: Best Obj 36850.0000, Loss 27088.3438, Term1 68240.4453, Term2 -41152.1016
Iter 700: Best Obj 33402.0000, Loss 21067.1914, Term1 54066.4648, Term2 -32999.2734
Iter 800: Best Obj 32732.0000, Loss 18952.2773, Term1 47513.5078, Term2 -28561.2305
Iter 900: Best Obj 32218.0000, Loss 18260.8516, Term1 45053.1367, Term2 -26792.2852
Iter 1000: Best Obj 32208.0000, Loss 17884.7188, Term1 43839.3086, Term2 -25954.5898
Total Time: 150.20s, FPS: 6.7
tensor([1., 1., 1., 1., 1., 1., 1., 1., 1., 1., 1., 1., 1., 1., 1., 1., 1., 1.,
        1., 1., 1., 1., 1., 1., 1., 1., 1., 1., 1., 1., 1., 1., 1., 1., 1., 1.,
        1., 1., 1., 1., 1., 1., 1., 1., 1., 1., 1., 1., 1., 1., 1., 1., 1., 1.,
        1., 1., 1., 1., 1., 1., 1., 1., 1., 1., 1., 1., 1., 1., 1., 1., 1., 1.,
        1., 1., 1., 1., 1., 1., 1., 1., 1., 1., 1., 1., 1., 1., 1., 1., 1., 1.,
        1., 1., 1., 1., 1., 1., 1., 1., 1., 1., 1., 1., 1., 1., 1., 1., 1., 1.,
        1., 1., 1., 1., 1., 1., 1., 1., 1., 1., 1., 1., 1., 1., 1., 1., 1.],
       device='cuda:0')
tensor([1., 1., 1., 1., 1., 1., 1., 1., 1., 1., 1., 1., 1., 1., 1., 1., 1., 1.,
        1., 1., 1., 1., 1., 1., 1., 1., 1., 1., 1., 1., 1., 1., 1., 1., 1., 1.,
        1., 1., 1., 1., 1., 1., 1., 1., 1., 1., 1., 1., 1., 1., 1., 1., 1., 1.,
        1., 1., 1., 1., 1., 1., 1., 1., 1., 1., 1., 1., 1., 1., 1., 1., 1., 1.,
        1., 1., 1., 1., 1., 1., 1., 1., 1., 1., 1., 1., 1., 1., 1., 1., 1., 1.,
        1., 1., 1., 1., 1., 1., 1., 1., 1., 1., 1., 1., 1., 1., 1., 1., 1., 1.,
        1., 1., 1., 1., 1., 1., 1., 1., 1., 1., 1., 1., 1., 1., 1., 1., 1.],
       device='cuda:0')
Solution is a valid permutation matrix.
0 0
[  1   2   3   4   5   6   7   8   9  10  11  12  13  14  15  16  17  18
  19  20  21  22  23  24  25  26  27  28  29  30  31  32  33  34  35  36
  37  38  39  40  41  42  43  44  45  46  47  48  49  50  51  52  53  54
  55  56  57  58  59  60  61  62  63  64  65  66  67  68  69  70  71  72
  73  74  75  76  77  78  79  80  81  82  83  84  85  86  87  88  89  90
  91  92  93  94  95  96  97  98  99 100 101 102 103 104 105 106 107 108
 109 110 111 112 113 114 115 116 117 118 119 120 121 122 123 124 125]
5000
Starting Optimization [N=125, Batch=5000, Device=cuda]
Iter 100: Best Obj 90610.0000, Loss 133128.5469, Term1 205242.8125, Term2 -72114.2656
Iter 200: Best Obj 84982.0000, Loss 68140.4219, Term1 142145.9688, Term2 -74005.5469
Iter 300: Best Obj 77048.0000, Loss 46594.5000, Term1 122676.7812, Term2 -76082.2812
Iter 400: Best Obj 60076.0000, Loss 37062.8359, Term1 112515.2812, Term2 -75452.4453
Iter 500: Best Obj 45570.0000, Loss 29301.3594, Term1 98522.4609, Term2 -69221.1016
Iter 600: Best Obj 37120.0000, Loss 19660.6758, Term1 76777.8359, Term2 -57117.1602
Iter 700: Best Obj 34488.0000, Loss 13732.7734, Term1 61496.4180, Term2 -47763.6445
Iter 800: Best Obj 32450.0000, Loss 11718.7500, Term1 53731.7031, Term2 -42012.9531
Iter 900: Best Obj 32012.0000, Loss 11160.3594, Term1 50623.6758, Term2 -39463.3164
Iter 1000: Best Obj 32012.0000, Loss 10889.6562, Term1 49156.5469, Term2 -38266.8906
Total Time: 149.94s, FPS: 6.7
tensor([1., 1., 1., 1., 1., 1., 1., 1., 1., 1., 1., 1., 1., 1., 1., 1., 1., 1.,
        1., 1., 1., 1., 1., 1., 1., 1., 1., 1., 1., 1., 1., 1., 1., 1., 1., 1.,
        1., 1., 1., 1., 1., 1., 1., 1., 1., 1., 1., 1., 1., 1., 1., 1., 1., 1.,
        1., 1., 1., 1., 1., 1., 1., 1., 1., 1., 1., 1., 1., 1., 1., 1., 1., 1.,
        1., 1., 1., 1., 1., 1., 1., 1., 1., 1., 1., 1., 1., 1., 1., 1., 1., 1.,
        1., 1., 1., 1., 1., 1., 1., 1., 1., 1., 1., 1., 1., 1., 1., 1., 1., 1.,
        1., 1., 1., 1., 1., 1., 1., 1., 1., 1., 1., 1., 1., 1., 1., 1., 1.],
       device='cuda:0')
tensor([1., 1., 1., 1., 1., 1., 1., 1., 1., 1., 1., 1., 1., 1., 1., 1., 1., 1.,
        1., 1., 1., 1., 1., 1., 1., 1., 1., 1., 1., 1., 1., 1., 1., 1., 1., 1.,
        1., 1., 1., 1., 1., 1., 1., 1., 1., 1., 1., 1., 1., 1., 1., 1., 1., 1.,
        1., 1., 1., 1., 1., 1., 1., 1., 1., 1., 1., 1., 1., 1., 1., 1., 1., 1.,
        1., 1., 1., 1., 1., 1., 1., 1., 1., 1., 1., 1., 1., 1., 1., 1., 1., 1.,
        1., 1., 1., 1., 1., 1., 1., 1., 1., 1., 1., 1., 1., 1., 1., 1., 1., 1.,
        1., 1., 1., 1., 1., 1., 1., 1., 1., 1., 1., 1., 1., 1., 1., 1., 1.],
       device='cuda:0')
Solution is a valid permutation matrix.
0 0
[  1   2   3   4   5   6   7   8   9  10  11  12  13  14  15  16  17  18
  19  20  21  22  23  24  25  26  27  28  29  30  31  32  33  34  35  36
  37  38  39  40  41  42  43  44  45  46  47  48  49  50  51  52  53  54
  55  56  57  58  59  60  61  62  63  64  65  66  67  68  69  70  71  72
  73  74  75  76  77  78  79  80  81  82  83  84  85  86  87  88  89  90
  91  92  93  94  95  96  97  98  99 100 101 102 103 104 105 106 107 108
 109 110 111 112 113 114 115 116 117 118 119 120 121 122 123 124 125]
5000
Starting Optimization [N=125, Batch=5000, Device=cuda]
Iter 100: Best Obj 88200.0000, Loss 195024.0156, Term1 218654.7344, Term2 -23630.7207
Iter 200: Best Obj 84316.0000, Loss 126064.4297, Term1 149735.5781, Term2 -23671.1504
Iter 300: Best Obj 79604.0000, Loss 104865.6094, Term1 128804.1953, Term2 -23938.5898
Iter 400: Best Obj 63780.0000, Loss 91473.8203, Term1 114998.8906, Term2 -23525.0723
Iter 500: Best Obj 47378.0000, Loss 69499.1094, Term1 87642.8359, Term2 -18143.7227
Iter 600: Best Obj 40070.0000, Loss 49680.5195, Term1 60615.9570, Term2 -10935.4385
Iter 700: Best Obj 36760.0000, Loss 41896.4766, Term1 49778.1367, Term2 -7881.6582
Iter 800: Best Obj 36376.0000, Loss 39080.3359, Term1 46027.4844, Term2 -6947.1475
Iter 900: Best Obj 36376.0000, Loss 37825.7422, Term1 44408.5117, Term2 -6582.7686
Iter 1000: Best Obj 36376.0000, Loss 37099.6758, Term1 43466.8242, Term2 -6367.1484
Total Time: 150.12s, FPS: 6.7
tensor([1., 1., 1., 1., 1., 1., 1., 1., 1., 1., 1., 1., 1., 1., 1., 1., 1., 1.,
        1., 1., 1., 1., 1., 1., 1., 1., 1., 1., 1., 1., 1., 1., 1., 1., 1., 1.,
        1., 1., 1., 1., 1., 1., 1., 1., 1., 1., 1., 1., 1., 1., 1., 1., 1., 1.,
        1., 1., 1., 1., 1., 1., 1., 1., 1., 1., 1., 1., 1., 1., 1., 1., 1., 1.,
        1., 1., 1., 1., 1., 1., 1., 1., 1., 1., 1., 1., 1., 1., 1., 1., 1., 1.,
        1., 1., 1., 1., 1., 1., 1., 1., 1., 1., 1., 1., 1., 1., 1., 1., 1., 1.,
        1., 1., 1., 1., 1., 1., 1., 1., 1., 1., 1., 1., 1., 1., 1., 1., 1.],
       device='cuda:0')
tensor([1., 1., 1., 1., 1., 1., 1., 1., 1., 1., 1., 1., 1., 1., 1., 1., 1., 1.,
        1., 1., 1., 1., 1., 1., 1., 1., 1., 1., 1., 1., 1., 1., 1., 1., 1., 1.,
        1., 1., 1., 1., 1., 1., 1., 1., 1., 1., 1., 1., 1., 1., 1., 1., 1., 1.,
        1., 1., 1., 1., 1., 1., 1., 1., 1., 1., 1., 1., 1., 1., 1., 1., 1., 1.,
        1., 1., 1., 1., 1., 1., 1., 1., 1., 1., 1., 1., 1., 1., 1., 1., 1., 1.,
        1., 1., 1., 1., 1., 1., 1., 1., 1., 1., 1., 1., 1., 1., 1., 1., 1., 1.,
        1., 1., 1., 1., 1., 1., 1., 1., 1., 1., 1., 1., 1., 1., 1., 1., 1.],
       device='cuda:0')
Solution is a valid permutation matrix.
0 0
[  1   2   3   4   5   6   7   8   9  10  11  12  13  14  15  16  17  18
  19  20  21  22  23  24  25  26  27  28  29  30  31  32  33  34  35  36
  37  38  39  40  41  42  43  44  45  46  47  48  49  50  51  52  53  54
  55  56  57  58  59  60  61  62  63  64  65  66  67  68  69  70  71  72
  73  74  75  76  77  78  79  80  81  82  83  84  85  86  87  88  89  90
  91  92  93  94  95  96  97  98  99 100 101 102 103 104 105 106 107 108
 109 110 111 112 113 114 115 116 117 118 119 120 121 122 123 124 125]
5000
Starting Optimization [N=125, Batch=5000, Device=cuda]
Iter 100: Best Obj 89958.0000, Loss 183082.0625, Term1 218696.7656, Term2 -35614.6953
Iter 200: Best Obj 89890.0000, Loss 113781.9219, Term1 149711.0312, Term2 -35929.1133
Iter 300: Best Obj 79926.0000, Loss 92078.5547, Term1 128755.5625, Term2 -36677.0078
Iter 400: Best Obj 63066.0000, Loss 79247.7031, Term1 115507.4844, Term2 -36259.7773
Iter 500: Best Obj 45030.0000, Loss 61530.6016, Term1 90334.4297, Term2 -28803.8281
Iter 600: Best Obj 37858.0000, Loss 44395.3438, Term1 63167.8242, Term2 -18772.4824
Iter 700: Best Obj 36374.0000, Loss 36715.8477, Term1 50728.8359, Term2 -14012.9883
Iter 800: Best Obj 35818.0000, Loss 33833.2383, Term1 46121.9102, Term2 -12288.6729
Iter 900: Best Obj 35656.0000, Loss 32674.2129, Term1 44226.1875, Term2 -11551.9746
Iter 1000: Best Obj 35656.0000, Loss 32049.9688, Term1 43184.1367, Term2 -11134.1689
Total Time: 150.16s, FPS: 6.7
tensor([1., 1., 1., 1., 1., 1., 1., 1., 1., 1., 1., 1., 1., 1., 1., 1., 1., 1.,
        1., 1., 1., 1., 1., 1., 1., 1., 1., 1., 1., 1., 1., 1., 1., 1., 1., 1.,
        1., 1., 1., 1., 1., 1., 1., 1., 1., 1., 1., 1., 1., 1., 1., 1., 1., 1.,
        1., 1., 1., 1., 1., 1., 1., 1., 1., 1., 1., 1., 1., 1., 1., 1., 1., 1.,
        1., 1., 1., 1., 1., 1., 1., 1., 1., 1., 1., 1., 1., 1., 1., 1., 1., 1.,
        1., 1., 1., 1., 1., 1., 1., 1., 1., 1., 1., 1., 1., 1., 1., 1., 1., 1.,
        1., 1., 1., 1., 1., 1., 1., 1., 1., 1., 1., 1., 1., 1., 1., 1., 1.],
       device='cuda:0')
tensor([1., 1., 1., 1., 1., 1., 1., 1., 1., 1., 1., 1., 1., 1., 1., 1., 1., 1.,
        1., 1., 1., 1., 1., 1., 1., 1., 1., 1., 1., 1., 1., 1., 1., 1., 1., 1.,
        1., 1., 1., 1., 1., 1., 1., 1., 1., 1., 1., 1., 1., 1., 1., 1., 1., 1.,
        1., 1., 1., 1., 1., 1., 1., 1., 1., 1., 1., 1., 1., 1., 1., 1., 1., 1.,
        1., 1., 1., 1., 1., 1., 1., 1., 1., 1., 1., 1., 1., 1., 1., 1., 1., 1.,
        1., 1., 1., 1., 1., 1., 1., 1., 1., 1., 1., 1., 1., 1., 1., 1., 1., 1.,
        1., 1., 1., 1., 1., 1., 1., 1., 1., 1., 1., 1., 1., 1., 1., 1., 1.],
       device='cuda:0')
Solution is a valid permutation matrix.
0 0
[  1   2   3   4   5   6   7   8   9  10  11  12  13  14  15  16  17  18
  19  20  21  22  23  24  25  26  27  28  29  30  31  32  33  34  35  36
  37  38  39  40  41  42  43  44  45  46  47  48  49  50  51  52  53  54
  55  56  57  58  59  60  61  62  63  64  65  66  67  68  69  70  71  72
  73  74  75  76  77  78  79  80  81  82  83  84  85  86  87  88  89  90
  91  92  93  94  95  96  97  98  99 100 101 102 103 104 105 106 107 108
 109 110 111 112 113 114 115 116 117 118 119 120 121 122 123 124 125]
5000
Starting Optimization [N=125, Batch=5000, Device=cuda]
Iter 100: Best Obj 91286.0000, Loss 171084.1406, Term1 218759.6719, Term2 -47675.5312
Iter 200: Best Obj 88172.0000, Loss 101276.0156, Term1 149655.6562, Term2 -48379.6406
Iter 300: Best Obj 81850.0000, Loss 78968.9219, Term1 128639.8516, Term2 -49670.9258
Iter 400: Best Obj 66550.0000, Loss 67036.5156, Term1 116399.3906, Term2 -49362.8711
Iter 500: Best Obj 43478.0000, Loss 53386.1367, Term1 94820.9219, Term2 -41434.7852
Iter 600: Best Obj 38884.0000, Loss 38311.5000, Term1 67653.4844, Term2 -29341.9824
Iter 700: Best Obj 36628.0000, Loss 30724.0020, Term1 53322.3008, Term2 -22598.2988
Iter 800: Best Obj 35896.0000, Loss 27936.5215, Term1 47453.2578, Term2 -19516.7363
Iter 900: Best Obj 35688.0000, Loss 26993.3359, Term1 45181.4141, Term2 -18188.0781
Iter 1000: Best Obj 35688.0000, Loss 26526.3535, Term1 44075.0625, Term2 -17548.7090
Total Time: 149.95s, FPS: 6.7
tensor([1., 1., 1., 1., 1., 1., 1., 1., 1., 1., 1., 1., 1., 1., 1., 1., 1., 1.,
        1., 1., 1., 1., 1., 1., 1., 1., 1., 1., 1., 1., 1., 1., 1., 1., 1., 1.,
        1., 1., 1., 1., 1., 1., 1., 1., 1., 1., 1., 1., 1., 1., 1., 1., 1., 1.,
        1., 1., 1., 1., 1., 1., 1., 1., 1., 1., 1., 1., 1., 1., 1., 1., 1., 1.,
        1., 1., 1., 1., 1., 1., 1., 1., 1., 1., 1., 1., 1., 1., 1., 1., 1., 1.,
        1., 1., 1., 1., 1., 1., 1., 1., 1., 1., 1., 1., 1., 1., 1., 1., 1., 1.,
        1., 1., 1., 1., 1., 1., 1., 1., 1., 1., 1., 1., 1., 1., 1., 1., 1.],
       device='cuda:0')
tensor([1., 1., 1., 1., 1., 1., 1., 1., 1., 1., 1., 1., 1., 1., 1., 1., 1., 1.,
        1., 1., 1., 1., 1., 1., 1., 1., 1., 1., 1., 1., 1., 1., 1., 1., 1., 1.,
        1., 1., 1., 1., 1., 1., 1., 1., 1., 1., 1., 1., 1., 1., 1., 1., 1., 1.,
        1., 1., 1., 1., 1., 1., 1., 1., 1., 1., 1., 1., 1., 1., 1., 1., 1., 1.,
        1., 1., 1., 1., 1., 1., 1., 1., 1., 1., 1., 1., 1., 1., 1., 1., 1., 1.,
        1., 1., 1., 1., 1., 1., 1., 1., 1., 1., 1., 1., 1., 1., 1., 1., 1., 1.,
        1., 1., 1., 1., 1., 1., 1., 1., 1., 1., 1., 1., 1., 1., 1., 1., 1.],
       device='cuda:0')
Solution is a valid permutation matrix.
0 0
[  1   2   3   4   5   6   7   8   9  10  11  12  13  14  15  16  17  18
  19  20  21  22  23  24  25  26  27  28  29  30  31  32  33  34  35  36
  37  38  39  40  41  42  43  44  45  46  47  48  49  50  51  52  53  54
  55  56  57  58  59  60  61  62  63  64  65  66  67  68  69  70  71  72
  73  74  75  76  77  78  79  80  81  82  83  84  85  86  87  88  89  90
  91  92  93  94  95  96  97  98  99 100 101 102 103 104 105 106 107 108
 109 110 111 112 113 114 115 116 117 118 119 120 121 122 123 124 125]
5000
Starting Optimization [N=125, Batch=5000, Device=cuda]
Iter 100: Best Obj 91762.0000, Loss 158969.0469, Term1 218779.7656, Term2 -59810.7148
Iter 200: Best Obj 91560.0000, Loss 88571.6562, Term1 149571.3906, Term2 -60999.7344
Iter 300: Best Obj 81212.0000, Loss 65687.0781, Term1 128492.9062, Term2 -62805.8281
Iter 400: Best Obj 66998.0000, Loss 54733.0859, Term1 117445.2500, Term2 -62712.1641
Iter 500: Best Obj 48134.0000, Loss 44643.7422, Term1 100515.0547, Term2 -55871.3125
Iter 600: Best Obj 39246.0000, Loss 31660.0156, Term1 74622.1484, Term2 -42962.1328
Iter 700: Best Obj 37022.0000, Loss 23970.9375, Term1 58252.2070, Term2 -34281.2695
Iter 800: Best Obj 35678.0000, Loss 21313.5938, Term1 50964.8555, Term2 -29651.2617
Iter 900: Best Obj 35262.0000, Loss 20550.4395, Term1 48208.3164, Term2 -27657.8770
Iter 1000: Best Obj 35246.0000, Loss 20218.8691, Term1 47034.4648, Term2 -26815.5957
Total Time: 149.94s, FPS: 6.7
tensor([1., 1., 1., 1., 1., 1., 1., 1., 1., 1., 1., 1., 1., 1., 1., 1., 1., 1.,
        1., 1., 1., 1., 1., 1., 1., 1., 1., 1., 1., 1., 1., 1., 1., 1., 1., 1.,
        1., 1., 1., 1., 1., 1., 1., 1., 1., 1., 1., 1., 1., 1., 1., 1., 1., 1.,
        1., 1., 1., 1., 1., 1., 1., 1., 1., 1., 1., 1., 1., 1., 1., 1., 1., 1.,
        1., 1., 1., 1., 1., 1., 1., 1., 1., 1., 1., 1., 1., 1., 1., 1., 1., 1.,
        1., 1., 1., 1., 1., 1., 1., 1., 1., 1., 1., 1., 1., 1., 1., 1., 1., 1.,
        1., 1., 1., 1., 1., 1., 1., 1., 1., 1., 1., 1., 1., 1., 1., 1., 1.],
       device='cuda:0')
tensor([1., 1., 1., 1., 1., 1., 1., 1., 1., 1., 1., 1., 1., 1., 1., 1., 1., 1.,
        1., 1., 1., 1., 1., 1., 1., 1., 1., 1., 1., 1., 1., 1., 1., 1., 1., 1.,
        1., 1., 1., 1., 1., 1., 1., 1., 1., 1., 1., 1., 1., 1., 1., 1., 1., 1.,
        1., 1., 1., 1., 1., 1., 1., 1., 1., 1., 1., 1., 1., 1., 1., 1., 1., 1.,
        1., 1., 1., 1., 1., 1., 1., 1., 1., 1., 1., 1., 1., 1., 1., 1., 1., 1.,
        1., 1., 1., 1., 1., 1., 1., 1., 1., 1., 1., 1., 1., 1., 1., 1., 1., 1.,
        1., 1., 1., 1., 1., 1., 1., 1., 1., 1., 1., 1., 1., 1., 1., 1., 1.],
       device='cuda:0')
Solution is a valid permutation matrix.
0 0
[  1   2   3   4   5   6   7   8   9  10  11  12  13  14  15  16  17  18
  19  20  21  22  23  24  25  26  27  28  29  30  31  32  33  34  35  36
  37  38  39  40  41  42  43  44  45  46  47  48  49  50  51  52  53  54
  55  56  57  58  59  60  61  62  63  64  65  66  67  68  69  70  71  72
  73  74  75  76  77  78  79  80  81  82  83  84  85  86  87  88  89  90
  91  92  93  94  95  96  97  98  99 100 101 102 103 104 105 106 107 108
 109 110 111 112 113 114 115 116 117 118 119 120 121 122 123 124 125]
5000
Starting Optimization [N=125, Batch=5000, Device=cuda]
Iter 100: Best Obj 93292.0000, Loss 146778.0312, Term1 218790.0000, Term2 -72011.9609
Iter 200: Best Obj 90116.0000, Loss 75705.3828, Term1 149463.2500, Term2 -73757.8672
Iter 300: Best Obj 80984.0000, Loss 52345.6016, Term1 128334.3047, Term2 -75988.7031
Iter 400: Best Obj 69064.0000, Loss 42238.0625, Term1 118340.9062, Term2 -76102.8438
Iter 500: Best Obj 48644.0000, Loss 35035.3281, Term1 106328.7344, Term2 -71293.4062
Iter 600: Best Obj 41728.0000, Loss 24746.2812, Term1 84036.6016, Term2 -59290.3203
Iter 700: Best Obj 37592.0000, Loss 16523.8828, Term1 65244.9102, Term2 -48721.0273
Iter 800: Best Obj 35118.0000, Loss 13900.3555, Term1 57072.6953, Term2 -43172.3398
Iter 900: Best Obj 35118.0000, Loss 13245.1328, Term1 53906.6211, Term2 -40661.4883
Iter 1000: Best Obj 34684.0000, Loss 13035.6094, Term1 52693.0977, Term2 -39657.4883
Total Time: 150.11s, FPS: 6.7
tensor([1., 1., 1., 1., 1., 1., 1., 1., 1., 1., 1., 1., 1., 1., 1., 1., 1., 1.,
        1., 1., 1., 1., 1., 1., 1., 1., 1., 1., 1., 1., 1., 1., 1., 1., 1., 1.,
        1., 1., 1., 1., 1., 1., 1., 1., 1., 1., 1., 1., 1., 1., 1., 1., 1., 1.,
        1., 1., 1., 1., 1., 1., 1., 1., 1., 1., 1., 1., 1., 1., 1., 1., 1., 1.,
        1., 1., 1., 1., 1., 1., 1., 1., 1., 1., 1., 1., 1., 1., 1., 1., 1., 1.,
        1., 1., 1., 1., 1., 1., 1., 1., 1., 1., 1., 1., 1., 1., 1., 1., 1., 1.,
        1., 1., 1., 1., 1., 1., 1., 1., 1., 1., 1., 1., 1., 1., 1., 1., 1.],
       device='cuda:0')
tensor([1., 1., 1., 1., 1., 1., 1., 1., 1., 1., 1., 1., 1., 1., 1., 1., 1., 1.,
        1., 1., 1., 1., 1., 1., 1., 1., 1., 1., 1., 1., 1., 1., 1., 1., 1., 1.,
        1., 1., 1., 1., 1., 1., 1., 1., 1., 1., 1., 1., 1., 1., 1., 1., 1., 1.,
        1., 1., 1., 1., 1., 1., 1., 1., 1., 1., 1., 1., 1., 1., 1., 1., 1., 1.,
        1., 1., 1., 1., 1., 1., 1., 1., 1., 1., 1., 1., 1., 1., 1., 1., 1., 1.,
        1., 1., 1., 1., 1., 1., 1., 1., 1., 1., 1., 1., 1., 1., 1., 1., 1., 1.,
        1., 1., 1., 1., 1., 1., 1., 1., 1., 1., 1., 1., 1., 1., 1., 1., 1.],
       device='cuda:0')
Solution is a valid permutation matrix.
0 0
[  1   2   3   4   5   6   7   8   9  10  11  12  13  14  15  16  17  18
  19  20  21  22  23  24  25  26  27  28  29  30  31  32  33  34  35  36
  37  38  39  40  41  42  43  44  45  46  47  48  49  50  51  52  53  54
  55  56  57  58  59  60  61  62  63  64  65  66  67  68  69  70  71  72
  73  74  75  76  77  78  79  80  81  82  83  84  85  86  87  88  89  90
  91  92  93  94  95  96  97  98  99 100 101 102 103 104 105 106 107 108
 109 110 111 112 113 114 115 116 117 118 119 120 121 122 123 124 125]
5000
Starting Optimization [N=125, Batch=5000, Device=cuda]
Iter 100: Best Obj 101352.0000, Loss 205032.7031, Term1 228646.2500, Term2 -23613.5469
Iter 200: Best Obj 96508.0000, Loss 136070.4531, Term1 159713.2031, Term2 -23642.7500
Iter 300: Best Obj 82858.0000, Loss 114341.7969, Term1 138176.3125, Term2 -23834.5156
Iter 400: Best Obj 63048.0000, Loss 98168.6172, Term1 120990.9844, Term2 -22822.3691
Iter 500: Best Obj 54168.0000, Loss 71962.4609, Term1 88198.7422, Term2 -16236.2793
Iter 600: Best Obj 47484.0000, Loss 54759.0078, Term1 64868.0938, Term2 -10109.0840
Iter 700: Best Obj 44020.0000, Loss 48292.7891, Term1 56023.9844, Term2 -7731.1938
Iter 800: Best Obj 42380.0000, Loss 45667.5703, Term1 52590.9414, Term2 -6923.3716
Iter 900: Best Obj 42380.0000, Loss 44310.4648, Term1 50873.0273, Term2 -6562.5610
Iter 1000: Best Obj 42336.0000, Loss 43438.8672, Term1 49775.3242, Term2 -6336.4570
Total Time: 149.88s, FPS: 6.7
tensor([1., 1., 1., 1., 1., 1., 1., 1., 1., 1., 1., 1., 1., 1., 1., 1., 1., 1.,
        1., 1., 1., 1., 1., 1., 1., 1., 1., 1., 1., 1., 1., 1., 1., 1., 1., 1.,
        1., 1., 1., 1., 1., 1., 1., 1., 1., 1., 1., 1., 1., 1., 1., 1., 1., 1.,
        1., 1., 1., 1., 1., 1., 1., 1., 1., 1., 1., 1., 1., 1., 1., 1., 1., 1.,
        1., 1., 1., 1., 1., 1., 1., 1., 1., 1., 1., 1., 1., 1., 1., 1., 1., 1.,
        1., 1., 1., 1., 1., 1., 1., 1., 1., 1., 1., 1., 1., 1., 1., 1., 1., 1.,
        1., 1., 1., 1., 1., 1., 1., 1., 1., 1., 1., 1., 1., 1., 1., 1., 1.],
       device='cuda:0')
tensor([1., 1., 1., 1., 1., 1., 1., 1., 1., 1., 1., 1., 1., 1., 1., 1., 1., 1.,
        1., 1., 1., 1., 1., 1., 1., 1., 1., 1., 1., 1., 1., 1., 1., 1., 1., 1.,
        1., 1., 1., 1., 1., 1., 1., 1., 1., 1., 1., 1., 1., 1., 1., 1., 1., 1.,
        1., 1., 1., 1., 1., 1., 1., 1., 1., 1., 1., 1., 1., 1., 1., 1., 1., 1.,
        1., 1., 1., 1., 1., 1., 1., 1., 1., 1., 1., 1., 1., 1., 1., 1., 1., 1.,
        1., 1., 1., 1., 1., 1., 1., 1., 1., 1., 1., 1., 1., 1., 1., 1., 1., 1.,
        1., 1., 1., 1., 1., 1., 1., 1., 1., 1., 1., 1., 1., 1., 1., 1., 1.],
       device='cuda:0')
Solution is a valid permutation matrix.
0 0
[  1   2   3   4   5   6   7   8   9  10  11  12  13  14  15  16  17  18
  19  20  21  22  23  24  25  26  27  28  29  30  31  32  33  34  35  36
  37  38  39  40  41  42  43  44  45  46  47  48  49  50  51  52  53  54
  55  56  57  58  59  60  61  62  63  64  65  66  67  68  69  70  71  72
  73  74  75  76  77  78  79  80  81  82  83  84  85  86  87  88  89  90
  91  92  93  94  95  96  97  98  99 100 101 102 103 104 105 106 107 108
 109 110 111 112 113 114 115 116 117 118 119 120 121 122 123 124 125]
5000
Starting Optimization [N=125, Batch=5000, Device=cuda]
Iter 100: Best Obj 99536.0000, Loss 193111.3750, Term1 228701.2656, Term2 -35589.8906
Iter 200: Best Obj 96674.0000, Loss 123808.1250, Term1 159700.9531, Term2 -35892.8281
Iter 300: Best Obj 87002.0000, Loss 101664.5938, Term1 138199.3125, Term2 -36534.7227
Iter 400: Best Obj 65664.0000, Loss 86577.8203, Term1 121769.6562, Term2 -35191.8359
Iter 500: Best Obj 53790.0000, Loss 64988.9688, Term1 90900.5703, Term2 -25911.6016
Iter 600: Best Obj 46134.0000, Loss 49525.9297, Term1 66752.0000, Term2 -17226.0684
Iter 700: Best Obj 43942.0000, Loss 42980.5156, Term1 56494.9648, Term2 -13514.4482
Iter 800: Best Obj 43268.0000, Loss 40300.5039, Term1 52350.8047, Term2 -12050.3008
Iter 900: Best Obj 43150.0000, Loss 39038.9609, Term1 50397.9453, Term2 -11358.9834
Iter 1000: Best Obj 42968.0000, Loss 38298.5312, Term1 49263.7656, Term2 -10965.2354
Total Time: 150.13s, FPS: 6.7
tensor([1., 1., 1., 1., 1., 1., 1., 1., 1., 1., 1., 1., 1., 1., 1., 1., 1., 1.,
        1., 1., 1., 1., 1., 1., 1., 1., 1., 1., 1., 1., 1., 1., 1., 1., 1., 1.,
        1., 1., 1., 1., 1., 1., 1., 1., 1., 1., 1., 1., 1., 1., 1., 1., 1., 1.,
        1., 1., 1., 1., 1., 1., 1., 1., 1., 1., 1., 1., 1., 1., 1., 1., 1., 1.,
        1., 1., 1., 1., 1., 1., 1., 1., 1., 1., 1., 1., 1., 1., 1., 1., 1., 1.,
        1., 1., 1., 1., 1., 1., 1., 1., 1., 1., 1., 1., 1., 1., 1., 1., 1., 1.,
        1., 1., 1., 1., 1., 1., 1., 1., 1., 1., 1., 1., 1., 1., 1., 1., 1.],
       device='cuda:0')
tensor([1., 1., 1., 1., 1., 1., 1., 1., 1., 1., 1., 1., 1., 1., 1., 1., 1., 1.,
        1., 1., 1., 1., 1., 1., 1., 1., 1., 1., 1., 1., 1., 1., 1., 1., 1., 1.,
        1., 1., 1., 1., 1., 1., 1., 1., 1., 1., 1., 1., 1., 1., 1., 1., 1., 1.,
        1., 1., 1., 1., 1., 1., 1., 1., 1., 1., 1., 1., 1., 1., 1., 1., 1., 1.,
        1., 1., 1., 1., 1., 1., 1., 1., 1., 1., 1., 1., 1., 1., 1., 1., 1., 1.,
        1., 1., 1., 1., 1., 1., 1., 1., 1., 1., 1., 1., 1., 1., 1., 1., 1., 1.,
        1., 1., 1., 1., 1., 1., 1., 1., 1., 1., 1., 1., 1., 1., 1., 1., 1.],
       device='cuda:0')
Solution is a valid permutation matrix.
0 0
[  1   2   3   4   5   6   7   8   9  10  11  12  13  14  15  16  17  18
  19  20  21  22  23  24  25  26  27  28  29  30  31  32  33  34  35  36
  37  38  39  40  41  42  43  44  45  46  47  48  49  50  51  52  53  54
  55  56  57  58  59  60  61  62  63  64  65  66  67  68  69  70  71  72
  73  74  75  76  77  78  79  80  81  82  83  84  85  86  87  88  89  90
  91  92  93  94  95  96  97  98  99 100 101 102 103 104 105 106 107 108
 109 110 111 112 113 114 115 116 117 118 119 120 121 122 123 124 125]
5000
Starting Optimization [N=125, Batch=5000, Device=cuda]
Iter 100: Best Obj 87452.0000, Loss 204827.6562, Term1 228450.0000, Term2 -23622.3438
Iter 200: Best Obj 87418.0000, Loss 134284.4219, Term1 157934.6250, Term2 -23650.1973
Iter 300: Best Obj 81876.0000, Loss 112364.9766, Term1 136236.2969, Term2 -23871.3203
Iter 400: Best Obj 63998.0000, Loss 97113.7109, Term1 120268.1562, Term2 -23154.4473
Iter 500: Best Obj 49236.0000, Loss 71528.0000, Term1 88598.3438, Term2 -17070.3457
Iter 600: Best Obj 44174.0000, Loss 52071.6133, Term1 62455.5312, Term2 -10383.9189
Iter 700: Best Obj 40440.0000, Loss 44846.1797, Term1 52585.7383, Term2 -7739.5571
Iter 800: Best Obj 39428.0000, Loss 42133.3398, Term1 49025.3984, Term2 -6892.0596
Iter 900: Best Obj 39186.0000, Loss 40856.6094, Term1 47397.2266, Term2 -6540.6152
Iter 1000: Best Obj 39186.0000, Loss 40083.2891, Term1 46409.0508, Term2 -6325.7622
Total Time: 150.11s, FPS: 6.7
tensor([1., 1., 1., 1., 1., 1., 1., 1., 1., 1., 1., 1., 1., 1., 1., 1., 1., 1.,
        1., 1., 1., 1., 1., 1., 1., 1., 1., 1., 1., 1., 1., 1., 1., 1., 1., 1.,
        1., 1., 1., 1., 1., 1., 1., 1., 1., 1., 1., 1., 1., 1., 1., 1., 1., 1.,
        1., 1., 1., 1., 1., 1., 1., 1., 1., 1., 1., 1., 1., 1., 1., 1., 1., 1.,
        1., 1., 1., 1., 1., 1., 1., 1., 1., 1., 1., 1., 1., 1., 1., 1., 1., 1.,
        1., 1., 1., 1., 1., 1., 1., 1., 1., 1., 1., 1., 1., 1., 1., 1., 1., 1.,
        1., 1., 1., 1., 1., 1., 1., 1., 1., 1., 1., 1., 1., 1., 1., 1., 1.],
       device='cuda:0')
tensor([1., 1., 1., 1., 1., 1., 1., 1., 1., 1., 1., 1., 1., 1., 1., 1., 1., 1.,
        1., 1., 1., 1., 1., 1., 1., 1., 1., 1., 1., 1., 1., 1., 1., 1., 1., 1.,
        1., 1., 1., 1., 1., 1., 1., 1., 1., 1., 1., 1., 1., 1., 1., 1., 1., 1.,
        1., 1., 1., 1., 1., 1., 1., 1., 1., 1., 1., 1., 1., 1., 1., 1., 1., 1.,
        1., 1., 1., 1., 1., 1., 1., 1., 1., 1., 1., 1., 1., 1., 1., 1., 1., 1.,
        1., 1., 1., 1., 1., 1., 1., 1., 1., 1., 1., 1., 1., 1., 1., 1., 1., 1.,
        1., 1., 1., 1., 1., 1., 1., 1., 1., 1., 1., 1., 1., 1., 1., 1., 1.],
       device='cuda:0')
Solution is a valid permutation matrix.
0 0
[  1   2   3   4   5   6   7   8   9  10  11  12  13  14  15  16  17  18
  19  20  21  22  23  24  25  26  27  28  29  30  31  32  33  34  35  36
  37  38  39  40  41  42  43  44  45  46  47  48  49  50  51  52  53  54
  55  56  57  58  59  60  61  62  63  64  65  66  67  68  69  70  71  72
  73  74  75  76  77  78  79  80  81  82  83  84  85  86  87  88  89  90
  91  92  93  94  95  96  97  98  99 100 101 102 103 104 105 106 107 108
 109 110 111 112 113 114 115 116 117 118 119 120 121 122 123 124 125]
5000
Starting Optimization [N=125, Batch=5000, Device=cuda]
Iter 100: Best Obj 87452.0000, Loss 193458.2188, Term1 229058.1094, Term2 -35599.8984
Iter 200: Best Obj 87452.0000, Loss 122607.9219, Term1 158501.0469, Term2 -35893.1211
Iter 300: Best Obj 82046.0000, Loss 99707.4531, Term1 136281.0156, Term2 -36573.5586
Iter 400: Best Obj 63000.0000, Loss 85220.7812, Term1 120894.7500, Term2 -35673.9648
Iter 500: Best Obj 48340.0000, Loss 64201.2969, Term1 91231.2656, Term2 -27029.9668
Iter 600: Best Obj 43598.0000, Loss 46980.6250, Term1 64575.5117, Term2 -17594.8848
Iter 700: Best Obj 38500.0000, Loss 39761.1016, Term1 53304.5664, Term2 -13543.4658
Iter 800: Best Obj 38308.0000, Loss 36961.7930, Term1 49004.1094, Term2 -12042.3154
Iter 900: Best Obj 38308.0000, Loss 35770.5430, Term1 47153.8203, Term2 -11383.2764
Iter 1000: Best Obj 38274.0000, Loss 35106.6445, Term1 46111.0938, Term2 -11004.4502
Total Time: 149.98s, FPS: 6.7
tensor([1., 1., 1., 1., 1., 1., 1., 1., 1., 1., 1., 1., 1., 1., 1., 1., 1., 1.,
        1., 1., 1., 1., 1., 1., 1., 1., 1., 1., 1., 1., 1., 1., 1., 1., 1., 1.,
        1., 1., 1., 1., 1., 1., 1., 1., 1., 1., 1., 1., 1., 1., 1., 1., 1., 1.,
        1., 1., 1., 1., 1., 1., 1., 1., 1., 1., 1., 1., 1., 1., 1., 1., 1., 1.,
        1., 1., 1., 1., 1., 1., 1., 1., 1., 1., 1., 1., 1., 1., 1., 1., 1., 1.,
        1., 1., 1., 1., 1., 1., 1., 1., 1., 1., 1., 1., 1., 1., 1., 1., 1., 1.,
        1., 1., 1., 1., 1., 1., 1., 1., 1., 1., 1., 1., 1., 1., 1., 1., 1.],
       device='cuda:0')
tensor([1., 1., 1., 1., 1., 1., 1., 1., 1., 1., 1., 1., 1., 1., 1., 1., 1., 1.,
        1., 1., 1., 1., 1., 1., 1., 1., 1., 1., 1., 1., 1., 1., 1., 1., 1., 1.,
        1., 1., 1., 1., 1., 1., 1., 1., 1., 1., 1., 1., 1., 1., 1., 1., 1., 1.,
        1., 1., 1., 1., 1., 1., 1., 1., 1., 1., 1., 1., 1., 1., 1., 1., 1., 1.,
        1., 1., 1., 1., 1., 1., 1., 1., 1., 1., 1., 1., 1., 1., 1., 1., 1., 1.,
        1., 1., 1., 1., 1., 1., 1., 1., 1., 1., 1., 1., 1., 1., 1., 1., 1., 1.,
        1., 1., 1., 1., 1., 1., 1., 1., 1., 1., 1., 1., 1., 1., 1., 1., 1.],
       device='cuda:0')
Solution is a valid permutation matrix.
0 0
[  1   2   3   4   5   6   7   8   9  10  11  12  13  14  15  16  17  18
  19  20  21  22  23  24  25  26  27  28  29  30  31  32  33  34  35  36
  37  38  39  40  41  42  43  44  45  46  47  48  49  50  51  52  53  54
  55  56  57  58  59  60  61  62  63  64  65  66  67  68  69  70  71  72
  73  74  75  76  77  78  79  80  81  82  83  84  85  86  87  88  89  90
  91  92  93  94  95  96  97  98  99 100 101 102 103 104 105 106 107 108
 109 110 111 112 113 114 115 116 117 118 119 120 121 122 123 124 125]
5000
Starting Optimization [N=125, Batch=5000, Device=cuda]
Iter 100: Best Obj 87452.0000, Loss 180859.0000, Term1 228514.0625, Term2 -47655.0703
Iter 200: Best Obj 87452.0000, Loss 109545.7969, Term1 157875.4062, Term2 -48329.6133
Iter 300: Best Obj 83118.0000, Loss 86634.7188, Term1 136176.6406, Term2 -49541.9180
Iter 400: Best Obj 62230.0000, Loss 73357.4219, Term1 121989.6641, Term2 -48632.2383
Iter 500: Best Obj 48390.0000, Loss 56678.7422, Term1 95577.6719, Term2 -38898.9297
Iter 600: Best Obj 43250.0000, Loss 41085.6406, Term1 68201.3906, Term2 -27115.7480
Iter 700: Best Obj 38644.0000, Loss 33927.5938, Term1 55301.8984, Term2 -21374.3047
Iter 800: Best Obj 38406.0000, Loss 31234.2285, Term1 50041.2734, Term2 -18807.0449
Iter 900: Best Obj 38360.0000, Loss 30246.4512, Term1 47920.5117, Term2 -17674.0605
Iter 1000: Best Obj 37646.0000, Loss 29745.6133, Term1 46870.0039, Term2 -17124.3906
Total Time: 150.14s, FPS: 6.7
tensor([1., 1., 1., 1., 1., 1., 1., 1., 1., 1., 1., 1., 1., 1., 1., 1., 1., 1.,
        1., 1., 1., 1., 1., 1., 1., 1., 1., 1., 1., 1., 1., 1., 1., 1., 1., 1.,
        1., 1., 1., 1., 1., 1., 1., 1., 1., 1., 1., 1., 1., 1., 1., 1., 1., 1.,
        1., 1., 1., 1., 1., 1., 1., 1., 1., 1., 1., 1., 1., 1., 1., 1., 1., 1.,
        1., 1., 1., 1., 1., 1., 1., 1., 1., 1., 1., 1., 1., 1., 1., 1., 1., 1.,
        1., 1., 1., 1., 1., 1., 1., 1., 1., 1., 1., 1., 1., 1., 1., 1., 1., 1.,
        1., 1., 1., 1., 1., 1., 1., 1., 1., 1., 1., 1., 1., 1., 1., 1., 1.],
       device='cuda:0')
tensor([1., 1., 1., 1., 1., 1., 1., 1., 1., 1., 1., 1., 1., 1., 1., 1., 1., 1.,
        1., 1., 1., 1., 1., 1., 1., 1., 1., 1., 1., 1., 1., 1., 1., 1., 1., 1.,
        1., 1., 1., 1., 1., 1., 1., 1., 1., 1., 1., 1., 1., 1., 1., 1., 1., 1.,
        1., 1., 1., 1., 1., 1., 1., 1., 1., 1., 1., 1., 1., 1., 1., 1., 1., 1.,
        1., 1., 1., 1., 1., 1., 1., 1., 1., 1., 1., 1., 1., 1., 1., 1., 1., 1.,
        1., 1., 1., 1., 1., 1., 1., 1., 1., 1., 1., 1., 1., 1., 1., 1., 1., 1.,
        1., 1., 1., 1., 1., 1., 1., 1., 1., 1., 1., 1., 1., 1., 1., 1., 1.],
       device='cuda:0')
Solution is a valid permutation matrix.
0 0
[  1   2   3   4   5   6   7   8   9  10  11  12  13  14  15  16  17  18
  19  20  21  22  23  24  25  26  27  28  29  30  31  32  33  34  35  36
  37  38  39  40  41  42  43  44  45  46  47  48  49  50  51  52  53  54
  55  56  57  58  59  60  61  62  63  64  65  66  67  68  69  70  71  72
  73  74  75  76  77  78  79  80  81  82  83  84  85  86  87  88  89  90
  91  92  93  94  95  96  97  98  99 100 101 102 103 104 105 106 107 108
 109 110 111 112 113 114 115 116 117 118 119 120 121 122 123 124 125]
5000
Starting Optimization [N=125, Batch=5000, Device=cuda]
Iter 100: Best Obj 88094.0000, Loss 168794.9219, Term1 228575.0312, Term2 -59780.1133
Iter 200: Best Obj 88094.0000, Loss 96872.2656, Term1 157801.0000, Term2 -60928.7344
Iter 300: Best Obj 84818.0000, Loss 73418.7891, Term1 136072.4062, Term2 -62653.6172
Iter 400: Best Obj 66804.0000, Loss 61415.2461, Term1 123369.5391, Term2 -61954.2930
Iter 500: Best Obj 50986.0000, Loss 48666.7266, Term1 101471.7578, Term2 -52805.0312
Iter 600: Best Obj 42144.0000, Loss 34563.3164, Term1 73989.8125, Term2 -39426.4961
Iter 700: Best Obj 39570.0000, Loss 27407.3574, Term1 59281.7617, Term2 -31874.4043
Iter 800: Best Obj 37354.0000, Loss 24880.7246, Term1 52866.7539, Term2 -27986.0293
Iter 900: Best Obj 37048.0000, Loss 24079.9609, Term1 50428.2031, Term2 -26348.2422
Iter 1000: Best Obj 36990.0000, Loss 23714.6680, Term1 49364.5391, Term2 -25649.8711
Total Time: 150.08s, FPS: 6.7
tensor([1., 1., 1., 1., 1., 1., 1., 1., 1., 1., 1., 1., 1., 1., 1., 1., 1., 1.,
        1., 1., 1., 1., 1., 1., 1., 1., 1., 1., 1., 1., 1., 1., 1., 1., 1., 1.,
        1., 1., 1., 1., 1., 1., 1., 1., 1., 1., 1., 1., 1., 1., 1., 1., 1., 1.,
        1., 1., 1., 1., 1., 1., 1., 1., 1., 1., 1., 1., 1., 1., 1., 1., 1., 1.,
        1., 1., 1., 1., 1., 1., 1., 1., 1., 1., 1., 1., 1., 1., 1., 1., 1., 1.,
        1., 1., 1., 1., 1., 1., 1., 1., 1., 1., 1., 1., 1., 1., 1., 1., 1., 1.,
        1., 1., 1., 1., 1., 1., 1., 1., 1., 1., 1., 1., 1., 1., 1., 1., 1.],
       device='cuda:0')
tensor([1., 1., 1., 1., 1., 1., 1., 1., 1., 1., 1., 1., 1., 1., 1., 1., 1., 1.,
        1., 1., 1., 1., 1., 1., 1., 1., 1., 1., 1., 1., 1., 1., 1., 1., 1., 1.,
        1., 1., 1., 1., 1., 1., 1., 1., 1., 1., 1., 1., 1., 1., 1., 1., 1., 1.,
        1., 1., 1., 1., 1., 1., 1., 1., 1., 1., 1., 1., 1., 1., 1., 1., 1., 1.,
        1., 1., 1., 1., 1., 1., 1., 1., 1., 1., 1., 1., 1., 1., 1., 1., 1., 1.,
        1., 1., 1., 1., 1., 1., 1., 1., 1., 1., 1., 1., 1., 1., 1., 1., 1., 1.,
        1., 1., 1., 1., 1., 1., 1., 1., 1., 1., 1., 1., 1., 1., 1., 1., 1.],
       device='cuda:0')
Solution is a valid permutation matrix.
0 0
[  1   2   3   4   5   6   7   8   9  10  11  12  13  14  15  16  17  18
  19  20  21  22  23  24  25  26  27  28  29  30  31  32  33  34  35  36
  37  38  39  40  41  42  43  44  45  46  47  48  49  50  51  52  53  54
  55  56  57  58  59  60  61  62  63  64  65  66  67  68  69  70  71  72
  73  74  75  76  77  78  79  80  81  82  83  84  85  86  87  88  89  90
  91  92  93  94  95  96  97  98  99 100 101 102 103 104 105 106 107 108
 109 110 111 112 113 114 115 116 117 118 119 120 121 122 123 124 125]
5000
Starting Optimization [N=125, Batch=5000, Device=cuda]
Iter 100: Best Obj 88440.0000, Loss 156677.5312, Term1 228649.1250, Term2 -71971.5859
Iter 200: Best Obj 88440.0000, Loss 84038.9453, Term1 157706.6250, Term2 -73667.6797
Iter 300: Best Obj 78960.0000, Loss 60130.7344, Term1 135958.5625, Term2 -75827.8281
Iter 400: Best Obj 67556.0000, Loss 49245.3672, Term1 124682.3516, Term2 -75436.9844
Iter 500: Best Obj 50906.0000, Loss 39824.3203, Term1 107948.3047, Term2 -68123.9844
Iter 600: Best Obj 43668.0000, Loss 27544.5273, Term1 81897.7734, Term2 -54353.2461
Iter 700: Best Obj 40780.0000, Loss 20145.4883, Term1 65216.4766, Term2 -45070.9883
Iter 800: Best Obj 37422.0000, Loss 17699.5352, Term1 57711.6445, Term2 -40012.1094
Iter 900: Best Obj 37334.0000, Loss 17013.5977, Term1 54874.4297, Term2 -37860.8320
Iter 1000: Best Obj 36866.0000, Loss 16753.1914, Term1 53759.4922, Term2 -37006.3008
Total Time: 150.21s, FPS: 6.7
tensor([1., 1., 1., 1., 1., 1., 1., 1., 1., 1., 1., 1., 1., 1., 1., 1., 1., 1.,
        1., 1., 1., 1., 1., 1., 1., 1., 1., 1., 1., 1., 1., 1., 1., 1., 1., 1.,
        1., 1., 1., 1., 1., 1., 1., 1., 1., 1., 1., 1., 1., 1., 1., 1., 1., 1.,
        1., 1., 1., 1., 1., 1., 1., 1., 1., 1., 1., 1., 1., 1., 1., 1., 1., 1.,
        1., 1., 1., 1., 1., 1., 1., 1., 1., 1., 1., 1., 1., 1., 1., 1., 1., 1.,
        1., 1., 1., 1., 1., 1., 1., 1., 1., 1., 1., 1., 1., 1., 1., 1., 1., 1.,
        1., 1., 1., 1., 1., 1., 1., 1., 1., 1., 1., 1., 1., 1., 1., 1., 1.],
       device='cuda:0')
tensor([1., 1., 1., 1., 1., 1., 1., 1., 1., 1., 1., 1., 1., 1., 1., 1., 1., 1.,
        1., 1., 1., 1., 1., 1., 1., 1., 1., 1., 1., 1., 1., 1., 1., 1., 1., 1.,
        1., 1., 1., 1., 1., 1., 1., 1., 1., 1., 1., 1., 1., 1., 1., 1., 1., 1.,
        1., 1., 1., 1., 1., 1., 1., 1., 1., 1., 1., 1., 1., 1., 1., 1., 1., 1.,
        1., 1., 1., 1., 1., 1., 1., 1., 1., 1., 1., 1., 1., 1., 1., 1., 1., 1.,
        1., 1., 1., 1., 1., 1., 1., 1., 1., 1., 1., 1., 1., 1., 1., 1., 1., 1.,
        1., 1., 1., 1., 1., 1., 1., 1., 1., 1., 1., 1., 1., 1., 1., 1., 1.],
       device='cuda:0')
Solution is a valid permutation matrix.
0 0
[  1   2   3   4   5   6   7   8   9  10  11  12  13  14  15  16  17  18
  19  20  21  22  23  24  25  26  27  28  29  30  31  32  33  34  35  36
  37  38  39  40  41  42  43  44  45  46  47  48  49  50  51  52  53  54
  55  56  57  58  59  60  61  62  63  64  65  66  67  68  69  70  71  72
  73  74  75  76  77  78  79  80  81  82  83  84  85  86  87  88  89  90
  91  92  93  94  95  96  97  98  99 100 101 102 103 104 105 106 107 108
 109 110 111 112 113 114 115 116 117 118 119 120 121 122 123 124 125]
5000
Starting Optimization [N=125, Batch=5000, Device=cuda]
Iter 100: Best Obj 88318.0000, Loss 132102.9062, Term1 228646.8281, Term2 -96543.9297
Iter 200: Best Obj 88318.0000, Loss 57989.5547, Term1 157468.3750, Term2 -99478.8203
Iter 300: Best Obj 88318.0000, Loss 33566.3438, Term1 135758.6250, Term2 -102192.2812
Iter 400: Best Obj 71012.0000, Loss 24184.5000, Term1 126416.1875, Term2 -102231.6875
Iter 500: Best Obj 55830.0000, Loss 19121.9922, Term1 118612.3047, Term2 -99490.3125
Iter 600: Best Obj 48020.0000, Loss 12171.9688, Term1 101674.3438, Term2 -89502.3750
Iter 700: Best Obj 42536.0000, Loss 4028.9609, Term1 80076.6484, Term2 -76047.6875
Iter 800: Best Obj 40450.0000, Loss 1094.5625, Term1 70317.0859, Term2 -69222.5234
Iter 900: Best Obj 39066.0000, Loss 483.0078, Term1 66805.3828, Term2 -66322.3750
Iter 1000: Best Obj 39066.0000, Loss 333.6680, Term1 65348.3477, Term2 -65014.6797
Total Time: 149.90s, FPS: 6.7
tensor([1., 1., 1., 1., 1., 1., 1., 1., 1., 1., 1., 1., 1., 1., 1., 1., 1., 1.,
        1., 1., 1., 1., 1., 1., 1., 1., 1., 1., 1., 1., 1., 1., 1., 1., 1., 1.,
        1., 1., 1., 1., 1., 1., 1., 1., 1., 1., 1., 1., 1., 1., 1., 1., 1., 1.,
        1., 1., 1., 1., 1., 1., 1., 1., 1., 1., 1., 1., 1., 1., 1., 1., 1., 1.,
        1., 1., 1., 1., 1., 1., 1., 1., 1., 1., 1., 1., 1., 1., 1., 1., 1., 1.,
        1., 1., 1., 1., 1., 1., 1., 1., 1., 1., 1., 1., 1., 1., 1., 1., 1., 1.,
        1., 1., 1., 1., 1., 1., 1., 1., 1., 1., 1., 1., 1., 1., 1., 1., 1.],
       device='cuda:0')
tensor([1., 1., 1., 1., 1., 1., 1., 1., 1., 1., 1., 1., 1., 1., 1., 1., 1., 1.,
        1., 1., 1., 1., 1., 1., 1., 1., 1., 1., 1., 1., 1., 1., 1., 1., 1., 1.,
        1., 1., 1., 1., 1., 1., 1., 1., 1., 1., 1., 1., 1., 1., 1., 1., 1., 1.,
        1., 1., 1., 1., 1., 1., 1., 1., 1., 1., 1., 1., 1., 1., 1., 1., 1., 1.,
        1., 1., 1., 1., 1., 1., 1., 1., 1., 1., 1., 1., 1., 1., 1., 1., 1., 1.,
        1., 1., 1., 1., 1., 1., 1., 1., 1., 1., 1., 1., 1., 1., 1., 1., 1., 1.,
        1., 1., 1., 1., 1., 1., 1., 1., 1., 1., 1., 1., 1., 1., 1., 1., 1.],
       device='cuda:0')
Solution is a valid permutation matrix.
0 0
[  1   2   3   4   5   6   7   8   9  10  11  12  13  14  15  16  17  18
  19  20  21  22  23  24  25  26  27  28  29  30  31  32  33  34  35  36
  37  38  39  40  41  42  43  44  45  46  47  48  49  50  51  52  53  54
  55  56  57  58  59  60  61  62  63  64  65  66  67  68  69  70  71  72
  73  74  75  76  77  78  79  80  81  82  83  84  85  86  87  88  89  90
  91  92  93  94  95  96  97  98  99 100 101 102 103 104 105 106 107 108
 109 110 111 112 113 114 115 116 117 118 119 120 121 122 123 124 125]
5000
Starting Optimization [N=125, Batch=5000, Device=cuda]
Iter 100: Best Obj 89366.0000, Loss 107379.6562, Term1 228710.2500, Term2 -121330.5938
Iter 200: Best Obj 89366.0000, Loss 31620.1406, Term1 157193.8438, Term2 -125573.7031
Iter 300: Best Obj 89264.0000, Loss 7174.1719, Term1 135607.2812, Term2 -128433.1094
Iter 400: Best Obj 73214.0000, Loss -1398.4141, Term1 127129.7969, Term2 -128528.2109
Iter 500: Best Obj 62696.0000, Loss -5196.6719, Term1 122781.9297, Term2 -127978.6016
Iter 600: Best Obj 54930.0000, Loss -7962.0547, Term1 117569.3203, Term2 -125531.3750
Iter 700: Best Obj 51274.0000, Loss -12097.5391, Term1 103828.3281, Term2 -115925.8672
Iter 800: Best Obj 50748.0000, Loss -16958.7969, Term1 83708.0547, Term2 -100666.8516
Iter 900: Best Obj 50748.0000, Loss -18056.7891, Term1 76784.4609, Term2 -94841.2500
Iter 1000: Best Obj 50748.0000, Loss -18155.7578, Term1 75676.7109, Term2 -93832.4688
Total Time: 149.96s, FPS: 6.7
tensor([1., 1., 1., 1., 1., 1., 1., 1., 1., 1., 1., 1., 1., 1., 1., 1., 1., 1.,
        1., 1., 1., 1., 1., 1., 1., 1., 1., 1., 1., 1., 1., 1., 1., 1., 1., 1.,
        1., 1., 1., 1., 1., 1., 1., 1., 1., 1., 1., 1., 1., 1., 1., 1., 1., 1.,
        1., 1., 1., 1., 1., 1., 1., 1., 1., 1., 1., 1., 1., 1., 1., 1., 1., 1.,
        1., 1., 1., 1., 1., 1., 1., 1., 1., 1., 1., 1., 1., 1., 1., 1., 1., 1.,
        1., 1., 1., 1., 1., 1., 1., 1., 1., 1., 1., 1., 1., 1., 1., 1., 1., 1.,
        1., 1., 1., 1., 1., 1., 1., 1., 1., 1., 1., 1., 1., 1., 1., 1., 1.],
       device='cuda:0')
tensor([1., 1., 1., 1., 1., 1., 1., 1., 1., 1., 1., 1., 1., 1., 1., 1., 1., 1.,
        1., 1., 1., 1., 1., 1., 1., 1., 1., 1., 1., 1., 1., 1., 1., 1., 1., 1.,
        1., 1., 1., 1., 1., 1., 1., 1., 1., 1., 1., 1., 1., 1., 1., 1., 1., 1.,
        1., 1., 1., 1., 1., 1., 1., 1., 1., 1., 1., 1., 1., 1., 1., 1., 1., 1.,
        1., 1., 1., 1., 1., 1., 1., 1., 1., 1., 1., 1., 1., 1., 1., 1., 1., 1.,
        1., 1., 1., 1., 1., 1., 1., 1., 1., 1., 1., 1., 1., 1., 1., 1., 1., 1.,
        1., 1., 1., 1., 1., 1., 1., 1., 1., 1., 1., 1., 1., 1., 1., 1., 1.],
       device='cuda:0')
Solution is a valid permutation matrix.
0 0
[  1   2   3   4   5   6   7   8   9  10  11  12  13  14  15  16  17  18
  19  20  21  22  23  24  25  26  27  28  29  30  31  32  33  34  35  36
  37  38  39  40  41  42  43  44  45  46  47  48  49  50  51  52  53  54
  55  56  57  58  59  60  61  62  63  64  65  66  67  68  69  70  71  72
  73  74  75  76  77  78  79  80  81  82  83  84  85  86  87  88  89  90
  91  92  93  94  95  96  97  98  99 100 101 102 103 104 105 106 107 108
 109 110 111 112 113 114 115 116 117 118 119 120 121 122 123 124 125]
5000
Starting Optimization [N=125, Batch=5000, Device=cuda]
Iter 100: Best Obj 90398.0000, Loss 82440.1094, Term1 228751.3750, Term2 -146311.2656
Iter 200: Best Obj 90398.0000, Loss 5077.6406, Term1 156912.5000, Term2 -151834.8594
Iter 300: Best Obj 89156.0000, Loss -19036.9219, Term1 135521.8750, Term2 -154558.7969
Iter 400: Best Obj 79078.0000, Loss -27121.1875, Term1 127445.6094, Term2 -154566.7969
Iter 500: Best Obj 65642.0000, Loss -30764.3359, Term1 123668.6172, Term2 -154432.9531
Iter 600: Best Obj 62158.0000, Loss -32872.3672, Term1 121363.3203, Term2 -154235.6875
Iter 700: Best Obj 59246.0000, Loss -34256.4141, Term1 119203.4609, Term2 -153459.8750
Iter 800: Best Obj 57620.0000, Loss -35536.4609, Term1 114233.9609, Term2 -149770.4219
Iter 900: Best Obj 56238.0000, Loss -37510.2656, Term1 99508.9375, Term2 -137019.2031
Iter 1000: Best Obj 56238.0000, Loss -38415.0156, Term1 88686.7656, Term2 -127101.7812
Total Time: 150.16s, FPS: 6.7
tensor([1., 1., 1., 1., 1., 1., 1., 1., 1., 1., 1., 1., 1., 1., 1., 1., 1., 1.,
        1., 1., 1., 1., 1., 1., 1., 1., 1., 1., 1., 1., 1., 1., 1., 1., 1., 1.,
        1., 1., 1., 1., 1., 1., 1., 1., 1., 1., 1., 1., 1., 1., 1., 1., 1., 1.,
        1., 1., 1., 1., 1., 1., 1., 1., 1., 1., 1., 1., 1., 1., 1., 1., 1., 1.,
        1., 1., 1., 1., 1., 1., 1., 1., 1., 1., 1., 1., 1., 1., 1., 1., 1., 1.,
        1., 1., 1., 1., 1., 1., 1., 1., 1., 1., 1., 1., 1., 1., 1., 1., 1., 1.,
        1., 1., 1., 1., 1., 1., 1., 1., 1., 1., 1., 1., 1., 1., 1., 1., 1.],
       device='cuda:0')
tensor([1., 1., 1., 1., 1., 1., 1., 1., 1., 1., 1., 1., 1., 1., 1., 1., 1., 1.,
        1., 1., 1., 1., 1., 1., 1., 1., 1., 1., 1., 1., 1., 1., 1., 1., 1., 1.,
        1., 1., 1., 1., 1., 1., 1., 1., 1., 1., 1., 1., 1., 1., 1., 1., 1., 1.,
        1., 1., 1., 1., 1., 1., 1., 1., 1., 1., 1., 1., 1., 1., 1., 1., 1., 1.,
        1., 1., 1., 1., 1., 1., 1., 1., 1., 1., 1., 1., 1., 1., 1., 1., 1., 1.,
        1., 1., 1., 1., 1., 1., 1., 1., 1., 1., 1., 1., 1., 1., 1., 1., 1., 1.,
        1., 1., 1., 1., 1., 1., 1., 1., 1., 1., 1., 1., 1., 1., 1., 1., 1.],
       device='cuda:0')
Solution is a valid permutation matrix.
0 0
[  1   2   3   4   5   6   7   8   9  10  11  12  13  14  15  16  17  18
  19  20  21  22  23  24  25  26  27  28  29  30  31  32  33  34  35  36
  37  38  39  40  41  42  43  44  45  46  47  48  49  50  51  52  53  54
  55  56  57  58  59  60  61  62  63  64  65  66  67  68  69  70  71  72
  73  74  75  76  77  78  79  80  81  82  83  84  85  86  87  88  89  90
  91  92  93  94  95  96  97  98  99 100 101 102 103 104 105 106 107 108
 109 110 111 112 113 114 115 116 117 118 119 120 121 122 123 124 125]
5000
Starting Optimization [N=125, Batch=5000, Device=cuda]
Iter 100: Best Obj 90760.0000, Loss -18847.7031, Term1 228930.8750, Term2 -247778.5781
Iter 200: Best Obj 90760.0000, Loss -101139.1875, Term1 156025.3125, Term2 -257164.5000
Iter 300: Best Obj 90760.0000, Loss -122801.9531, Term1 135644.3906, Term2 -258446.3438
Iter 400: Best Obj 90760.0000, Loss -130144.0078, Term1 128044.8828, Term2 -258188.8906
Iter 500: Best Obj 88116.0000, Loss -133903.1094, Term1 124210.5938, Term2 -258113.7031
Iter 600: Best Obj 88060.0000, Loss -136115.1875, Term1 121951.2344, Term2 -258066.4219
Iter 700: Best Obj 88060.0000, Loss -137442.2188, Term1 120559.6484, Term2 -258001.8594
Iter 800: Best Obj 88060.0000, Loss -138226.8750, Term1 119698.9531, Term2 -257925.8281
Iter 900: Best Obj 88060.0000, Loss -138676.9062, Term1 119169.5703, Term2 -257846.4688
Iter 1000: Best Obj 88060.0000, Loss -138922.2500, Term1 118846.0078, Term2 -257768.2500
Total Time: 150.00s, FPS: 6.7
tensor([1., 1., 1., 1., 1., 1., 1., 1., 1., 1., 1., 1., 1., 1., 1., 1., 1., 1.,
        1., 1., 1., 1., 1., 1., 1., 1., 1., 1., 1., 1., 1., 1., 1., 1., 1., 1.,
        1., 1., 1., 1., 1., 1., 1., 1., 1., 1., 1., 1., 1., 1., 1., 1., 1., 1.,
        1., 1., 1., 1., 1., 1., 1., 1., 1., 1., 1., 1., 1., 1., 1., 1., 1., 1.,
        1., 1., 1., 1., 1., 1., 1., 1., 1., 1., 1., 1., 1., 1., 1., 1., 1., 1.,
        1., 1., 1., 1., 1., 1., 1., 1., 1., 1., 1., 1., 1., 1., 1., 1., 1., 1.,
        1., 1., 1., 1., 1., 1., 1., 1., 1., 1., 1., 1., 1., 1., 1., 1., 1.],
       device='cuda:0')
tensor([1., 1., 1., 1., 1., 1., 1., 1., 1., 1., 1., 1., 1., 1., 1., 1., 1., 1.,
        1., 1., 1., 1., 1., 1., 1., 1., 1., 1., 1., 1., 1., 1., 1., 1., 1., 1.,
        1., 1., 1., 1., 1., 1., 1., 1., 1., 1., 1., 1., 1., 1., 1., 1., 1., 1.,
        1., 1., 1., 1., 1., 1., 1., 1., 1., 1., 1., 1., 1., 1., 1., 1., 1., 1.,
        1., 1., 1., 1., 1., 1., 1., 1., 1., 1., 1., 1., 1., 1., 1., 1., 1., 1.,
        1., 1., 1., 1., 1., 1., 1., 1., 1., 1., 1., 1., 1., 1., 1., 1., 1., 1.,
        1., 1., 1., 1., 1., 1., 1., 1., 1., 1., 1., 1., 1., 1., 1., 1., 1.],
       device='cuda:0')
Solution is a valid permutation matrix.
0 0
[  1   2   3   4   5   6   7   8   9  10  11  12  13  14  15  16  17  18
  19  20  21  22  23  24  25  26  27  28  29  30  31  32  33  34  35  36
  37  38  39  40  41  42  43  44  45  46  47  48  49  50  51  52  53  54
  55  56  57  58  59  60  61  62  63  64  65  66  67  68  69  70  71  72
  73  74  75  76  77  78  79  80  81  82  83  84  85  86  87  88  89  90
  91  92  93  94  95  96  97  98  99 100 101 102 103 104 105 106 107 108
 109 110 111 112 113 114 115 116 117 118 119 120 121 122 123 124 125]
5000
Starting Optimization [N=125, Batch=5000, Device=cuda]
Iter 100: Best Obj 91778.0000, Loss -278044.9375, Term1 229616.5938, Term2 -507661.5312
Iter 200: Best Obj 91778.0000, Loss -362438.7188, Term1 155938.3125, Term2 -518377.0312
Iter 300: Best Obj 91778.0000, Loss -380681.6875, Term1 136825.7969, Term2 -517507.5000
Iter 400: Best Obj 91778.0000, Loss -388182.1250, Term1 128930.8516, Term2 -517112.9688
Iter 500: Best Obj 91778.0000, Loss -392232.8438, Term1 124669.8828, Term2 -516902.7188
Iter 600: Best Obj 91778.0000, Loss -394556.8438, Term1 122172.4453, Term2 -516729.2812
Iter 700: Best Obj 91778.0000, Loss -395906.2500, Term1 120674.2188, Term2 -516580.4688
Iter 800: Best Obj 91778.0000, Loss -396684.6875, Term1 119769.1953, Term2 -516453.8750
Iter 900: Best Obj 91778.0000, Loss -397124.7500, Term1 119221.0469, Term2 -516345.7812
Iter 1000: Best Obj 91778.0000, Loss -397362.6250, Term1 118888.3281, Term2 -516250.9688
Total Time: 149.93s, FPS: 6.7
tensor([1., 1., 1., 1., 1., 1., 1., 1., 1., 1., 1., 1., 1., 1., 1., 1., 1., 1.,
        1., 1., 1., 1., 1., 1., 1., 1., 1., 1., 1., 1., 1., 1., 1., 1., 1., 1.,
        1., 1., 1., 1., 1., 1., 1., 1., 1., 1., 1., 1., 1., 1., 1., 1., 1., 1.,
        1., 1., 1., 1., 1., 1., 1., 1., 1., 1., 1., 1., 1., 1., 1., 1., 1., 1.,
        1., 1., 1., 1., 1., 1., 1., 1., 1., 1., 1., 1., 1., 1., 1., 1., 1., 1.,
        1., 1., 1., 1., 1., 1., 1., 1., 1., 1., 1., 1., 1., 1., 1., 1., 1., 1.,
        1., 1., 1., 1., 1., 1., 1., 1., 1., 1., 1., 1., 1., 1., 1., 1., 1.],
       device='cuda:0')
tensor([1., 1., 1., 1., 1., 1., 1., 1., 1., 1., 1., 1., 1., 1., 1., 1., 1., 1.,
        1., 1., 1., 1., 1., 1., 1., 1., 1., 1., 1., 1., 1., 1., 1., 1., 1., 1.,
        1., 1., 1., 1., 1., 1., 1., 1., 1., 1., 1., 1., 1., 1., 1., 1., 1., 1.,
        1., 1., 1., 1., 1., 1., 1., 1., 1., 1., 1., 1., 1., 1., 1., 1., 1., 1.,
        1., 1., 1., 1., 1., 1., 1., 1., 1., 1., 1., 1., 1., 1., 1., 1., 1., 1.,
        1., 1., 1., 1., 1., 1., 1., 1., 1., 1., 1., 1., 1., 1., 1., 1., 1., 1.,
        1., 1., 1., 1., 1., 1., 1., 1., 1., 1., 1., 1., 1., 1., 1., 1., 1.],
       device='cuda:0')
Solution is a valid permutation matrix.
0 0
[  1   2   3   4   5   6   7   8   9  10  11  12  13  14  15  16  17  18
  19  20  21  22  23  24  25  26  27  28  29  30  31  32  33  34  35  36
  37  38  39  40  41  42  43  44  45  46  47  48  49  50  51  52  53  54
  55  56  57  58  59  60  61  62  63  64  65  66  67  68  69  70  71  72
  73  74  75  76  77  78  79  80  81  82  83  84  85  86  87  88  89  90
  91  92  93  94  95  96  97  98  99 100 101 102 103 104 105 106 107 108
 109 110 111 112 113 114 115 116 117 118 119 120 121 122 123 124 125]
5000
Starting Optimization [N=125, Batch=5000, Device=cuda]
Iter 100: Best Obj 88364.0000, Loss -4957213.0000, Term1 284960.6875, Term2 -5242173.5000
Iter 200: Best Obj 88364.0000, Loss -5019721.0000, Term1 182456.6562, Term2 -5202177.5000
Iter 300: Best Obj 88364.0000, Loss -5036499.0000, Term1 151248.5938, Term2 -5187747.5000
Iter 400: Best Obj 88364.0000, Loss -5043133.5000, Term1 137497.7656, Term2 -5180631.5000
Iter 500: Best Obj 88364.0000, Loss -5046313.0000, Term1 130190.1094, Term2 -5176503.0000
Iter 600: Best Obj 88364.0000, Loss -5047982.5000, Term1 125911.5078, Term2 -5173894.0000
Iter 700: Best Obj 88364.0000, Loss -5048890.5000, Term1 123277.1875, Term2 -5172167.5000
Iter 800: Best Obj 88364.0000, Loss -5049315.0000, Term1 121655.1328, Term2 -5170970.0000
Iter 900: Best Obj 88364.0000, Loss -5049552.5000, Term1 120693.6094, Term2 -5170246.0000
Iter 1000: Best Obj 88364.0000, Loss -5049672.5000, Term1 120066.5391, Term2 -5169739.0000
Total Time: 149.95s, FPS: 6.7
tensor([1., 1., 1., 1., 1., 1., 1., 1., 1., 1., 1., 1., 1., 1., 1., 1., 1., 1.,
        1., 1., 1., 1., 1., 1., 1., 1., 1., 1., 1., 1., 1., 1., 1., 1., 1., 1.,
        1., 1., 1., 1., 1., 1., 1., 1., 1., 1., 1., 1., 1., 1., 1., 1., 1., 1.,
        1., 1., 1., 1., 1., 1., 1., 1., 1., 1., 1., 1., 1., 1., 1., 1., 1., 1.,
        1., 1., 1., 1., 1., 1., 1., 1., 1., 1., 1., 1., 1., 1., 1., 1., 1., 1.,
        1., 1., 1., 1., 1., 1., 1., 1., 1., 1., 1., 1., 1., 1., 1., 1., 1., 1.,
        1., 1., 1., 1., 1., 1., 1., 1., 1., 1., 1., 1., 1., 1., 1., 1., 1.],
       device='cuda:0')
tensor([1., 1., 1., 1., 1., 1., 1., 1., 1., 1., 1., 1., 1., 1., 1., 1., 1., 1.,
        1., 1., 1., 1., 1., 1., 1., 1., 1., 1., 1., 1., 1., 1., 1., 1., 1., 1.,
        1., 1., 1., 1., 1., 1., 1., 1., 1., 1., 1., 1., 1., 1., 1., 1., 1., 1.,
        1., 1., 1., 1., 1., 1., 1., 1., 1., 1., 1., 1., 1., 1., 1., 1., 1., 1.,
        1., 1., 1., 1., 1., 1., 1., 1., 1., 1., 1., 1., 1., 1., 1., 1., 1., 1.,
        1., 1., 1., 1., 1., 1., 1., 1., 1., 1., 1., 1., 1., 1., 1., 1., 1., 1.,
        1., 1., 1., 1., 1., 1., 1., 1., 1., 1., 1., 1., 1., 1., 1., 1., 1.],
       device='cuda:0')
Solution is a valid permutation matrix.
0 0
[  1   2   3   4   5   6   7   8   9  10  11  12  13  14  15  16  17  18
  19  20  21  22  23  24  25  26  27  28  29  30  31  32  33  34  35  36
  37  38  39  40  41  42  43  44  45  46  47  48  49  50  51  52  53  54
  55  56  57  58  59  60  61  62  63  64  65  66  67  68  69  70  71  72
  73  74  75  76  77  78  79  80  81  82  83  84  85  86  87  88  89  90
  91  92  93  94  95  96  97  98  99 100 101 102 103 104 105 106 107 108
 109 110 111 112 113 114 115 116 117 118 119 120 121 122 123 124 125]
5000
Starting Optimization [N=125, Batch=5000, Device=cuda]
Iter 100: Best Obj 94454.0000, Loss 206951.2188, Term1 230574.5469, Term2 -23623.3359
Iter 200: Best Obj 92456.0000, Loss 134637.7031, Term1 158288.7344, Term2 -23651.0254
Iter 300: Best Obj 77626.0000, Loss 112453.4531, Term1 136355.7500, Term2 -23902.2988
Iter 400: Best Obj 67548.0000, Loss 99034.5703, Term1 122600.3516, Term2 -23565.7793
Iter 500: Best Obj 52822.0000, Loss 77256.4375, Term1 95654.4688, Term2 -18398.0332
Iter 600: Best Obj 42748.0000, Loss 55095.8594, Term1 65887.5781, Term2 -10791.7178
Iter 700: Best Obj 39392.0000, Loss 45984.1680, Term1 53573.1875, Term2 -7589.0181
Iter 800: Best Obj 38430.0000, Loss 42810.2969, Term1 49507.5742, Term2 -6697.2793
Iter 900: Best Obj 38284.0000, Loss 41384.1797, Term1 47757.1367, Term2 -6372.9570
Iter 1000: Best Obj 38284.0000, Loss 40540.6953, Term1 46724.8984, Term2 -6184.2036
Total Time: 149.93s, FPS: 6.7
tensor([1., 1., 1., 1., 1., 1., 1., 1., 1., 1., 1., 1., 1., 1., 1., 1., 1., 1.,
        1., 1., 1., 1., 1., 1., 1., 1., 1., 1., 1., 1., 1., 1., 1., 1., 1., 1.,
        1., 1., 1., 1., 1., 1., 1., 1., 1., 1., 1., 1., 1., 1., 1., 1., 1., 1.,
        1., 1., 1., 1., 1., 1., 1., 1., 1., 1., 1., 1., 1., 1., 1., 1., 1., 1.,
        1., 1., 1., 1., 1., 1., 1., 1., 1., 1., 1., 1., 1., 1., 1., 1., 1., 1.,
        1., 1., 1., 1., 1., 1., 1., 1., 1., 1., 1., 1., 1., 1., 1., 1., 1., 1.,
        1., 1., 1., 1., 1., 1., 1., 1., 1., 1., 1., 1., 1., 1., 1., 1., 1.],
       device='cuda:0')
tensor([1., 1., 1., 1., 1., 1., 1., 1., 1., 1., 1., 1., 1., 1., 1., 1., 1., 1.,
        1., 1., 1., 1., 1., 1., 1., 1., 1., 1., 1., 1., 1., 1., 1., 1., 1., 1.,
        1., 1., 1., 1., 1., 1., 1., 1., 1., 1., 1., 1., 1., 1., 1., 1., 1., 1.,
        1., 1., 1., 1., 1., 1., 1., 1., 1., 1., 1., 1., 1., 1., 1., 1., 1., 1.,
        1., 1., 1., 1., 1., 1., 1., 1., 1., 1., 1., 1., 1., 1., 1., 1., 1., 1.,
        1., 1., 1., 1., 1., 1., 1., 1., 1., 1., 1., 1., 1., 1., 1., 1., 1., 1.,
        1., 1., 1., 1., 1., 1., 1., 1., 1., 1., 1., 1., 1., 1., 1., 1., 1.],
       device='cuda:0')
Solution is a valid permutation matrix.
0 0
[  1   2   3   4   5   6   7   8   9  10  11  12  13  14  15  16  17  18
  19  20  21  22  23  24  25  26  27  28  29  30  31  32  33  34  35  36
  37  38  39  40  41  42  43  44  45  46  47  48  49  50  51  52  53  54
  55  56  57  58  59  60  61  62  63  64  65  66  67  68  69  70  71  72
  73  74  75  76  77  78  79  80  81  82  83  84  85  86  87  88  89  90
  91  92  93  94  95  96  97  98  99 100 101 102 103 104 105 106 107 108
 109 110 111 112 113 114 115 116 117 118 119 120 121 122 123 124 125]
5000
Starting Optimization [N=125, Batch=5000, Device=cuda]
Iter 100: Best Obj 95950.0000, Loss 195007.5000, Term1 230604.8594, Term2 -35597.3672
Iter 200: Best Obj 87500.0000, Loss 122379.8438, Term1 158263.8438, Term2 -35884.0000
Iter 300: Best Obj 76452.0000, Loss 99700.5469, Term1 136304.8125, Term2 -36604.2695
Iter 400: Best Obj 65692.0000, Loss 86748.5312, Term1 123092.9453, Term2 -36344.4180
Iter 500: Best Obj 52338.0000, Loss 69287.8125, Term1 98429.3203, Term2 -29141.5059
Iter 600: Best Obj 44622.0000, Loss 50275.3945, Term1 68636.8906, Term2 -18361.4961
Iter 700: Best Obj 41106.0000, Loss 41117.8789, Term1 54353.4609, Term2 -13235.5830
Iter 800: Best Obj 39920.0000, Loss 37777.1484, Term1 49415.6133, Term2 -11638.4648
Iter 900: Best Obj 39172.0000, Loss 36420.7734, Term1 47434.7031, Term2 -11013.9297
Iter 1000: Best Obj 39172.0000, Loss 35686.8516, Term1 46343.2734, Term2 -10656.4229
Total Time: 150.00s, FPS: 6.7
tensor([1., 1., 1., 1., 1., 1., 1., 1., 1., 1., 1., 1., 1., 1., 1., 1., 1., 1.,
        1., 1., 1., 1., 1., 1., 1., 1., 1., 1., 1., 1., 1., 1., 1., 1., 1., 1.,
        1., 1., 1., 1., 1., 1., 1., 1., 1., 1., 1., 1., 1., 1., 1., 1., 1., 1.,
        1., 1., 1., 1., 1., 1., 1., 1., 1., 1., 1., 1., 1., 1., 1., 1., 1., 1.,
        1., 1., 1., 1., 1., 1., 1., 1., 1., 1., 1., 1., 1., 1., 1., 1., 1., 1.,
        1., 1., 1., 1., 1., 1., 1., 1., 1., 1., 1., 1., 1., 1., 1., 1., 1., 1.,
        1., 1., 1., 1., 1., 1., 1., 1., 1., 1., 1., 1., 1., 1., 1., 1., 1.],
       device='cuda:0')
tensor([1., 1., 1., 1., 1., 1., 1., 1., 1., 1., 1., 1., 1., 1., 1., 1., 1., 1.,
        1., 1., 1., 1., 1., 1., 1., 1., 1., 1., 1., 1., 1., 1., 1., 1., 1., 1.,
        1., 1., 1., 1., 1., 1., 1., 1., 1., 1., 1., 1., 1., 1., 1., 1., 1., 1.,
        1., 1., 1., 1., 1., 1., 1., 1., 1., 1., 1., 1., 1., 1., 1., 1., 1., 1.,
        1., 1., 1., 1., 1., 1., 1., 1., 1., 1., 1., 1., 1., 1., 1., 1., 1., 1.,
        1., 1., 1., 1., 1., 1., 1., 1., 1., 1., 1., 1., 1., 1., 1., 1., 1., 1.,
        1., 1., 1., 1., 1., 1., 1., 1., 1., 1., 1., 1., 1., 1., 1., 1., 1.],
       device='cuda:0')
Solution is a valid permutation matrix.
0 0
[  1   2   3   4   5   6   7   8   9  10  11  12  13  14  15  16  17  18
  19  20  21  22  23  24  25  26  27  28  29  30  31  32  33  34  35  36
  37  38  39  40  41  42  43  44  45  46  47  48  49  50  51  52  53  54
  55  56  57  58  59  60  61  62  63  64  65  66  67  68  69  70  71  72
  73  74  75  76  77  78  79  80  81  82  83  84  85  86  87  88  89  90
  91  92  93  94  95  96  97  98  99 100 101 102 103 104 105 106 107 108
 109 110 111 112 113 114 115 116 117 118 119 120 121 122 123 124 125]
5000
Starting Optimization [N=125, Batch=5000, Device=cuda]
Iter 100: Best Obj 96468.0000, Loss 183007.6562, Term1 230652.8906, Term2 -47645.2266
Iter 200: Best Obj 89442.0000, Loss 109905.3125, Term1 158208.7969, Term2 -48303.4844
Iter 300: Best Obj 78432.0000, Loss 86617.1172, Term1 136182.8750, Term2 -49565.7578
Iter 400: Best Obj 68498.0000, Loss 74407.7578, Term1 123881.7812, Term2 -49474.0234
Iter 500: Best Obj 51514.0000, Loss 61116.1680, Term1 102982.9844, Term2 -41866.8164
Iter 600: Best Obj 41578.0000, Loss 44754.1484, Term1 73423.4766, Term2 -28669.3262
Iter 700: Best Obj 41118.0000, Loss 35554.0391, Term1 56542.1211, Term2 -20988.0840
Iter 800: Best Obj 39164.0000, Loss 32208.9336, Term1 50249.3086, Term2 -18040.3750
Iter 900: Best Obj 38906.0000, Loss 31074.8125, Term1 47945.5156, Term2 -16870.7031
Iter 1000: Best Obj 38850.0000, Loss 30514.9297, Term1 46798.2422, Term2 -16283.3125
Total Time: 150.09s, FPS: 6.7
tensor([1., 1., 1., 1., 1., 1., 1., 1., 1., 1., 1., 1., 1., 1., 1., 1., 1., 1.,
        1., 1., 1., 1., 1., 1., 1., 1., 1., 1., 1., 1., 1., 1., 1., 1., 1., 1.,
        1., 1., 1., 1., 1., 1., 1., 1., 1., 1., 1., 1., 1., 1., 1., 1., 1., 1.,
        1., 1., 1., 1., 1., 1., 1., 1., 1., 1., 1., 1., 1., 1., 1., 1., 1., 1.,
        1., 1., 1., 1., 1., 1., 1., 1., 1., 1., 1., 1., 1., 1., 1., 1., 1., 1.,
        1., 1., 1., 1., 1., 1., 1., 1., 1., 1., 1., 1., 1., 1., 1., 1., 1., 1.,
        1., 1., 1., 1., 1., 1., 1., 1., 1., 1., 1., 1., 1., 1., 1., 1., 1.],
       device='cuda:0')
tensor([1., 1., 1., 1., 1., 1., 1., 1., 1., 1., 1., 1., 1., 1., 1., 1., 1., 1.,
        1., 1., 1., 1., 1., 1., 1., 1., 1., 1., 1., 1., 1., 1., 1., 1., 1., 1.,
        1., 1., 1., 1., 1., 1., 1., 1., 1., 1., 1., 1., 1., 1., 1., 1., 1., 1.,
        1., 1., 1., 1., 1., 1., 1., 1., 1., 1., 1., 1., 1., 1., 1., 1., 1., 1.,
        1., 1., 1., 1., 1., 1., 1., 1., 1., 1., 1., 1., 1., 1., 1., 1., 1., 1.,
        1., 1., 1., 1., 1., 1., 1., 1., 1., 1., 1., 1., 1., 1., 1., 1., 1., 1.,
        1., 1., 1., 1., 1., 1., 1., 1., 1., 1., 1., 1., 1., 1., 1., 1., 1.],
       device='cuda:0')
Solution is a valid permutation matrix.
0 0
[  1   2   3   4   5   6   7   8   9  10  11  12  13  14  15  16  17  18
  19  20  21  22  23  24  25  26  27  28  29  30  31  32  33  34  35  36
  37  38  39  40  41  42  43  44  45  46  47  48  49  50  51  52  53  54
  55  56  57  58  59  60  61  62  63  64  65  66  67  68  69  70  71  72
  73  74  75  76  77  78  79  80  81  82  83  84  85  86  87  88  89  90
  91  92  93  94  95  96  97  98  99 100 101 102 103 104 105 106 107 108
 109 110 111 112 113 114 115 116 117 118 119 120 121 122 123 124 125]
5000
Starting Optimization [N=125, Batch=5000, Device=cuda]
Iter 100: Best Obj 97770.0000, Loss 170899.0312, Term1 230663.6094, Term2 -59764.5859
Iter 200: Best Obj 92566.0000, Loss 97239.7812, Term1 158129.4375, Term2 -60889.6602
Iter 300: Best Obj 79588.0000, Loss 73349.4688, Term1 136030.5938, Term2 -62681.1289
Iter 400: Best Obj 68890.0000, Loss 61962.0273, Term1 124770.6953, Term2 -62808.6680
Iter 500: Best Obj 54882.0000, Loss 52250.7539, Term1 108725.5078, Term2 -56474.7539
Iter 600: Best Obj 41992.0000, Loss 38736.4141, Term1 81195.7656, Term2 -42459.3516
Iter 700: Best Obj 40312.0000, Loss 29490.1973, Term1 61374.9922, Term2 -31884.7949
Iter 800: Best Obj 38936.0000, Loss 26161.2285, Term1 52891.6875, Term2 -26730.4590
Iter 900: Best Obj 38728.0000, Loss 25239.6953, Term1 49978.5469, Term2 -24738.8516
Iter 1000: Best Obj 38728.0000, Loss 24843.6855, Term1 48756.3398, Term2 -23912.6543
Total Time: 149.95s, FPS: 6.7
tensor([1., 1., 1., 1., 1., 1., 1., 1., 1., 1., 1., 1., 1., 1., 1., 1., 1., 1.,
        1., 1., 1., 1., 1., 1., 1., 1., 1., 1., 1., 1., 1., 1., 1., 1., 1., 1.,
        1., 1., 1., 1., 1., 1., 1., 1., 1., 1., 1., 1., 1., 1., 1., 1., 1., 1.,
        1., 1., 1., 1., 1., 1., 1., 1., 1., 1., 1., 1., 1., 1., 1., 1., 1., 1.,
        1., 1., 1., 1., 1., 1., 1., 1., 1., 1., 1., 1., 1., 1., 1., 1., 1., 1.,
        1., 1., 1., 1., 1., 1., 1., 1., 1., 1., 1., 1., 1., 1., 1., 1., 1., 1.,
        1., 1., 1., 1., 1., 1., 1., 1., 1., 1., 1., 1., 1., 1., 1., 1., 1.],
       device='cuda:0')
tensor([1., 1., 1., 1., 1., 1., 1., 1., 1., 1., 1., 1., 1., 1., 1., 1., 1., 1.,
        1., 1., 1., 1., 1., 1., 1., 1., 1., 1., 1., 1., 1., 1., 1., 1., 1., 1.,
        1., 1., 1., 1., 1., 1., 1., 1., 1., 1., 1., 1., 1., 1., 1., 1., 1., 1.,
        1., 1., 1., 1., 1., 1., 1., 1., 1., 1., 1., 1., 1., 1., 1., 1., 1., 1.,
        1., 1., 1., 1., 1., 1., 1., 1., 1., 1., 1., 1., 1., 1., 1., 1., 1., 1.,
        1., 1., 1., 1., 1., 1., 1., 1., 1., 1., 1., 1., 1., 1., 1., 1., 1., 1.,
        1., 1., 1., 1., 1., 1., 1., 1., 1., 1., 1., 1., 1., 1., 1., 1., 1.],
       device='cuda:0')
Solution is a valid permutation matrix.
0 0
[  1   2   3   4   5   6   7   8   9  10  11  12  13  14  15  16  17  18
  19  20  21  22  23  24  25  26  27  28  29  30  31  32  33  34  35  36
  37  38  39  40  41  42  43  44  45  46  47  48  49  50  51  52  53  54
  55  56  57  58  59  60  61  62  63  64  65  66  67  68  69  70  71  72
  73  74  75  76  77  78  79  80  81  82  83  84  85  86  87  88  89  90
  91  92  93  94  95  96  97  98  99 100 101 102 103 104 105 106 107 108
 109 110 111 112 113 114 115 116 117 118 119 120 121 122 123 124 125]
5000
Starting Optimization [N=125, Batch=5000, Device=cuda]
Iter 100: Best Obj 99220.0000, Loss 158762.0000, Term1 230709.3281, Term2 -71947.3203
Iter 200: Best Obj 90976.0000, Loss 84415.9375, Term1 158027.4062, Term2 -73611.4688
Iter 300: Best Obj 81688.0000, Loss 60003.7578, Term1 135858.1875, Term2 -75854.4297
Iter 400: Best Obj 66792.0000, Loss 49346.7734, Term1 125497.9922, Term2 -76151.2188
Iter 500: Best Obj 55928.0000, Loss 42393.5312, Term1 114304.8125, Term2 -71911.2812
Iter 600: Best Obj 44328.0000, Loss 32180.6523, Term1 91605.4219, Term2 -59424.7695
Iter 700: Best Obj 40828.0000, Loss 22861.8203, Term1 69403.2578, Term2 -46541.4375
Iter 800: Best Obj 38260.0000, Loss 19485.6016, Term1 58638.7812, Term2 -39153.1797
Iter 900: Best Obj 37708.0000, Loss 18652.5391, Term1 54665.8516, Term2 -36013.3125
Iter 1000: Best Obj 37602.0000, Loss 18378.8711, Term1 53222.3242, Term2 -34843.4531
Total Time: 150.00s, FPS: 6.7
tensor([1., 1., 1., 1., 1., 1., 1., 1., 1., 1., 1., 1., 1., 1., 1., 1., 1., 1.,
        1., 1., 1., 1., 1., 1., 1., 1., 1., 1., 1., 1., 1., 1., 1., 1., 1., 1.,
        1., 1., 1., 1., 1., 1., 1., 1., 1., 1., 1., 1., 1., 1., 1., 1., 1., 1.,
        1., 1., 1., 1., 1., 1., 1., 1., 1., 1., 1., 1., 1., 1., 1., 1., 1., 1.,
        1., 1., 1., 1., 1., 1., 1., 1., 1., 1., 1., 1., 1., 1., 1., 1., 1., 1.,
        1., 1., 1., 1., 1., 1., 1., 1., 1., 1., 1., 1., 1., 1., 1., 1., 1., 1.,
        1., 1., 1., 1., 1., 1., 1., 1., 1., 1., 1., 1., 1., 1., 1., 1., 1.],
       device='cuda:0')
tensor([1., 1., 1., 1., 1., 1., 1., 1., 1., 1., 1., 1., 1., 1., 1., 1., 1., 1.,
        1., 1., 1., 1., 1., 1., 1., 1., 1., 1., 1., 1., 1., 1., 1., 1., 1., 1.,
        1., 1., 1., 1., 1., 1., 1., 1., 1., 1., 1., 1., 1., 1., 1., 1., 1., 1.,
        1., 1., 1., 1., 1., 1., 1., 1., 1., 1., 1., 1., 1., 1., 1., 1., 1., 1.,
        1., 1., 1., 1., 1., 1., 1., 1., 1., 1., 1., 1., 1., 1., 1., 1., 1., 1.,
        1., 1., 1., 1., 1., 1., 1., 1., 1., 1., 1., 1., 1., 1., 1., 1., 1., 1.,
        1., 1., 1., 1., 1., 1., 1., 1., 1., 1., 1., 1., 1., 1., 1., 1., 1.],
       device='cuda:0')
Solution is a valid permutation matrix.
0 0
[  1   2   3   4   5   6   7   8   9  10  11  12  13  14  15  16  17  18
  19  20  21  22  23  24  25  26  27  28  29  30  31  32  33  34  35  36
  37  38  39  40  41  42  43  44  45  46  47  48  49  50  51  52  53  54
  55  56  57  58  59  60  61  62  63  64  65  66  67  68  69  70  71  72
  73  74  75  76  77  78  79  80  81  82  83  84  85  86  87  88  89  90
  91  92  93  94  95  96  97  98  99 100 101 102 103 104 105 106 107 108
 109 110 111 112 113 114 115 116 117 118 119 120 121 122 123 124 125]
5000
Starting Optimization [N=125, Batch=5000, Device=cuda]
Iter 100: Best Obj 98632.0000, Loss 134307.5938, Term1 230800.0938, Term2 -96492.5000
Iter 200: Best Obj 95688.0000, Loss 58398.0312, Term1 157778.8125, Term2 -99380.7812
Iter 300: Best Obj 85202.0000, Loss 33344.8438, Term1 135548.1094, Term2 -102203.2656
Iter 400: Best Obj 74788.0000, Loss 23762.5391, Term1 126324.1641, Term2 -102561.6250
Iter 500: Best Obj 59554.0000, Loss 19499.2734, Term1 121057.9375, Term2 -101558.6641
Iter 600: Best Obj 50374.0000, Loss 15308.2266, Term1 111657.7109, Term2 -96349.4844
Iter 700: Best Obj 45106.0000, Loss 8542.5000, Term1 92203.4375, Term2 -83660.9375
Iter 800: Best Obj 43872.0000, Loss 3633.3906, Term1 76097.3203, Term2 -72463.9297
Iter 900: Best Obj 41430.0000, Loss 2768.3984, Term1 71098.4766, Term2 -68330.0781
Iter 1000: Best Obj 41022.0000, Loss 2627.1875, Term1 69425.0938, Term2 -66797.9062
Total Time: 150.03s, FPS: 6.7
tensor([1., 1., 1., 1., 1., 1., 1., 1., 1., 1., 1., 1., 1., 1., 1., 1., 1., 1.,
        1., 1., 1., 1., 1., 1., 1., 1., 1., 1., 1., 1., 1., 1., 1., 1., 1., 1.,
        1., 1., 1., 1., 1., 1., 1., 1., 1., 1., 1., 1., 1., 1., 1., 1., 1., 1.,
        1., 1., 1., 1., 1., 1., 1., 1., 1., 1., 1., 1., 1., 1., 1., 1., 1., 1.,
        1., 1., 1., 1., 1., 1., 1., 1., 1., 1., 1., 1., 1., 1., 1., 1., 1., 1.,
        1., 1., 1., 1., 1., 1., 1., 1., 1., 1., 1., 1., 1., 1., 1., 1., 1., 1.,
        1., 1., 1., 1., 1., 1., 1., 1., 1., 1., 1., 1., 1., 1., 1., 1., 1.],
       device='cuda:0')
tensor([1., 1., 1., 1., 1., 1., 1., 1., 1., 1., 1., 1., 1., 1., 1., 1., 1., 1.,
        1., 1., 1., 1., 1., 1., 1., 1., 1., 1., 1., 1., 1., 1., 1., 1., 1., 1.,
        1., 1., 1., 1., 1., 1., 1., 1., 1., 1., 1., 1., 1., 1., 1., 1., 1., 1.,
        1., 1., 1., 1., 1., 1., 1., 1., 1., 1., 1., 1., 1., 1., 1., 1., 1., 1.,
        1., 1., 1., 1., 1., 1., 1., 1., 1., 1., 1., 1., 1., 1., 1., 1., 1., 1.,
        1., 1., 1., 1., 1., 1., 1., 1., 1., 1., 1., 1., 1., 1., 1., 1., 1., 1.,
        1., 1., 1., 1., 1., 1., 1., 1., 1., 1., 1., 1., 1., 1., 1., 1., 1.],
       device='cuda:0')
Solution is a valid permutation matrix.
0 0
[  1   2   3   4   5   6   7   8   9  10  11  12  13  14  15  16  17  18
  19  20  21  22  23  24  25  26  27  28  29  30  31  32  33  34  35  36
  37  38  39  40  41  42  43  44  45  46  47  48  49  50  51  52  53  54
  55  56  57  58  59  60  61  62  63  64  65  66  67  68  69  70  71  72
  73  74  75  76  77  78  79  80  81  82  83  84  85  86  87  88  89  90
  91  92  93  94  95  96  97  98  99 100 101 102 103 104 105 106 107 108
 109 110 111 112 113 114 115 116 117 118 119 120 121 122 123 124 125]
5000
Starting Optimization [N=125, Batch=5000, Device=cuda]
Iter 100: Best Obj 99302.0000, Loss 109596.2109, Term1 230848.3750, Term2 -121252.1641
Iter 200: Best Obj 94304.0000, Loss 32041.5781, Term1 157492.6406, Term2 -125451.0625
Iter 300: Best Obj 89828.0000, Loss 6881.0312, Term1 135324.4531, Term2 -128443.4219
Iter 400: Best Obj 82848.0000, Loss -1986.0859, Term1 126671.4062, Term2 -128657.4922
Iter 500: Best Obj 69624.0000, Loss -5781.8594, Term1 122669.5000, Term2 -128451.3594
Iter 600: Best Obj 63908.0000, Loss -7986.7500, Term1 119944.1094, Term2 -127930.8594
Iter 700: Best Obj 58350.0000, Loss -9821.8984, Term1 115622.1250, Term2 -125444.0234
Iter 800: Best Obj 54426.0000, Loss -12778.0234, Term1 102659.2812, Term2 -115437.3047
Iter 900: Best Obj 52866.0000, Loss -15761.6250, Term1 85226.4688, Term2 -100988.0938
Iter 1000: Best Obj 52652.0000, Loss -16115.3438, Term1 81356.0703, Term2 -97471.4141
Total Time: 149.99s, FPS: 6.7
tensor([1., 1., 1., 1., 1., 1., 1., 1., 1., 1., 1., 1., 1., 1., 1., 1., 1., 1.,
        1., 1., 1., 1., 1., 1., 1., 1., 1., 1., 1., 1., 1., 1., 1., 1., 1., 1.,
        1., 1., 1., 1., 1., 1., 1., 1., 1., 1., 1., 1., 1., 1., 1., 1., 1., 1.,
        1., 1., 1., 1., 1., 1., 1., 1., 1., 1., 1., 1., 1., 1., 1., 1., 1., 1.,
        1., 1., 1., 1., 1., 1., 1., 1., 1., 1., 1., 1., 1., 1., 1., 1., 1., 1.,
        1., 1., 1., 1., 1., 1., 1., 1., 1., 1., 1., 1., 1., 1., 1., 1., 1., 1.,
        1., 1., 1., 1., 1., 1., 1., 1., 1., 1., 1., 1., 1., 1., 1., 1., 1.],
       device='cuda:0')
tensor([1., 1., 1., 1., 1., 1., 1., 1., 1., 1., 1., 1., 1., 1., 1., 1., 1., 1.,
        1., 1., 1., 1., 1., 1., 1., 1., 1., 1., 1., 1., 1., 1., 1., 1., 1., 1.,
        1., 1., 1., 1., 1., 1., 1., 1., 1., 1., 1., 1., 1., 1., 1., 1., 1., 1.,
        1., 1., 1., 1., 1., 1., 1., 1., 1., 1., 1., 1., 1., 1., 1., 1., 1., 1.,
        1., 1., 1., 1., 1., 1., 1., 1., 1., 1., 1., 1., 1., 1., 1., 1., 1., 1.,
        1., 1., 1., 1., 1., 1., 1., 1., 1., 1., 1., 1., 1., 1., 1., 1., 1., 1.,
        1., 1., 1., 1., 1., 1., 1., 1., 1., 1., 1., 1., 1., 1., 1., 1., 1.],
       device='cuda:0')
Solution is a valid permutation matrix.
0 0
[  1   2   3   4   5   6   7   8   9  10  11  12  13  14  15  16  17  18
  19  20  21  22  23  24  25  26  27  28  29  30  31  32  33  34  35  36
  37  38  39  40  41  42  43  44  45  46  47  48  49  50  51  52  53  54
  55  56  57  58  59  60  61  62  63  64  65  66  67  68  69  70  71  72
  73  74  75  76  77  78  79  80  81  82  83  84  85  86  87  88  89  90
  91  92  93  94  95  96  97  98  99 100 101 102 103 104 105 106 107 108
 109 110 111 112 113 114 115 116 117 118 119 120 121 122 123 124 125]
5000
Starting Optimization [N=125, Batch=5000, Device=cuda]
Iter 100: Best Obj 98798.0000, Loss 84696.2656, Term1 230899.1562, Term2 -146202.8906
Iter 200: Best Obj 97794.0000, Loss 5504.4219, Term1 157199.2969, Term2 -151694.8750
Iter 300: Best Obj 91894.0000, Loss -19375.5469, Term1 135189.4062, Term2 -154564.9531
Iter 400: Best Obj 84746.0000, Loss -27747.1875, Term1 126866.7188, Term2 -154613.9062
Iter 500: Best Obj 75838.0000, Loss -31484.6016, Term1 123031.4141, Term2 -154516.0156
Iter 600: Best Obj 73280.0000, Loss -33618.5234, Term1 120849.0078, Term2 -154467.5312
Iter 700: Best Obj 73280.0000, Loss -34927.9453, Term1 119436.1641, Term2 -154364.1094
Iter 800: Best Obj 70272.0000, Loss -35740.7578, Term1 118320.9766, Term2 -154061.7344
Iter 900: Best Obj 65004.0000, Loss -36285.1094, Term1 116719.9531, Term2 -153005.0625
Iter 1000: Best Obj 61814.0000, Loss -36752.9219, Term1 112957.6250, Term2 -149710.5469
Total Time: 149.97s, FPS: 6.7
tensor([1., 1., 1., 1., 1., 1., 1., 1., 1., 1., 1., 1., 1., 1., 1., 1., 1., 1.,
        1., 1., 1., 1., 1., 1., 1., 1., 1., 1., 1., 1., 1., 1., 1., 1., 1., 1.,
        1., 1., 1., 1., 1., 1., 1., 1., 1., 1., 1., 1., 1., 1., 1., 1., 1., 1.,
        1., 1., 1., 1., 1., 1., 1., 1., 1., 1., 1., 1., 1., 1., 1., 1., 1., 1.,
        1., 1., 1., 1., 1., 1., 1., 1., 1., 1., 1., 1., 1., 1., 1., 1., 1., 1.,
        1., 1., 1., 1., 1., 1., 1., 1., 1., 1., 1., 1., 1., 1., 1., 1., 1., 1.,
        1., 1., 1., 1., 1., 1., 1., 1., 1., 1., 1., 1., 1., 1., 1., 1., 1.],
       device='cuda:0')
tensor([1., 1., 1., 1., 1., 1., 1., 1., 1., 1., 1., 1., 1., 1., 1., 1., 1., 1.,
        1., 1., 1., 1., 1., 1., 1., 1., 1., 1., 1., 1., 1., 1., 1., 1., 1., 1.,
        1., 1., 1., 1., 1., 1., 1., 1., 1., 1., 1., 1., 1., 1., 1., 1., 1., 1.,
        1., 1., 1., 1., 1., 1., 1., 1., 1., 1., 1., 1., 1., 1., 1., 1., 1., 1.,
        1., 1., 1., 1., 1., 1., 1., 1., 1., 1., 1., 1., 1., 1., 1., 1., 1., 1.,
        1., 1., 1., 1., 1., 1., 1., 1., 1., 1., 1., 1., 1., 1., 1., 1., 1., 1.,
        1., 1., 1., 1., 1., 1., 1., 1., 1., 1., 1., 1., 1., 1., 1., 1., 1.],
       device='cuda:0')
Solution is a valid permutation matrix.
0 0
[  1   2   3   4   5   6   7   8   9  10  11  12  13  14  15  16  17  18
  19  20  21  22  23  24  25  26  27  28  29  30  31  32  33  34  35  36
  37  38  39  40  41  42  43  44  45  46  47  48  49  50  51  52  53  54
  55  56  57  58  59  60  61  62  63  64  65  66  67  68  69  70  71  72
  73  74  75  76  77  78  79  80  81  82  83  84  85  86  87  88  89  90
  91  92  93  94  95  96  97  98  99 100 101 102 103 104 105 106 107 108
 109 110 111 112 113 114 115 116 117 118 119 120 121 122 123 124 125]
5000
Starting Optimization [N=125, Batch=5000, Device=cuda]
Iter 100: Best Obj 99030.0000, Loss -16444.5312, Term1 231086.7500, Term2 -247531.2812
Iter 200: Best Obj 97544.0000, Loss -100772.8750, Term1 156254.1094, Term2 -257026.9844
Iter 300: Best Obj 95828.0000, Loss -123210.6250, Term1 135233.7031, Term2 -258444.3281
Iter 400: Best Obj 94824.0000, Loss -130769.6172, Term1 127412.3828, Term2 -258182.0000
Iter 500: Best Obj 91736.0000, Loss -134623.6250, Term1 123482.6953, Term2 -258106.3281
Iter 600: Best Obj 91736.0000, Loss -136893.5469, Term1 121169.3594, Term2 -258062.9062
Iter 700: Best Obj 91736.0000, Loss -138258.1562, Term1 119743.2109, Term2 -258001.3750
Iter 800: Best Obj 91736.0000, Loss -139066.7500, Term1 118860.0156, Term2 -257926.7656
Iter 900: Best Obj 91736.0000, Loss -139531.7344, Term1 118316.2969, Term2 -257848.0312
Iter 1000: Best Obj 91736.0000, Loss -139786.2656, Term1 117983.8281, Term2 -257770.0938
Total Time: 150.24s, FPS: 6.7
tensor([1., 1., 1., 1., 1., 1., 1., 1., 1., 1., 1., 1., 1., 1., 1., 1., 1., 1.,
        1., 1., 1., 1., 1., 1., 1., 1., 1., 1., 1., 1., 1., 1., 1., 1., 1., 1.,
        1., 1., 1., 1., 1., 1., 1., 1., 1., 1., 1., 1., 1., 1., 1., 1., 1., 1.,
        1., 1., 1., 1., 1., 1., 1., 1., 1., 1., 1., 1., 1., 1., 1., 1., 1., 1.,
        1., 1., 1., 1., 1., 1., 1., 1., 1., 1., 1., 1., 1., 1., 1., 1., 1., 1.,
        1., 1., 1., 1., 1., 1., 1., 1., 1., 1., 1., 1., 1., 1., 1., 1., 1., 1.,
        1., 1., 1., 1., 1., 1., 1., 1., 1., 1., 1., 1., 1., 1., 1., 1., 1.],
       device='cuda:0')
tensor([1., 1., 1., 1., 1., 1., 1., 1., 1., 1., 1., 1., 1., 1., 1., 1., 1., 1.,
        1., 1., 1., 1., 1., 1., 1., 1., 1., 1., 1., 1., 1., 1., 1., 1., 1., 1.,
        1., 1., 1., 1., 1., 1., 1., 1., 1., 1., 1., 1., 1., 1., 1., 1., 1., 1.,
        1., 1., 1., 1., 1., 1., 1., 1., 1., 1., 1., 1., 1., 1., 1., 1., 1., 1.,
        1., 1., 1., 1., 1., 1., 1., 1., 1., 1., 1., 1., 1., 1., 1., 1., 1., 1.,
        1., 1., 1., 1., 1., 1., 1., 1., 1., 1., 1., 1., 1., 1., 1., 1., 1., 1.,
        1., 1., 1., 1., 1., 1., 1., 1., 1., 1., 1., 1., 1., 1., 1., 1., 1.],
       device='cuda:0')
Solution is a valid permutation matrix.
0 0
[  1   2   3   4   5   6   7   8   9  10  11  12  13  14  15  16  17  18
  19  20  21  22  23  24  25  26  27  28  29  30  31  32  33  34  35  36
  37  38  39  40  41  42  43  44  45  46  47  48  49  50  51  52  53  54
  55  56  57  58  59  60  61  62  63  64  65  66  67  68  69  70  71  72
  73  74  75  76  77  78  79  80  81  82  83  84  85  86  87  88  89  90
  91  92  93  94  95  96  97  98  99 100 101 102 103 104 105 106 107 108
 109 110 111 112 113 114 115 116 117 118 119 120 121 122 123 124 125]
5000
Starting Optimization [N=125, Batch=5000, Device=cuda]
Iter 100: Best Obj 97696.0000, Loss -275442.5000, Term1 231718.2031, Term2 -507160.6875
Iter 200: Best Obj 97696.0000, Loss -362263.6250, Term1 156063.5938, Term2 -518327.2188
Iter 300: Best Obj 97696.0000, Loss -381088.4688, Term1 136405.9375, Term2 -517494.4062
Iter 400: Best Obj 90604.0000, Loss -388783.1562, Term1 128317.5000, Term2 -517100.6562
Iter 500: Best Obj 90408.0000, Loss -392942.1250, Term1 123954.6562, Term2 -516896.7812
Iter 600: Best Obj 90408.0000, Loss -395332.4375, Term1 121394.9844, Term2 -516727.4375
Iter 700: Best Obj 90408.0000, Loss -396722.5625, Term1 119857.9219, Term2 -516580.4688
Iter 800: Best Obj 90408.0000, Loss -397525.8750, Term1 118928.8281, Term2 -516454.7188
Iter 900: Best Obj 90408.0000, Loss -397980.9688, Term1 118365.9297, Term2 -516346.9062
Iter 1000: Best Obj 90408.0000, Loss -398227.9375, Term1 118024.2344, Term2 -516252.1875
Total Time: 150.21s, FPS: 6.7
tensor([1., 1., 1., 1., 1., 1., 1., 1., 1., 1., 1., 1., 1., 1., 1., 1., 1., 1.,
        1., 1., 1., 1., 1., 1., 1., 1., 1., 1., 1., 1., 1., 1., 1., 1., 1., 1.,
        1., 1., 1., 1., 1., 1., 1., 1., 1., 1., 1., 1., 1., 1., 1., 1., 1., 1.,
        1., 1., 1., 1., 1., 1., 1., 1., 1., 1., 1., 1., 1., 1., 1., 1., 1., 1.,
        1., 1., 1., 1., 1., 1., 1., 1., 1., 1., 1., 1., 1., 1., 1., 1., 1., 1.,
        1., 1., 1., 1., 1., 1., 1., 1., 1., 1., 1., 1., 1., 1., 1., 1., 1., 1.,
        1., 1., 1., 1., 1., 1., 1., 1., 1., 1., 1., 1., 1., 1., 1., 1., 1.],
       device='cuda:0')
tensor([1., 1., 1., 1., 1., 1., 1., 1., 1., 1., 1., 1., 1., 1., 1., 1., 1., 1.,
        1., 1., 1., 1., 1., 1., 1., 1., 1., 1., 1., 1., 1., 1., 1., 1., 1., 1.,
        1., 1., 1., 1., 1., 1., 1., 1., 1., 1., 1., 1., 1., 1., 1., 1., 1., 1.,
        1., 1., 1., 1., 1., 1., 1., 1., 1., 1., 1., 1., 1., 1., 1., 1., 1., 1.,
        1., 1., 1., 1., 1., 1., 1., 1., 1., 1., 1., 1., 1., 1., 1., 1., 1., 1.,
        1., 1., 1., 1., 1., 1., 1., 1., 1., 1., 1., 1., 1., 1., 1., 1., 1., 1.,
        1., 1., 1., 1., 1., 1., 1., 1., 1., 1., 1., 1., 1., 1., 1., 1., 1.],
       device='cuda:0')
Solution is a valid permutation matrix.
0 0
[  1   2   3   4   5   6   7   8   9  10  11  12  13  14  15  16  17  18
  19  20  21  22  23  24  25  26  27  28  29  30  31  32  33  34  35  36
  37  38  39  40  41  42  43  44  45  46  47  48  49  50  51  52  53  54
  55  56  57  58  59  60  61  62  63  64  65  66  67  68  69  70  71  72
  73  74  75  76  77  78  79  80  81  82  83  84  85  86  87  88  89  90
  91  92  93  94  95  96  97  98  99 100 101 102 103 104 105 106 107 108
 109 110 111 112 113 114 115 116 117 118 119 120 121 122 123 124 125]
5000
Starting Optimization [N=125, Batch=5000, Device=cuda]
Iter 100: Best Obj 95864.0000, Loss -4954816.5000, Term1 286411.0312, Term2 -5241227.5000
Iter 200: Best Obj 95864.0000, Loss -5019372.0000, Term1 182325.2188, Term2 -5201697.0000
Iter 300: Best Obj 95864.0000, Loss -5036756.5000, Term1 150675.9688, Term2 -5187432.5000
Iter 400: Best Obj 95864.0000, Loss -5043660.5000, Term1 136742.3750, Term2 -5180403.0000
Iter 500: Best Obj 95864.0000, Loss -5046981.0000, Term1 129347.0391, Term2 -5176328.0000
Iter 600: Best Obj 95864.0000, Loss -5048732.5000, Term1 125025.7344, Term2 -5173758.0000
Iter 700: Best Obj 95864.0000, Loss -5049689.5000, Term1 122371.5234, Term2 -5172061.0000
Iter 800: Best Obj 95864.0000, Loss -5050149.5000, Term1 120733.5469, Term2 -5170883.0000
Iter 900: Best Obj 95864.0000, Loss -5050399.0000, Term1 119767.1719, Term2 -5170166.0000
Iter 1000: Best Obj 95864.0000, Loss -5050528.0000, Term1 119143.0859, Term2 -5169671.0000
Total Time: 150.20s, FPS: 6.7
tensor([1., 1., 1., 1., 1., 1., 1., 1., 1., 1., 1., 1., 1., 1., 1., 1., 1., 1.,
        1., 1., 1., 1., 1., 1., 1., 1., 1., 1., 1., 1., 1., 1., 1., 1., 1., 1.,
        1., 1., 1., 1., 1., 1., 1., 1., 1., 1., 1., 1., 1., 1., 1., 1., 1., 1.,
        1., 1., 1., 1., 1., 1., 1., 1., 1., 1., 1., 1., 1., 1., 1., 1., 1., 1.,
        1., 1., 1., 1., 1., 1., 1., 1., 1., 1., 1., 1., 1., 1., 1., 1., 1., 1.,
        1., 1., 1., 1., 1., 1., 1., 1., 1., 1., 1., 1., 1., 1., 1., 1., 1., 1.,
        1., 1., 1., 1., 1., 1., 1., 1., 1., 1., 1., 1., 1., 1., 1., 1., 1.],
       device='cuda:0')
tensor([1., 1., 1., 1., 1., 1., 1., 1., 1., 1., 1., 1., 1., 1., 1., 1., 1., 1.,
        1., 1., 1., 1., 1., 1., 1., 1., 1., 1., 1., 1., 1., 1., 1., 1., 1., 1.,
        1., 1., 1., 1., 1., 1., 1., 1., 1., 1., 1., 1., 1., 1., 1., 1., 1., 1.,
        1., 1., 1., 1., 1., 1., 1., 1., 1., 1., 1., 1., 1., 1., 1., 1., 1., 1.,
        1., 1., 1., 1., 1., 1., 1., 1., 1., 1., 1., 1., 1., 1., 1., 1., 1., 1.,
        1., 1., 1., 1., 1., 1., 1., 1., 1., 1., 1., 1., 1., 1., 1., 1., 1., 1.,
        1., 1., 1., 1., 1., 1., 1., 1., 1., 1., 1., 1., 1., 1., 1., 1., 1.],
       device='cuda:0')
Solution is a valid permutation matrix.
0 0
[  1   2   3   4   5   6   7   8   9  10  11  12  13  14  15  16  17  18
  19  20  21  22  23  24  25  26  27  28  29  30  31  32  33  34  35  36
  37  38  39  40  41  42  43  44  45  46  47  48  49  50  51  52  53  54
  55  56  57  58  59  60  61  62  63  64  65  66  67  68  69  70  71  72
  73  74  75  76  77  78  79  80  81  82  83  84  85  86  87  88  89  90
  91  92  93  94  95  96  97  98  99 100 101 102 103 104 105 106 107 108
 109 110 111 112 113 114 115 116 117 118 119 120 121 122 123 124 125]
5000
Starting Optimization [N=125, Batch=5000, Device=cuda]
Iter 100: Best Obj 86802.0000, Loss 181477.4375, Term1 205117.0781, Term2 -23639.6445
Iter 200: Best Obj 83324.0000, Loss 118696.8438, Term1 142393.6719, Term2 -23696.8242
Iter 300: Best Obj 66358.0000, Loss 98912.2500, Term1 122856.5312, Term2 -23944.2793
Iter 400: Best Obj 55306.0000, Loss 84371.6875, Term1 107415.3516, Term2 -23043.6602
Iter 500: Best Obj 43492.0000, Loss 61426.0625, Term1 77986.4531, Term2 -16560.3906
Iter 600: Best Obj 37702.0000, Loss 45050.4258, Term1 55105.0273, Term2 -10054.6006
Iter 700: Best Obj 35298.0000, Loss 38804.4766, Term1 46415.6836, Term2 -7611.2051
Iter 800: Best Obj 34768.0000, Loss 36419.8984, Term1 43277.2695, Term2 -6857.3730
Iter 900: Best Obj 34298.0000, Loss 35225.9180, Term1 41758.7227, Term2 -6532.8057
Iter 1000: Best Obj 34114.0000, Loss 34493.2539, Term1 40817.4414, Term2 -6324.1865
Total Time: 150.22s, FPS: 6.7
tensor([1., 1., 1., 1., 1., 1., 1., 1., 1., 1., 1., 1., 1., 1., 1., 1., 1., 1.,
        1., 1., 1., 1., 1., 1., 1., 1., 1., 1., 1., 1., 1., 1., 1., 1., 1., 1.,
        1., 1., 1., 1., 1., 1., 1., 1., 1., 1., 1., 1., 1., 1., 1., 1., 1., 1.,
        1., 1., 1., 1., 1., 1., 1., 1., 1., 1., 1., 1., 1., 1., 1., 1., 1., 1.,
        1., 1., 1., 1., 1., 1., 1., 1., 1., 1., 1., 1., 1., 1., 1., 1., 1., 1.,
        1., 1., 1., 1., 1., 1., 1., 1., 1., 1., 1., 1., 1., 1., 1., 1., 1., 1.,
        1., 1., 1., 1., 1., 1., 1., 1., 1., 1., 1., 1., 1., 1., 1., 1., 1.],
       device='cuda:0')
tensor([1., 1., 1., 1., 1., 1., 1., 1., 1., 1., 1., 1., 1., 1., 1., 1., 1., 1.,
        1., 1., 1., 1., 1., 1., 1., 1., 1., 1., 1., 1., 1., 1., 1., 1., 1., 1.,
        1., 1., 1., 1., 1., 1., 1., 1., 1., 1., 1., 1., 1., 1., 1., 1., 1., 1.,
        1., 1., 1., 1., 1., 1., 1., 1., 1., 1., 1., 1., 1., 1., 1., 1., 1., 1.,
        1., 1., 1., 1., 1., 1., 1., 1., 1., 1., 1., 1., 1., 1., 1., 1., 1., 1.,
        1., 1., 1., 1., 1., 1., 1., 1., 1., 1., 1., 1., 1., 1., 1., 1., 1., 1.,
        1., 1., 1., 1., 1., 1., 1., 1., 1., 1., 1., 1., 1., 1., 1., 1., 1.],
       device='cuda:0')
Solution is a valid permutation matrix.
0 0
[  1   2   3   4   5   6   7   8   9  10  11  12  13  14  15  16  17  18
  19  20  21  22  23  24  25  26  27  28  29  30  31  32  33  34  35  36
  37  38  39  40  41  42  43  44  45  46  47  48  49  50  51  52  53  54
  55  56  57  58  59  60  61  62  63  64  65  66  67  68  69  70  71  72
  73  74  75  76  77  78  79  80  81  82  83  84  85  86  87  88  89  90
  91  92  93  94  95  96  97  98  99 100 101 102 103 104 105 106 107 108
 109 110 111 112 113 114 115 116 117 118 119 120 121 122 123 124 125]
5000
Starting Optimization [N=125, Batch=5000, Device=cuda]
Iter 100: Best Obj 88494.0000, Loss 169498.0156, Term1 205136.6406, Term2 -35638.6250
Iter 200: Best Obj 81588.0000, Loss 106377.1406, Term1 142375.0156, Term2 -35997.8711
Iter 300: Best Obj 67416.0000, Loss 86141.2812, Term1 122866.9531, Term2 -36725.6719
Iter 400: Best Obj 55258.0000, Loss 72670.6719, Term1 108230.2031, Term2 -35559.5273
Iter 500: Best Obj 41872.0000, Loss 54270.9297, Term1 80999.3359, Term2 -26728.4043
Iter 600: Best Obj 33930.0000, Loss 39823.4766, Term1 57336.3594, Term2 -17512.8809
Iter 700: Best Obj 32848.0000, Loss 33488.2148, Term1 46987.1641, Term2 -13498.9492
Iter 800: Best Obj 32704.0000, Loss 31071.4395, Term1 43150.2031, Term2 -12078.7637
Iter 900: Best Obj 32494.0000, Loss 29976.9121, Term1 41408.3320, Term2 -11431.4199
Iter 1000: Best Obj 32478.0000, Loss 29356.9336, Term1 40405.0586, Term2 -11048.1240
Total Time: 149.97s, FPS: 6.7
tensor([1., 1., 1., 1., 1., 1., 1., 1., 1., 1., 1., 1., 1., 1., 1., 1., 1., 1.,
        1., 1., 1., 1., 1., 1., 1., 1., 1., 1., 1., 1., 1., 1., 1., 1., 1., 1.,
        1., 1., 1., 1., 1., 1., 1., 1., 1., 1., 1., 1., 1., 1., 1., 1., 1., 1.,
        1., 1., 1., 1., 1., 1., 1., 1., 1., 1., 1., 1., 1., 1., 1., 1., 1., 1.,
        1., 1., 1., 1., 1., 1., 1., 1., 1., 1., 1., 1., 1., 1., 1., 1., 1., 1.,
        1., 1., 1., 1., 1., 1., 1., 1., 1., 1., 1., 1., 1., 1., 1., 1., 1., 1.,
        1., 1., 1., 1., 1., 1., 1., 1., 1., 1., 1., 1., 1., 1., 1., 1., 1.],
       device='cuda:0')
tensor([1., 1., 1., 1., 1., 1., 1., 1., 1., 1., 1., 1., 1., 1., 1., 1., 1., 1.,
        1., 1., 1., 1., 1., 1., 1., 1., 1., 1., 1., 1., 1., 1., 1., 1., 1., 1.,
        1., 1., 1., 1., 1., 1., 1., 1., 1., 1., 1., 1., 1., 1., 1., 1., 1., 1.,
        1., 1., 1., 1., 1., 1., 1., 1., 1., 1., 1., 1., 1., 1., 1., 1., 1., 1.,
        1., 1., 1., 1., 1., 1., 1., 1., 1., 1., 1., 1., 1., 1., 1., 1., 1., 1.,
        1., 1., 1., 1., 1., 1., 1., 1., 1., 1., 1., 1., 1., 1., 1., 1., 1., 1.,
        1., 1., 1., 1., 1., 1., 1., 1., 1., 1., 1., 1., 1., 1., 1., 1., 1.],
       device='cuda:0')
Solution is a valid permutation matrix.
0 0
[  1   2   3   4   5   6   7   8   9  10  11  12  13  14  15  16  17  18
  19  20  21  22  23  24  25  26  27  28  29  30  31  32  33  34  35  36
  37  38  39  40  41  42  43  44  45  46  47  48  49  50  51  52  53  54
  55  56  57  58  59  60  61  62  63  64  65  66  67  68  69  70  71  72
  73  74  75  76  77  78  79  80  81  82  83  84  85  86  87  88  89  90
  91  92  93  94  95  96  97  98  99 100 101 102 103 104 105 106 107 108
 109 110 111 112 113 114 115 116 117 118 119 120 121 122 123 124 125]
5000
Starting Optimization [N=125, Batch=5000, Device=cuda]
Iter 100: Best Obj 89830.0000, Loss 157455.5156, Term1 205177.4531, Term2 -47721.9336
Iter 200: Best Obj 83254.0000, Loss 93819.4844, Term1 142325.0000, Term2 -48505.5195
Iter 300: Best Obj 73712.0000, Loss 73061.8438, Term1 122815.7734, Term2 -49753.9336
Iter 400: Best Obj 58370.0000, Loss 60998.7344, Term1 109576.8984, Term2 -48578.1641
Iter 500: Best Obj 42538.0000, Loss 46738.2695, Term1 85878.7891, Term2 -39140.5195
Iter 600: Best Obj 33678.0000, Loss 33826.5000, Term1 61571.9961, Term2 -27745.4961
Iter 700: Best Obj 32818.0000, Loss 27566.8926, Term1 49184.8164, Term2 -21617.9238
Iter 800: Best Obj 32288.0000, Loss 25304.2461, Term1 44245.3789, Term2 -18941.1328
Iter 900: Best Obj 32170.0000, Loss 24418.7363, Term1 42219.6484, Term2 -17800.9121
Iter 1000: Best Obj 32124.0000, Loss 23946.6855, Term1 41163.6992, Term2 -17217.0137
Total Time: 149.93s, FPS: 6.7
tensor([1., 1., 1., 1., 1., 1., 1., 1., 1., 1., 1., 1., 1., 1., 1., 1., 1., 1.,
        1., 1., 1., 1., 1., 1., 1., 1., 1., 1., 1., 1., 1., 1., 1., 1., 1., 1.,
        1., 1., 1., 1., 1., 1., 1., 1., 1., 1., 1., 1., 1., 1., 1., 1., 1., 1.,
        1., 1., 1., 1., 1., 1., 1., 1., 1., 1., 1., 1., 1., 1., 1., 1., 1., 1.,
        1., 1., 1., 1., 1., 1., 1., 1., 1., 1., 1., 1., 1., 1., 1., 1., 1., 1.,
        1., 1., 1., 1., 1., 1., 1., 1., 1., 1., 1., 1., 1., 1., 1., 1., 1., 1.,
        1., 1., 1., 1., 1., 1., 1., 1., 1., 1., 1., 1., 1., 1., 1., 1., 1.],
       device='cuda:0')
tensor([1., 1., 1., 1., 1., 1., 1., 1., 1., 1., 1., 1., 1., 1., 1., 1., 1., 1.,
        1., 1., 1., 1., 1., 1., 1., 1., 1., 1., 1., 1., 1., 1., 1., 1., 1., 1.,
        1., 1., 1., 1., 1., 1., 1., 1., 1., 1., 1., 1., 1., 1., 1., 1., 1., 1.,
        1., 1., 1., 1., 1., 1., 1., 1., 1., 1., 1., 1., 1., 1., 1., 1., 1., 1.,
        1., 1., 1., 1., 1., 1., 1., 1., 1., 1., 1., 1., 1., 1., 1., 1., 1., 1.,
        1., 1., 1., 1., 1., 1., 1., 1., 1., 1., 1., 1., 1., 1., 1., 1., 1., 1.,
        1., 1., 1., 1., 1., 1., 1., 1., 1., 1., 1., 1., 1., 1., 1., 1., 1.],
       device='cuda:0')
Solution is a valid permutation matrix.
0 0
[  1   2   3   4   5   6   7   8   9  10  11  12  13  14  15  16  17  18
  19  20  21  22  23  24  25  26  27  28  29  30  31  32  33  34  35  36
  37  38  39  40  41  42  43  44  45  46  47  48  49  50  51  52  53  54
  55  56  57  58  59  60  61  62  63  64  65  66  67  68  69  70  71  72
  73  74  75  76  77  78  79  80  81  82  83  84  85  86  87  88  89  90
  91  92  93  94  95  96  97  98  99 100 101 102 103 104 105 106 107 108
 109 110 111 112 113 114 115 116 117 118 119 120 121 122 123 124 125]
5000
Starting Optimization [N=125, Batch=5000, Device=cuda]
Iter 100: Best Obj 89572.0000, Loss 145307.6094, Term1 205190.4688, Term2 -59882.8633
Iter 200: Best Obj 83648.0000, Loss 81058.0312, Term1 142244.4688, Term2 -61186.4336
Iter 300: Best Obj 74558.0000, Loss 59844.0469, Term1 122745.7188, Term2 -62901.6719
Iter 400: Best Obj 59902.0000, Loss 49173.0312, Term1 111136.3359, Term2 -61963.3047
Iter 500: Best Obj 44818.0000, Loss 38502.6172, Term1 92142.0312, Term2 -53639.4141
Iter 600: Best Obj 36850.0000, Loss 27088.3438, Term1 68240.4453, Term2 -41152.1016
Iter 700: Best Obj 33402.0000, Loss 21067.1914, Term1 54066.4648, Term2 -32999.2734
Iter 800: Best Obj 32732.0000, Loss 18952.2773, Term1 47513.5078, Term2 -28561.2305
Iter 900: Best Obj 32218.0000, Loss 18260.8516, Term1 45053.1367, Term2 -26792.2852
Iter 1000: Best Obj 32208.0000, Loss 17884.7188, Term1 43839.3086, Term2 -25954.5898
Total Time: 149.96s, FPS: 6.7
tensor([1., 1., 1., 1., 1., 1., 1., 1., 1., 1., 1., 1., 1., 1., 1., 1., 1., 1.,
        1., 1., 1., 1., 1., 1., 1., 1., 1., 1., 1., 1., 1., 1., 1., 1., 1., 1.,
        1., 1., 1., 1., 1., 1., 1., 1., 1., 1., 1., 1., 1., 1., 1., 1., 1., 1.,
        1., 1., 1., 1., 1., 1., 1., 1., 1., 1., 1., 1., 1., 1., 1., 1., 1., 1.,
        1., 1., 1., 1., 1., 1., 1., 1., 1., 1., 1., 1., 1., 1., 1., 1., 1., 1.,
        1., 1., 1., 1., 1., 1., 1., 1., 1., 1., 1., 1., 1., 1., 1., 1., 1., 1.,
        1., 1., 1., 1., 1., 1., 1., 1., 1., 1., 1., 1., 1., 1., 1., 1., 1.],
       device='cuda:0')
tensor([1., 1., 1., 1., 1., 1., 1., 1., 1., 1., 1., 1., 1., 1., 1., 1., 1., 1.,
        1., 1., 1., 1., 1., 1., 1., 1., 1., 1., 1., 1., 1., 1., 1., 1., 1., 1.,
        1., 1., 1., 1., 1., 1., 1., 1., 1., 1., 1., 1., 1., 1., 1., 1., 1., 1.,
        1., 1., 1., 1., 1., 1., 1., 1., 1., 1., 1., 1., 1., 1., 1., 1., 1., 1.,
        1., 1., 1., 1., 1., 1., 1., 1., 1., 1., 1., 1., 1., 1., 1., 1., 1., 1.,
        1., 1., 1., 1., 1., 1., 1., 1., 1., 1., 1., 1., 1., 1., 1., 1., 1., 1.,
        1., 1., 1., 1., 1., 1., 1., 1., 1., 1., 1., 1., 1., 1., 1., 1., 1.],
       device='cuda:0')
Solution is a valid permutation matrix.
0 0
[  1   2   3   4   5   6   7   8   9  10  11  12  13  14  15  16  17  18
  19  20  21  22  23  24  25  26  27  28  29  30  31  32  33  34  35  36
  37  38  39  40  41  42  43  44  45  46  47  48  49  50  51  52  53  54
  55  56  57  58  59  60  61  62  63  64  65  66  67  68  69  70  71  72
  73  74  75  76  77  78  79  80  81  82  83  84  85  86  87  88  89  90
  91  92  93  94  95  96  97  98  99 100 101 102 103 104 105 106 107 108
 109 110 111 112 113 114 115 116 117 118 119 120 121 122 123 124 125]
5000
Starting Optimization [N=125, Batch=5000, Device=cuda]
Iter 100: Best Obj 90610.0000, Loss 133128.5469, Term1 205242.8125, Term2 -72114.2656
Iter 200: Best Obj 84982.0000, Loss 68140.4219, Term1 142145.9688, Term2 -74005.5469
Iter 300: Best Obj 77048.0000, Loss 46594.5000, Term1 122676.7812, Term2 -76082.2812
Iter 400: Best Obj 60076.0000, Loss 37062.8359, Term1 112515.2812, Term2 -75452.4453
Iter 500: Best Obj 45570.0000, Loss 29301.3594, Term1 98522.4609, Term2 -69221.1016
Iter 600: Best Obj 37120.0000, Loss 19660.6758, Term1 76777.8359, Term2 -57117.1602
Iter 700: Best Obj 34488.0000, Loss 13732.7734, Term1 61496.4180, Term2 -47763.6445
Iter 800: Best Obj 32450.0000, Loss 11718.7500, Term1 53731.7031, Term2 -42012.9531
Iter 900: Best Obj 32012.0000, Loss 11160.3594, Term1 50623.6758, Term2 -39463.3164
Iter 1000: Best Obj 32012.0000, Loss 10889.6562, Term1 49156.5469, Term2 -38266.8906
Total Time: 149.93s, FPS: 6.7
tensor([1., 1., 1., 1., 1., 1., 1., 1., 1., 1., 1., 1., 1., 1., 1., 1., 1., 1.,
        1., 1., 1., 1., 1., 1., 1., 1., 1., 1., 1., 1., 1., 1., 1., 1., 1., 1.,
        1., 1., 1., 1., 1., 1., 1., 1., 1., 1., 1., 1., 1., 1., 1., 1., 1., 1.,
        1., 1., 1., 1., 1., 1., 1., 1., 1., 1., 1., 1., 1., 1., 1., 1., 1., 1.,
        1., 1., 1., 1., 1., 1., 1., 1., 1., 1., 1., 1., 1., 1., 1., 1., 1., 1.,
        1., 1., 1., 1., 1., 1., 1., 1., 1., 1., 1., 1., 1., 1., 1., 1., 1., 1.,
        1., 1., 1., 1., 1., 1., 1., 1., 1., 1., 1., 1., 1., 1., 1., 1., 1.],
       device='cuda:0')
tensor([1., 1., 1., 1., 1., 1., 1., 1., 1., 1., 1., 1., 1., 1., 1., 1., 1., 1.,
        1., 1., 1., 1., 1., 1., 1., 1., 1., 1., 1., 1., 1., 1., 1., 1., 1., 1.,
        1., 1., 1., 1., 1., 1., 1., 1., 1., 1., 1., 1., 1., 1., 1., 1., 1., 1.,
        1., 1., 1., 1., 1., 1., 1., 1., 1., 1., 1., 1., 1., 1., 1., 1., 1., 1.,
        1., 1., 1., 1., 1., 1., 1., 1., 1., 1., 1., 1., 1., 1., 1., 1., 1., 1.,
        1., 1., 1., 1., 1., 1., 1., 1., 1., 1., 1., 1., 1., 1., 1., 1., 1., 1.,
        1., 1., 1., 1., 1., 1., 1., 1., 1., 1., 1., 1., 1., 1., 1., 1., 1.],
       device='cuda:0')
Solution is a valid permutation matrix.
0 0
[  1   2   3   4   5   6   7   8   9  10  11  12  13  14  15  16  17  18
  19  20  21  22  23  24  25  26  27  28  29  30  31  32  33  34  35  36
  37  38  39  40  41  42  43  44  45  46  47  48  49  50  51  52  53  54
  55  56  57  58  59  60  61  62  63  64  65  66  67  68  69  70  71  72
  73  74  75  76  77  78  79  80  81  82  83  84  85  86  87  88  89  90
  91  92  93  94  95  96  97  98  99 100 101 102 103 104 105 106 107 108
 109 110 111 112 113 114 115 116 117 118 119 120 121 122 123 124 125]
5000
Starting Optimization [N=125, Batch=5000, Device=cuda]
Iter 100: Best Obj 91476.0000, Loss 108517.4766, Term1 205295.0781, Term2 -96777.6016
Iter 200: Best Obj 86318.0000, Loss 41942.5938, Term1 141900.3438, Term2 -99957.7500
Iter 300: Best Obj 78472.0000, Loss 20164.0234, Term1 122566.2656, Term2 -102402.2422
Iter 400: Best Obj 64876.0000, Loss 12076.7734, Term1 114255.0547, Term2 -102178.2812
Iter 500: Best Obj 52138.0000, Loss 7702.1953, Term1 107568.8750, Term2 -99866.6797
Iter 600: Best Obj 44224.0000, Loss 2539.3672, Term1 94875.5469, Term2 -92336.1797
Iter 700: Best Obj 39660.0000, Loss -3198.1484, Term1 77602.6719, Term2 -80800.8203
Iter 800: Best Obj 36984.0000, Loss -5573.3828, Term1 68084.4141, Term2 -73657.7969
Iter 900: Best Obj 36984.0000, Loss -6069.1641, Term1 64790.0625, Term2 -70859.2266
Iter 1000: Best Obj 36984.0000, Loss -6179.2695, Term1 63652.3867, Term2 -69831.6562
Total Time: 149.99s, FPS: 6.7
tensor([1., 1., 1., 1., 1., 1., 1., 1., 1., 1., 1., 1., 1., 1., 1., 1., 1., 1.,
        1., 1., 1., 1., 1., 1., 1., 1., 1., 1., 1., 1., 1., 1., 1., 1., 1., 1.,
        1., 1., 1., 1., 1., 1., 1., 1., 1., 1., 1., 1., 1., 1., 1., 1., 1., 1.,
        1., 1., 1., 1., 1., 1., 1., 1., 1., 1., 1., 1., 1., 1., 1., 1., 1., 1.,
        1., 1., 1., 1., 1., 1., 1., 1., 1., 1., 1., 1., 1., 1., 1., 1., 1., 1.,
        1., 1., 1., 1., 1., 1., 1., 1., 1., 1., 1., 1., 1., 1., 1., 1., 1., 1.,
        1., 1., 1., 1., 1., 1., 1., 1., 1., 1., 1., 1., 1., 1., 1., 1., 1.],
       device='cuda:0')
tensor([1., 1., 1., 1., 1., 1., 1., 1., 1., 1., 1., 1., 1., 1., 1., 1., 1., 1.,
        1., 1., 1., 1., 1., 1., 1., 1., 1., 1., 1., 1., 1., 1., 1., 1., 1., 1.,
        1., 1., 1., 1., 1., 1., 1., 1., 1., 1., 1., 1., 1., 1., 1., 1., 1., 1.,
        1., 1., 1., 1., 1., 1., 1., 1., 1., 1., 1., 1., 1., 1., 1., 1., 1., 1.,
        1., 1., 1., 1., 1., 1., 1., 1., 1., 1., 1., 1., 1., 1., 1., 1., 1., 1.,
        1., 1., 1., 1., 1., 1., 1., 1., 1., 1., 1., 1., 1., 1., 1., 1., 1., 1.,
        1., 1., 1., 1., 1., 1., 1., 1., 1., 1., 1., 1., 1., 1., 1., 1., 1.],
       device='cuda:0')
Solution is a valid permutation matrix.
0 0
[  1   2   3   4   5   6   7   8   9  10  11  12  13  14  15  16  17  18
  19  20  21  22  23  24  25  26  27  28  29  30  31  32  33  34  35  36
  37  38  39  40  41  42  43  44  45  46  47  48  49  50  51  52  53  54
  55  56  57  58  59  60  61  62  63  64  65  66  67  68  69  70  71  72
  73  74  75  76  77  78  79  80  81  82  83  84  85  86  87  88  89  90
  91  92  93  94  95  96  97  98  99 100 101 102 103 104 105 106 107 108
 109 110 111 112 113 114 115 116 117 118 119 120 121 122 123 124 125]
5000
Starting Optimization [N=125, Batch=5000, Device=cuda]
Iter 100: Best Obj 90800.0000, Loss 83686.4922, Term1 205355.1406, Term2 -121668.6484
Iter 200: Best Obj 87808.0000, Loss 15471.8047, Term1 141628.3906, Term2 -126156.5859
Iter 300: Best Obj 80304.0000, Loss -6077.5547, Term1 122508.4766, Term2 -128586.0312
Iter 400: Best Obj 67042.0000, Loss -13425.8281, Term1 115048.2891, Term2 -128474.1172
Iter 500: Best Obj 57782.0000, Loss -16844.5078, Term1 110953.6406, Term2 -127798.1484
Iter 600: Best Obj 52812.0000, Loss -19341.3594, Term1 106298.1719, Term2 -125639.5312
Iter 700: Best Obj 49532.0000, Loss -22085.1641, Term1 97226.4609, Term2 -119311.6250
Iter 800: Best Obj 48008.0000, Loss -24736.2734, Term1 83766.0391, Term2 -108502.3125
Iter 900: Best Obj 48008.0000, Loss -25596.6797, Term1 76606.0391, Term2 -102202.7188
Iter 1000: Best Obj 48008.0000, Loss -25687.0234, Term1 75479.1094, Term2 -101166.1328
Total Time: 150.18s, FPS: 6.7
tensor([1., 1., 1., 1., 1., 1., 1., 1., 1., 1., 1., 1., 1., 1., 1., 1., 1., 1.,
        1., 1., 1., 1., 1., 1., 1., 1., 1., 1., 1., 1., 1., 1., 1., 1., 1., 1.,
        1., 1., 1., 1., 1., 1., 1., 1., 1., 1., 1., 1., 1., 1., 1., 1., 1., 1.,
        1., 1., 1., 1., 1., 1., 1., 1., 1., 1., 1., 1., 1., 1., 1., 1., 1., 1.,
        1., 1., 1., 1., 1., 1., 1., 1., 1., 1., 1., 1., 1., 1., 1., 1., 1., 1.,
        1., 1., 1., 1., 1., 1., 1., 1., 1., 1., 1., 1., 1., 1., 1., 1., 1., 1.,
        1., 1., 1., 1., 1., 1., 1., 1., 1., 1., 1., 1., 1., 1., 1., 1., 1.],
       device='cuda:0')
tensor([1., 1., 1., 1., 1., 1., 1., 1., 1., 1., 1., 1., 1., 1., 1., 1., 1., 1.,
        1., 1., 1., 1., 1., 1., 1., 1., 1., 1., 1., 1., 1., 1., 1., 1., 1., 1.,
        1., 1., 1., 1., 1., 1., 1., 1., 1., 1., 1., 1., 1., 1., 1., 1., 1., 1.,
        1., 1., 1., 1., 1., 1., 1., 1., 1., 1., 1., 1., 1., 1., 1., 1., 1., 1.,
        1., 1., 1., 1., 1., 1., 1., 1., 1., 1., 1., 1., 1., 1., 1., 1., 1., 1.,
        1., 1., 1., 1., 1., 1., 1., 1., 1., 1., 1., 1., 1., 1., 1., 1., 1., 1.,
        1., 1., 1., 1., 1., 1., 1., 1., 1., 1., 1., 1., 1., 1., 1., 1., 1.],
       device='cuda:0')
Solution is a valid permutation matrix.
0 0
[  1   2   3   4   5   6   7   8   9  10  11  12  13  14  15  16  17  18
  19  20  21  22  23  24  25  26  27  28  29  30  31  32  33  34  35  36
  37  38  39  40  41  42  43  44  45  46  47  48  49  50  51  52  53  54
  55  56  57  58  59  60  61  62  63  64  65  66  67  68  69  70  71  72
  73  74  75  76  77  78  79  80  81  82  83  84  85  86  87  88  89  90
  91  92  93  94  95  96  97  98  99 100 101 102 103 104 105 106 107 108
 109 110 111 112 113 114 115 116 117 118 119 120 121 122 123 124 125]
5000
Starting Optimization [N=125, Batch=5000, Device=cuda]
Iter 100: Best Obj 91008.0000, Loss 58669.7188, Term1 205430.7344, Term2 -146761.0156
Iter 200: Best Obj 86346.0000, Loss -11107.7812, Term1 141364.1875, Term2 -152471.9688
Iter 300: Best Obj 81228.0000, Loss -32155.6016, Term1 122502.6016, Term2 -154658.2031
Iter 400: Best Obj 71836.0000, Loss -39100.0547, Term1 115432.3516, Term2 -154532.4062
Iter 500: Best Obj 69118.0000, Loss -42345.5234, Term1 111995.1016, Term2 -154340.6250
Iter 600: Best Obj 65972.0000, Loss -44280.9297, Term1 109663.5078, Term2 -153944.4375
Iter 700: Best Obj 61850.0000, Loss -45636.3594, Term1 106981.1250, Term2 -152617.4844
Iter 800: Best Obj 56386.0000, Loss -46716.7969, Term1 102639.2656, Term2 -149356.0625
Iter 900: Best Obj 55694.0000, Loss -47480.7500, Term1 96460.8594, Term2 -143941.6094
Iter 1000: Best Obj 54738.0000, Loss -47796.3984, Term1 91939.9609, Term2 -139736.3594
Total Time: 149.89s, FPS: 6.7
tensor([1., 1., 1., 1., 1., 1., 1., 1., 1., 1., 1., 1., 1., 1., 1., 1., 1., 1.,
        1., 1., 1., 1., 1., 1., 1., 1., 1., 1., 1., 1., 1., 1., 1., 1., 1., 1.,
        1., 1., 1., 1., 1., 1., 1., 1., 1., 1., 1., 1., 1., 1., 1., 1., 1., 1.,
        1., 1., 1., 1., 1., 1., 1., 1., 1., 1., 1., 1., 1., 1., 1., 1., 1., 1.,
        1., 1., 1., 1., 1., 1., 1., 1., 1., 1., 1., 1., 1., 1., 1., 1., 1., 1.,
        1., 1., 1., 1., 1., 1., 1., 1., 1., 1., 1., 1., 1., 1., 1., 1., 1., 1.,
        1., 1., 1., 1., 1., 1., 1., 1., 1., 1., 1., 1., 1., 1., 1., 1., 1.],
       device='cuda:0')
tensor([1., 1., 1., 1., 1., 1., 1., 1., 1., 1., 1., 1., 1., 1., 1., 1., 1., 1.,
        1., 1., 1., 1., 1., 1., 1., 1., 1., 1., 1., 1., 1., 1., 1., 1., 1., 1.,
        1., 1., 1., 1., 1., 1., 1., 1., 1., 1., 1., 1., 1., 1., 1., 1., 1., 1.,
        1., 1., 1., 1., 1., 1., 1., 1., 1., 1., 1., 1., 1., 1., 1., 1., 1., 1.,
        1., 1., 1., 1., 1., 1., 1., 1., 1., 1., 1., 1., 1., 1., 1., 1., 1., 1.,
        1., 1., 1., 1., 1., 1., 1., 1., 1., 1., 1., 1., 1., 1., 1., 1., 1., 1.,
        1., 1., 1., 1., 1., 1., 1., 1., 1., 1., 1., 1., 1., 1., 1., 1., 1.],
       device='cuda:0')
Solution is a valid permutation matrix.
0 0
[  1   2   3   4   5   6   7   8   9  10  11  12  13  14  15  16  17  18
  19  20  21  22  23  24  25  26  27  28  29  30  31  32  33  34  35  36
  37  38  39  40  41  42  43  44  45  46  47  48  49  50  51  52  53  54
  55  56  57  58  59  60  61  62  63  64  65  66  67  68  69  70  71  72
  73  74  75  76  77  78  79  80  81  82  83  84  85  86  87  88  89  90
  91  92  93  94  95  96  97  98  99 100 101 102 103 104 105 106 107 108
 109 110 111 112 113 114 115 116 117 118 119 120 121 122 123 124 125]
5000
Starting Optimization [N=125, Batch=5000, Device=cuda]
Iter 100: Best Obj 88782.0000, Loss -43189.6719, Term1 205542.6719, Term2 -248732.3438
Iter 200: Best Obj 84756.0000, Loss -117118.1719, Term1 140624.4531, Term2 -257742.6250
Iter 300: Best Obj 79356.0000, Loss -135672.2031, Term1 122805.2500, Term2 -258477.4531
Iter 400: Best Obj 79356.0000, Loss -142125.6875, Term1 116090.1328, Term2 -258215.8125
Iter 500: Best Obj 79292.0000, Loss -145493.8281, Term1 112640.0938, Term2 -258133.9219
Iter 600: Best Obj 79292.0000, Loss -147470.0312, Term1 110600.9922, Term2 -258071.0312
Iter 700: Best Obj 79292.0000, Loss -148645.8438, Term1 109350.5625, Term2 -257996.4062
Iter 800: Best Obj 79292.0000, Loss -149334.4375, Term1 108580.9609, Term2 -257915.4062
Iter 900: Best Obj 79292.0000, Loss -149724.6875, Term1 108109.2031, Term2 -257833.8906
Iter 1000: Best Obj 79292.0000, Loss -149933.5156, Term1 107821.4219, Term2 -257754.9375
Total Time: 149.90s, FPS: 6.7
tensor([1., 1., 1., 1., 1., 1., 1., 1., 1., 1., 1., 1., 1., 1., 1., 1., 1., 1.,
        1., 1., 1., 1., 1., 1., 1., 1., 1., 1., 1., 1., 1., 1., 1., 1., 1., 1.,
        1., 1., 1., 1., 1., 1., 1., 1., 1., 1., 1., 1., 1., 1., 1., 1., 1., 1.,
        1., 1., 1., 1., 1., 1., 1., 1., 1., 1., 1., 1., 1., 1., 1., 1., 1., 1.,
        1., 1., 1., 1., 1., 1., 1., 1., 1., 1., 1., 1., 1., 1., 1., 1., 1., 1.,
        1., 1., 1., 1., 1., 1., 1., 1., 1., 1., 1., 1., 1., 1., 1., 1., 1., 1.,
        1., 1., 1., 1., 1., 1., 1., 1., 1., 1., 1., 1., 1., 1., 1., 1., 1.],
       device='cuda:0')
tensor([1., 1., 1., 1., 1., 1., 1., 1., 1., 1., 1., 1., 1., 1., 1., 1., 1., 1.,
        1., 1., 1., 1., 1., 1., 1., 1., 1., 1., 1., 1., 1., 1., 1., 1., 1., 1.,
        1., 1., 1., 1., 1., 1., 1., 1., 1., 1., 1., 1., 1., 1., 1., 1., 1., 1.,
        1., 1., 1., 1., 1., 1., 1., 1., 1., 1., 1., 1., 1., 1., 1., 1., 1., 1.,
        1., 1., 1., 1., 1., 1., 1., 1., 1., 1., 1., 1., 1., 1., 1., 1., 1., 1.,
        1., 1., 1., 1., 1., 1., 1., 1., 1., 1., 1., 1., 1., 1., 1., 1., 1., 1.,
        1., 1., 1., 1., 1., 1., 1., 1., 1., 1., 1., 1., 1., 1., 1., 1., 1.],
       device='cuda:0')
Solution is a valid permutation matrix.
0 0
[  1   2   3   4   5   6   7   8   9  10  11  12  13  14  15  16  17  18
  19  20  21  22  23  24  25  26  27  28  29  30  31  32  33  34  35  36
  37  38  39  40  41  42  43  44  45  46  47  48  49  50  51  52  53  54
  55  56  57  58  59  60  61  62  63  64  65  66  67  68  69  70  71  72
  73  74  75  76  77  78  79  80  81  82  83  84  85  86  87  88  89  90
  91  92  93  94  95  96  97  98  99 100 101 102 103 104 105 106 107 108
 109 110 111 112 113 114 115 116 117 118 119 120 121 122 123 124 125]
5000
Starting Optimization [N=125, Batch=5000, Device=cuda]
Iter 100: Best Obj 89802.0000, Loss -303242.6250, Term1 206302.8594, Term2 -509545.5000
Iter 200: Best Obj 84288.0000, Loss -377613.0000, Term1 140926.2344, Term2 -518539.2500
Iter 300: Best Obj 84288.0000, Loss -393534.0000, Term1 124024.7109, Term2 -517558.7188
Iter 400: Best Obj 84288.0000, Loss -400250.0625, Term1 116909.3672, Term2 -517159.4375
Iter 500: Best Obj 84288.0000, Loss -403863.6250, Term1 113060.8828, Term2 -516924.5000
Iter 600: Best Obj 84288.0000, Loss -405921.0938, Term1 110815.1328, Term2 -516736.2188
Iter 700: Best Obj 84288.0000, Loss -407107.1562, Term1 109473.3203, Term2 -516580.4688
Iter 800: Best Obj 84288.0000, Loss -407786.5000, Term1 108664.7578, Term2 -516451.2500
Iter 900: Best Obj 84288.0000, Loss -408166.7500, Term1 108175.4531, Term2 -516342.1875
Iter 1000: Best Obj 84288.0000, Loss -408368.4375, Term1 107878.4297, Term2 -516246.8750
Total Time: 150.00s, FPS: 6.7
tensor([1., 1., 1., 1., 1., 1., 1., 1., 1., 1., 1., 1., 1., 1., 1., 1., 1., 1.,
        1., 1., 1., 1., 1., 1., 1., 1., 1., 1., 1., 1., 1., 1., 1., 1., 1., 1.,
        1., 1., 1., 1., 1., 1., 1., 1., 1., 1., 1., 1., 1., 1., 1., 1., 1., 1.,
        1., 1., 1., 1., 1., 1., 1., 1., 1., 1., 1., 1., 1., 1., 1., 1., 1., 1.,
        1., 1., 1., 1., 1., 1., 1., 1., 1., 1., 1., 1., 1., 1., 1., 1., 1., 1.,
        1., 1., 1., 1., 1., 1., 1., 1., 1., 1., 1., 1., 1., 1., 1., 1., 1., 1.,
        1., 1., 1., 1., 1., 1., 1., 1., 1., 1., 1., 1., 1., 1., 1., 1., 1.],
       device='cuda:0')
tensor([1., 1., 1., 1., 1., 1., 1., 1., 1., 1., 1., 1., 1., 1., 1., 1., 1., 1.,
        1., 1., 1., 1., 1., 1., 1., 1., 1., 1., 1., 1., 1., 1., 1., 1., 1., 1.,
        1., 1., 1., 1., 1., 1., 1., 1., 1., 1., 1., 1., 1., 1., 1., 1., 1., 1.,
        1., 1., 1., 1., 1., 1., 1., 1., 1., 1., 1., 1., 1., 1., 1., 1., 1., 1.,
        1., 1., 1., 1., 1., 1., 1., 1., 1., 1., 1., 1., 1., 1., 1., 1., 1., 1.,
        1., 1., 1., 1., 1., 1., 1., 1., 1., 1., 1., 1., 1., 1., 1., 1., 1., 1.,
        1., 1., 1., 1., 1., 1., 1., 1., 1., 1., 1., 1., 1., 1., 1., 1., 1.],
       device='cuda:0')
Solution is a valid permutation matrix.
0 0
[  1   2   3   4   5   6   7   8   9  10  11  12  13  14  15  16  17  18
  19  20  21  22  23  24  25  26  27  28  29  30  31  32  33  34  35  36
  37  38  39  40  41  42  43  44  45  46  47  48  49  50  51  52  53  54
  55  56  57  58  59  60  61  62  63  64  65  66  67  68  69  70  71  72
  73  74  75  76  77  78  79  80  81  82  83  84  85  86  87  88  89  90
  91  92  93  94  95  96  97  98  99 100 101 102 103 104 105 106 107 108
 109 110 111 112 113 114 115 116 117 118 119 120 121 122 123 124 125]
5000
Starting Optimization [N=125, Batch=5000, Device=cuda]
Iter 100: Best Obj 81272.0000, Loss -4981740.0000, Term1 264556.5938, Term2 -5246296.5000
Iter 200: Best Obj 81272.0000, Loss -5035675.0000, Term1 168809.8594, Term2 -5204485.0000
Iter 300: Best Obj 81272.0000, Loss -5049998.5000, Term1 139305.1719, Term2 -5189303.5000
Iter 400: Best Obj 81272.0000, Loss -5055550.5000, Term1 126232.7734, Term2 -5181783.5000
Iter 500: Best Obj 81272.0000, Loss -5058153.5000, Term1 119245.0078, Term2 -5177398.5000
Iter 600: Best Obj 81272.0000, Loss -5059491.0000, Term1 115116.9219, Term2 -5174608.0000
Iter 700: Best Obj 81272.0000, Loss -5060172.5000, Term1 112553.1797, Term2 -5172725.5000
Iter 800: Best Obj 81272.0000, Loss -5060497.5000, Term1 110987.6562, Term2 -5171485.0000
Iter 900: Best Obj 81272.0000, Loss -5060661.5000, Term1 110030.7734, Term2 -5170692.5000
Iter 1000: Best Obj 81272.0000, Loss -5060739.0000, Term1 109383.6094, Term2 -5170122.5000
Total Time: 150.06s, FPS: 6.7
tensor([1., 1., 1., 1., 1., 1., 1., 1., 1., 1., 1., 1., 1., 1., 1., 1., 1., 1.,
        1., 1., 1., 1., 1., 1., 1., 1., 1., 1., 1., 1., 1., 1., 1., 1., 1., 1.,
        1., 1., 1., 1., 1., 1., 1., 1., 1., 1., 1., 1., 1., 1., 1., 1., 1., 1.,
        1., 1., 1., 1., 1., 1., 1., 1., 1., 1., 1., 1., 1., 1., 1., 1., 1., 1.,
        1., 1., 1., 1., 1., 1., 1., 1., 1., 1., 1., 1., 1., 1., 1., 1., 1., 1.,
        1., 1., 1., 1., 1., 1., 1., 1., 1., 1., 1., 1., 1., 1., 1., 1., 1., 1.,
        1., 1., 1., 1., 1., 1., 1., 1., 1., 1., 1., 1., 1., 1., 1., 1., 1.],
       device='cuda:0')
tensor([1., 1., 1., 1., 1., 1., 1., 1., 1., 1., 1., 1., 1., 1., 1., 1., 1., 1.,
        1., 1., 1., 1., 1., 1., 1., 1., 1., 1., 1., 1., 1., 1., 1., 1., 1., 1.,
        1., 1., 1., 1., 1., 1., 1., 1., 1., 1., 1., 1., 1., 1., 1., 1., 1., 1.,
        1., 1., 1., 1., 1., 1., 1., 1., 1., 1., 1., 1., 1., 1., 1., 1., 1., 1.,
        1., 1., 1., 1., 1., 1., 1., 1., 1., 1., 1., 1., 1., 1., 1., 1., 1., 1.,
        1., 1., 1., 1., 1., 1., 1., 1., 1., 1., 1., 1., 1., 1., 1., 1., 1., 1.,
        1., 1., 1., 1., 1., 1., 1., 1., 1., 1., 1., 1., 1., 1., 1., 1., 1.],
       device='cuda:0')
Solution is a valid permutation matrix.
0 0
[  1   2   3   4   5   6   7   8   9  10  11  12  13  14  15  16  17  18
  19  20  21  22  23  24  25  26  27  28  29  30  31  32  33  34  35  36
  37  38  39  40  41  42  43  44  45  46  47  48  49  50  51  52  53  54
  55  56  57  58  59  60  61  62  63  64  65  66  67  68  69  70  71  72
  73  74  75  76  77  78  79  80  81  82  83  84  85  86  87  88  89  90
  91  92  93  94  95  96  97  98  99 100 101 102 103 104 105 106 107 108
 109 110 111 112 113 114 115 116 117 118 119 120 121 122 123 124 125]
5000
Starting Optimization [N=125, Batch=5000, Device=cuda]
Iter 100: Best Obj 88200.0000, Loss 195024.0156, Term1 218654.7344, Term2 -23630.7207
Iter 200: Best Obj 84316.0000, Loss 126064.4297, Term1 149735.5781, Term2 -23671.1504
Iter 300: Best Obj 79604.0000, Loss 104865.6094, Term1 128804.1953, Term2 -23938.5898
Iter 400: Best Obj 63780.0000, Loss 91473.8203, Term1 114998.8906, Term2 -23525.0723
Iter 500: Best Obj 47378.0000, Loss 69499.1094, Term1 87642.8359, Term2 -18143.7227
Iter 600: Best Obj 40070.0000, Loss 49680.5195, Term1 60615.9570, Term2 -10935.4385
Iter 700: Best Obj 36760.0000, Loss 41896.4766, Term1 49778.1367, Term2 -7881.6582
Iter 800: Best Obj 36376.0000, Loss 39080.3359, Term1 46027.4844, Term2 -6947.1475
Iter 900: Best Obj 36376.0000, Loss 37825.7422, Term1 44408.5117, Term2 -6582.7686
Iter 1000: Best Obj 36376.0000, Loss 37099.6758, Term1 43466.8242, Term2 -6367.1484
Total Time: 149.95s, FPS: 6.7
tensor([1., 1., 1., 1., 1., 1., 1., 1., 1., 1., 1., 1., 1., 1., 1., 1., 1., 1.,
        1., 1., 1., 1., 1., 1., 1., 1., 1., 1., 1., 1., 1., 1., 1., 1., 1., 1.,
        1., 1., 1., 1., 1., 1., 1., 1., 1., 1., 1., 1., 1., 1., 1., 1., 1., 1.,
        1., 1., 1., 1., 1., 1., 1., 1., 1., 1., 1., 1., 1., 1., 1., 1., 1., 1.,
        1., 1., 1., 1., 1., 1., 1., 1., 1., 1., 1., 1., 1., 1., 1., 1., 1., 1.,
        1., 1., 1., 1., 1., 1., 1., 1., 1., 1., 1., 1., 1., 1., 1., 1., 1., 1.,
        1., 1., 1., 1., 1., 1., 1., 1., 1., 1., 1., 1., 1., 1., 1., 1., 1.],
       device='cuda:0')
tensor([1., 1., 1., 1., 1., 1., 1., 1., 1., 1., 1., 1., 1., 1., 1., 1., 1., 1.,
        1., 1., 1., 1., 1., 1., 1., 1., 1., 1., 1., 1., 1., 1., 1., 1., 1., 1.,
        1., 1., 1., 1., 1., 1., 1., 1., 1., 1., 1., 1., 1., 1., 1., 1., 1., 1.,
        1., 1., 1., 1., 1., 1., 1., 1., 1., 1., 1., 1., 1., 1., 1., 1., 1., 1.,
        1., 1., 1., 1., 1., 1., 1., 1., 1., 1., 1., 1., 1., 1., 1., 1., 1., 1.,
        1., 1., 1., 1., 1., 1., 1., 1., 1., 1., 1., 1., 1., 1., 1., 1., 1., 1.,
        1., 1., 1., 1., 1., 1., 1., 1., 1., 1., 1., 1., 1., 1., 1., 1., 1.],
       device='cuda:0')
Solution is a valid permutation matrix.
0 0
[  1   2   3   4   5   6   7   8   9  10  11  12  13  14  15  16  17  18
  19  20  21  22  23  24  25  26  27  28  29  30  31  32  33  34  35  36
  37  38  39  40  41  42  43  44  45  46  47  48  49  50  51  52  53  54
  55  56  57  58  59  60  61  62  63  64  65  66  67  68  69  70  71  72
  73  74  75  76  77  78  79  80  81  82  83  84  85  86  87  88  89  90
  91  92  93  94  95  96  97  98  99 100 101 102 103 104 105 106 107 108
 109 110 111 112 113 114 115 116 117 118 119 120 121 122 123 124 125]
5000
Starting Optimization [N=125, Batch=5000, Device=cuda]
Iter 100: Best Obj 89958.0000, Loss 183082.0625, Term1 218696.7656, Term2 -35614.6953
Iter 200: Best Obj 89890.0000, Loss 113781.9219, Term1 149711.0312, Term2 -35929.1133
Iter 300: Best Obj 79926.0000, Loss 92078.5547, Term1 128755.5625, Term2 -36677.0078
Iter 400: Best Obj 63066.0000, Loss 79247.7031, Term1 115507.4844, Term2 -36259.7773
Iter 500: Best Obj 45030.0000, Loss 61530.6016, Term1 90334.4297, Term2 -28803.8281
Iter 600: Best Obj 37858.0000, Loss 44395.3438, Term1 63167.8242, Term2 -18772.4824
Iter 700: Best Obj 36374.0000, Loss 36715.8477, Term1 50728.8359, Term2 -14012.9883
Iter 800: Best Obj 35818.0000, Loss 33833.2383, Term1 46121.9102, Term2 -12288.6729
Iter 900: Best Obj 35656.0000, Loss 32674.2129, Term1 44226.1875, Term2 -11551.9746
Iter 1000: Best Obj 35656.0000, Loss 32049.9688, Term1 43184.1367, Term2 -11134.1689
Total Time: 149.96s, FPS: 6.7
tensor([1., 1., 1., 1., 1., 1., 1., 1., 1., 1., 1., 1., 1., 1., 1., 1., 1., 1.,
        1., 1., 1., 1., 1., 1., 1., 1., 1., 1., 1., 1., 1., 1., 1., 1., 1., 1.,
        1., 1., 1., 1., 1., 1., 1., 1., 1., 1., 1., 1., 1., 1., 1., 1., 1., 1.,
        1., 1., 1., 1., 1., 1., 1., 1., 1., 1., 1., 1., 1., 1., 1., 1., 1., 1.,
        1., 1., 1., 1., 1., 1., 1., 1., 1., 1., 1., 1., 1., 1., 1., 1., 1., 1.,
        1., 1., 1., 1., 1., 1., 1., 1., 1., 1., 1., 1., 1., 1., 1., 1., 1., 1.,
        1., 1., 1., 1., 1., 1., 1., 1., 1., 1., 1., 1., 1., 1., 1., 1., 1.],
       device='cuda:0')
tensor([1., 1., 1., 1., 1., 1., 1., 1., 1., 1., 1., 1., 1., 1., 1., 1., 1., 1.,
        1., 1., 1., 1., 1., 1., 1., 1., 1., 1., 1., 1., 1., 1., 1., 1., 1., 1.,
        1., 1., 1., 1., 1., 1., 1., 1., 1., 1., 1., 1., 1., 1., 1., 1., 1., 1.,
        1., 1., 1., 1., 1., 1., 1., 1., 1., 1., 1., 1., 1., 1., 1., 1., 1., 1.,
        1., 1., 1., 1., 1., 1., 1., 1., 1., 1., 1., 1., 1., 1., 1., 1., 1., 1.,
        1., 1., 1., 1., 1., 1., 1., 1., 1., 1., 1., 1., 1., 1., 1., 1., 1., 1.,
        1., 1., 1., 1., 1., 1., 1., 1., 1., 1., 1., 1., 1., 1., 1., 1., 1.],
       device='cuda:0')
Solution is a valid permutation matrix.
0 0
[  1   2   3   4   5   6   7   8   9  10  11  12  13  14  15  16  17  18
  19  20  21  22  23  24  25  26  27  28  29  30  31  32  33  34  35  36
  37  38  39  40  41  42  43  44  45  46  47  48  49  50  51  52  53  54
  55  56  57  58  59  60  61  62  63  64  65  66  67  68  69  70  71  72
  73  74  75  76  77  78  79  80  81  82  83  84  85  86  87  88  89  90
  91  92  93  94  95  96  97  98  99 100 101 102 103 104 105 106 107 108
 109 110 111 112 113 114 115 116 117 118 119 120 121 122 123 124 125]
5000
Starting Optimization [N=125, Batch=5000, Device=cuda]
Iter 100: Best Obj 91286.0000, Loss 171084.1406, Term1 218759.6719, Term2 -47675.5312
Iter 200: Best Obj 88172.0000, Loss 101276.0156, Term1 149655.6562, Term2 -48379.6406
Iter 300: Best Obj 81850.0000, Loss 78968.9219, Term1 128639.8516, Term2 -49670.9258
Iter 400: Best Obj 66550.0000, Loss 67036.5156, Term1 116399.3906, Term2 -49362.8711
Iter 500: Best Obj 43478.0000, Loss 53386.1367, Term1 94820.9219, Term2 -41434.7852
Iter 600: Best Obj 38884.0000, Loss 38311.5000, Term1 67653.4844, Term2 -29341.9824
Iter 700: Best Obj 36628.0000, Loss 30724.0020, Term1 53322.3008, Term2 -22598.2988
Iter 800: Best Obj 35896.0000, Loss 27936.5215, Term1 47453.2578, Term2 -19516.7363
Iter 900: Best Obj 35688.0000, Loss 26993.3359, Term1 45181.4141, Term2 -18188.0781
Iter 1000: Best Obj 35688.0000, Loss 26526.3535, Term1 44075.0625, Term2 -17548.7090
Total Time: 149.93s, FPS: 6.7
tensor([1., 1., 1., 1., 1., 1., 1., 1., 1., 1., 1., 1., 1., 1., 1., 1., 1., 1.,
        1., 1., 1., 1., 1., 1., 1., 1., 1., 1., 1., 1., 1., 1., 1., 1., 1., 1.,
        1., 1., 1., 1., 1., 1., 1., 1., 1., 1., 1., 1., 1., 1., 1., 1., 1., 1.,
        1., 1., 1., 1., 1., 1., 1., 1., 1., 1., 1., 1., 1., 1., 1., 1., 1., 1.,
        1., 1., 1., 1., 1., 1., 1., 1., 1., 1., 1., 1., 1., 1., 1., 1., 1., 1.,
        1., 1., 1., 1., 1., 1., 1., 1., 1., 1., 1., 1., 1., 1., 1., 1., 1., 1.,
        1., 1., 1., 1., 1., 1., 1., 1., 1., 1., 1., 1., 1., 1., 1., 1., 1.],
       device='cuda:0')
tensor([1., 1., 1., 1., 1., 1., 1., 1., 1., 1., 1., 1., 1., 1., 1., 1., 1., 1.,
        1., 1., 1., 1., 1., 1., 1., 1., 1., 1., 1., 1., 1., 1., 1., 1., 1., 1.,
        1., 1., 1., 1., 1., 1., 1., 1., 1., 1., 1., 1., 1., 1., 1., 1., 1., 1.,
        1., 1., 1., 1., 1., 1., 1., 1., 1., 1., 1., 1., 1., 1., 1., 1., 1., 1.,
        1., 1., 1., 1., 1., 1., 1., 1., 1., 1., 1., 1., 1., 1., 1., 1., 1., 1.,
        1., 1., 1., 1., 1., 1., 1., 1., 1., 1., 1., 1., 1., 1., 1., 1., 1., 1.,
        1., 1., 1., 1., 1., 1., 1., 1., 1., 1., 1., 1., 1., 1., 1., 1., 1.],
       device='cuda:0')
Solution is a valid permutation matrix.
0 0
[  1   2   3   4   5   6   7   8   9  10  11  12  13  14  15  16  17  18
  19  20  21  22  23  24  25  26  27  28  29  30  31  32  33  34  35  36
  37  38  39  40  41  42  43  44  45  46  47  48  49  50  51  52  53  54
  55  56  57  58  59  60  61  62  63  64  65  66  67  68  69  70  71  72
  73  74  75  76  77  78  79  80  81  82  83  84  85  86  87  88  89  90
  91  92  93  94  95  96  97  98  99 100 101 102 103 104 105 106 107 108
 109 110 111 112 113 114 115 116 117 118 119 120 121 122 123 124 125]
5000
Starting Optimization [N=125, Batch=5000, Device=cuda]
Iter 100: Best Obj 91762.0000, Loss 158969.0469, Term1 218779.7656, Term2 -59810.7148
Iter 200: Best Obj 91560.0000, Loss 88571.6562, Term1 149571.3906, Term2 -60999.7344
Iter 300: Best Obj 81212.0000, Loss 65687.0781, Term1 128492.9062, Term2 -62805.8281
Iter 400: Best Obj 66998.0000, Loss 54733.0859, Term1 117445.2500, Term2 -62712.1641
Iter 500: Best Obj 48134.0000, Loss 44643.7422, Term1 100515.0547, Term2 -55871.3125
Iter 600: Best Obj 39246.0000, Loss 31660.0156, Term1 74622.1484, Term2 -42962.1328
Iter 700: Best Obj 37022.0000, Loss 23970.9375, Term1 58252.2070, Term2 -34281.2695
Iter 800: Best Obj 35678.0000, Loss 21313.5938, Term1 50964.8555, Term2 -29651.2617
Iter 900: Best Obj 35262.0000, Loss 20550.4395, Term1 48208.3164, Term2 -27657.8770
Iter 1000: Best Obj 35246.0000, Loss 20218.8691, Term1 47034.4648, Term2 -26815.5957
Total Time: 149.95s, FPS: 6.7
tensor([1., 1., 1., 1., 1., 1., 1., 1., 1., 1., 1., 1., 1., 1., 1., 1., 1., 1.,
        1., 1., 1., 1., 1., 1., 1., 1., 1., 1., 1., 1., 1., 1., 1., 1., 1., 1.,
        1., 1., 1., 1., 1., 1., 1., 1., 1., 1., 1., 1., 1., 1., 1., 1., 1., 1.,
        1., 1., 1., 1., 1., 1., 1., 1., 1., 1., 1., 1., 1., 1., 1., 1., 1., 1.,
        1., 1., 1., 1., 1., 1., 1., 1., 1., 1., 1., 1., 1., 1., 1., 1., 1., 1.,
        1., 1., 1., 1., 1., 1., 1., 1., 1., 1., 1., 1., 1., 1., 1., 1., 1., 1.,
        1., 1., 1., 1., 1., 1., 1., 1., 1., 1., 1., 1., 1., 1., 1., 1., 1.],
       device='cuda:0')
tensor([1., 1., 1., 1., 1., 1., 1., 1., 1., 1., 1., 1., 1., 1., 1., 1., 1., 1.,
        1., 1., 1., 1., 1., 1., 1., 1., 1., 1., 1., 1., 1., 1., 1., 1., 1., 1.,
        1., 1., 1., 1., 1., 1., 1., 1., 1., 1., 1., 1., 1., 1., 1., 1., 1., 1.,
        1., 1., 1., 1., 1., 1., 1., 1., 1., 1., 1., 1., 1., 1., 1., 1., 1., 1.,
        1., 1., 1., 1., 1., 1., 1., 1., 1., 1., 1., 1., 1., 1., 1., 1., 1., 1.,
        1., 1., 1., 1., 1., 1., 1., 1., 1., 1., 1., 1., 1., 1., 1., 1., 1., 1.,
        1., 1., 1., 1., 1., 1., 1., 1., 1., 1., 1., 1., 1., 1., 1., 1., 1.],
       device='cuda:0')
Solution is a valid permutation matrix.
0 0
[  1   2   3   4   5   6   7   8   9  10  11  12  13  14  15  16  17  18
  19  20  21  22  23  24  25  26  27  28  29  30  31  32  33  34  35  36
  37  38  39  40  41  42  43  44  45  46  47  48  49  50  51  52  53  54
  55  56  57  58  59  60  61  62  63  64  65  66  67  68  69  70  71  72
  73  74  75  76  77  78  79  80  81  82  83  84  85  86  87  88  89  90
  91  92  93  94  95  96  97  98  99 100 101 102 103 104 105 106 107 108
 109 110 111 112 113 114 115 116 117 118 119 120 121 122 123 124 125]
5000
Starting Optimization [N=125, Batch=5000, Device=cuda]
Iter 100: Best Obj 93292.0000, Loss 146778.0312, Term1 218790.0000, Term2 -72011.9609
Iter 200: Best Obj 90116.0000, Loss 75705.3828, Term1 149463.2500, Term2 -73757.8672
Iter 300: Best Obj 80984.0000, Loss 52345.6016, Term1 128334.3047, Term2 -75988.7031
Iter 400: Best Obj 69064.0000, Loss 42238.0625, Term1 118340.9062, Term2 -76102.8438
Iter 500: Best Obj 48644.0000, Loss 35035.3281, Term1 106328.7344, Term2 -71293.4062
Iter 600: Best Obj 41728.0000, Loss 24746.2812, Term1 84036.6016, Term2 -59290.3203
Iter 700: Best Obj 37592.0000, Loss 16523.8828, Term1 65244.9102, Term2 -48721.0273
Iter 800: Best Obj 35118.0000, Loss 13900.3555, Term1 57072.6953, Term2 -43172.3398
Iter 900: Best Obj 35118.0000, Loss 13245.1328, Term1 53906.6211, Term2 -40661.4883
Iter 1000: Best Obj 34684.0000, Loss 13035.6094, Term1 52693.0977, Term2 -39657.4883
Total Time: 149.91s, FPS: 6.7
tensor([1., 1., 1., 1., 1., 1., 1., 1., 1., 1., 1., 1., 1., 1., 1., 1., 1., 1.,
        1., 1., 1., 1., 1., 1., 1., 1., 1., 1., 1., 1., 1., 1., 1., 1., 1., 1.,
        1., 1., 1., 1., 1., 1., 1., 1., 1., 1., 1., 1., 1., 1., 1., 1., 1., 1.,
        1., 1., 1., 1., 1., 1., 1., 1., 1., 1., 1., 1., 1., 1., 1., 1., 1., 1.,
        1., 1., 1., 1., 1., 1., 1., 1., 1., 1., 1., 1., 1., 1., 1., 1., 1., 1.,
        1., 1., 1., 1., 1., 1., 1., 1., 1., 1., 1., 1., 1., 1., 1., 1., 1., 1.,
        1., 1., 1., 1., 1., 1., 1., 1., 1., 1., 1., 1., 1., 1., 1., 1., 1.],
       device='cuda:0')
tensor([1., 1., 1., 1., 1., 1., 1., 1., 1., 1., 1., 1., 1., 1., 1., 1., 1., 1.,
        1., 1., 1., 1., 1., 1., 1., 1., 1., 1., 1., 1., 1., 1., 1., 1., 1., 1.,
        1., 1., 1., 1., 1., 1., 1., 1., 1., 1., 1., 1., 1., 1., 1., 1., 1., 1.,
        1., 1., 1., 1., 1., 1., 1., 1., 1., 1., 1., 1., 1., 1., 1., 1., 1., 1.,
        1., 1., 1., 1., 1., 1., 1., 1., 1., 1., 1., 1., 1., 1., 1., 1., 1., 1.,
        1., 1., 1., 1., 1., 1., 1., 1., 1., 1., 1., 1., 1., 1., 1., 1., 1., 1.,
        1., 1., 1., 1., 1., 1., 1., 1., 1., 1., 1., 1., 1., 1., 1., 1., 1.],
       device='cuda:0')
Solution is a valid permutation matrix.
0 0
[  1   2   3   4   5   6   7   8   9  10  11  12  13  14  15  16  17  18
  19  20  21  22  23  24  25  26  27  28  29  30  31  32  33  34  35  36
  37  38  39  40  41  42  43  44  45  46  47  48  49  50  51  52  53  54
  55  56  57  58  59  60  61  62  63  64  65  66  67  68  69  70  71  72
  73  74  75  76  77  78  79  80  81  82  83  84  85  86  87  88  89  90
  91  92  93  94  95  96  97  98  99 100 101 102 103 104 105 106 107 108
 109 110 111 112 113 114 115 116 117 118 119 120 121 122 123 124 125]
5000
Starting Optimization [N=125, Batch=5000, Device=cuda]
Iter 100: Best Obj 93044.0000, Loss 122233.5625, Term1 218832.8594, Term2 -96599.2969
Iter 200: Best Obj 91012.0000, Loss 49610.7500, Term1 149206.0469, Term2 -99595.2969
Iter 300: Best Obj 83986.0000, Loss 25726.3125, Term1 128055.6953, Term2 -102329.3828
Iter 400: Best Obj 71268.0000, Loss 16764.0234, Term1 119346.8750, Term2 -102582.8516
Iter 500: Best Obj 56714.0000, Loss 12613.2188, Term1 113964.6875, Term2 -101351.4688
Iter 600: Best Obj 47906.0000, Loss 8212.5469, Term1 103868.8203, Term2 -95656.2734
Iter 700: Best Obj 41998.0000, Loss 1466.8828, Term1 84829.0078, Term2 -83362.1250
Iter 800: Best Obj 39528.0000, Loss -2903.0547, Term1 70432.1172, Term2 -73335.1719
Iter 900: Best Obj 39156.0000, Loss -3601.4453, Term1 66357.4922, Term2 -69958.9375
Iter 1000: Best Obj 39156.0000, Loss -3710.1719, Term1 65228.0156, Term2 -68938.1875
Total Time: 150.28s, FPS: 6.7
tensor([1., 1., 1., 1., 1., 1., 1., 1., 1., 1., 1., 1., 1., 1., 1., 1., 1., 1.,
        1., 1., 1., 1., 1., 1., 1., 1., 1., 1., 1., 1., 1., 1., 1., 1., 1., 1.,
        1., 1., 1., 1., 1., 1., 1., 1., 1., 1., 1., 1., 1., 1., 1., 1., 1., 1.,
        1., 1., 1., 1., 1., 1., 1., 1., 1., 1., 1., 1., 1., 1., 1., 1., 1., 1.,
        1., 1., 1., 1., 1., 1., 1., 1., 1., 1., 1., 1., 1., 1., 1., 1., 1., 1.,
        1., 1., 1., 1., 1., 1., 1., 1., 1., 1., 1., 1., 1., 1., 1., 1., 1., 1.,
        1., 1., 1., 1., 1., 1., 1., 1., 1., 1., 1., 1., 1., 1., 1., 1., 1.],
       device='cuda:0')
tensor([1., 1., 1., 1., 1., 1., 1., 1., 1., 1., 1., 1., 1., 1., 1., 1., 1., 1.,
        1., 1., 1., 1., 1., 1., 1., 1., 1., 1., 1., 1., 1., 1., 1., 1., 1., 1.,
        1., 1., 1., 1., 1., 1., 1., 1., 1., 1., 1., 1., 1., 1., 1., 1., 1., 1.,
        1., 1., 1., 1., 1., 1., 1., 1., 1., 1., 1., 1., 1., 1., 1., 1., 1., 1.,
        1., 1., 1., 1., 1., 1., 1., 1., 1., 1., 1., 1., 1., 1., 1., 1., 1., 1.,
        1., 1., 1., 1., 1., 1., 1., 1., 1., 1., 1., 1., 1., 1., 1., 1., 1., 1.,
        1., 1., 1., 1., 1., 1., 1., 1., 1., 1., 1., 1., 1., 1., 1., 1., 1.],
       device='cuda:0')
Solution is a valid permutation matrix.
0 0
[  1   2   3   4   5   6   7   8   9  10  11  12  13  14  15  16  17  18
  19  20  21  22  23  24  25  26  27  28  29  30  31  32  33  34  35  36
  37  38  39  40  41  42  43  44  45  46  47  48  49  50  51  52  53  54
  55  56  57  58  59  60  61  62  63  64  65  66  67  68  69  70  71  72
  73  74  75  76  77  78  79  80  81  82  83  84  85  86  87  88  89  90
  91  92  93  94  95  96  97  98  99 100 101 102 103 104 105 106 107 108
 109 110 111 112 113 114 115 116 117 118 119 120 121 122 123 124 125]
5000
Starting Optimization [N=125, Batch=5000, Device=cuda]
Iter 100: Best Obj 93154.0000, Loss 97459.3359, Term1 218866.7500, Term2 -121407.4141
Iter 200: Best Obj 92200.0000, Loss 23197.2344, Term1 148915.0781, Term2 -125717.8438
Iter 300: Best Obj 85964.0000, Loss -681.5469, Term1 127862.2266, Term2 -128543.7734
Iter 400: Best Obj 75878.0000, Loss -8959.1016, Term1 119725.1016, Term2 -128684.2031
Iter 500: Best Obj 64554.0000, Loss -12546.8438, Term1 115928.6719, Term2 -128475.5156
Iter 600: Best Obj 57596.0000, Loss -14689.6406, Term1 113162.7812, Term2 -127852.4219
Iter 700: Best Obj 52126.0000, Loss -16578.1016, Term1 108485.7266, Term2 -125063.8281
Iter 800: Best Obj 48436.0000, Loss -19495.2109, Term1 95881.1562, Term2 -115376.3672
Iter 900: Best Obj 47442.0000, Loss -22395.0703, Term1 79272.2812, Term2 -101667.3516
Iter 1000: Best Obj 47442.0000, Loss -22732.8438, Term1 75732.0859, Term2 -98464.9297
Total Time: 150.19s, FPS: 6.7
tensor([1., 1., 1., 1., 1., 1., 1., 1., 1., 1., 1., 1., 1., 1., 1., 1., 1., 1.,
        1., 1., 1., 1., 1., 1., 1., 1., 1., 1., 1., 1., 1., 1., 1., 1., 1., 1.,
        1., 1., 1., 1., 1., 1., 1., 1., 1., 1., 1., 1., 1., 1., 1., 1., 1., 1.,
        1., 1., 1., 1., 1., 1., 1., 1., 1., 1., 1., 1., 1., 1., 1., 1., 1., 1.,
        1., 1., 1., 1., 1., 1., 1., 1., 1., 1., 1., 1., 1., 1., 1., 1., 1., 1.,
        1., 1., 1., 1., 1., 1., 1., 1., 1., 1., 1., 1., 1., 1., 1., 1., 1., 1.,
        1., 1., 1., 1., 1., 1., 1., 1., 1., 1., 1., 1., 1., 1., 1., 1., 1.],
       device='cuda:0')
tensor([1., 1., 1., 1., 1., 1., 1., 1., 1., 1., 1., 1., 1., 1., 1., 1., 1., 1.,
        1., 1., 1., 1., 1., 1., 1., 1., 1., 1., 1., 1., 1., 1., 1., 1., 1., 1.,
        1., 1., 1., 1., 1., 1., 1., 1., 1., 1., 1., 1., 1., 1., 1., 1., 1., 1.,
        1., 1., 1., 1., 1., 1., 1., 1., 1., 1., 1., 1., 1., 1., 1., 1., 1., 1.,
        1., 1., 1., 1., 1., 1., 1., 1., 1., 1., 1., 1., 1., 1., 1., 1., 1., 1.,
        1., 1., 1., 1., 1., 1., 1., 1., 1., 1., 1., 1., 1., 1., 1., 1., 1., 1.,
        1., 1., 1., 1., 1., 1., 1., 1., 1., 1., 1., 1., 1., 1., 1., 1., 1.],
       device='cuda:0')
Solution is a valid permutation matrix.
0 0
[  1   2   3   4   5   6   7   8   9  10  11  12  13  14  15  16  17  18
  19  20  21  22  23  24  25  26  27  28  29  30  31  32  33  34  35  36
  37  38  39  40  41  42  43  44  45  46  47  48  49  50  51  52  53  54
  55  56  57  58  59  60  61  62  63  64  65  66  67  68  69  70  71  72
  73  74  75  76  77  78  79  80  81  82  83  84  85  86  87  88  89  90
  91  92  93  94  95  96  97  98  99 100 101 102 103 104 105 106 107 108
 109 110 111 112 113 114 115 116 117 118 119 120 121 122 123 124 125]
5000
Starting Optimization [N=125, Batch=5000, Device=cuda]
Iter 100: Best Obj 93482.0000, Loss 72510.0000, Term1 218916.0781, Term2 -146406.0781
Iter 200: Best Obj 90750.0000, Loss -3366.2812, Term1 148625.2031, Term2 -151991.4844
Iter 300: Best Obj 84914.0000, Loss -26881.3828, Term1 127756.1172, Term2 -154637.5000
Iter 400: Best Obj 77002.0000, Loss -34710.4922, Term1 119923.4453, Term2 -154633.9375
Iter 500: Best Obj 71990.0000, Loss -38254.1719, Term1 116288.7188, Term2 -154542.8906
Iter 600: Best Obj 66112.0000, Loss -40289.5156, Term1 114212.0625, Term2 -154501.5781
Iter 700: Best Obj 58236.0000, Loss -41537.2891, Term1 112869.4609, Term2 -154406.7500
Iter 800: Best Obj 55626.0000, Loss -42320.0703, Term1 111736.9297, Term2 -154057.0000
Iter 900: Best Obj 55564.0000, Loss -42925.8984, Term1 109476.0234, Term2 -152401.9219
Iter 1000: Best Obj 54240.0000, Loss -43577.7734, Term1 103532.7422, Term2 -147110.5156
Total Time: 150.02s, FPS: 6.7
tensor([1., 1., 1., 1., 1., 1., 1., 1., 1., 1., 1., 1., 1., 1., 1., 1., 1., 1.,
        1., 1., 1., 1., 1., 1., 1., 1., 1., 1., 1., 1., 1., 1., 1., 1., 1., 1.,
        1., 1., 1., 1., 1., 1., 1., 1., 1., 1., 1., 1., 1., 1., 1., 1., 1., 1.,
        1., 1., 1., 1., 1., 1., 1., 1., 1., 1., 1., 1., 1., 1., 1., 1., 1., 1.,
        1., 1., 1., 1., 1., 1., 1., 1., 1., 1., 1., 1., 1., 1., 1., 1., 1., 1.,
        1., 1., 1., 1., 1., 1., 1., 1., 1., 1., 1., 1., 1., 1., 1., 1., 1., 1.,
        1., 1., 1., 1., 1., 1., 1., 1., 1., 1., 1., 1., 1., 1., 1., 1., 1.],
       device='cuda:0')
tensor([1., 1., 1., 1., 1., 1., 1., 1., 1., 1., 1., 1., 1., 1., 1., 1., 1., 1.,
        1., 1., 1., 1., 1., 1., 1., 1., 1., 1., 1., 1., 1., 1., 1., 1., 1., 1.,
        1., 1., 1., 1., 1., 1., 1., 1., 1., 1., 1., 1., 1., 1., 1., 1., 1., 1.,
        1., 1., 1., 1., 1., 1., 1., 1., 1., 1., 1., 1., 1., 1., 1., 1., 1., 1.,
        1., 1., 1., 1., 1., 1., 1., 1., 1., 1., 1., 1., 1., 1., 1., 1., 1., 1.,
        1., 1., 1., 1., 1., 1., 1., 1., 1., 1., 1., 1., 1., 1., 1., 1., 1., 1.,
        1., 1., 1., 1., 1., 1., 1., 1., 1., 1., 1., 1., 1., 1., 1., 1., 1.],
       device='cuda:0')
Solution is a valid permutation matrix.
0 0
[  1   2   3   4   5   6   7   8   9  10  11  12  13  14  15  16  17  18
  19  20  21  22  23  24  25  26  27  28  29  30  31  32  33  34  35  36
  37  38  39  40  41  42  43  44  45  46  47  48  49  50  51  52  53  54
  55  56  57  58  59  60  61  62  63  64  65  66  67  68  69  70  71  72
  73  74  75  76  77  78  79  80  81  82  83  84  85  86  87  88  89  90
  91  92  93  94  95  96  97  98  99 100 101 102 103 104 105 106 107 108
 109 110 111 112 113 114 115 116 117 118 119 120 121 122 123 124 125]
5000
Starting Optimization [N=125, Batch=5000, Device=cuda]
Iter 100: Best Obj 93440.0000, Loss -28868.2500, Term1 219087.6719, Term2 -247955.9219
Iter 200: Best Obj 92094.0000, Loss -109569.5156, Term1 147739.4062, Term2 -257308.9219
Iter 300: Best Obj 91022.0000, Loss -130590.1328, Term1 127876.5234, Term2 -258466.6562
Iter 400: Best Obj 91022.0000, Loss -137737.1250, Term1 120465.1719, Term2 -258202.2969
Iter 500: Best Obj 88906.0000, Loss -141415.3438, Term1 116711.1328, Term2 -258126.4688
Iter 600: Best Obj 88906.0000, Loss -143580.4062, Term1 114496.0078, Term2 -258076.4062
Iter 700: Best Obj 88906.0000, Loss -144877.2969, Term1 113131.9375, Term2 -258009.2344
Iter 800: Best Obj 88906.0000, Loss -145642.6562, Term1 112288.8750, Term2 -257931.5312
Iter 900: Best Obj 88906.0000, Loss -146080.6562, Term1 111770.8047, Term2 -257851.4531
Iter 1000: Best Obj 88906.0000, Loss -146318.6094, Term1 111454.3125, Term2 -257772.9219
Total Time: 149.89s, FPS: 6.7
tensor([1., 1., 1., 1., 1., 1., 1., 1., 1., 1., 1., 1., 1., 1., 1., 1., 1., 1.,
        1., 1., 1., 1., 1., 1., 1., 1., 1., 1., 1., 1., 1., 1., 1., 1., 1., 1.,
        1., 1., 1., 1., 1., 1., 1., 1., 1., 1., 1., 1., 1., 1., 1., 1., 1., 1.,
        1., 1., 1., 1., 1., 1., 1., 1., 1., 1., 1., 1., 1., 1., 1., 1., 1., 1.,
        1., 1., 1., 1., 1., 1., 1., 1., 1., 1., 1., 1., 1., 1., 1., 1., 1., 1.,
        1., 1., 1., 1., 1., 1., 1., 1., 1., 1., 1., 1., 1., 1., 1., 1., 1., 1.,
        1., 1., 1., 1., 1., 1., 1., 1., 1., 1., 1., 1., 1., 1., 1., 1., 1.],
       device='cuda:0')
tensor([1., 1., 1., 1., 1., 1., 1., 1., 1., 1., 1., 1., 1., 1., 1., 1., 1., 1.,
        1., 1., 1., 1., 1., 1., 1., 1., 1., 1., 1., 1., 1., 1., 1., 1., 1., 1.,
        1., 1., 1., 1., 1., 1., 1., 1., 1., 1., 1., 1., 1., 1., 1., 1., 1., 1.,
        1., 1., 1., 1., 1., 1., 1., 1., 1., 1., 1., 1., 1., 1., 1., 1., 1., 1.,
        1., 1., 1., 1., 1., 1., 1., 1., 1., 1., 1., 1., 1., 1., 1., 1., 1., 1.,
        1., 1., 1., 1., 1., 1., 1., 1., 1., 1., 1., 1., 1., 1., 1., 1., 1., 1.,
        1., 1., 1., 1., 1., 1., 1., 1., 1., 1., 1., 1., 1., 1., 1., 1., 1.],
       device='cuda:0')
Solution is a valid permutation matrix.
0 0
[  1   2   3   4   5   6   7   8   9  10  11  12  13  14  15  16  17  18
  19  20  21  22  23  24  25  26  27  28  29  30  31  32  33  34  35  36
  37  38  39  40  41  42  43  44  45  46  47  48  49  50  51  52  53  54
  55  56  57  58  59  60  61  62  63  64  65  66  67  68  69  70  71  72
  73  74  75  76  77  78  79  80  81  82  83  84  85  86  87  88  89  90
  91  92  93  94  95  96  97  98  99 100 101 102 103 104 105 106 107 108
 109 110 111 112 113 114 115 116 117 118 119 120 121 122 123 124 125]
5000
Starting Optimization [N=125, Batch=5000, Device=cuda]
Iter 100: Best Obj 95520.0000, Loss -288208.7500, Term1 219816.2031, Term2 -508024.9688
Iter 200: Best Obj 94084.0000, Loss -370688.9375, Term1 147730.9219, Term2 -518419.8750
Iter 300: Best Obj 94084.0000, Loss -388451.0000, Term1 129067.7812, Term2 -517518.7812
Iter 400: Best Obj 92274.0000, Loss -395794.0000, Term1 121331.1797, Term2 -517125.1875
Iter 500: Best Obj 92274.0000, Loss -399757.4375, Term1 117152.7734, Term2 -516910.2188
Iter 600: Best Obj 92274.0000, Loss -402027.7500, Term1 114705.8203, Term2 -516733.5625
Iter 700: Best Obj 92274.0000, Loss -403344.1562, Term1 113239.0938, Term2 -516583.2500
Iter 800: Best Obj 92274.0000, Loss -404102.4688, Term1 112353.5391, Term2 -516456.0000
Iter 900: Best Obj 92274.0000, Loss -404530.4375, Term1 111817.2734, Term2 -516347.7188
Iter 1000: Best Obj 92274.0000, Loss -404761.0625, Term1 111491.7422, Term2 -516252.8125
Total Time: 150.01s, FPS: 6.7
tensor([1., 1., 1., 1., 1., 1., 1., 1., 1., 1., 1., 1., 1., 1., 1., 1., 1., 1.,
        1., 1., 1., 1., 1., 1., 1., 1., 1., 1., 1., 1., 1., 1., 1., 1., 1., 1.,
        1., 1., 1., 1., 1., 1., 1., 1., 1., 1., 1., 1., 1., 1., 1., 1., 1., 1.,
        1., 1., 1., 1., 1., 1., 1., 1., 1., 1., 1., 1., 1., 1., 1., 1., 1., 1.,
        1., 1., 1., 1., 1., 1., 1., 1., 1., 1., 1., 1., 1., 1., 1., 1., 1., 1.,
        1., 1., 1., 1., 1., 1., 1., 1., 1., 1., 1., 1., 1., 1., 1., 1., 1., 1.,
        1., 1., 1., 1., 1., 1., 1., 1., 1., 1., 1., 1., 1., 1., 1., 1., 1.],
       device='cuda:0')
tensor([1., 1., 1., 1., 1., 1., 1., 1., 1., 1., 1., 1., 1., 1., 1., 1., 1., 1.,
        1., 1., 1., 1., 1., 1., 1., 1., 1., 1., 1., 1., 1., 1., 1., 1., 1., 1.,
        1., 1., 1., 1., 1., 1., 1., 1., 1., 1., 1., 1., 1., 1., 1., 1., 1., 1.,
        1., 1., 1., 1., 1., 1., 1., 1., 1., 1., 1., 1., 1., 1., 1., 1., 1., 1.,
        1., 1., 1., 1., 1., 1., 1., 1., 1., 1., 1., 1., 1., 1., 1., 1., 1., 1.,
        1., 1., 1., 1., 1., 1., 1., 1., 1., 1., 1., 1., 1., 1., 1., 1., 1., 1.,
        1., 1., 1., 1., 1., 1., 1., 1., 1., 1., 1., 1., 1., 1., 1., 1., 1.],
       device='cuda:0')
Solution is a valid permutation matrix.
0 0
[  1   2   3   4   5   6   7   8   9  10  11  12  13  14  15  16  17  18
  19  20  21  22  23  24  25  26  27  28  29  30  31  32  33  34  35  36
  37  38  39  40  41  42  43  44  45  46  47  48  49  50  51  52  53  54
  55  56  57  58  59  60  61  62  63  64  65  66  67  68  69  70  71  72
  73  74  75  76  77  78  79  80  81  82  83  84  85  86  87  88  89  90
  91  92  93  94  95  96  97  98  99 100 101 102 103 104 105 106 107 108
 109 110 111 112 113 114 115 116 117 118 119 120 121 122 123 124 125]
5000
Starting Optimization [N=125, Batch=5000, Device=cuda]
Iter 100: Best Obj 86210.0000, Loss -4967207.5000, Term1 275687.5000, Term2 -5242895.0000
Iter 200: Best Obj 86210.0000, Loss -5028079.5000, Term1 174477.6719, Term2 -5202557.0000
Iter 300: Best Obj 86210.0000, Loss -5044385.0000, Term1 143609.3438, Term2 -5187994.5000
Iter 400: Best Obj 86210.0000, Loss -5050807.5000, Term1 130004.7656, Term2 -5180812.5000
Iter 500: Best Obj 86210.0000, Loss -5053872.5000, Term1 122769.1094, Term2 -5176641.5000
Iter 600: Best Obj 86210.0000, Loss -5055477.0000, Term1 118526.0312, Term2 -5174003.0000
Iter 700: Best Obj 86210.0000, Loss -5056344.5000, Term1 115908.4844, Term2 -5172253.0000
Iter 800: Best Obj 86210.0000, Loss -5056745.0000, Term1 114299.3203, Term2 -5171044.5000
Iter 900: Best Obj 86210.0000, Loss -5056969.5000, Term1 113340.7031, Term2 -5170310.0000
Iter 1000: Best Obj 86210.0000, Loss -5057082.0000, Term1 112711.2734, Term2 -5169793.5000
Total Time: 150.21s, FPS: 6.7
tensor([1., 1., 1., 1., 1., 1., 1., 1., 1., 1., 1., 1., 1., 1., 1., 1., 1., 1.,
        1., 1., 1., 1., 1., 1., 1., 1., 1., 1., 1., 1., 1., 1., 1., 1., 1., 1.,
        1., 1., 1., 1., 1., 1., 1., 1., 1., 1., 1., 1., 1., 1., 1., 1., 1., 1.,
        1., 1., 1., 1., 1., 1., 1., 1., 1., 1., 1., 1., 1., 1., 1., 1., 1., 1.,
        1., 1., 1., 1., 1., 1., 1., 1., 1., 1., 1., 1., 1., 1., 1., 1., 1., 1.,
        1., 1., 1., 1., 1., 1., 1., 1., 1., 1., 1., 1., 1., 1., 1., 1., 1., 1.,
        1., 1., 1., 1., 1., 1., 1., 1., 1., 1., 1., 1., 1., 1., 1., 1., 1.],
       device='cuda:0')
tensor([1., 1., 1., 1., 1., 1., 1., 1., 1., 1., 1., 1., 1., 1., 1., 1., 1., 1.,
        1., 1., 1., 1., 1., 1., 1., 1., 1., 1., 1., 1., 1., 1., 1., 1., 1., 1.,
        1., 1., 1., 1., 1., 1., 1., 1., 1., 1., 1., 1., 1., 1., 1., 1., 1., 1.,
        1., 1., 1., 1., 1., 1., 1., 1., 1., 1., 1., 1., 1., 1., 1., 1., 1., 1.,
        1., 1., 1., 1., 1., 1., 1., 1., 1., 1., 1., 1., 1., 1., 1., 1., 1., 1.,
        1., 1., 1., 1., 1., 1., 1., 1., 1., 1., 1., 1., 1., 1., 1., 1., 1., 1.,
        1., 1., 1., 1., 1., 1., 1., 1., 1., 1., 1., 1., 1., 1., 1., 1., 1.],
       device='cuda:0')
Solution is a valid permutation matrix.
0 0
[  1   2   3   4   5   6   7   8   9  10  11  12  13  14  15  16  17  18
  19  20  21  22  23  24  25  26  27  28  29  30  31  32  33  34  35  36
  37  38  39  40  41  42  43  44  45  46  47  48  49  50  51  52  53  54
  55  56  57  58  59  60  61  62  63  64  65  66  67  68  69  70  71  72
  73  74  75  76  77  78  79  80  81  82  83  84  85  86  87  88  89  90
  91  92  93  94  95  96  97  98  99 100 101 102 103 104 105 106 107 108
 109 110 111 112 113 114 115 116 117 118 119 120 121 122 123 124 125]
5000
Starting Optimization [N=125, Batch=5000, Device=cuda]
Iter 100: Best Obj 101352.0000, Loss 205032.7031, Term1 228646.2500, Term2 -23613.5469
Iter 200: Best Obj 96508.0000, Loss 136070.4531, Term1 159713.2031, Term2 -23642.7500
Iter 300: Best Obj 82858.0000, Loss 114341.7969, Term1 138176.3125, Term2 -23834.5156
Iter 400: Best Obj 63048.0000, Loss 98168.6172, Term1 120990.9844, Term2 -22822.3691
Iter 500: Best Obj 54168.0000, Loss 71962.4609, Term1 88198.7422, Term2 -16236.2793
Iter 600: Best Obj 47484.0000, Loss 54759.0078, Term1 64868.0938, Term2 -10109.0840
Iter 700: Best Obj 44020.0000, Loss 48292.7891, Term1 56023.9844, Term2 -7731.1938
Iter 800: Best Obj 42380.0000, Loss 45667.5703, Term1 52590.9414, Term2 -6923.3716
Iter 900: Best Obj 42380.0000, Loss 44310.4648, Term1 50873.0273, Term2 -6562.5610
Iter 1000: Best Obj 42336.0000, Loss 43438.8672, Term1 49775.3242, Term2 -6336.4570
Total Time: 149.95s, FPS: 6.7
tensor([1., 1., 1., 1., 1., 1., 1., 1., 1., 1., 1., 1., 1., 1., 1., 1., 1., 1.,
        1., 1., 1., 1., 1., 1., 1., 1., 1., 1., 1., 1., 1., 1., 1., 1., 1., 1.,
        1., 1., 1., 1., 1., 1., 1., 1., 1., 1., 1., 1., 1., 1., 1., 1., 1., 1.,
        1., 1., 1., 1., 1., 1., 1., 1., 1., 1., 1., 1., 1., 1., 1., 1., 1., 1.,
        1., 1., 1., 1., 1., 1., 1., 1., 1., 1., 1., 1., 1., 1., 1., 1., 1., 1.,
        1., 1., 1., 1., 1., 1., 1., 1., 1., 1., 1., 1., 1., 1., 1., 1., 1., 1.,
        1., 1., 1., 1., 1., 1., 1., 1., 1., 1., 1., 1., 1., 1., 1., 1., 1.],
       device='cuda:0')
tensor([1., 1., 1., 1., 1., 1., 1., 1., 1., 1., 1., 1., 1., 1., 1., 1., 1., 1.,
        1., 1., 1., 1., 1., 1., 1., 1., 1., 1., 1., 1., 1., 1., 1., 1., 1., 1.,
        1., 1., 1., 1., 1., 1., 1., 1., 1., 1., 1., 1., 1., 1., 1., 1., 1., 1.,
        1., 1., 1., 1., 1., 1., 1., 1., 1., 1., 1., 1., 1., 1., 1., 1., 1., 1.,
        1., 1., 1., 1., 1., 1., 1., 1., 1., 1., 1., 1., 1., 1., 1., 1., 1., 1.,
        1., 1., 1., 1., 1., 1., 1., 1., 1., 1., 1., 1., 1., 1., 1., 1., 1., 1.,
        1., 1., 1., 1., 1., 1., 1., 1., 1., 1., 1., 1., 1., 1., 1., 1., 1.],
       device='cuda:0')
Solution is a valid permutation matrix.
0 0
[  1   2   3   4   5   6   7   8   9  10  11  12  13  14  15  16  17  18
  19  20  21  22  23  24  25  26  27  28  29  30  31  32  33  34  35  36
  37  38  39  40  41  42  43  44  45  46  47  48  49  50  51  52  53  54
  55  56  57  58  59  60  61  62  63  64  65  66  67  68  69  70  71  72
  73  74  75  76  77  78  79  80  81  82  83  84  85  86  87  88  89  90
  91  92  93  94  95  96  97  98  99 100 101 102 103 104 105 106 107 108
 109 110 111 112 113 114 115 116 117 118 119 120 121 122 123 124 125]
5000
Starting Optimization [N=125, Batch=5000, Device=cuda]
Iter 100: Best Obj 99536.0000, Loss 193111.3750, Term1 228701.2656, Term2 -35589.8906
Iter 200: Best Obj 96674.0000, Loss 123808.1250, Term1 159700.9531, Term2 -35892.8281
Iter 300: Best Obj 87002.0000, Loss 101664.5938, Term1 138199.3125, Term2 -36534.7227
Iter 400: Best Obj 65664.0000, Loss 86577.8203, Term1 121769.6562, Term2 -35191.8359
Iter 500: Best Obj 53790.0000, Loss 64988.9688, Term1 90900.5703, Term2 -25911.6016
Iter 600: Best Obj 46134.0000, Loss 49525.9297, Term1 66752.0000, Term2 -17226.0684
Iter 700: Best Obj 43942.0000, Loss 42980.5156, Term1 56494.9648, Term2 -13514.4482
Iter 800: Best Obj 43268.0000, Loss 40300.5039, Term1 52350.8047, Term2 -12050.3008
Iter 900: Best Obj 43150.0000, Loss 39038.9609, Term1 50397.9453, Term2 -11358.9834
Iter 1000: Best Obj 42968.0000, Loss 38298.5312, Term1 49263.7656, Term2 -10965.2354
Total Time: 150.02s, FPS: 6.7
tensor([1., 1., 1., 1., 1., 1., 1., 1., 1., 1., 1., 1., 1., 1., 1., 1., 1., 1.,
        1., 1., 1., 1., 1., 1., 1., 1., 1., 1., 1., 1., 1., 1., 1., 1., 1., 1.,
        1., 1., 1., 1., 1., 1., 1., 1., 1., 1., 1., 1., 1., 1., 1., 1., 1., 1.,
        1., 1., 1., 1., 1., 1., 1., 1., 1., 1., 1., 1., 1., 1., 1., 1., 1., 1.,
        1., 1., 1., 1., 1., 1., 1., 1., 1., 1., 1., 1., 1., 1., 1., 1., 1., 1.,
        1., 1., 1., 1., 1., 1., 1., 1., 1., 1., 1., 1., 1., 1., 1., 1., 1., 1.,
        1., 1., 1., 1., 1., 1., 1., 1., 1., 1., 1., 1., 1., 1., 1., 1., 1.],
       device='cuda:0')
tensor([1., 1., 1., 1., 1., 1., 1., 1., 1., 1., 1., 1., 1., 1., 1., 1., 1., 1.,
        1., 1., 1., 1., 1., 1., 1., 1., 1., 1., 1., 1., 1., 1., 1., 1., 1., 1.,
        1., 1., 1., 1., 1., 1., 1., 1., 1., 1., 1., 1., 1., 1., 1., 1., 1., 1.,
        1., 1., 1., 1., 1., 1., 1., 1., 1., 1., 1., 1., 1., 1., 1., 1., 1., 1.,
        1., 1., 1., 1., 1., 1., 1., 1., 1., 1., 1., 1., 1., 1., 1., 1., 1., 1.,
        1., 1., 1., 1., 1., 1., 1., 1., 1., 1., 1., 1., 1., 1., 1., 1., 1., 1.,
        1., 1., 1., 1., 1., 1., 1., 1., 1., 1., 1., 1., 1., 1., 1., 1., 1.],
       device='cuda:0')
Solution is a valid permutation matrix.
0 0
[  1   2   3   4   5   6   7   8   9  10  11  12  13  14  15  16  17  18
  19  20  21  22  23  24  25  26  27  28  29  30  31  32  33  34  35  36
  37  38  39  40  41  42  43  44  45  46  47  48  49  50  51  52  53  54
  55  56  57  58  59  60  61  62  63  64  65  66  67  68  69  70  71  72
  73  74  75  76  77  78  79  80  81  82  83  84  85  86  87  88  89  90
  91  92  93  94  95  96  97  98  99 100 101 102 103 104 105 106 107 108
 109 110 111 112 113 114 115 116 117 118 119 120 121 122 123 124 125]
5000
Starting Optimization [N=125, Batch=5000, Device=cuda]
Iter 100: Best Obj 97354.0000, Loss 181045.9375, Term1 228690.8281, Term2 -47644.8945
Iter 200: Best Obj 96342.0000, Loss 111315.7812, Term1 159655.7969, Term2 -48340.0156
Iter 300: Best Obj 82146.0000, Loss 88664.5234, Term1 138157.4531, Term2 -49492.9297
Iter 400: Best Obj 67396.0000, Loss 75033.1562, Term1 123102.6641, Term2 -48069.5117
Iter 500: Best Obj 52196.0000, Loss 57776.9414, Term1 95386.2969, Term2 -37609.3555
Iter 600: Best Obj 45230.0000, Loss 43451.4375, Term1 70062.0938, Term2 -26610.6582
Iter 700: Best Obj 41014.0000, Loss 36955.7969, Term1 58179.7461, Term2 -21223.9473
Iter 800: Best Obj 40534.0000, Loss 34425.9453, Term1 53109.6680, Term2 -18683.7207
Iter 900: Best Obj 40140.0000, Loss 33372.7266, Term1 50856.5234, Term2 -17483.7969
Iter 1000: Best Obj 40140.0000, Loss 32776.6562, Term1 49644.5898, Term2 -16867.9355
Total Time: 150.05s, FPS: 6.7
tensor([1., 1., 1., 1., 1., 1., 1., 1., 1., 1., 1., 1., 1., 1., 1., 1., 1., 1.,
        1., 1., 1., 1., 1., 1., 1., 1., 1., 1., 1., 1., 1., 1., 1., 1., 1., 1.,
        1., 1., 1., 1., 1., 1., 1., 1., 1., 1., 1., 1., 1., 1., 1., 1., 1., 1.,
        1., 1., 1., 1., 1., 1., 1., 1., 1., 1., 1., 1., 1., 1., 1., 1., 1., 1.,
        1., 1., 1., 1., 1., 1., 1., 1., 1., 1., 1., 1., 1., 1., 1., 1., 1., 1.,
        1., 1., 1., 1., 1., 1., 1., 1., 1., 1., 1., 1., 1., 1., 1., 1., 1., 1.,
        1., 1., 1., 1., 1., 1., 1., 1., 1., 1., 1., 1., 1., 1., 1., 1., 1.],
       device='cuda:0')
tensor([1., 1., 1., 1., 1., 1., 1., 1., 1., 1., 1., 1., 1., 1., 1., 1., 1., 1.,
        1., 1., 1., 1., 1., 1., 1., 1., 1., 1., 1., 1., 1., 1., 1., 1., 1., 1.,
        1., 1., 1., 1., 1., 1., 1., 1., 1., 1., 1., 1., 1., 1., 1., 1., 1., 1.,
        1., 1., 1., 1., 1., 1., 1., 1., 1., 1., 1., 1., 1., 1., 1., 1., 1., 1.,
        1., 1., 1., 1., 1., 1., 1., 1., 1., 1., 1., 1., 1., 1., 1., 1., 1., 1.,
        1., 1., 1., 1., 1., 1., 1., 1., 1., 1., 1., 1., 1., 1., 1., 1., 1., 1.,
        1., 1., 1., 1., 1., 1., 1., 1., 1., 1., 1., 1., 1., 1., 1., 1., 1.],
       device='cuda:0')
Solution is a valid permutation matrix.
0 0
[  1   2   3   4   5   6   7   8   9  10  11  12  13  14  15  16  17  18
  19  20  21  22  23  24  25  26  27  28  29  30  31  32  33  34  35  36
  37  38  39  40  41  42  43  44  45  46  47  48  49  50  51  52  53  54
  55  56  57  58  59  60  61  62  63  64  65  66  67  68  69  70  71  72
  73  74  75  76  77  78  79  80  81  82  83  84  85  86  87  88  89  90
  91  92  93  94  95  96  97  98  99 100 101 102 103 104 105 106 107 108
 109 110 111 112 113 114 115 116 117 118 119 120 121 122 123 124 125]
5000
Starting Optimization [N=125, Batch=5000, Device=cuda]
Iter 100: Best Obj 102656.0000, Loss 169004.7656, Term1 228775.5312, Term2 -59770.7617
Iter 200: Best Obj 95022.0000, Loss 98635.7734, Term1 159586.1875, Term2 -60950.4141
Iter 300: Best Obj 88256.0000, Loss 75496.6484, Term1 138083.1094, Term2 -62586.4609
Iter 400: Best Obj 69212.0000, Loss 63367.9219, Term1 124756.7969, Term2 -61388.8750
Iter 500: Best Obj 50656.0000, Loss 50054.1016, Term1 101514.1250, Term2 -51460.0234
Iter 600: Best Obj 42776.0000, Loss 36731.2852, Term1 75486.3672, Term2 -38755.0820
Iter 700: Best Obj 40734.0000, Loss 30262.7090, Term1 61851.2930, Term2 -31588.5840
Iter 800: Best Obj 39184.0000, Loss 27923.1270, Term1 55688.3438, Term2 -27765.2168
Iter 900: Best Obj 38898.0000, Loss 27082.3105, Term1 53172.9414, Term2 -26090.6309
Iter 1000: Best Obj 38516.0000, Loss 26614.1758, Term1 51872.2578, Term2 -25258.0820
Total Time: 150.21s, FPS: 6.7
tensor([1., 1., 1., 1., 1., 1., 1., 1., 1., 1., 1., 1., 1., 1., 1., 1., 1., 1.,
        1., 1., 1., 1., 1., 1., 1., 1., 1., 1., 1., 1., 1., 1., 1., 1., 1., 1.,
        1., 1., 1., 1., 1., 1., 1., 1., 1., 1., 1., 1., 1., 1., 1., 1., 1., 1.,
        1., 1., 1., 1., 1., 1., 1., 1., 1., 1., 1., 1., 1., 1., 1., 1., 1., 1.,
        1., 1., 1., 1., 1., 1., 1., 1., 1., 1., 1., 1., 1., 1., 1., 1., 1., 1.,
        1., 1., 1., 1., 1., 1., 1., 1., 1., 1., 1., 1., 1., 1., 1., 1., 1., 1.,
        1., 1., 1., 1., 1., 1., 1., 1., 1., 1., 1., 1., 1., 1., 1., 1., 1.],
       device='cuda:0')
tensor([1., 1., 1., 1., 1., 1., 1., 1., 1., 1., 1., 1., 1., 1., 1., 1., 1., 1.,
        1., 1., 1., 1., 1., 1., 1., 1., 1., 1., 1., 1., 1., 1., 1., 1., 1., 1.,
        1., 1., 1., 1., 1., 1., 1., 1., 1., 1., 1., 1., 1., 1., 1., 1., 1., 1.,
        1., 1., 1., 1., 1., 1., 1., 1., 1., 1., 1., 1., 1., 1., 1., 1., 1., 1.,
        1., 1., 1., 1., 1., 1., 1., 1., 1., 1., 1., 1., 1., 1., 1., 1., 1., 1.,
        1., 1., 1., 1., 1., 1., 1., 1., 1., 1., 1., 1., 1., 1., 1., 1., 1., 1.,
        1., 1., 1., 1., 1., 1., 1., 1., 1., 1., 1., 1., 1., 1., 1., 1., 1.],
       device='cuda:0')
Solution is a valid permutation matrix.
0 0
[  1   2   3   4   5   6   7   8   9  10  11  12  13  14  15  16  17  18
  19  20  21  22  23  24  25  26  27  28  29  30  31  32  33  34  35  36
  37  38  39  40  41  42  43  44  45  46  47  48  49  50  51  52  53  54
  55  56  57  58  59  60  61  62  63  64  65  66  67  68  69  70  71  72
  73  74  75  76  77  78  79  80  81  82  83  84  85  86  87  88  89  90
  91  92  93  94  95  96  97  98  99 100 101 102 103 104 105 106 107 108
 109 110 111 112 113 114 115 116 117 118 119 120 121 122 123 124 125]
5000
Starting Optimization [N=125, Batch=5000, Device=cuda]
Iter 100: Best Obj 102828.0000, Loss 156801.2500, Term1 228771.2344, Term2 -71969.9766
Iter 200: Best Obj 98050.0000, Loss 85786.2344, Term1 159494.6406, Term2 -73708.4062
Iter 300: Best Obj 91328.0000, Loss 62255.7656, Term1 138001.0625, Term2 -75745.2969
Iter 400: Best Obj 67480.0000, Loss 51395.9844, Term1 126306.1953, Term2 -74910.2109
Iter 500: Best Obj 52246.0000, Loss 41516.7891, Term1 108368.4297, Term2 -66851.6406
Iter 600: Best Obj 43820.0000, Loss 29394.8594, Term1 82837.8359, Term2 -53442.9766
Iter 700: Best Obj 41510.0000, Loss 22707.7344, Term1 67599.5078, Term2 -44891.7734
Iter 800: Best Obj 39354.0000, Loss 20458.9648, Term1 60479.0820, Term2 -40020.1172
Iter 900: Best Obj 38508.0000, Loss 19760.3320, Term1 57589.2109, Term2 -37828.8789
Iter 1000: Best Obj 38300.0000, Loss 19419.1250, Term1 56219.0742, Term2 -36799.9492
Total Time: 150.02s, FPS: 6.7
tensor([1., 1., 1., 1., 1., 1., 1., 1., 1., 1., 1., 1., 1., 1., 1., 1., 1., 1.,
        1., 1., 1., 1., 1., 1., 1., 1., 1., 1., 1., 1., 1., 1., 1., 1., 1., 1.,
        1., 1., 1., 1., 1., 1., 1., 1., 1., 1., 1., 1., 1., 1., 1., 1., 1., 1.,
        1., 1., 1., 1., 1., 1., 1., 1., 1., 1., 1., 1., 1., 1., 1., 1., 1., 1.,
        1., 1., 1., 1., 1., 1., 1., 1., 1., 1., 1., 1., 1., 1., 1., 1., 1., 1.,
        1., 1., 1., 1., 1., 1., 1., 1., 1., 1., 1., 1., 1., 1., 1., 1., 1., 1.,
        1., 1., 1., 1., 1., 1., 1., 1., 1., 1., 1., 1., 1., 1., 1., 1., 1.],
       device='cuda:0')
tensor([1., 1., 1., 1., 1., 1., 1., 1., 1., 1., 1., 1., 1., 1., 1., 1., 1., 1.,
        1., 1., 1., 1., 1., 1., 1., 1., 1., 1., 1., 1., 1., 1., 1., 1., 1., 1.,
        1., 1., 1., 1., 1., 1., 1., 1., 1., 1., 1., 1., 1., 1., 1., 1., 1., 1.,
        1., 1., 1., 1., 1., 1., 1., 1., 1., 1., 1., 1., 1., 1., 1., 1., 1., 1.,
        1., 1., 1., 1., 1., 1., 1., 1., 1., 1., 1., 1., 1., 1., 1., 1., 1., 1.,
        1., 1., 1., 1., 1., 1., 1., 1., 1., 1., 1., 1., 1., 1., 1., 1., 1., 1.,
        1., 1., 1., 1., 1., 1., 1., 1., 1., 1., 1., 1., 1., 1., 1., 1., 1.],
       device='cuda:0')
Solution is a valid permutation matrix.
0 0
[  1   2   3   4   5   6   7   8   9  10  11  12  13  14  15  16  17  18
  19  20  21  22  23  24  25  26  27  28  29  30  31  32  33  34  35  36
  37  38  39  40  41  42  43  44  45  46  47  48  49  50  51  52  53  54
  55  56  57  58  59  60  61  62  63  64  65  66  67  68  69  70  71  72
  73  74  75  76  77  78  79  80  81  82  83  84  85  86  87  88  89  90
  91  92  93  94  95  96  97  98  99 100 101 102 103 104 105 106 107 108
 109 110 111 112 113 114 115 116 117 118 119 120 121 122 123 124 125]
5000
Starting Optimization [N=125, Batch=5000, Device=cuda]
Iter 100: Best Obj 100594.0000, Loss 132270.1562, Term1 228817.4219, Term2 -96547.2734
Iter 200: Best Obj 100308.0000, Loss 59728.8203, Term1 159258.0938, Term2 -99529.2734
Iter 300: Best Obj 93846.0000, Loss 35799.4688, Term1 137848.5781, Term2 -102049.1094
Iter 400: Best Obj 74050.0000, Loss 26563.8594, Term1 128310.4844, Term2 -101746.6250
Iter 500: Best Obj 57772.0000, Loss 21259.4766, Term1 119748.3203, Term2 -98488.8438
Iter 600: Best Obj 48492.0000, Loss 13845.7344, Term1 101885.8438, Term2 -88040.1094
Iter 700: Best Obj 45654.0000, Loss 5835.1016, Term1 81169.8984, Term2 -75334.7969
Iter 800: Best Obj 41302.0000, Loss 3044.1953, Term1 72250.2812, Term2 -69206.0859
Iter 900: Best Obj 40766.0000, Loss 2438.0781, Term1 69121.2969, Term2 -66683.2188
Iter 1000: Best Obj 40766.0000, Loss 2290.1172, Term1 68035.6797, Term2 -65745.5625
Total Time: 150.20s, FPS: 6.7
tensor([1., 1., 1., 1., 1., 1., 1., 1., 1., 1., 1., 1., 1., 1., 1., 1., 1., 1.,
        1., 1., 1., 1., 1., 1., 1., 1., 1., 1., 1., 1., 1., 1., 1., 1., 1., 1.,
        1., 1., 1., 1., 1., 1., 1., 1., 1., 1., 1., 1., 1., 1., 1., 1., 1., 1.,
        1., 1., 1., 1., 1., 1., 1., 1., 1., 1., 1., 1., 1., 1., 1., 1., 1., 1.,
        1., 1., 1., 1., 1., 1., 1., 1., 1., 1., 1., 1., 1., 1., 1., 1., 1., 1.,
        1., 1., 1., 1., 1., 1., 1., 1., 1., 1., 1., 1., 1., 1., 1., 1., 1., 1.,
        1., 1., 1., 1., 1., 1., 1., 1., 1., 1., 1., 1., 1., 1., 1., 1., 1.],
       device='cuda:0')
tensor([1., 1., 1., 1., 1., 1., 1., 1., 1., 1., 1., 1., 1., 1., 1., 1., 1., 1.,
        1., 1., 1., 1., 1., 1., 1., 1., 1., 1., 1., 1., 1., 1., 1., 1., 1., 1.,
        1., 1., 1., 1., 1., 1., 1., 1., 1., 1., 1., 1., 1., 1., 1., 1., 1., 1.,
        1., 1., 1., 1., 1., 1., 1., 1., 1., 1., 1., 1., 1., 1., 1., 1., 1., 1.,
        1., 1., 1., 1., 1., 1., 1., 1., 1., 1., 1., 1., 1., 1., 1., 1., 1., 1.,
        1., 1., 1., 1., 1., 1., 1., 1., 1., 1., 1., 1., 1., 1., 1., 1., 1., 1.,
        1., 1., 1., 1., 1., 1., 1., 1., 1., 1., 1., 1., 1., 1., 1., 1., 1.],
       device='cuda:0')
Solution is a valid permutation matrix.
0 0
[  1   2   3   4   5   6   7   8   9  10  11  12  13  14  15  16  17  18
  19  20  21  22  23  24  25  26  27  28  29  30  31  32  33  34  35  36
  37  38  39  40  41  42  43  44  45  46  47  48  49  50  51  52  53  54
  55  56  57  58  59  60  61  62  63  64  65  66  67  68  69  70  71  72
  73  74  75  76  77  78  79  80  81  82  83  84  85  86  87  88  89  90
  91  92  93  94  95  96  97  98  99 100 101 102 103 104 105 106 107 108
 109 110 111 112 113 114 115 116 117 118 119 120 121 122 123 124 125]
5000
Starting Optimization [N=125, Batch=5000, Device=cuda]
Iter 100: Best Obj 105214.0000, Loss 107488.6094, Term1 228842.2031, Term2 -121353.5938
Iter 200: Best Obj 100618.0000, Loss 33350.0234, Term1 158991.9375, Term2 -125641.9141
Iter 300: Best Obj 94642.0000, Loss 9488.1797, Term1 137758.3438, Term2 -128270.1641
Iter 400: Best Obj 74808.0000, Loss 1100.2109, Term1 129207.8750, Term2 -128107.6641
Iter 500: Best Obj 62866.0000, Loss -2882.0234, Term1 124114.5156, Term2 -126996.5391
Iter 600: Best Obj 55610.0000, Loss -6254.5938, Term1 117244.6797, Term2 -123499.2734
Iter 700: Best Obj 53706.0000, Loss -11064.3359, Term1 102654.9375, Term2 -113719.2734
Iter 800: Best Obj 52422.0000, Loss -15716.0078, Term1 84268.2266, Term2 -99984.2344
Iter 900: Best Obj 52422.0000, Loss -16657.4453, Term1 78071.5078, Term2 -94728.9531
Iter 1000: Best Obj 52422.0000, Loss -16731.1406, Term1 77136.2109, Term2 -93867.3516
Total Time: 150.02s, FPS: 6.7
tensor([1., 1., 1., 1., 1., 1., 1., 1., 1., 1., 1., 1., 1., 1., 1., 1., 1., 1.,
        1., 1., 1., 1., 1., 1., 1., 1., 1., 1., 1., 1., 1., 1., 1., 1., 1., 1.,
        1., 1., 1., 1., 1., 1., 1., 1., 1., 1., 1., 1., 1., 1., 1., 1., 1., 1.,
        1., 1., 1., 1., 1., 1., 1., 1., 1., 1., 1., 1., 1., 1., 1., 1., 1., 1.,
        1., 1., 1., 1., 1., 1., 1., 1., 1., 1., 1., 1., 1., 1., 1., 1., 1., 1.,
        1., 1., 1., 1., 1., 1., 1., 1., 1., 1., 1., 1., 1., 1., 1., 1., 1., 1.,
        1., 1., 1., 1., 1., 1., 1., 1., 1., 1., 1., 1., 1., 1., 1., 1., 1.],
       device='cuda:0')
tensor([1., 1., 1., 1., 1., 1., 1., 1., 1., 1., 1., 1., 1., 1., 1., 1., 1., 1.,
        1., 1., 1., 1., 1., 1., 1., 1., 1., 1., 1., 1., 1., 1., 1., 1., 1., 1.,
        1., 1., 1., 1., 1., 1., 1., 1., 1., 1., 1., 1., 1., 1., 1., 1., 1., 1.,
        1., 1., 1., 1., 1., 1., 1., 1., 1., 1., 1., 1., 1., 1., 1., 1., 1., 1.,
        1., 1., 1., 1., 1., 1., 1., 1., 1., 1., 1., 1., 1., 1., 1., 1., 1., 1.,
        1., 1., 1., 1., 1., 1., 1., 1., 1., 1., 1., 1., 1., 1., 1., 1., 1., 1.,
        1., 1., 1., 1., 1., 1., 1., 1., 1., 1., 1., 1., 1., 1., 1., 1., 1.],
       device='cuda:0')
Solution is a valid permutation matrix.
0 0
[  1   2   3   4   5   6   7   8   9  10  11  12  13  14  15  16  17  18
  19  20  21  22  23  24  25  26  27  28  29  30  31  32  33  34  35  36
  37  38  39  40  41  42  43  44  45  46  47  48  49  50  51  52  53  54
  55  56  57  58  59  60  61  62  63  64  65  66  67  68  69  70  71  72
  73  74  75  76  77  78  79  80  81  82  83  84  85  86  87  88  89  90
  91  92  93  94  95  96  97  98  99 100 101 102 103 104 105 106 107 108
 109 110 111 112 113 114 115 116 117 118 119 120 121 122 123 124 125]
5000
Starting Optimization [N=125, Batch=5000, Device=cuda]
Iter 100: Best Obj 104984.0000, Loss 82523.1875, Term1 228875.9375, Term2 -146352.7500
Iter 200: Best Obj 101254.0000, Loss 6817.6875, Term1 158721.6406, Term2 -151903.9531
Iter 300: Best Obj 94698.0000, Loss -16656.4531, Term1 137730.5938, Term2 -154387.0469
Iter 400: Best Obj 79062.0000, Loss -24540.7500, Term1 129675.6562, Term2 -154216.4062
Iter 500: Best Obj 70292.0000, Loss -28203.1172, Term1 125539.8203, Term2 -153742.9375
Iter 600: Best Obj 65904.0000, Loss -30809.0000, Term1 121135.4062, Term2 -151944.4062
Iter 700: Best Obj 62306.0000, Loss -33915.0000, Term1 112587.7188, Term2 -146502.7188
Iter 800: Best Obj 58654.0000, Loss -35863.4375, Term1 104608.2344, Term2 -140471.6719
Iter 900: Best Obj 57794.0000, Loss -36906.6875, Term1 95665.6250, Term2 -132572.3125
Iter 1000: Best Obj 57724.0000, Loss -37286.2734, Term1 89483.2656, Term2 -126769.5391
Total Time: 150.13s, FPS: 6.7
tensor([1., 1., 1., 1., 1., 1., 1., 1., 1., 1., 1., 1., 1., 1., 1., 1., 1., 1.,
        1., 1., 1., 1., 1., 1., 1., 1., 1., 1., 1., 1., 1., 1., 1., 1., 1., 1.,
        1., 1., 1., 1., 1., 1., 1., 1., 1., 1., 1., 1., 1., 1., 1., 1., 1., 1.,
        1., 1., 1., 1., 1., 1., 1., 1., 1., 1., 1., 1., 1., 1., 1., 1., 1., 1.,
        1., 1., 1., 1., 1., 1., 1., 1., 1., 1., 1., 1., 1., 1., 1., 1., 1., 1.,
        1., 1., 1., 1., 1., 1., 1., 1., 1., 1., 1., 1., 1., 1., 1., 1., 1., 1.,
        1., 1., 1., 1., 1., 1., 1., 1., 1., 1., 1., 1., 1., 1., 1., 1., 1.],
       device='cuda:0')
tensor([1., 1., 1., 1., 1., 1., 1., 1., 1., 1., 1., 1., 1., 1., 1., 1., 1., 1.,
        1., 1., 1., 1., 1., 1., 1., 1., 1., 1., 1., 1., 1., 1., 1., 1., 1., 1.,
        1., 1., 1., 1., 1., 1., 1., 1., 1., 1., 1., 1., 1., 1., 1., 1., 1., 1.,
        1., 1., 1., 1., 1., 1., 1., 1., 1., 1., 1., 1., 1., 1., 1., 1., 1., 1.,
        1., 1., 1., 1., 1., 1., 1., 1., 1., 1., 1., 1., 1., 1., 1., 1., 1., 1.,
        1., 1., 1., 1., 1., 1., 1., 1., 1., 1., 1., 1., 1., 1., 1., 1., 1., 1.,
        1., 1., 1., 1., 1., 1., 1., 1., 1., 1., 1., 1., 1., 1., 1., 1., 1.],
       device='cuda:0')
Solution is a valid permutation matrix.
0 0
[  1   2   3   4   5   6   7   8   9  10  11  12  13  14  15  16  17  18
  19  20  21  22  23  24  25  26  27  28  29  30  31  32  33  34  35  36
  37  38  39  40  41  42  43  44  45  46  47  48  49  50  51  52  53  54
  55  56  57  58  59  60  61  62  63  64  65  66  67  68  69  70  71  72
  73  74  75  76  77  78  79  80  81  82  83  84  85  86  87  88  89  90
  91  92  93  94  95  96  97  98  99 100 101 102 103 104 105 106 107 108
 109 110 111 112 113 114 115 116 117 118 119 120 121 122 123 124 125]
5000
Starting Optimization [N=125, Batch=5000, Device=cuda]
Iter 100: Best Obj 101264.0000, Loss -18874.1719, Term1 229015.4062, Term2 -247889.5781
Iter 200: Best Obj 99546.0000, Loss -99295.2500, Term1 157891.9688, Term2 -257187.2188
Iter 300: Best Obj 97176.0000, Loss -120296.6250, Term1 138015.6250, Term2 -258312.2500
Iter 400: Best Obj 95028.0000, Loss -127441.5312, Term1 130572.7969, Term2 -258014.3281
Iter 500: Best Obj 92260.0000, Loss -131095.5938, Term1 126794.8359, Term2 -257890.4375
Iter 600: Best Obj 89788.0000, Loss -133234.4531, Term1 124573.6875, Term2 -257808.1406
Iter 700: Best Obj 89788.0000, Loss -134514.9219, Term1 123233.5938, Term2 -257748.5156
Iter 800: Best Obj 89788.0000, Loss -135273.4688, Term1 122423.9922, Term2 -257697.4688
Iter 900: Best Obj 89788.0000, Loss -135708.6094, Term1 121926.9062, Term2 -257635.5156
Iter 1000: Best Obj 89788.0000, Loss -135945.1250, Term1 121620.7812, Term2 -257565.9062
Total Time: 149.97s, FPS: 6.7
tensor([1., 1., 1., 1., 1., 1., 1., 1., 1., 1., 1., 1., 1., 1., 1., 1., 1., 1.,
        1., 1., 1., 1., 1., 1., 1., 1., 1., 1., 1., 1., 1., 1., 1., 1., 1., 1.,
        1., 1., 1., 1., 1., 1., 1., 1., 1., 1., 1., 1., 1., 1., 1., 1., 1., 1.,
        1., 1., 1., 1., 1., 1., 1., 1., 1., 1., 1., 1., 1., 1., 1., 1., 1., 1.,
        1., 1., 1., 1., 1., 1., 1., 1., 1., 1., 1., 1., 1., 1., 1., 1., 1., 1.,
        1., 1., 1., 1., 1., 1., 1., 1., 1., 1., 1., 1., 1., 1., 1., 1., 1., 1.,
        1., 1., 1., 1., 1., 1., 1., 1., 1., 1., 1., 1., 1., 1., 1., 1., 1.],
       device='cuda:0')
tensor([1., 1., 1., 1., 1., 1., 1., 1., 1., 1., 1., 1., 1., 1., 1., 1., 1., 1.,
        1., 1., 1., 1., 1., 1., 1., 1., 1., 1., 1., 1., 1., 1., 1., 1., 1., 1.,
        1., 1., 1., 1., 1., 1., 1., 1., 1., 1., 1., 1., 1., 1., 1., 1., 1., 1.,
        1., 1., 1., 1., 1., 1., 1., 1., 1., 1., 1., 1., 1., 1., 1., 1., 1., 1.,
        1., 1., 1., 1., 1., 1., 1., 1., 1., 1., 1., 1., 1., 1., 1., 1., 1., 1.,
        1., 1., 1., 1., 1., 1., 1., 1., 1., 1., 1., 1., 1., 1., 1., 1., 1., 1.,
        1., 1., 1., 1., 1., 1., 1., 1., 1., 1., 1., 1., 1., 1., 1., 1., 1.],
       device='cuda:0')
Solution is a valid permutation matrix.
0 0
[  1   2   3   4   5   6   7   8   9  10  11  12  13  14  15  16  17  18
  19  20  21  22  23  24  25  26  27  28  29  30  31  32  33  34  35  36
  37  38  39  40  41  42  43  44  45  46  47  48  49  50  51  52  53  54
  55  56  57  58  59  60  61  62  63  64  65  66  67  68  69  70  71  72
  73  74  75  76  77  78  79  80  81  82  83  84  85  86  87  88  89  90
  91  92  93  94  95  96  97  98  99 100 101 102 103 104 105 106 107 108
 109 110 111 112 113 114 115 116 117 118 119 120 121 122 123 124 125]
5000
Starting Optimization [N=125, Batch=5000, Device=cuda]
Iter 100: Best Obj 101374.0000, Loss -278309.8125, Term1 229629.1719, Term2 -507939.0000
Iter 200: Best Obj 101374.0000, Loss -360422.1250, Term1 157916.7031, Term2 -518338.8438
Iter 300: Best Obj 97816.0000, Loss -378125.1250, Term1 139326.2969, Term2 -517451.4062
Iter 400: Best Obj 92834.0000, Loss -385410.1875, Term1 131633.5938, Term2 -517043.7812
Iter 500: Best Obj 92834.0000, Loss -389340.2188, Term1 127492.1562, Term2 -516832.3750
Iter 600: Best Obj 92834.0000, Loss -391595.1562, Term1 125067.8984, Term2 -516663.0625
Iter 700: Best Obj 92834.0000, Loss -392903.9375, Term1 123612.9062, Term2 -516516.8438
Iter 800: Best Obj 92834.0000, Loss -393658.2500, Term1 122733.5469, Term2 -516391.8125
Iter 900: Best Obj 92834.0000, Loss -394083.9062, Term1 122200.7578, Term2 -516284.6562
Iter 1000: Best Obj 92834.0000, Loss -394313.1562, Term1 121877.2812, Term2 -516190.4375
Total Time: 150.15s, FPS: 6.7
tensor([1., 1., 1., 1., 1., 1., 1., 1., 1., 1., 1., 1., 1., 1., 1., 1., 1., 1.,
        1., 1., 1., 1., 1., 1., 1., 1., 1., 1., 1., 1., 1., 1., 1., 1., 1., 1.,
        1., 1., 1., 1., 1., 1., 1., 1., 1., 1., 1., 1., 1., 1., 1., 1., 1., 1.,
        1., 1., 1., 1., 1., 1., 1., 1., 1., 1., 1., 1., 1., 1., 1., 1., 1., 1.,
        1., 1., 1., 1., 1., 1., 1., 1., 1., 1., 1., 1., 1., 1., 1., 1., 1., 1.,
        1., 1., 1., 1., 1., 1., 1., 1., 1., 1., 1., 1., 1., 1., 1., 1., 1., 1.,
        1., 1., 1., 1., 1., 1., 1., 1., 1., 1., 1., 1., 1., 1., 1., 1., 1.],
       device='cuda:0')
tensor([1., 1., 1., 1., 1., 1., 1., 1., 1., 1., 1., 1., 1., 1., 1., 1., 1., 1.,
        1., 1., 1., 1., 1., 1., 1., 1., 1., 1., 1., 1., 1., 1., 1., 1., 1., 1.,
        1., 1., 1., 1., 1., 1., 1., 1., 1., 1., 1., 1., 1., 1., 1., 1., 1., 1.,
        1., 1., 1., 1., 1., 1., 1., 1., 1., 1., 1., 1., 1., 1., 1., 1., 1., 1.,
        1., 1., 1., 1., 1., 1., 1., 1., 1., 1., 1., 1., 1., 1., 1., 1., 1., 1.,
        1., 1., 1., 1., 1., 1., 1., 1., 1., 1., 1., 1., 1., 1., 1., 1., 1., 1.,
        1., 1., 1., 1., 1., 1., 1., 1., 1., 1., 1., 1., 1., 1., 1., 1., 1.],
       device='cuda:0')
Solution is a valid permutation matrix.
0 0
[  1   2   3   4   5   6   7   8   9  10  11  12  13  14  15  16  17  18
  19  20  21  22  23  24  25  26  27  28  29  30  31  32  33  34  35  36
  37  38  39  40  41  42  43  44  45  46  47  48  49  50  51  52  53  54
  55  56  57  58  59  60  61  62  63  64  65  66  67  68  69  70  71  72
  73  74  75  76  77  78  79  80  81  82  83  84  85  86  87  88  89  90
  91  92  93  94  95  96  97  98  99 100 101 102 103 104 105 106 107 108
 109 110 111 112 113 114 115 116 117 118 119 120 121 122 123 124 125]
5000
Starting Optimization [N=125, Batch=5000, Device=cuda]
Iter 100: Best Obj 98258.0000, Loss -4957599.5000, Term1 285738.6250, Term2 -5243338.0000
Iter 200: Best Obj 98258.0000, Loss -5017874.5000, Term1 184992.4219, Term2 -5202867.0000
Iter 300: Best Obj 98258.0000, Loss -5034041.5000, Term1 154172.6094, Term2 -5188214.0000
Iter 400: Best Obj 98258.0000, Loss -5040404.5000, Term1 140574.2656, Term2 -5180979.0000
Iter 500: Best Obj 98258.0000, Loss -5043437.0000, Term1 133337.8906, Term2 -5176775.0000
Iter 600: Best Obj 98258.0000, Loss -5045021.0000, Term1 129090.8750, Term2 -5174112.0000
Iter 700: Best Obj 98258.0000, Loss -5045866.5000, Term1 126468.7031, Term2 -5172335.0000
Iter 800: Best Obj 98258.0000, Loss -5046278.0000, Term1 124858.5625, Term2 -5171136.5000
Iter 900: Best Obj 98258.0000, Loss -5046489.0000, Term1 123894.2812, Term2 -5170383.5000
Iter 1000: Best Obj 98258.0000, Loss -5046595.5000, Term1 123259.5547, Term2 -5169855.0000
Total Time: 149.90s, FPS: 6.7
tensor([1., 1., 1., 1., 1., 1., 1., 1., 1., 1., 1., 1., 1., 1., 1., 1., 1., 1.,
        1., 1., 1., 1., 1., 1., 1., 1., 1., 1., 1., 1., 1., 1., 1., 1., 1., 1.,
        1., 1., 1., 1., 1., 1., 1., 1., 1., 1., 1., 1., 1., 1., 1., 1., 1., 1.,
        1., 1., 1., 1., 1., 1., 1., 1., 1., 1., 1., 1., 1., 1., 1., 1., 1., 1.,
        1., 1., 1., 1., 1., 1., 1., 1., 1., 1., 1., 1., 1., 1., 1., 1., 1., 1.,
        1., 1., 1., 1., 1., 1., 1., 1., 1., 1., 1., 1., 1., 1., 1., 1., 1., 1.,
        1., 1., 1., 1., 1., 1., 1., 1., 1., 1., 1., 1., 1., 1., 1., 1., 1.],
       device='cuda:0')
tensor([1., 1., 1., 1., 1., 1., 1., 1., 1., 1., 1., 1., 1., 1., 1., 1., 1., 1.,
        1., 1., 1., 1., 1., 1., 1., 1., 1., 1., 1., 1., 1., 1., 1., 1., 1., 1.,
        1., 1., 1., 1., 1., 1., 1., 1., 1., 1., 1., 1., 1., 1., 1., 1., 1., 1.,
        1., 1., 1., 1., 1., 1., 1., 1., 1., 1., 1., 1., 1., 1., 1., 1., 1., 1.,
        1., 1., 1., 1., 1., 1., 1., 1., 1., 1., 1., 1., 1., 1., 1., 1., 1., 1.,
        1., 1., 1., 1., 1., 1., 1., 1., 1., 1., 1., 1., 1., 1., 1., 1., 1., 1.,
        1., 1., 1., 1., 1., 1., 1., 1., 1., 1., 1., 1., 1., 1., 1., 1., 1.],
       device='cuda:0')
Solution is a valid permutation matrix.
0 0
[  1   2   3   4   5   6   7   8   9  10  11  12  13  14  15  16  17  18
  19  20  21  22  23  24  25  26  27  28  29  30  31  32  33  34  35  36
  37  38  39  40  41  42  43  44  45  46  47  48  49  50  51  52  53  54
  55  56  57  58  59  60  61  62  63  64  65  66  67  68  69  70  71  72
  73  74  75  76  77  78  79  80  81  82  83  84  85  86  87  88  89  90
  91  92  93  94  95  96  97  98  99 100 101 102 103 104 105 106 107 108
 109 110 111 112 113 114 115 116 117 118 119 120 121 122 123 124 125 126
 127 128 129 130 131 132 133 134 135 136 137 138 139 140 141 142 143 144
 145 146 147 148 149 150 151 152 153 154 155 156 157 158 159 160 161 162
 163 164 165 166 167 168 169 170 171 172 173 174 175]
5000
Starting Optimization [N=175, Batch=5000, Device=cuda]
Iter 100: Best Obj 177926.0000, Loss 414441.6875, Term1 450391.9688, Term2 -35950.2773
Iter 200: Best Obj 167098.0000, Loss 269876.5312, Term1 305755.9375, Term2 -35879.4180
Iter 300: Best Obj 146398.0000, Loss 227092.3281, Term1 263160.2188, Term2 -36067.8945
Iter 400: Best Obj 121930.0000, Loss 199947.5156, Term1 235667.6719, Term2 -35720.1602
Iter 500: Best Obj 86728.0000, Loss 147830.1875, Term1 176194.7188, Term2 -28364.5332
Iter 600: Best Obj 71384.0000, Loss 94898.3906, Term1 111039.1094, Term2 -16140.7148
Iter 700: Best Obj 65274.0000, Loss 75467.7344, Term1 87003.9062, Term2 -11536.1699
Iter 800: Best Obj 64530.0000, Loss 69613.4297, Term1 80209.5000, Term2 -10596.0674
Iter 900: Best Obj 64272.0000, Loss 66867.7500, Term1 77216.8359, Term2 -10349.0889
Iter 1000: Best Obj 64272.0000, Loss 65178.0586, Term1 75385.2578, Term2 -10207.1992
Total Time: 329.30s, FPS: 3.0
tensor([1., 1., 1., 1., 1., 1., 1., 1., 1., 1., 1., 1., 1., 1., 1., 1., 1., 1.,
        1., 1., 1., 1., 1., 1., 1., 1., 1., 1., 1., 1., 1., 1., 1., 1., 1., 1.,
        1., 1., 1., 1., 1., 1., 1., 1., 1., 1., 1., 1., 1., 1., 1., 1., 1., 1.,
        1., 1., 1., 1., 1., 1., 1., 1., 1., 1., 1., 1., 1., 1., 1., 1., 1., 1.,
        1., 1., 1., 1., 1., 1., 1., 1., 1., 1., 1., 1., 1., 1., 1., 1., 1., 1.,
        1., 1., 1., 1., 1., 1., 1., 1., 1., 1., 1., 1., 1., 1., 1., 1., 1., 1.,
        1., 1., 1., 1., 1., 1., 1., 1., 1., 1., 1., 1., 1., 1., 1., 1., 1., 1.,
        1., 1., 1., 1., 1., 1., 1., 1., 1., 1., 1., 1., 1., 1., 1., 1., 1., 1.,
        1., 1., 1., 1., 1., 1., 1., 1., 1., 1., 1., 1., 1., 1., 1., 1., 1., 1.,
        1., 1., 1., 1., 1., 1., 1., 1., 1., 1., 1., 1., 1.], device='cuda:0')
tensor([1., 1., 1., 1., 1., 1., 1., 1., 1., 1., 1., 1., 1., 1., 1., 1., 1., 1.,
        1., 1., 1., 1., 1., 1., 1., 1., 1., 1., 1., 1., 1., 1., 1., 1., 1., 1.,
        1., 1., 1., 1., 1., 1., 1., 1., 1., 1., 1., 1., 1., 1., 1., 1., 1., 1.,
        1., 1., 1., 1., 1., 1., 1., 1., 1., 1., 1., 1., 1., 1., 1., 1., 1., 1.,
        1., 1., 1., 1., 1., 1., 1., 1., 1., 1., 1., 1., 1., 1., 1., 1., 1., 1.,
        1., 1., 1., 1., 1., 1., 1., 1., 1., 1., 1., 1., 1., 1., 1., 1., 1., 1.,
        1., 1., 1., 1., 1., 1., 1., 1., 1., 1., 1., 1., 1., 1., 1., 1., 1., 1.,
        1., 1., 1., 1., 1., 1., 1., 1., 1., 1., 1., 1., 1., 1., 1., 1., 1., 1.,
        1., 1., 1., 1., 1., 1., 1., 1., 1., 1., 1., 1., 1., 1., 1., 1., 1., 1.,
        1., 1., 1., 1., 1., 1., 1., 1., 1., 1., 1., 1., 1.], device='cuda:0')
Solution is a valid permutation matrix.
0 0
[  1   2   3   4   5   6   7   8   9  10  11  12  13  14  15  16  17  18
  19  20  21  22  23  24  25  26  27  28  29  30  31  32  33  34  35  36
  37  38  39  40  41  42  43  44  45  46  47  48  49  50  51  52  53  54
  55  56  57  58  59  60  61  62  63  64  65  66  67  68  69  70  71  72
  73  74  75  76  77  78  79  80  81  82  83  84  85  86  87  88  89  90
  91  92  93  94  95  96  97  98  99 100 101 102 103 104 105 106 107 108
 109 110 111 112 113 114 115 116 117 118 119 120 121 122 123 124 125 126
 127 128 129 130 131 132 133 134 135 136 137 138 139 140 141 142 143 144
 145 146 147 148 149 150 151 152 153 154 155 156 157 158 159 160 161 162
 163 164 165 166 167 168 169 170 171 172 173 174 175]
5000
Starting Optimization [N=175, Batch=5000, Device=cuda]
Iter 100: Best Obj 181410.0000, Loss 395057.3438, Term1 449168.9062, Term2 -54111.5742
Iter 200: Best Obj 166800.0000, Loss 250869.7500, Term1 305137.7500, Term2 -54268.0078
Iter 300: Best Obj 147904.0000, Loss 207046.0625, Term1 262009.9688, Term2 -54963.9141
Iter 400: Best Obj 119788.0000, Loss 180074.7031, Term1 234798.3906, Term2 -54723.6875
Iter 500: Best Obj 85926.0000, Loss 133693.9688, Term1 176569.8594, Term2 -42875.8945
Iter 600: Best Obj 71884.0000, Loss 87934.6562, Term1 113301.7656, Term2 -25367.1055
Iter 700: Best Obj 64672.0000, Loss 68302.6172, Term1 86649.3438, Term2 -18346.7266
Iter 800: Best Obj 64042.0000, Loss 62051.8047, Term1 79179.7500, Term2 -17127.9473
Iter 900: Best Obj 63988.0000, Loss 59260.5234, Term1 76163.2969, Term2 -16902.7734
Iter 1000: Best Obj 63988.0000, Loss 57615.6562, Term1 74383.6797, Term2 -16768.0234
Total Time: 329.22s, FPS: 3.0
tensor([1., 1., 1., 1., 1., 1., 1., 1., 1., 1., 1., 1., 1., 1., 1., 1., 1., 1.,
        1., 1., 1., 1., 1., 1., 1., 1., 1., 1., 1., 1., 1., 1., 1., 1., 1., 1.,
        1., 1., 1., 1., 1., 1., 1., 1., 1., 1., 1., 1., 1., 1., 1., 1., 1., 1.,
        1., 1., 1., 1., 1., 1., 1., 1., 1., 1., 1., 1., 1., 1., 1., 1., 1., 1.,
        1., 1., 1., 1., 1., 1., 1., 1., 1., 1., 1., 1., 1., 1., 1., 1., 1., 1.,
        1., 1., 1., 1., 1., 1., 1., 1., 1., 1., 1., 1., 1., 1., 1., 1., 1., 1.,
        1., 1., 1., 1., 1., 1., 1., 1., 1., 1., 1., 1., 1., 1., 1., 1., 1., 1.,
        1., 1., 1., 1., 1., 1., 1., 1., 1., 1., 1., 1., 1., 1., 1., 1., 1., 1.,
        1., 1., 1., 1., 1., 1., 1., 1., 1., 1., 1., 1., 1., 1., 1., 1., 1., 1.,
        1., 1., 1., 1., 1., 1., 1., 1., 1., 1., 1., 1., 1.], device='cuda:0')
tensor([1., 1., 1., 1., 1., 1., 1., 1., 1., 1., 1., 1., 1., 1., 1., 1., 1., 1.,
        1., 1., 1., 1., 1., 1., 1., 1., 1., 1., 1., 1., 1., 1., 1., 1., 1., 1.,
        1., 1., 1., 1., 1., 1., 1., 1., 1., 1., 1., 1., 1., 1., 1., 1., 1., 1.,
        1., 1., 1., 1., 1., 1., 1., 1., 1., 1., 1., 1., 1., 1., 1., 1., 1., 1.,
        1., 1., 1., 1., 1., 1., 1., 1., 1., 1., 1., 1., 1., 1., 1., 1., 1., 1.,
        1., 1., 1., 1., 1., 1., 1., 1., 1., 1., 1., 1., 1., 1., 1., 1., 1., 1.,
        1., 1., 1., 1., 1., 1., 1., 1., 1., 1., 1., 1., 1., 1., 1., 1., 1., 1.,
        1., 1., 1., 1., 1., 1., 1., 1., 1., 1., 1., 1., 1., 1., 1., 1., 1., 1.,
        1., 1., 1., 1., 1., 1., 1., 1., 1., 1., 1., 1., 1., 1., 1., 1., 1., 1.,
        1., 1., 1., 1., 1., 1., 1., 1., 1., 1., 1., 1., 1.], device='cuda:0')
Solution is a valid permutation matrix.
0 0
[  1   2   3   4   5   6   7   8   9  10  11  12  13  14  15  16  17  18
  19  20  21  22  23  24  25  26  27  28  29  30  31  32  33  34  35  36
  37  38  39  40  41  42  43  44  45  46  47  48  49  50  51  52  53  54
  55  56  57  58  59  60  61  62  63  64  65  66  67  68  69  70  71  72
  73  74  75  76  77  78  79  80  81  82  83  84  85  86  87  88  89  90
  91  92  93  94  95  96  97  98  99 100 101 102 103 104 105 106 107 108
 109 110 111 112 113 114 115 116 117 118 119 120 121 122 123 124 125 126
 127 128 129 130 131 132 133 134 135 136 137 138 139 140 141 142 143 144
 145 146 147 148 149 150 151 152 153 154 155 156 157 158 159 160 161 162
 163 164 165 166 167 168 169 170 171 172 173 174 175]
5000
Starting Optimization [N=175, Batch=5000, Device=cuda]
Iter 100: Best Obj 181600.0000, Loss 377891.0625, Term1 450245.1875, Term2 -72354.1406
Iter 200: Best Obj 166978.0000, Loss 234260.0625, Term1 307121.1562, Term2 -72861.1016
Iter 300: Best Obj 151652.0000, Loss 188015.4688, Term1 262236.2812, Term2 -74220.8047
Iter 400: Best Obj 118302.0000, Loss 161040.0938, Term1 235075.1562, Term2 -74035.0625
Iter 500: Best Obj 85970.0000, Loss 120787.1562, Term1 179517.6562, Term2 -58730.5039
Iter 600: Best Obj 72326.0000, Loss 80023.3125, Term1 116561.2891, Term2 -36537.9727
Iter 700: Best Obj 65114.0000, Loss 60545.2031, Term1 87138.8047, Term2 -26593.5996
Iter 800: Best Obj 64508.0000, Loss 54136.4531, Term1 78896.6016, Term2 -24760.1504
Iter 900: Best Obj 64442.0000, Loss 51407.9766, Term1 75724.5234, Term2 -24316.5488
Iter 1000: Best Obj 64430.0000, Loss 49892.0312, Term1 73896.8750, Term2 -24004.8418
Total Time: 329.62s, FPS: 3.0
tensor([1., 1., 1., 1., 1., 1., 1., 1., 1., 1., 1., 1., 1., 1., 1., 1., 1., 1.,
        1., 1., 1., 1., 1., 1., 1., 1., 1., 1., 1., 1., 1., 1., 1., 1., 1., 1.,
        1., 1., 1., 1., 1., 1., 1., 1., 1., 1., 1., 1., 1., 1., 1., 1., 1., 1.,
        1., 1., 1., 1., 1., 1., 1., 1., 1., 1., 1., 1., 1., 1., 1., 1., 1., 1.,
        1., 1., 1., 1., 1., 1., 1., 1., 1., 1., 1., 1., 1., 1., 1., 1., 1., 1.,
        1., 1., 1., 1., 1., 1., 1., 1., 1., 1., 1., 1., 1., 1., 1., 1., 1., 1.,
        1., 1., 1., 1., 1., 1., 1., 1., 1., 1., 1., 1., 1., 1., 1., 1., 1., 1.,
        1., 1., 1., 1., 1., 1., 1., 1., 1., 1., 1., 1., 1., 1., 1., 1., 1., 1.,
        1., 1., 1., 1., 1., 1., 1., 1., 1., 1., 1., 1., 1., 1., 1., 1., 1., 1.,
        1., 1., 1., 1., 1., 1., 1., 1., 1., 1., 1., 1., 1.], device='cuda:0')
tensor([1., 1., 1., 1., 1., 1., 1., 1., 1., 1., 1., 1., 1., 1., 1., 1., 1., 1.,
        1., 1., 1., 1., 1., 1., 1., 1., 1., 1., 1., 1., 1., 1., 1., 1., 1., 1.,
        1., 1., 1., 1., 1., 1., 1., 1., 1., 1., 1., 1., 1., 1., 1., 1., 1., 1.,
        1., 1., 1., 1., 1., 1., 1., 1., 1., 1., 1., 1., 1., 1., 1., 1., 1., 1.,
        1., 1., 1., 1., 1., 1., 1., 1., 1., 1., 1., 1., 1., 1., 1., 1., 1., 1.,
        1., 1., 1., 1., 1., 1., 1., 1., 1., 1., 1., 1., 1., 1., 1., 1., 1., 1.,
        1., 1., 1., 1., 1., 1., 1., 1., 1., 1., 1., 1., 1., 1., 1., 1., 1., 1.,
        1., 1., 1., 1., 1., 1., 1., 1., 1., 1., 1., 1., 1., 1., 1., 1., 1., 1.,
        1., 1., 1., 1., 1., 1., 1., 1., 1., 1., 1., 1., 1., 1., 1., 1., 1., 1.,
        1., 1., 1., 1., 1., 1., 1., 1., 1., 1., 1., 1., 1.], device='cuda:0')
Solution is a valid permutation matrix.
0 0
[  1   2   3   4   5   6   7   8   9  10  11  12  13  14  15  16  17  18
  19  20  21  22  23  24  25  26  27  28  29  30  31  32  33  34  35  36
  37  38  39  40  41  42  43  44  45  46  47  48  49  50  51  52  53  54
  55  56  57  58  59  60  61  62  63  64  65  66  67  68  69  70  71  72
  73  74  75  76  77  78  79  80  81  82  83  84  85  86  87  88  89  90
  91  92  93  94  95  96  97  98  99 100 101 102 103 104 105 106 107 108
 109 110 111 112 113 114 115 116 117 118 119 120 121 122 123 124 125 126
 127 128 129 130 131 132 133 134 135 136 137 138 139 140 141 142 143 144
 145 146 147 148 149 150 151 152 153 154 155 156 157 158 159 160 161 162
 163 164 165 166 167 168 169 170 171 172 173 174 175]
5000
Starting Optimization [N=175, Batch=5000, Device=cuda]
Iter 100: Best Obj 182192.0000, Loss 357059.3125, Term1 447741.7188, Term2 -90682.4141
Iter 200: Best Obj 167386.0000, Loss 213321.1562, Term1 304982.7188, Term2 -91661.5703
Iter 300: Best Obj 152610.0000, Loss 167980.2812, Term1 261754.5312, Term2 -93774.2578
Iter 400: Best Obj 125152.0000, Loss 142076.5625, Term1 235698.1406, Term2 -93621.5781
Iter 500: Best Obj 87470.0000, Loss 108130.2266, Term1 184848.8594, Term2 -76718.6328
Iter 600: Best Obj 71482.0000, Loss 71400.6875, Term1 121879.4844, Term2 -50478.7930
Iter 700: Best Obj 64764.0000, Loss 52195.7031, Term1 89052.7109, Term2 -36857.0078
Iter 800: Best Obj 63708.0000, Loss 45631.4375, Term1 79322.6641, Term2 -33691.2266
Iter 900: Best Obj 63708.0000, Loss 43125.7031, Term1 75783.6484, Term2 -32657.9473
Iter 1000: Best Obj 62938.0000, Loss 41827.9609, Term1 73852.6406, Term2 -32024.6797
Total Time: 329.32s, FPS: 3.0
tensor([1., 1., 1., 1., 1., 1., 1., 1., 1., 1., 1., 1., 1., 1., 1., 1., 1., 1.,
        1., 1., 1., 1., 1., 1., 1., 1., 1., 1., 1., 1., 1., 1., 1., 1., 1., 1.,
        1., 1., 1., 1., 1., 1., 1., 1., 1., 1., 1., 1., 1., 1., 1., 1., 1., 1.,
        1., 1., 1., 1., 1., 1., 1., 1., 1., 1., 1., 1., 1., 1., 1., 1., 1., 1.,
        1., 1., 1., 1., 1., 1., 1., 1., 1., 1., 1., 1., 1., 1., 1., 1., 1., 1.,
        1., 1., 1., 1., 1., 1., 1., 1., 1., 1., 1., 1., 1., 1., 1., 1., 1., 1.,
        1., 1., 1., 1., 1., 1., 1., 1., 1., 1., 1., 1., 1., 1., 1., 1., 1., 1.,
        1., 1., 1., 1., 1., 1., 1., 1., 1., 1., 1., 1., 1., 1., 1., 1., 1., 1.,
        1., 1., 1., 1., 1., 1., 1., 1., 1., 1., 1., 1., 1., 1., 1., 1., 1., 1.,
        1., 1., 1., 1., 1., 1., 1., 1., 1., 1., 1., 1., 1.], device='cuda:0')
tensor([1., 1., 1., 1., 1., 1., 1., 1., 1., 1., 1., 1., 1., 1., 1., 1., 1., 1.,
        1., 1., 1., 1., 1., 1., 1., 1., 1., 1., 1., 1., 1., 1., 1., 1., 1., 1.,
        1., 1., 1., 1., 1., 1., 1., 1., 1., 1., 1., 1., 1., 1., 1., 1., 1., 1.,
        1., 1., 1., 1., 1., 1., 1., 1., 1., 1., 1., 1., 1., 1., 1., 1., 1., 1.,
        1., 1., 1., 1., 1., 1., 1., 1., 1., 1., 1., 1., 1., 1., 1., 1., 1., 1.,
        1., 1., 1., 1., 1., 1., 1., 1., 1., 1., 1., 1., 1., 1., 1., 1., 1., 1.,
        1., 1., 1., 1., 1., 1., 1., 1., 1., 1., 1., 1., 1., 1., 1., 1., 1., 1.,
        1., 1., 1., 1., 1., 1., 1., 1., 1., 1., 1., 1., 1., 1., 1., 1., 1., 1.,
        1., 1., 1., 1., 1., 1., 1., 1., 1., 1., 1., 1., 1., 1., 1., 1., 1., 1.,
        1., 1., 1., 1., 1., 1., 1., 1., 1., 1., 1., 1., 1.], device='cuda:0')
Solution is a valid permutation matrix.
0 0
[  1   2   3   4   5   6   7   8   9  10  11  12  13  14  15  16  17  18
  19  20  21  22  23  24  25  26  27  28  29  30  31  32  33  34  35  36
  37  38  39  40  41  42  43  44  45  46  47  48  49  50  51  52  53  54
  55  56  57  58  59  60  61  62  63  64  65  66  67  68  69  70  71  72
  73  74  75  76  77  78  79  80  81  82  83  84  85  86  87  88  89  90
  91  92  93  94  95  96  97  98  99 100 101 102 103 104 105 106 107 108
 109 110 111 112 113 114 115 116 117 118 119 120 121 122 123 124 125 126
 127 128 129 130 131 132 133 134 135 136 137 138 139 140 141 142 143 144
 145 146 147 148 149 150 151 152 153 154 155 156 157 158 159 160 161 162
 163 164 165 166 167 168 169 170 171 172 173 174 175]
5000
Starting Optimization [N=175, Batch=5000, Device=cuda]
Iter 100: Best Obj 183786.0000, Loss 340952.2500, Term1 450032.4688, Term2 -109080.2266
Iter 200: Best Obj 164816.0000, Loss 193714.4375, Term1 304340.1875, Term2 -110625.7422
Iter 300: Best Obj 152270.0000, Loss 148024.1250, Term1 261531.0938, Term2 -113506.9609
Iter 400: Best Obj 126698.0000, Loss 123241.8203, Term1 236660.7031, Term2 -113418.8828
Iter 500: Best Obj 89246.0000, Loss 95232.0469, Term1 192185.2031, Term2 -96953.1562
Iter 600: Best Obj 67086.0000, Loss 62253.1875, Term1 130182.0000, Term2 -67928.8125
Iter 700: Best Obj 63464.0000, Loss 43499.2656, Term1 93526.0078, Term2 -50026.7422
Iter 800: Best Obj 62600.0000, Loss 36730.4219, Term1 80918.7109, Term2 -44188.2891
Iter 900: Best Obj 62486.0000, Loss 34518.9453, Term1 76747.6641, Term2 -42228.7188
Iter 1000: Best Obj 61690.0000, Loss 33459.3359, Term1 74722.4609, Term2 -41263.1250
Total Time: 329.63s, FPS: 3.0
tensor([1., 1., 1., 1., 1., 1., 1., 1., 1., 1., 1., 1., 1., 1., 1., 1., 1., 1.,
        1., 1., 1., 1., 1., 1., 1., 1., 1., 1., 1., 1., 1., 1., 1., 1., 1., 1.,
        1., 1., 1., 1., 1., 1., 1., 1., 1., 1., 1., 1., 1., 1., 1., 1., 1., 1.,
        1., 1., 1., 1., 1., 1., 1., 1., 1., 1., 1., 1., 1., 1., 1., 1., 1., 1.,
        1., 1., 1., 1., 1., 1., 1., 1., 1., 1., 1., 1., 1., 1., 1., 1., 1., 1.,
        1., 1., 1., 1., 1., 1., 1., 1., 1., 1., 1., 1., 1., 1., 1., 1., 1., 1.,
        1., 1., 1., 1., 1., 1., 1., 1., 1., 1., 1., 1., 1., 1., 1., 1., 1., 1.,
        1., 1., 1., 1., 1., 1., 1., 1., 1., 1., 1., 1., 1., 1., 1., 1., 1., 1.,
        1., 1., 1., 1., 1., 1., 1., 1., 1., 1., 1., 1., 1., 1., 1., 1., 1., 1.,
        1., 1., 1., 1., 1., 1., 1., 1., 1., 1., 1., 1., 1.], device='cuda:0')
tensor([1., 1., 1., 1., 1., 1., 1., 1., 1., 1., 1., 1., 1., 1., 1., 1., 1., 1.,
        1., 1., 1., 1., 1., 1., 1., 1., 1., 1., 1., 1., 1., 1., 1., 1., 1., 1.,
        1., 1., 1., 1., 1., 1., 1., 1., 1., 1., 1., 1., 1., 1., 1., 1., 1., 1.,
        1., 1., 1., 1., 1., 1., 1., 1., 1., 1., 1., 1., 1., 1., 1., 1., 1., 1.,
        1., 1., 1., 1., 1., 1., 1., 1., 1., 1., 1., 1., 1., 1., 1., 1., 1., 1.,
        1., 1., 1., 1., 1., 1., 1., 1., 1., 1., 1., 1., 1., 1., 1., 1., 1., 1.,
        1., 1., 1., 1., 1., 1., 1., 1., 1., 1., 1., 1., 1., 1., 1., 1., 1., 1.,
        1., 1., 1., 1., 1., 1., 1., 1., 1., 1., 1., 1., 1., 1., 1., 1., 1., 1.,
        1., 1., 1., 1., 1., 1., 1., 1., 1., 1., 1., 1., 1., 1., 1., 1., 1., 1.,
        1., 1., 1., 1., 1., 1., 1., 1., 1., 1., 1., 1., 1.], device='cuda:0')
Solution is a valid permutation matrix.
0 0
[  1   2   3   4   5   6   7   8   9  10  11  12  13  14  15  16  17  18
  19  20  21  22  23  24  25  26  27  28  29  30  31  32  33  34  35  36
  37  38  39  40  41  42  43  44  45  46  47  48  49  50  51  52  53  54
  55  56  57  58  59  60  61  62  63  64  65  66  67  68  69  70  71  72
  73  74  75  76  77  78  79  80  81  82  83  84  85  86  87  88  89  90
  91  92  93  94  95  96  97  98  99 100 101 102 103 104 105 106 107 108
 109 110 111 112 113 114 115 116 117 118 119 120 121 122 123 124 125 126
 127 128 129 130 131 132 133 134 135 136 137 138 139 140 141 142 143 144
 145 146 147 148 149 150 151 152 153 154 155 156 157 158 159 160 161 162
 163 164 165 166 167 168 169 170 171 172 173 174 175]
5000
Starting Optimization [N=175, Batch=5000, Device=cuda]
Iter 100: Best Obj 182216.0000, Loss 301096.7500, Term1 447178.6562, Term2 -146081.9062
Iter 200: Best Obj 166072.0000, Loss 157025.3125, Term1 306042.3125, Term2 -149017.0000
Iter 300: Best Obj 149782.0000, Loss 107842.3438, Term1 261103.3750, Term2 -153261.0312
Iter 400: Best Obj 131958.0000, Loss 85453.5312, Term1 238799.3750, Term2 -153345.8438
Iter 500: Best Obj 98210.0000, Loss 67118.2812, Term1 208634.2188, Term2 -141515.9375
Iter 600: Best Obj 69900.0000, Loss 41904.2578, Term1 155324.0156, Term2 -113419.7578
Iter 700: Best Obj 63452.0000, Loss 24825.1406, Term1 114296.2500, Term2 -89471.1094
Iter 800: Best Obj 62354.0000, Loss 17798.5625, Term1 91967.9375, Term2 -74169.3750
Iter 900: Best Obj 61670.0000, Loss 16001.6562, Term1 84678.5469, Term2 -68676.8906
Iter 1000: Best Obj 61288.0000, Loss 15331.7891, Term1 82342.8750, Term2 -67011.0859
Total Time: 329.33s, FPS: 3.0
tensor([1., 1., 1., 1., 1., 1., 1., 1., 1., 1., 1., 1., 1., 1., 1., 1., 1., 1.,
        1., 1., 1., 1., 1., 1., 1., 1., 1., 1., 1., 1., 1., 1., 1., 1., 1., 1.,
        1., 1., 1., 1., 1., 1., 1., 1., 1., 1., 1., 1., 1., 1., 1., 1., 1., 1.,
        1., 1., 1., 1., 1., 1., 1., 1., 1., 1., 1., 1., 1., 1., 1., 1., 1., 1.,
        1., 1., 1., 1., 1., 1., 1., 1., 1., 1., 1., 1., 1., 1., 1., 1., 1., 1.,
        1., 1., 1., 1., 1., 1., 1., 1., 1., 1., 1., 1., 1., 1., 1., 1., 1., 1.,
        1., 1., 1., 1., 1., 1., 1., 1., 1., 1., 1., 1., 1., 1., 1., 1., 1., 1.,
        1., 1., 1., 1., 1., 1., 1., 1., 1., 1., 1., 1., 1., 1., 1., 1., 1., 1.,
        1., 1., 1., 1., 1., 1., 1., 1., 1., 1., 1., 1., 1., 1., 1., 1., 1., 1.,
        1., 1., 1., 1., 1., 1., 1., 1., 1., 1., 1., 1., 1.], device='cuda:0')
tensor([1., 1., 1., 1., 1., 1., 1., 1., 1., 1., 1., 1., 1., 1., 1., 1., 1., 1.,
        1., 1., 1., 1., 1., 1., 1., 1., 1., 1., 1., 1., 1., 1., 1., 1., 1., 1.,
        1., 1., 1., 1., 1., 1., 1., 1., 1., 1., 1., 1., 1., 1., 1., 1., 1., 1.,
        1., 1., 1., 1., 1., 1., 1., 1., 1., 1., 1., 1., 1., 1., 1., 1., 1., 1.,
        1., 1., 1., 1., 1., 1., 1., 1., 1., 1., 1., 1., 1., 1., 1., 1., 1., 1.,
        1., 1., 1., 1., 1., 1., 1., 1., 1., 1., 1., 1., 1., 1., 1., 1., 1., 1.,
        1., 1., 1., 1., 1., 1., 1., 1., 1., 1., 1., 1., 1., 1., 1., 1., 1., 1.,
        1., 1., 1., 1., 1., 1., 1., 1., 1., 1., 1., 1., 1., 1., 1., 1., 1., 1.,
        1., 1., 1., 1., 1., 1., 1., 1., 1., 1., 1., 1., 1., 1., 1., 1., 1., 1.,
        1., 1., 1., 1., 1., 1., 1., 1., 1., 1., 1., 1., 1.], device='cuda:0')
Solution is a valid permutation matrix.
0 0
[  1   2   3   4   5   6   7   8   9  10  11  12  13  14  15  16  17  18
  19  20  21  22  23  24  25  26  27  28  29  30  31  32  33  34  35  36
  37  38  39  40  41  42  43  44  45  46  47  48  49  50  51  52  53  54
  55  56  57  58  59  60  61  62  63  64  65  66  67  68  69  70  71  72
  73  74  75  76  77  78  79  80  81  82  83  84  85  86  87  88  89  90
  91  92  93  94  95  96  97  98  99 100 101 102 103 104 105 106 107 108
 109 110 111 112 113 114 115 116 117 118 119 120 121 122 123 124 125 126
 127 128 129 130 131 132 133 134 135 136 137 138 139 140 141 142 143 144
 145 146 147 148 149 150 151 152 153 154 155 156 157 158 159 160 161 162
 163 164 165 166 167 168 169 170 171 172 173 174 175]
5000
Starting Optimization [N=175, Batch=5000, Device=cuda]
Iter 100: Best Obj 181814.0000, Loss 266252.9375, Term1 449583.6250, Term2 -183330.6719
Iter 200: Best Obj 162876.0000, Loss 117044.7812, Term1 304919.6562, Term2 -187874.8750
Iter 300: Best Obj 148536.0000, Loss 67518.7812, Term1 260596.7500, Term2 -193077.9688
Iter 400: Best Obj 132400.0000, Loss 47268.6094, Term1 240542.0156, Term2 -193273.4062
Iter 500: Best Obj 106936.0000, Loss 35067.7188, Term1 221890.3594, Term2 -186822.6406
Iter 600: Best Obj 79176.0000, Loss 18021.5000, Term1 183326.3125, Term2 -165304.8125
Iter 700: Best Obj 67698.0000, Loss 1912.7656, Term1 142877.8125, Term2 -140965.0469
Iter 800: Best Obj 63802.0000, Loss -3871.7969, Term1 121577.4531, Term2 -125449.2500
Iter 900: Best Obj 61500.0000, Loss -5594.1719, Term1 108873.0938, Term2 -114467.2656
Iter 1000: Best Obj 60898.0000, Loss -6062.0234, Term1 103835.1094, Term2 -109897.1328
Total Time: 329.40s, FPS: 3.0
tensor([1., 1., 1., 1., 1., 1., 1., 1., 1., 1., 1., 1., 1., 1., 1., 1., 1., 1.,
        1., 1., 1., 1., 1., 1., 1., 1., 1., 1., 1., 1., 1., 1., 1., 1., 1., 1.,
        1., 1., 1., 1., 1., 1., 1., 1., 1., 1., 1., 1., 1., 1., 1., 1., 1., 1.,
        1., 1., 1., 1., 1., 1., 1., 1., 1., 1., 1., 1., 1., 1., 1., 1., 1., 1.,
        1., 1., 1., 1., 1., 1., 1., 1., 1., 1., 1., 1., 1., 1., 1., 1., 1., 1.,
        1., 1., 1., 1., 1., 1., 1., 1., 1., 1., 1., 1., 1., 1., 1., 1., 1., 1.,
        1., 1., 1., 1., 1., 1., 1., 1., 1., 1., 1., 1., 1., 1., 1., 1., 1., 1.,
        1., 1., 1., 1., 1., 1., 1., 1., 1., 1., 1., 1., 1., 1., 1., 1., 1., 1.,
        1., 1., 1., 1., 1., 1., 1., 1., 1., 1., 1., 1., 1., 1., 1., 1., 1., 1.,
        1., 1., 1., 1., 1., 1., 1., 1., 1., 1., 1., 1., 1.], device='cuda:0')
tensor([1., 1., 1., 1., 1., 1., 1., 1., 1., 1., 1., 1., 1., 1., 1., 1., 1., 1.,
        1., 1., 1., 1., 1., 1., 1., 1., 1., 1., 1., 1., 1., 1., 1., 1., 1., 1.,
        1., 1., 1., 1., 1., 1., 1., 1., 1., 1., 1., 1., 1., 1., 1., 1., 1., 1.,
        1., 1., 1., 1., 1., 1., 1., 1., 1., 1., 1., 1., 1., 1., 1., 1., 1., 1.,
        1., 1., 1., 1., 1., 1., 1., 1., 1., 1., 1., 1., 1., 1., 1., 1., 1., 1.,
        1., 1., 1., 1., 1., 1., 1., 1., 1., 1., 1., 1., 1., 1., 1., 1., 1., 1.,
        1., 1., 1., 1., 1., 1., 1., 1., 1., 1., 1., 1., 1., 1., 1., 1., 1., 1.,
        1., 1., 1., 1., 1., 1., 1., 1., 1., 1., 1., 1., 1., 1., 1., 1., 1., 1.,
        1., 1., 1., 1., 1., 1., 1., 1., 1., 1., 1., 1., 1., 1., 1., 1., 1., 1.,
        1., 1., 1., 1., 1., 1., 1., 1., 1., 1., 1., 1., 1.], device='cuda:0')
Solution is a valid permutation matrix.
0 0
[  1   2   3   4   5   6   7   8   9  10  11  12  13  14  15  16  17  18
  19  20  21  22  23  24  25  26  27  28  29  30  31  32  33  34  35  36
  37  38  39  40  41  42  43  44  45  46  47  48  49  50  51  52  53  54
  55  56  57  58  59  60  61  62  63  64  65  66  67  68  69  70  71  72
  73  74  75  76  77  78  79  80  81  82  83  84  85  86  87  88  89  90
  91  92  93  94  95  96  97  98  99 100 101 102 103 104 105 106 107 108
 109 110 111 112 113 114 115 116 117 118 119 120 121 122 123 124 125 126
 127 128 129 130 131 132 133 134 135 136 137 138 139 140 141 142 143 144
 145 146 147 148 149 150 151 152 153 154 155 156 157 158 159 160 161 162
 163 164 165 166 167 168 169 170 171 172 173 174 175]
5000
Starting Optimization [N=175, Batch=5000, Device=cuda]
Iter 100: Best Obj 181766.0000, Loss 224716.3438, Term1 445536.9062, Term2 -220820.5625
Iter 200: Best Obj 168714.0000, Loss 77320.3594, Term1 304462.3125, Term2 -227141.9531
Iter 300: Best Obj 157536.0000, Loss 27386.5938, Term1 260249.5625, Term2 -232862.9688
Iter 400: Best Obj 132640.0000, Loss 8698.9375, Term1 241756.0469, Term2 -233057.1094
Iter 500: Best Obj 115982.0000, Loss -637.9844, Term1 229153.7500, Term2 -229791.7344
Iter 600: Best Obj 96316.0000, Loss -10316.6719, Term1 207947.9688, Term2 -218264.6406
Iter 700: Best Obj 85056.0000, Loss -23529.8438, Term1 169347.9375, Term2 -192877.7812
Iter 800: Best Obj 76900.0000, Loss -30715.4062, Term1 143547.5469, Term2 -174262.9531
Iter 900: Best Obj 76900.0000, Loss -31909.7812, Term1 136352.2812, Term2 -168262.0625
Iter 1000: Best Obj 76284.0000, Loss -32150.7344, Term1 133807.6719, Term2 -165958.4062
Total Time: 329.38s, FPS: 3.0
tensor([1., 1., 1., 1., 1., 1., 1., 1., 1., 1., 1., 1., 1., 1., 1., 1., 1., 1.,
        1., 1., 1., 1., 1., 1., 1., 1., 1., 1., 1., 1., 1., 1., 1., 1., 1., 1.,
        1., 1., 1., 1., 1., 1., 1., 1., 1., 1., 1., 1., 1., 1., 1., 1., 1., 1.,
        1., 1., 1., 1., 1., 1., 1., 1., 1., 1., 1., 1., 1., 1., 1., 1., 1., 1.,
        1., 1., 1., 1., 1., 1., 1., 1., 1., 1., 1., 1., 1., 1., 1., 1., 1., 1.,
        1., 1., 1., 1., 1., 1., 1., 1., 1., 1., 1., 1., 1., 1., 1., 1., 1., 1.,
        1., 1., 1., 1., 1., 1., 1., 1., 1., 1., 1., 1., 1., 1., 1., 1., 1., 1.,
        1., 1., 1., 1., 1., 1., 1., 1., 1., 1., 1., 1., 1., 1., 1., 1., 1., 1.,
        1., 1., 1., 1., 1., 1., 1., 1., 1., 1., 1., 1., 1., 1., 1., 1., 1., 1.,
        1., 1., 1., 1., 1., 1., 1., 1., 1., 1., 1., 1., 1.], device='cuda:0')
tensor([1., 1., 1., 1., 1., 1., 1., 1., 1., 1., 1., 1., 1., 1., 1., 1., 1., 1.,
        1., 1., 1., 1., 1., 1., 1., 1., 1., 1., 1., 1., 1., 1., 1., 1., 1., 1.,
        1., 1., 1., 1., 1., 1., 1., 1., 1., 1., 1., 1., 1., 1., 1., 1., 1., 1.,
        1., 1., 1., 1., 1., 1., 1., 1., 1., 1., 1., 1., 1., 1., 1., 1., 1., 1.,
        1., 1., 1., 1., 1., 1., 1., 1., 1., 1., 1., 1., 1., 1., 1., 1., 1., 1.,
        1., 1., 1., 1., 1., 1., 1., 1., 1., 1., 1., 1., 1., 1., 1., 1., 1., 1.,
        1., 1., 1., 1., 1., 1., 1., 1., 1., 1., 1., 1., 1., 1., 1., 1., 1., 1.,
        1., 1., 1., 1., 1., 1., 1., 1., 1., 1., 1., 1., 1., 1., 1., 1., 1., 1.,
        1., 1., 1., 1., 1., 1., 1., 1., 1., 1., 1., 1., 1., 1., 1., 1., 1., 1.,
        1., 1., 1., 1., 1., 1., 1., 1., 1., 1., 1., 1., 1.], device='cuda:0')
Solution is a valid permutation matrix.
0 0
[  1   2   3   4   5   6   7   8   9  10  11  12  13  14  15  16  17  18
  19  20  21  22  23  24  25  26  27  28  29  30  31  32  33  34  35  36
  37  38  39  40  41  42  43  44  45  46  47  48  49  50  51  52  53  54
  55  56  57  58  59  60  61  62  63  64  65  66  67  68  69  70  71  72
  73  74  75  76  77  78  79  80  81  82  83  84  85  86  87  88  89  90
  91  92  93  94  95  96  97  98  99 100 101 102 103 104 105 106 107 108
 109 110 111 112 113 114 115 116 117 118 119 120 121 122 123 124 125 126
 127 128 129 130 131 132 133 134 135 136 137 138 139 140 141 142 143 144
 145 146 147 148 149 150 151 152 153 154 155 156 157 158 159 160 161 162
 163 164 165 166 167 168 169 170 171 172 173 174 175]
5000
Starting Optimization [N=175, Batch=5000, Device=cuda]
Iter 100: Best Obj 182380.0000, Loss 70321.0000, Term1 442992.9688, Term2 -372671.9688
Iter 200: Best Obj 173316.0000, Loss -84215.0000, Term1 301695.0312, Term2 -385910.0312
Iter 300: Best Obj 160272.0000, Loss -131202.8750, Term1 259600.2500, Term2 -390803.1250
Iter 400: Best Obj 142794.0000, Loss -146844.0781, Term1 243732.9531, Term2 -390577.0312
Iter 500: Best Obj 142794.0000, Loss -154274.0938, Term1 236151.8438, Term2 -390425.9375
Iter 600: Best Obj 140182.0000, Loss -158643.2031, Term1 231667.9219, Term2 -390311.1250
Iter 700: Best Obj 131226.0000, Loss -161381.0938, Term1 228404.2812, Term2 -389785.3750
Iter 800: Best Obj 131226.0000, Loss -163224.9844, Term1 224497.2656, Term2 -387722.2500
Iter 900: Best Obj 131226.0000, Loss -164490.4688, Term1 218925.6562, Term2 -383416.1250
Iter 1000: Best Obj 131226.0000, Loss -165115.5625, Term1 215451.9688, Term2 -380567.5312
Total Time: 329.51s, FPS: 3.0
tensor([1., 1., 1., 1., 1., 1., 1., 1., 1., 1., 1., 1., 1., 1., 1., 1., 1., 1.,
        1., 1., 1., 1., 1., 1., 1., 1., 1., 1., 1., 1., 1., 1., 1., 1., 1., 1.,
        1., 1., 1., 1., 1., 1., 1., 1., 1., 1., 1., 1., 1., 1., 1., 1., 1., 1.,
        1., 1., 1., 1., 1., 1., 1., 1., 1., 1., 1., 1., 1., 1., 1., 1., 1., 1.,
        1., 1., 1., 1., 1., 1., 1., 1., 1., 1., 1., 1., 1., 1., 1., 1., 1., 1.,
        1., 1., 1., 1., 1., 1., 1., 1., 1., 1., 1., 1., 1., 1., 1., 1., 1., 1.,
        1., 1., 1., 1., 1., 1., 1., 1., 1., 1., 1., 1., 1., 1., 1., 1., 1., 1.,
        1., 1., 1., 1., 1., 1., 1., 1., 1., 1., 1., 1., 1., 1., 1., 1., 1., 1.,
        1., 1., 1., 1., 1., 1., 1., 1., 1., 1., 1., 1., 1., 1., 1., 1., 1., 1.,
        1., 1., 1., 1., 1., 1., 1., 1., 1., 1., 1., 1., 1.], device='cuda:0')
tensor([1., 1., 1., 1., 1., 1., 1., 1., 1., 1., 1., 1., 1., 1., 1., 1., 1., 1.,
        1., 1., 1., 1., 1., 1., 1., 1., 1., 1., 1., 1., 1., 1., 1., 1., 1., 1.,
        1., 1., 1., 1., 1., 1., 1., 1., 1., 1., 1., 1., 1., 1., 1., 1., 1., 1.,
        1., 1., 1., 1., 1., 1., 1., 1., 1., 1., 1., 1., 1., 1., 1., 1., 1., 1.,
        1., 1., 1., 1., 1., 1., 1., 1., 1., 1., 1., 1., 1., 1., 1., 1., 1., 1.,
        1., 1., 1., 1., 1., 1., 1., 1., 1., 1., 1., 1., 1., 1., 1., 1., 1., 1.,
        1., 1., 1., 1., 1., 1., 1., 1., 1., 1., 1., 1., 1., 1., 1., 1., 1., 1.,
        1., 1., 1., 1., 1., 1., 1., 1., 1., 1., 1., 1., 1., 1., 1., 1., 1., 1.,
        1., 1., 1., 1., 1., 1., 1., 1., 1., 1., 1., 1., 1., 1., 1., 1., 1., 1.,
        1., 1., 1., 1., 1., 1., 1., 1., 1., 1., 1., 1., 1.], device='cuda:0')
Solution is a valid permutation matrix.
0 0
[  1   2   3   4   5   6   7   8   9  10  11  12  13  14  15  16  17  18
  19  20  21  22  23  24  25  26  27  28  29  30  31  32  33  34  35  36
  37  38  39  40  41  42  43  44  45  46  47  48  49  50  51  52  53  54
  55  56  57  58  59  60  61  62  63  64  65  66  67  68  69  70  71  72
  73  74  75  76  77  78  79  80  81  82  83  84  85  86  87  88  89  90
  91  92  93  94  95  96  97  98  99 100 101 102 103 104 105 106 107 108
 109 110 111 112 113 114 115 116 117 118 119 120 121 122 123 124 125 126
 127 128 129 130 131 132 133 134 135 136 137 138 139 140 141 142 143 144
 145 146 147 148 149 150 151 152 153 154 155 156 157 158 159 160 161 162
 163 164 165 166 167 168 169 170 171 172 173 174 175]
5000
Starting Optimization [N=175, Batch=5000, Device=cuda]
Iter 100: Best Obj 184770.0000, Loss -318271.1562, Term1 443259.2188, Term2 -761530.3750
Iter 200: Best Obj 162812.0000, Loss -483267.3125, Term1 299773.5625, Term2 -783040.8750
Iter 300: Best Obj 161354.0000, Loss -522327.8125, Term1 260863.4531, Term2 -783191.2500
Iter 400: Best Obj 157042.0000, Loss -537106.7500, Term1 245498.6875, Term2 -782605.4375
Iter 500: Best Obj 155190.0000, Loss -545089.8750, Term1 237355.2188, Term2 -782445.0625
Iter 600: Best Obj 155190.0000, Loss -549770.0000, Term1 232539.5000, Term2 -782309.5000
Iter 700: Best Obj 155190.0000, Loss -552546.2500, Term1 229615.3125, Term2 -782161.5625
Iter 800: Best Obj 155190.0000, Loss -554184.3125, Term1 227834.3281, Term2 -782018.6250
Iter 900: Best Obj 155190.0000, Loss -555138.1875, Term1 226751.3906, Term2 -781889.5625
Iter 1000: Best Obj 155190.0000, Loss -555681.3750, Term1 226093.6562, Term2 -781775.0625
Total Time: 329.43s, FPS: 3.0
tensor([1., 1., 1., 1., 1., 1., 1., 1., 1., 1., 1., 1., 1., 1., 1., 1., 1., 1.,
        1., 1., 1., 1., 1., 1., 1., 1., 1., 1., 1., 1., 1., 1., 1., 1., 1., 1.,
        1., 1., 1., 1., 1., 1., 1., 1., 1., 1., 1., 1., 1., 1., 1., 1., 1., 1.,
        1., 1., 1., 1., 1., 1., 1., 1., 1., 1., 1., 1., 1., 1., 1., 1., 1., 1.,
        1., 1., 1., 1., 1., 1., 1., 1., 1., 1., 1., 1., 1., 1., 1., 1., 1., 1.,
        1., 1., 1., 1., 1., 1., 1., 1., 1., 1., 1., 1., 1., 1., 1., 1., 1., 1.,
        1., 1., 1., 1., 1., 1., 1., 1., 1., 1., 1., 1., 1., 1., 1., 1., 1., 1.,
        1., 1., 1., 1., 1., 1., 1., 1., 1., 1., 1., 1., 1., 1., 1., 1., 1., 1.,
        1., 1., 1., 1., 1., 1., 1., 1., 1., 1., 1., 1., 1., 1., 1., 1., 1., 1.,
        1., 1., 1., 1., 1., 1., 1., 1., 1., 1., 1., 1., 1.], device='cuda:0')
tensor([1., 1., 1., 1., 1., 1., 1., 1., 1., 1., 1., 1., 1., 1., 1., 1., 1., 1.,
        1., 1., 1., 1., 1., 1., 1., 1., 1., 1., 1., 1., 1., 1., 1., 1., 1., 1.,
        1., 1., 1., 1., 1., 1., 1., 1., 1., 1., 1., 1., 1., 1., 1., 1., 1., 1.,
        1., 1., 1., 1., 1., 1., 1., 1., 1., 1., 1., 1., 1., 1., 1., 1., 1., 1.,
        1., 1., 1., 1., 1., 1., 1., 1., 1., 1., 1., 1., 1., 1., 1., 1., 1., 1.,
        1., 1., 1., 1., 1., 1., 1., 1., 1., 1., 1., 1., 1., 1., 1., 1., 1., 1.,
        1., 1., 1., 1., 1., 1., 1., 1., 1., 1., 1., 1., 1., 1., 1., 1., 1., 1.,
        1., 1., 1., 1., 1., 1., 1., 1., 1., 1., 1., 1., 1., 1., 1., 1., 1., 1.,
        1., 1., 1., 1., 1., 1., 1., 1., 1., 1., 1., 1., 1., 1., 1., 1., 1., 1.,
        1., 1., 1., 1., 1., 1., 1., 1., 1., 1., 1., 1., 1.], device='cuda:0')
Solution is a valid permutation matrix.
0 0
[  1   2   3   4   5   6   7   8   9  10  11  12  13  14  15  16  17  18
  19  20  21  22  23  24  25  26  27  28  29  30  31  32  33  34  35  36
  37  38  39  40  41  42  43  44  45  46  47  48  49  50  51  52  53  54
  55  56  57  58  59  60  61  62  63  64  65  66  67  68  69  70  71  72
  73  74  75  76  77  78  79  80  81  82  83  84  85  86  87  88  89  90
  91  92  93  94  95  96  97  98  99 100 101 102 103 104 105 106 107 108
 109 110 111 112 113 114 115 116 117 118 119 120 121 122 123 124 125 126
 127 128 129 130 131 132 133 134 135 136 137 138 139 140 141 142 143 144
 145 146 147 148 149 150 151 152 153 154 155 156 157 158 159 160 161 162
 163 164 165 166 167 168 169 170 171 172 173 174 175]
5000
Starting Optimization [N=175, Batch=5000, Device=cuda]
Iter 100: Best Obj 178532.0000, Loss -7406626.0000, Term1 506419.5938, Term2 -7913045.5000
Iter 200: Best Obj 178532.0000, Loss -7532752.0000, Term1 332600.2812, Term2 -7865352.5000
Iter 300: Best Obj 178532.0000, Loss -7567893.0000, Term1 279818.7500, Term2 -7847712.0000
Iter 400: Best Obj 178532.0000, Loss -7582680.5000, Term1 256232.9219, Term2 -7838913.5000
Iter 500: Best Obj 178532.0000, Loss -7590067.5000, Term1 243761.6250, Term2 -7833829.0000
Iter 600: Best Obj 178532.0000, Loss -7594071.0000, Term1 236595.2344, Term2 -7830666.0000
Iter 700: Best Obj 178532.0000, Loss -7596323.5000, Term1 232293.6406, Term2 -7828617.0000
Iter 800: Best Obj 178532.0000, Loss -7597606.0000, Term1 229648.2344, Term2 -7827254.0000
Iter 900: Best Obj 178532.0000, Loss -7598207.0000, Term1 228065.4688, Term2 -7826272.5000
Iter 1000: Best Obj 178532.0000, Loss -7598556.0000, Term1 227149.0625, Term2 -7825705.0000
Total Time: 329.38s, FPS: 3.0
tensor([1., 1., 1., 1., 1., 1., 1., 1., 1., 1., 1., 1., 1., 1., 1., 1., 1., 1.,
        1., 1., 1., 1., 1., 1., 1., 1., 1., 1., 1., 1., 1., 1., 1., 1., 1., 1.,
        1., 1., 1., 1., 1., 1., 1., 1., 1., 1., 1., 1., 1., 1., 1., 1., 1., 1.,
        1., 1., 1., 1., 1., 1., 1., 1., 1., 1., 1., 1., 1., 1., 1., 1., 1., 1.,
        1., 1., 1., 1., 1., 1., 1., 1., 1., 1., 1., 1., 1., 1., 1., 1., 1., 1.,
        1., 1., 1., 1., 1., 1., 1., 1., 1., 1., 1., 1., 1., 1., 1., 1., 1., 1.,
        1., 1., 1., 1., 1., 1., 1., 1., 1., 1., 1., 1., 1., 1., 1., 1., 1., 1.,
        1., 1., 1., 1., 1., 1., 1., 1., 1., 1., 1., 1., 1., 1., 1., 1., 1., 1.,
        1., 1., 1., 1., 1., 1., 1., 1., 1., 1., 1., 1., 1., 1., 1., 1., 1., 1.,
        1., 1., 1., 1., 1., 1., 1., 1., 1., 1., 1., 1., 1.], device='cuda:0')
tensor([1., 1., 1., 1., 1., 1., 1., 1., 1., 1., 1., 1., 1., 1., 1., 1., 1., 1.,
        1., 1., 1., 1., 1., 1., 1., 1., 1., 1., 1., 1., 1., 1., 1., 1., 1., 1.,
        1., 1., 1., 1., 1., 1., 1., 1., 1., 1., 1., 1., 1., 1., 1., 1., 1., 1.,
        1., 1., 1., 1., 1., 1., 1., 1., 1., 1., 1., 1., 1., 1., 1., 1., 1., 1.,
        1., 1., 1., 1., 1., 1., 1., 1., 1., 1., 1., 1., 1., 1., 1., 1., 1., 1.,
        1., 1., 1., 1., 1., 1., 1., 1., 1., 1., 1., 1., 1., 1., 1., 1., 1., 1.,
        1., 1., 1., 1., 1., 1., 1., 1., 1., 1., 1., 1., 1., 1., 1., 1., 1., 1.,
        1., 1., 1., 1., 1., 1., 1., 1., 1., 1., 1., 1., 1., 1., 1., 1., 1., 1.,
        1., 1., 1., 1., 1., 1., 1., 1., 1., 1., 1., 1., 1., 1., 1., 1., 1., 1.,
        1., 1., 1., 1., 1., 1., 1., 1., 1., 1., 1., 1., 1.], device='cuda:0')
Solution is a valid permutation matrix.
0 0
[  1   2   3   4   5   6   7   8   9  10  11  12  13  14  15  16  17  18
  19  20  21  22  23  24  25  26  27  28  29  30  31  32  33  34  35  36
  37  38  39  40  41  42  43  44  45  46  47  48  49  50  51  52  53  54
  55  56  57  58  59  60  61  62  63  64  65  66  67  68  69  70  71  72
  73  74  75  76  77  78  79  80  81  82  83  84  85  86  87  88  89  90
  91  92  93  94  95  96  97  98  99 100 101 102 103 104 105 106 107 108
 109 110 111 112 113 114 115 116 117 118 119 120 121 122 123 124 125 126
 127 128 129 130 131 132 133 134 135 136 137 138 139 140 141 142 143 144
 145 146 147 148 149 150 151 152 153 154 155 156 157 158 159 160 161 162
 163 164 165 166 167 168 169 170 171 172 173 174 175]
5000
Starting Optimization [N=175, Batch=5000, Device=cuda]
Iter 100: Best Obj 175656.0000, Loss 385142.9062, Term1 421093.1875, Term2 -35950.2773
Iter 200: Best Obj 162316.0000, Loss 254595.2969, Term1 290496.9375, Term2 -35901.6445
Iter 300: Best Obj 145296.0000, Loss 213777.3906, Term1 249892.2031, Term2 -36114.8086
Iter 400: Best Obj 115480.0000, Loss 188454.6875, Term1 224197.6406, Term2 -35742.9531
Iter 500: Best Obj 83262.0000, Loss 138319.5625, Term1 166335.4375, Term2 -28015.8770
Iter 600: Best Obj 64288.0000, Loss 87729.7109, Term1 103782.5469, Term2 -16052.8330
Iter 700: Best Obj 58000.0000, Loss 69289.8438, Term1 80913.0391, Term2 -11623.1973
Iter 800: Best Obj 56124.0000, Loss 63454.9609, Term1 74112.8594, Term2 -10657.8975
Iter 900: Best Obj 55656.0000, Loss 60728.9453, Term1 71138.6875, Term2 -10409.7402
Iter 1000: Best Obj 55608.0000, Loss 59027.9492, Term1 69304.0000, Term2 -10276.0498
Total Time: 329.30s, FPS: 3.0
tensor([1., 1., 1., 1., 1., 1., 1., 1., 1., 1., 1., 1., 1., 1., 1., 1., 1., 1.,
        1., 1., 1., 1., 1., 1., 1., 1., 1., 1., 1., 1., 1., 1., 1., 1., 1., 1.,
        1., 1., 1., 1., 1., 1., 1., 1., 1., 1., 1., 1., 1., 1., 1., 1., 1., 1.,
        1., 1., 1., 1., 1., 1., 1., 1., 1., 1., 1., 1., 1., 1., 1., 1., 1., 1.,
        1., 1., 1., 1., 1., 1., 1., 1., 1., 1., 1., 1., 1., 1., 1., 1., 1., 1.,
        1., 1., 1., 1., 1., 1., 1., 1., 1., 1., 1., 1., 1., 1., 1., 1., 1., 1.,
        1., 1., 1., 1., 1., 1., 1., 1., 1., 1., 1., 1., 1., 1., 1., 1., 1., 1.,
        1., 1., 1., 1., 1., 1., 1., 1., 1., 1., 1., 1., 1., 1., 1., 1., 1., 1.,
        1., 1., 1., 1., 1., 1., 1., 1., 1., 1., 1., 1., 1., 1., 1., 1., 1., 1.,
        1., 1., 1., 1., 1., 1., 1., 1., 1., 1., 1., 1., 1.], device='cuda:0')
tensor([1., 1., 1., 1., 1., 1., 1., 1., 1., 1., 1., 1., 1., 1., 1., 1., 1., 1.,
        1., 1., 1., 1., 1., 1., 1., 1., 1., 1., 1., 1., 1., 1., 1., 1., 1., 1.,
        1., 1., 1., 1., 1., 1., 1., 1., 1., 1., 1., 1., 1., 1., 1., 1., 1., 1.,
        1., 1., 1., 1., 1., 1., 1., 1., 1., 1., 1., 1., 1., 1., 1., 1., 1., 1.,
        1., 1., 1., 1., 1., 1., 1., 1., 1., 1., 1., 1., 1., 1., 1., 1., 1., 1.,
        1., 1., 1., 1., 1., 1., 1., 1., 1., 1., 1., 1., 1., 1., 1., 1., 1., 1.,
        1., 1., 1., 1., 1., 1., 1., 1., 1., 1., 1., 1., 1., 1., 1., 1., 1., 1.,
        1., 1., 1., 1., 1., 1., 1., 1., 1., 1., 1., 1., 1., 1., 1., 1., 1., 1.,
        1., 1., 1., 1., 1., 1., 1., 1., 1., 1., 1., 1., 1., 1., 1., 1., 1., 1.,
        1., 1., 1., 1., 1., 1., 1., 1., 1., 1., 1., 1., 1.], device='cuda:0')
Solution is a valid permutation matrix.
0 0
[  1   2   3   4   5   6   7   8   9  10  11  12  13  14  15  16  17  18
  19  20  21  22  23  24  25  26  27  28  29  30  31  32  33  34  35  36
  37  38  39  40  41  42  43  44  45  46  47  48  49  50  51  52  53  54
  55  56  57  58  59  60  61  62  63  64  65  66  67  68  69  70  71  72
  73  74  75  76  77  78  79  80  81  82  83  84  85  86  87  88  89  90
  91  92  93  94  95  96  97  98  99 100 101 102 103 104 105 106 107 108
 109 110 111 112 113 114 115 116 117 118 119 120 121 122 123 124 125 126
 127 128 129 130 131 132 133 134 135 136 137 138 139 140 141 142 143 144
 145 146 147 148 149 150 151 152 153 154 155 156 157 158 159 160 161 162
 163 164 165 166 167 168 169 170 171 172 173 174 175]
5000
Starting Optimization [N=175, Batch=5000, Device=cuda]
Iter 100: Best Obj 174982.0000, Loss 366980.3438, Term1 421094.7500, Term2 -54114.4141
Iter 200: Best Obj 164598.0000, Loss 236189.3125, Term1 290500.9062, Term2 -54311.5977
Iter 300: Best Obj 150118.0000, Loss 194830.0312, Term1 249884.0625, Term2 -55054.0312
Iter 400: Best Obj 115918.0000, Loss 169550.8750, Term1 224320.6250, Term2 -54769.7578
Iter 500: Best Obj 81372.0000, Loss 125089.2500, Term1 167610.7031, Term2 -42521.4492
Iter 600: Best Obj 64090.0000, Loss 80684.5469, Term1 105985.0781, Term2 -25300.5332
Iter 700: Best Obj 58492.0000, Loss 61948.7266, Term1 80511.2578, Term2 -18562.5312
Iter 800: Best Obj 58080.0000, Loss 55762.6328, Term1 73056.4375, Term2 -17293.8066
Iter 900: Best Obj 57304.0000, Loss 53009.5000, Term1 70061.0859, Term2 -17051.5879
Iter 1000: Best Obj 57158.0000, Loss 51382.4609, Term1 68292.8828, Term2 -16910.4238
Total Time: 329.36s, FPS: 3.0
tensor([1., 1., 1., 1., 1., 1., 1., 1., 1., 1., 1., 1., 1., 1., 1., 1., 1., 1.,
        1., 1., 1., 1., 1., 1., 1., 1., 1., 1., 1., 1., 1., 1., 1., 1., 1., 1.,
        1., 1., 1., 1., 1., 1., 1., 1., 1., 1., 1., 1., 1., 1., 1., 1., 1., 1.,
        1., 1., 1., 1., 1., 1., 1., 1., 1., 1., 1., 1., 1., 1., 1., 1., 1., 1.,
        1., 1., 1., 1., 1., 1., 1., 1., 1., 1., 1., 1., 1., 1., 1., 1., 1., 1.,
        1., 1., 1., 1., 1., 1., 1., 1., 1., 1., 1., 1., 1., 1., 1., 1., 1., 1.,
        1., 1., 1., 1., 1., 1., 1., 1., 1., 1., 1., 1., 1., 1., 1., 1., 1., 1.,
        1., 1., 1., 1., 1., 1., 1., 1., 1., 1., 1., 1., 1., 1., 1., 1., 1., 1.,
        1., 1., 1., 1., 1., 1., 1., 1., 1., 1., 1., 1., 1., 1., 1., 1., 1., 1.,
        1., 1., 1., 1., 1., 1., 1., 1., 1., 1., 1., 1., 1.], device='cuda:0')
tensor([1., 1., 1., 1., 1., 1., 1., 1., 1., 1., 1., 1., 1., 1., 1., 1., 1., 1.,
        1., 1., 1., 1., 1., 1., 1., 1., 1., 1., 1., 1., 1., 1., 1., 1., 1., 1.,
        1., 1., 1., 1., 1., 1., 1., 1., 1., 1., 1., 1., 1., 1., 1., 1., 1., 1.,
        1., 1., 1., 1., 1., 1., 1., 1., 1., 1., 1., 1., 1., 1., 1., 1., 1., 1.,
        1., 1., 1., 1., 1., 1., 1., 1., 1., 1., 1., 1., 1., 1., 1., 1., 1., 1.,
        1., 1., 1., 1., 1., 1., 1., 1., 1., 1., 1., 1., 1., 1., 1., 1., 1., 1.,
        1., 1., 1., 1., 1., 1., 1., 1., 1., 1., 1., 1., 1., 1., 1., 1., 1., 1.,
        1., 1., 1., 1., 1., 1., 1., 1., 1., 1., 1., 1., 1., 1., 1., 1., 1., 1.,
        1., 1., 1., 1., 1., 1., 1., 1., 1., 1., 1., 1., 1., 1., 1., 1., 1., 1.,
        1., 1., 1., 1., 1., 1., 1., 1., 1., 1., 1., 1., 1.], device='cuda:0')
Solution is a valid permutation matrix.
0 0
[  1   2   3   4   5   6   7   8   9  10  11  12  13  14  15  16  17  18
  19  20  21  22  23  24  25  26  27  28  29  30  31  32  33  34  35  36
  37  38  39  40  41  42  43  44  45  46  47  48  49  50  51  52  53  54
  55  56  57  58  59  60  61  62  63  64  65  66  67  68  69  70  71  72
  73  74  75  76  77  78  79  80  81  82  83  84  85  86  87  88  89  90
  91  92  93  94  95  96  97  98  99 100 101 102 103 104 105 106 107 108
 109 110 111 112 113 114 115 116 117 118 119 120 121 122 123 124 125 126
 127 128 129 130 131 132 133 134 135 136 137 138 139 140 141 142 143 144
 145 146 147 148 149 150 151 152 153 154 155 156 157 158 159 160 161 162
 163 164 165 166 167 168 169 170 171 172 173 174 175]
5000
Starting Optimization [N=175, Batch=5000, Device=cuda]
Iter 100: Best Obj 176280.0000, Loss 348867.0000, Term1 421231.1875, Term2 -72364.1953
Iter 200: Best Obj 164474.0000, Loss 217538.8125, Term1 290476.3125, Term2 -72937.4922
Iter 300: Best Obj 147514.0000, Loss 175413.5312, Term1 249779.5625, Term2 -74366.0391
Iter 400: Best Obj 119460.0000, Loss 150595.0938, Term1 224749.7656, Term2 -74154.6797
Iter 500: Best Obj 76462.0000, Loss 112721.7812, Term1 171356.6094, Term2 -58634.8320
Iter 600: Best Obj 64768.0000, Loss 72853.3750, Term1 109479.2266, Term2 -36625.8477
Iter 700: Best Obj 58798.0000, Loss 53917.8320, Term1 80873.3594, Term2 -26955.5273
Iter 800: Best Obj 57098.0000, Loss 47530.7305, Term1 72511.6484, Term2 -24980.9180
Iter 900: Best Obj 56588.0000, Loss 44892.2188, Term1 69376.0000, Term2 -24483.7832
Iter 1000: Best Obj 56470.0000, Loss 43404.0742, Term1 67555.7656, Term2 -24151.6914
Total Time: 329.38s, FPS: 3.0
tensor([1., 1., 1., 1., 1., 1., 1., 1., 1., 1., 1., 1., 1., 1., 1., 1., 1., 1.,
        1., 1., 1., 1., 1., 1., 1., 1., 1., 1., 1., 1., 1., 1., 1., 1., 1., 1.,
        1., 1., 1., 1., 1., 1., 1., 1., 1., 1., 1., 1., 1., 1., 1., 1., 1., 1.,
        1., 1., 1., 1., 1., 1., 1., 1., 1., 1., 1., 1., 1., 1., 1., 1., 1., 1.,
        1., 1., 1., 1., 1., 1., 1., 1., 1., 1., 1., 1., 1., 1., 1., 1., 1., 1.,
        1., 1., 1., 1., 1., 1., 1., 1., 1., 1., 1., 1., 1., 1., 1., 1., 1., 1.,
        1., 1., 1., 1., 1., 1., 1., 1., 1., 1., 1., 1., 1., 1., 1., 1., 1., 1.,
        1., 1., 1., 1., 1., 1., 1., 1., 1., 1., 1., 1., 1., 1., 1., 1., 1., 1.,
        1., 1., 1., 1., 1., 1., 1., 1., 1., 1., 1., 1., 1., 1., 1., 1., 1., 1.,
        1., 1., 1., 1., 1., 1., 1., 1., 1., 1., 1., 1., 1.], device='cuda:0')
tensor([1., 1., 1., 1., 1., 1., 1., 1., 1., 1., 1., 1., 1., 1., 1., 1., 1., 1.,
        1., 1., 1., 1., 1., 1., 1., 1., 1., 1., 1., 1., 1., 1., 1., 1., 1., 1.,
        1., 1., 1., 1., 1., 1., 1., 1., 1., 1., 1., 1., 1., 1., 1., 1., 1., 1.,
        1., 1., 1., 1., 1., 1., 1., 1., 1., 1., 1., 1., 1., 1., 1., 1., 1., 1.,
        1., 1., 1., 1., 1., 1., 1., 1., 1., 1., 1., 1., 1., 1., 1., 1., 1., 1.,
        1., 1., 1., 1., 1., 1., 1., 1., 1., 1., 1., 1., 1., 1., 1., 1., 1., 1.,
        1., 1., 1., 1., 1., 1., 1., 1., 1., 1., 1., 1., 1., 1., 1., 1., 1., 1.,
        1., 1., 1., 1., 1., 1., 1., 1., 1., 1., 1., 1., 1., 1., 1., 1., 1., 1.,
        1., 1., 1., 1., 1., 1., 1., 1., 1., 1., 1., 1., 1., 1., 1., 1., 1., 1.,
        1., 1., 1., 1., 1., 1., 1., 1., 1., 1., 1., 1., 1.], device='cuda:0')
Solution is a valid permutation matrix.
0 0
[  1   2   3   4   5   6   7   8   9  10  11  12  13  14  15  16  17  18
  19  20  21  22  23  24  25  26  27  28  29  30  31  32  33  34  35  36
  37  38  39  40  41  42  43  44  45  46  47  48  49  50  51  52  53  54
  55  56  57  58  59  60  61  62  63  64  65  66  67  68  69  70  71  72
  73  74  75  76  77  78  79  80  81  82  83  84  85  86  87  88  89  90
  91  92  93  94  95  96  97  98  99 100 101 102 103 104 105 106 107 108
 109 110 111 112 113 114 115 116 117 118 119 120 121 122 123 124 125 126
 127 128 129 130 131 132 133 134 135 136 137 138 139 140 141 142 143 144
 145 146 147 148 149 150 151 152 153 154 155 156 157 158 159 160 161 162
 163 164 165 166 167 168 169 170 171 172 173 174 175]
5000
Starting Optimization [N=175, Batch=5000, Device=cuda]
Iter 100: Best Obj 174602.0000, Loss 330437.0625, Term1 421133.6250, Term2 -90696.5547
Iter 200: Best Obj 164924.0000, Loss 198639.5469, Term1 290404.6250, Term2 -91765.0781
Iter 300: Best Obj 151134.0000, Loss 155636.2812, Term1 249592.4062, Term2 -93956.1172
Iter 400: Best Obj 115080.0000, Loss 131731.5938, Term1 225589.5625, Term2 -93857.9766
Iter 500: Best Obj 76348.0000, Loss 100509.5625, Term1 177616.3594, Term2 -77106.7969
Iter 600: Best Obj 61928.0000, Loss 64569.5508, Term1 115569.7969, Term2 -51000.2461
Iter 700: Best Obj 56720.0000, Loss 45549.1367, Term1 83063.2578, Term2 -37514.1211
Iter 800: Best Obj 55226.0000, Loss 38925.1797, Term1 72899.2422, Term2 -33974.0625
Iter 900: Best Obj 54568.0000, Loss 36515.6914, Term1 69346.9609, Term2 -32831.2695
Iter 1000: Best Obj 53942.0000, Loss 35246.3398, Term1 67426.2969, Term2 -32179.9570
Total Time: 329.64s, FPS: 3.0
tensor([1., 1., 1., 1., 1., 1., 1., 1., 1., 1., 1., 1., 1., 1., 1., 1., 1., 1.,
        1., 1., 1., 1., 1., 1., 1., 1., 1., 1., 1., 1., 1., 1., 1., 1., 1., 1.,
        1., 1., 1., 1., 1., 1., 1., 1., 1., 1., 1., 1., 1., 1., 1., 1., 1., 1.,
        1., 1., 1., 1., 1., 1., 1., 1., 1., 1., 1., 1., 1., 1., 1., 1., 1., 1.,
        1., 1., 1., 1., 1., 1., 1., 1., 1., 1., 1., 1., 1., 1., 1., 1., 1., 1.,
        1., 1., 1., 1., 1., 1., 1., 1., 1., 1., 1., 1., 1., 1., 1., 1., 1., 1.,
        1., 1., 1., 1., 1., 1., 1., 1., 1., 1., 1., 1., 1., 1., 1., 1., 1., 1.,
        1., 1., 1., 1., 1., 1., 1., 1., 1., 1., 1., 1., 1., 1., 1., 1., 1., 1.,
        1., 1., 1., 1., 1., 1., 1., 1., 1., 1., 1., 1., 1., 1., 1., 1., 1., 1.,
        1., 1., 1., 1., 1., 1., 1., 1., 1., 1., 1., 1., 1.], device='cuda:0')
tensor([1., 1., 1., 1., 1., 1., 1., 1., 1., 1., 1., 1., 1., 1., 1., 1., 1., 1.,
        1., 1., 1., 1., 1., 1., 1., 1., 1., 1., 1., 1., 1., 1., 1., 1., 1., 1.,
        1., 1., 1., 1., 1., 1., 1., 1., 1., 1., 1., 1., 1., 1., 1., 1., 1., 1.,
        1., 1., 1., 1., 1., 1., 1., 1., 1., 1., 1., 1., 1., 1., 1., 1., 1., 1.,
        1., 1., 1., 1., 1., 1., 1., 1., 1., 1., 1., 1., 1., 1., 1., 1., 1., 1.,
        1., 1., 1., 1., 1., 1., 1., 1., 1., 1., 1., 1., 1., 1., 1., 1., 1., 1.,
        1., 1., 1., 1., 1., 1., 1., 1., 1., 1., 1., 1., 1., 1., 1., 1., 1., 1.,
        1., 1., 1., 1., 1., 1., 1., 1., 1., 1., 1., 1., 1., 1., 1., 1., 1., 1.,
        1., 1., 1., 1., 1., 1., 1., 1., 1., 1., 1., 1., 1., 1., 1., 1., 1., 1.,
        1., 1., 1., 1., 1., 1., 1., 1., 1., 1., 1., 1., 1.], device='cuda:0')
Solution is a valid permutation matrix.
0 0
[  1   2   3   4   5   6   7   8   9  10  11  12  13  14  15  16  17  18
  19  20  21  22  23  24  25  26  27  28  29  30  31  32  33  34  35  36
  37  38  39  40  41  42  43  44  45  46  47  48  49  50  51  52  53  54
  55  56  57  58  59  60  61  62  63  64  65  66  67  68  69  70  71  72
  73  74  75  76  77  78  79  80  81  82  83  84  85  86  87  88  89  90
  91  92  93  94  95  96  97  98  99 100 101 102 103 104 105 106 107 108
 109 110 111 112 113 114 115 116 117 118 119 120 121 122 123 124 125 126
 127 128 129 130 131 132 133 134 135 136 137 138 139 140 141 142 143 144
 145 146 147 148 149 150 151 152 153 154 155 156 157 158 159 160 161 162
 163 164 165 166 167 168 169 170 171 172 173 174 175]
5000
Starting Optimization [N=175, Batch=5000, Device=cuda]
Iter 100: Best Obj 174386.0000, Loss 312147.8125, Term1 421250.5312, Term2 -109102.7031
Iter 200: Best Obj 167600.0000, Loss 179547.0156, Term1 290312.3750, Term2 -110765.3594
Iter 300: Best Obj 155472.0000, Loss 135631.5625, Term1 249353.7969, Term2 -113722.2344
Iter 400: Best Obj 112854.0000, Loss 112888.9609, Term1 226695.3906, Term2 -113806.4297
Iter 500: Best Obj 77978.0000, Loss 87879.2500, Term1 185905.9844, Term2 -98026.7344
Iter 600: Best Obj 60194.0000, Loss 55801.4922, Term1 124949.7656, Term2 -69148.2734
Iter 700: Best Obj 56084.0000, Loss 36864.6523, Term1 88043.1562, Term2 -51178.5039
Iter 800: Best Obj 55716.0000, Loss 29929.2578, Term1 74626.1016, Term2 -44696.8438
Iter 900: Best Obj 55266.0000, Loss 27797.0195, Term1 70301.8672, Term2 -42504.8477
Iter 1000: Best Obj 54814.0000, Loss 26766.6914, Term1 68263.8984, Term2 -41497.2070
Total Time: 329.23s, FPS: 3.0
tensor([1., 1., 1., 1., 1., 1., 1., 1., 1., 1., 1., 1., 1., 1., 1., 1., 1., 1.,
        1., 1., 1., 1., 1., 1., 1., 1., 1., 1., 1., 1., 1., 1., 1., 1., 1., 1.,
        1., 1., 1., 1., 1., 1., 1., 1., 1., 1., 1., 1., 1., 1., 1., 1., 1., 1.,
        1., 1., 1., 1., 1., 1., 1., 1., 1., 1., 1., 1., 1., 1., 1., 1., 1., 1.,
        1., 1., 1., 1., 1., 1., 1., 1., 1., 1., 1., 1., 1., 1., 1., 1., 1., 1.,
        1., 1., 1., 1., 1., 1., 1., 1., 1., 1., 1., 1., 1., 1., 1., 1., 1., 1.,
        1., 1., 1., 1., 1., 1., 1., 1., 1., 1., 1., 1., 1., 1., 1., 1., 1., 1.,
        1., 1., 1., 1., 1., 1., 1., 1., 1., 1., 1., 1., 1., 1., 1., 1., 1., 1.,
        1., 1., 1., 1., 1., 1., 1., 1., 1., 1., 1., 1., 1., 1., 1., 1., 1., 1.,
        1., 1., 1., 1., 1., 1., 1., 1., 1., 1., 1., 1., 1.], device='cuda:0')
tensor([1., 1., 1., 1., 1., 1., 1., 1., 1., 1., 1., 1., 1., 1., 1., 1., 1., 1.,
        1., 1., 1., 1., 1., 1., 1., 1., 1., 1., 1., 1., 1., 1., 1., 1., 1., 1.,
        1., 1., 1., 1., 1., 1., 1., 1., 1., 1., 1., 1., 1., 1., 1., 1., 1., 1.,
        1., 1., 1., 1., 1., 1., 1., 1., 1., 1., 1., 1., 1., 1., 1., 1., 1., 1.,
        1., 1., 1., 1., 1., 1., 1., 1., 1., 1., 1., 1., 1., 1., 1., 1., 1., 1.,
        1., 1., 1., 1., 1., 1., 1., 1., 1., 1., 1., 1., 1., 1., 1., 1., 1., 1.,
        1., 1., 1., 1., 1., 1., 1., 1., 1., 1., 1., 1., 1., 1., 1., 1., 1., 1.,
        1., 1., 1., 1., 1., 1., 1., 1., 1., 1., 1., 1., 1., 1., 1., 1., 1., 1.,
        1., 1., 1., 1., 1., 1., 1., 1., 1., 1., 1., 1., 1., 1., 1., 1., 1., 1.,
        1., 1., 1., 1., 1., 1., 1., 1., 1., 1., 1., 1., 1.], device='cuda:0')
Solution is a valid permutation matrix.
0 0
[  1   2   3   4   5   6   7   8   9  10  11  12  13  14  15  16  17  18
  19  20  21  22  23  24  25  26  27  28  29  30  31  32  33  34  35  36
  37  38  39  40  41  42  43  44  45  46  47  48  49  50  51  52  53  54
  55  56  57  58  59  60  61  62  63  64  65  66  67  68  69  70  71  72
  73  74  75  76  77  78  79  80  81  82  83  84  85  86  87  88  89  90
  91  92  93  94  95  96  97  98  99 100 101 102 103 104 105 106 107 108
 109 110 111 112 113 114 115 116 117 118 119 120 121 122 123 124 125 126
 127 128 129 130 131 132 133 134 135 136 137 138 139 140 141 142 143 144
 145 146 147 148 149 150 151 152 153 154 155 156 157 158 159 160 161 162
 163 164 165 166 167 168 169 170 171 172 173 174 175]
5000
Starting Optimization [N=175, Batch=5000, Device=cuda]
Iter 100: Best Obj 177024.0000, Loss 275158.8125, Term1 421292.1562, Term2 -146133.3438
Iter 200: Best Obj 166570.0000, Loss 140818.8125, Term1 290053.7500, Term2 -149234.9375
Iter 300: Best Obj 151360.0000, Loss 95314.4688, Term1 248841.8750, Term2 -153527.4062
Iter 400: Best Obj 122406.0000, Loss 74872.1875, Term1 228860.7031, Term2 -153988.5156
Iter 500: Best Obj 84802.0000, Loss 59578.7969, Term1 203621.4844, Term2 -144042.6875
Iter 600: Best Obj 60564.0000, Loss 36396.0938, Term1 153734.7969, Term2 -117338.7031
Iter 700: Best Obj 53336.0000, Loss 17990.0078, Term1 110609.9141, Term2 -92619.9062
Iter 800: Best Obj 52634.0000, Loss 10570.0703, Term1 87486.6562, Term2 -76916.5859
Iter 900: Best Obj 52608.0000, Loss 8676.6016, Term1 78964.6719, Term2 -70288.0703
Iter 1000: Best Obj 52456.0000, Loss 8055.7344, Term1 76247.5547, Term2 -68191.8203
Total Time: 329.29s, FPS: 3.0
tensor([1., 1., 1., 1., 1., 1., 1., 1., 1., 1., 1., 1., 1., 1., 1., 1., 1., 1.,
        1., 1., 1., 1., 1., 1., 1., 1., 1., 1., 1., 1., 1., 1., 1., 1., 1., 1.,
        1., 1., 1., 1., 1., 1., 1., 1., 1., 1., 1., 1., 1., 1., 1., 1., 1., 1.,
        1., 1., 1., 1., 1., 1., 1., 1., 1., 1., 1., 1., 1., 1., 1., 1., 1., 1.,
        1., 1., 1., 1., 1., 1., 1., 1., 1., 1., 1., 1., 1., 1., 1., 1., 1., 1.,
        1., 1., 1., 1., 1., 1., 1., 1., 1., 1., 1., 1., 1., 1., 1., 1., 1., 1.,
        1., 1., 1., 1., 1., 1., 1., 1., 1., 1., 1., 1., 1., 1., 1., 1., 1., 1.,
        1., 1., 1., 1., 1., 1., 1., 1., 1., 1., 1., 1., 1., 1., 1., 1., 1., 1.,
        1., 1., 1., 1., 1., 1., 1., 1., 1., 1., 1., 1., 1., 1., 1., 1., 1., 1.,
        1., 1., 1., 1., 1., 1., 1., 1., 1., 1., 1., 1., 1.], device='cuda:0')
tensor([1., 1., 1., 1., 1., 1., 1., 1., 1., 1., 1., 1., 1., 1., 1., 1., 1., 1.,
        1., 1., 1., 1., 1., 1., 1., 1., 1., 1., 1., 1., 1., 1., 1., 1., 1., 1.,
        1., 1., 1., 1., 1., 1., 1., 1., 1., 1., 1., 1., 1., 1., 1., 1., 1., 1.,
        1., 1., 1., 1., 1., 1., 1., 1., 1., 1., 1., 1., 1., 1., 1., 1., 1., 1.,
        1., 1., 1., 1., 1., 1., 1., 1., 1., 1., 1., 1., 1., 1., 1., 1., 1., 1.,
        1., 1., 1., 1., 1., 1., 1., 1., 1., 1., 1., 1., 1., 1., 1., 1., 1., 1.,
        1., 1., 1., 1., 1., 1., 1., 1., 1., 1., 1., 1., 1., 1., 1., 1., 1., 1.,
        1., 1., 1., 1., 1., 1., 1., 1., 1., 1., 1., 1., 1., 1., 1., 1., 1., 1.,
        1., 1., 1., 1., 1., 1., 1., 1., 1., 1., 1., 1., 1., 1., 1., 1., 1., 1.,
        1., 1., 1., 1., 1., 1., 1., 1., 1., 1., 1., 1., 1.], device='cuda:0')
Solution is a valid permutation matrix.
0 0
[  1   2   3   4   5   6   7   8   9  10  11  12  13  14  15  16  17  18
  19  20  21  22  23  24  25  26  27  28  29  30  31  32  33  34  35  36
  37  38  39  40  41  42  43  44  45  46  47  48  49  50  51  52  53  54
  55  56  57  58  59  60  61  62  63  64  65  66  67  68  69  70  71  72
  73  74  75  76  77  78  79  80  81  82  83  84  85  86  87  88  89  90
  91  92  93  94  95  96  97  98  99 100 101 102 103 104 105 106 107 108
 109 110 111 112 113 114 115 116 117 118 119 120 121 122 123 124 125 126
 127 128 129 130 131 132 133 134 135 136 137 138 139 140 141 142 143 144
 145 146 147 148 149 150 151 152 153 154 155 156 157 158 159 160 161 162
 163 164 165 166 167 168 169 170 171 172 173 174 175]
5000
Starting Optimization [N=175, Batch=5000, Device=cuda]
Iter 100: Best Obj 174442.0000, Loss 239045.6719, Term1 422467.1562, Term2 -183421.4844
Iter 200: Best Obj 168300.0000, Loss 101603.6250, Term1 289789.4688, Term2 -188185.8438
Iter 300: Best Obj 149690.0000, Loss 54996.8906, Term1 248363.0156, Term2 -193366.1250
Iter 400: Best Obj 129212.0000, Loss 36311.9375, Term1 230251.0625, Term2 -193939.1250
Iter 500: Best Obj 95572.0000, Loss 26568.8281, Term1 216299.5000, Term2 -189730.6719
Iter 600: Best Obj 75824.0000, Loss 12671.9688, Term1 184408.5625, Term2 -171736.5938
Iter 700: Best Obj 59148.0000, Loss -4627.6875, Term1 140896.3438, Term2 -145524.0312
Iter 800: Best Obj 56026.0000, Loss -11939.0469, Term1 116509.0625, Term2 -128448.1094
Iter 900: Best Obj 53294.0000, Loss -13809.1953, Term1 104068.4062, Term2 -117877.6016
Iter 1000: Best Obj 53294.0000, Loss -14209.8672, Term1 99473.6484, Term2 -113683.5156
Total Time: 329.34s, FPS: 3.0
tensor([1., 1., 1., 1., 1., 1., 1., 1., 1., 1., 1., 1., 1., 1., 1., 1., 1., 1.,
        1., 1., 1., 1., 1., 1., 1., 1., 1., 1., 1., 1., 1., 1., 1., 1., 1., 1.,
        1., 1., 1., 1., 1., 1., 1., 1., 1., 1., 1., 1., 1., 1., 1., 1., 1., 1.,
        1., 1., 1., 1., 1., 1., 1., 1., 1., 1., 1., 1., 1., 1., 1., 1., 1., 1.,
        1., 1., 1., 1., 1., 1., 1., 1., 1., 1., 1., 1., 1., 1., 1., 1., 1., 1.,
        1., 1., 1., 1., 1., 1., 1., 1., 1., 1., 1., 1., 1., 1., 1., 1., 1., 1.,
        1., 1., 1., 1., 1., 1., 1., 1., 1., 1., 1., 1., 1., 1., 1., 1., 1., 1.,
        1., 1., 1., 1., 1., 1., 1., 1., 1., 1., 1., 1., 1., 1., 1., 1., 1., 1.,
        1., 1., 1., 1., 1., 1., 1., 1., 1., 1., 1., 1., 1., 1., 1., 1., 1., 1.,
        1., 1., 1., 1., 1., 1., 1., 1., 1., 1., 1., 1., 1.], device='cuda:0')
tensor([1., 1., 1., 1., 1., 1., 1., 1., 1., 1., 1., 1., 1., 1., 1., 1., 1., 1.,
        1., 1., 1., 1., 1., 1., 1., 1., 1., 1., 1., 1., 1., 1., 1., 1., 1., 1.,
        1., 1., 1., 1., 1., 1., 1., 1., 1., 1., 1., 1., 1., 1., 1., 1., 1., 1.,
        1., 1., 1., 1., 1., 1., 1., 1., 1., 1., 1., 1., 1., 1., 1., 1., 1., 1.,
        1., 1., 1., 1., 1., 1., 1., 1., 1., 1., 1., 1., 1., 1., 1., 1., 1., 1.,
        1., 1., 1., 1., 1., 1., 1., 1., 1., 1., 1., 1., 1., 1., 1., 1., 1., 1.,
        1., 1., 1., 1., 1., 1., 1., 1., 1., 1., 1., 1., 1., 1., 1., 1., 1., 1.,
        1., 1., 1., 1., 1., 1., 1., 1., 1., 1., 1., 1., 1., 1., 1., 1., 1., 1.,
        1., 1., 1., 1., 1., 1., 1., 1., 1., 1., 1., 1., 1., 1., 1., 1., 1., 1.,
        1., 1., 1., 1., 1., 1., 1., 1., 1., 1., 1., 1., 1.], device='cuda:0')
Solution is a valid permutation matrix.
0 0
[  1   2   3   4   5   6   7   8   9  10  11  12  13  14  15  16  17  18
  19  20  21  22  23  24  25  26  27  28  29  30  31  32  33  34  35  36
  37  38  39  40  41  42  43  44  45  46  47  48  49  50  51  52  53  54
  55  56  57  58  59  60  61  62  63  64  65  66  67  68  69  70  71  72
  73  74  75  76  77  78  79  80  81  82  83  84  85  86  87  88  89  90
  91  92  93  94  95  96  97  98  99 100 101 102 103 104 105 106 107 108
 109 110 111 112 113 114 115 116 117 118 119 120 121 122 123 124 125 126
 127 128 129 130 131 132 133 134 135 136 137 138 139 140 141 142 143 144
 145 146 147 148 149 150 151 152 153 154 155 156 157 158 159 160 161 162
 163 164 165 166 167 168 169 170 171 172 173 174 175]
5000
Starting Optimization [N=175, Batch=5000, Device=cuda]
Iter 100: Best Obj 174880.0000, Loss 201751.9375, Term1 422693.8750, Term2 -220941.9375
Iter 200: Best Obj 167092.0000, Loss 62955.9531, Term1 290450.7812, Term2 -227494.8281
Iter 300: Best Obj 154228.0000, Loss 14933.7188, Term1 248032.7812, Term2 -233099.0625
Iter 400: Best Obj 138384.0000, Loss -2525.5938, Term1 231030.0781, Term2 -233555.6719
Iter 500: Best Obj 106992.0000, Loss -10243.0938, Term1 221983.1719, Term2 -232226.2656
Iter 600: Best Obj 90398.0000, Loss -17365.0156, Term1 207110.0312, Term2 -224475.0469
Iter 700: Best Obj 80024.0000, Loss -29184.2969, Term1 172564.6719, Term2 -201748.9688
Iter 800: Best Obj 70552.0000, Loss -38951.6875, Term1 139057.1562, Term2 -178008.8438
Iter 900: Best Obj 67300.0000, Loss -40664.8516, Term1 129198.5703, Term2 -169863.4219
Iter 1000: Best Obj 67300.0000, Loss -40979.3125, Term1 125427.0000, Term2 -166406.3125
Total Time: 329.25s, FPS: 3.0
tensor([1., 1., 1., 1., 1., 1., 1., 1., 1., 1., 1., 1., 1., 1., 1., 1., 1., 1.,
        1., 1., 1., 1., 1., 1., 1., 1., 1., 1., 1., 1., 1., 1., 1., 1., 1., 1.,
        1., 1., 1., 1., 1., 1., 1., 1., 1., 1., 1., 1., 1., 1., 1., 1., 1., 1.,
        1., 1., 1., 1., 1., 1., 1., 1., 1., 1., 1., 1., 1., 1., 1., 1., 1., 1.,
        1., 1., 1., 1., 1., 1., 1., 1., 1., 1., 1., 1., 1., 1., 1., 1., 1., 1.,
        1., 1., 1., 1., 1., 1., 1., 1., 1., 1., 1., 1., 1., 1., 1., 1., 1., 1.,
        1., 1., 1., 1., 1., 1., 1., 1., 1., 1., 1., 1., 1., 1., 1., 1., 1., 1.,
        1., 1., 1., 1., 1., 1., 1., 1., 1., 1., 1., 1., 1., 1., 1., 1., 1., 1.,
        1., 1., 1., 1., 1., 1., 1., 1., 1., 1., 1., 1., 1., 1., 1., 1., 1., 1.,
        1., 1., 1., 1., 1., 1., 1., 1., 1., 1., 1., 1., 1.], device='cuda:0')
tensor([1., 1., 1., 1., 1., 1., 1., 1., 1., 1., 1., 1., 1., 1., 1., 1., 1., 1.,
        1., 1., 1., 1., 1., 1., 1., 1., 1., 1., 1., 1., 1., 1., 1., 1., 1., 1.,
        1., 1., 1., 1., 1., 1., 1., 1., 1., 1., 1., 1., 1., 1., 1., 1., 1., 1.,
        1., 1., 1., 1., 1., 1., 1., 1., 1., 1., 1., 1., 1., 1., 1., 1., 1., 1.,
        1., 1., 1., 1., 1., 1., 1., 1., 1., 1., 1., 1., 1., 1., 1., 1., 1., 1.,
        1., 1., 1., 1., 1., 1., 1., 1., 1., 1., 1., 1., 1., 1., 1., 1., 1., 1.,
        1., 1., 1., 1., 1., 1., 1., 1., 1., 1., 1., 1., 1., 1., 1., 1., 1., 1.,
        1., 1., 1., 1., 1., 1., 1., 1., 1., 1., 1., 1., 1., 1., 1., 1., 1., 1.,
        1., 1., 1., 1., 1., 1., 1., 1., 1., 1., 1., 1., 1., 1., 1., 1., 1., 1.,
        1., 1., 1., 1., 1., 1., 1., 1., 1., 1., 1., 1., 1.], device='cuda:0')
Solution is a valid permutation matrix.
0 0
[  1   2   3   4   5   6   7   8   9  10  11  12  13  14  15  16  17  18
  19  20  21  22  23  24  25  26  27  28  29  30  31  32  33  34  35  36
  37  38  39  40  41  42  43  44  45  46  47  48  49  50  51  52  53  54
  55  56  57  58  59  60  61  62  63  64  65  66  67  68  69  70  71  72
  73  74  75  76  77  78  79  80  81  82  83  84  85  86  87  88  89  90
  91  92  93  94  95  96  97  98  99 100 101 102 103 104 105 106 107 108
 109 110 111 112 113 114 115 116 117 118 119 120 121 122 123 124 125 126
 127 128 129 130 131 132 133 134 135 136 137 138 139 140 141 142 143 144
 145 146 147 148 149 150 151 152 153 154 155 156 157 158 159 160 161 162
 163 164 165 166 167 168 169 170 171 172 173 174 175]
5000
Starting Optimization [N=175, Batch=5000, Device=cuda]
Iter 100: Best Obj 173858.0000, Loss 48674.9062, Term1 421692.1250, Term2 -373017.2188
Iter 200: Best Obj 166476.0000, Loss -98691.5938, Term1 287729.2188, Term2 -386420.8125
Iter 300: Best Obj 161852.0000, Loss -143531.9531, Term1 247418.6094, Term2 -390950.5625
Iter 400: Best Obj 159838.0000, Loss -158440.7969, Term1 232263.2031, Term2 -390704.0000
Iter 500: Best Obj 145910.0000, Loss -165583.9844, Term1 225004.2031, Term2 -390588.1875
Iter 600: Best Obj 142176.0000, Loss -169774.1250, Term1 220809.8438, Term2 -390583.9688
Iter 700: Best Obj 139680.0000, Loss -172338.9062, Term1 218220.6562, Term2 -390559.5625
Iter 800: Best Obj 138242.0000, Loss -173896.9844, Term1 216610.7969, Term2 -390507.7812
Iter 900: Best Obj 138242.0000, Loss -174821.7812, Term1 215614.9375, Term2 -390436.7188
Iter 1000: Best Obj 138242.0000, Loss -175352.7812, Term1 215001.9688, Term2 -390354.7500
Total Time: 329.73s, FPS: 3.0
tensor([1., 1., 1., 1., 1., 1., 1., 1., 1., 1., 1., 1., 1., 1., 1., 1., 1., 1.,
        1., 1., 1., 1., 1., 1., 1., 1., 1., 1., 1., 1., 1., 1., 1., 1., 1., 1.,
        1., 1., 1., 1., 1., 1., 1., 1., 1., 1., 1., 1., 1., 1., 1., 1., 1., 1.,
        1., 1., 1., 1., 1., 1., 1., 1., 1., 1., 1., 1., 1., 1., 1., 1., 1., 1.,
        1., 1., 1., 1., 1., 1., 1., 1., 1., 1., 1., 1., 1., 1., 1., 1., 1., 1.,
        1., 1., 1., 1., 1., 1., 1., 1., 1., 1., 1., 1., 1., 1., 1., 1., 1., 1.,
        1., 1., 1., 1., 1., 1., 1., 1., 1., 1., 1., 1., 1., 1., 1., 1., 1., 1.,
        1., 1., 1., 1., 1., 1., 1., 1., 1., 1., 1., 1., 1., 1., 1., 1., 1., 1.,
        1., 1., 1., 1., 1., 1., 1., 1., 1., 1., 1., 1., 1., 1., 1., 1., 1., 1.,
        1., 1., 1., 1., 1., 1., 1., 1., 1., 1., 1., 1., 1.], device='cuda:0')
tensor([1., 1., 1., 1., 1., 1., 1., 1., 1., 1., 1., 1., 1., 1., 1., 1., 1., 1.,
        1., 1., 1., 1., 1., 1., 1., 1., 1., 1., 1., 1., 1., 1., 1., 1., 1., 1.,
        1., 1., 1., 1., 1., 1., 1., 1., 1., 1., 1., 1., 1., 1., 1., 1., 1., 1.,
        1., 1., 1., 1., 1., 1., 1., 1., 1., 1., 1., 1., 1., 1., 1., 1., 1., 1.,
        1., 1., 1., 1., 1., 1., 1., 1., 1., 1., 1., 1., 1., 1., 1., 1., 1., 1.,
        1., 1., 1., 1., 1., 1., 1., 1., 1., 1., 1., 1., 1., 1., 1., 1., 1., 1.,
        1., 1., 1., 1., 1., 1., 1., 1., 1., 1., 1., 1., 1., 1., 1., 1., 1., 1.,
        1., 1., 1., 1., 1., 1., 1., 1., 1., 1., 1., 1., 1., 1., 1., 1., 1., 1.,
        1., 1., 1., 1., 1., 1., 1., 1., 1., 1., 1., 1., 1., 1., 1., 1., 1., 1.,
        1., 1., 1., 1., 1., 1., 1., 1., 1., 1., 1., 1., 1.], device='cuda:0')
Solution is a valid permutation matrix.
0 0
[  1   2   3   4   5   6   7   8   9  10  11  12  13  14  15  16  17  18
  19  20  21  22  23  24  25  26  27  28  29  30  31  32  33  34  35  36
  37  38  39  40  41  42  43  44  45  46  47  48  49  50  51  52  53  54
  55  56  57  58  59  60  61  62  63  64  65  66  67  68  69  70  71  72
  73  74  75  76  77  78  79  80  81  82  83  84  85  86  87  88  89  90
  91  92  93  94  95  96  97  98  99 100 101 102 103 104 105 106 107 108
 109 110 111 112 113 114 115 116 117 118 119 120 121 122 123 124 125 126
 127 128 129 130 131 132 133 134 135 136 137 138 139 140 141 142 143 144
 145 146 147 148 149 150 151 152 153 154 155 156 157 158 159 160 161 162
 163 164 165 166 167 168 169 170 171 172 173 174 175]
5000
Starting Optimization [N=175, Batch=5000, Device=cuda]
Iter 100: Best Obj 180876.0000, Loss -339952.3750, Term1 422414.3125, Term2 -762366.6875
Iter 200: Best Obj 175828.0000, Loss -497319.5625, Term1 286007.9375, Term2 -783327.5000
Iter 300: Best Obj 175828.0000, Loss -534488.0000, Term1 248744.7969, Term2 -783232.8125
Iter 400: Best Obj 162736.0000, Loss -548703.5000, Term1 233931.9219, Term2 -782635.4375
Iter 500: Best Obj 162736.0000, Loss -556396.8125, Term1 226054.2344, Term2 -782451.0625
Iter 600: Best Obj 162736.0000, Loss -560901.2500, Term1 221398.8750, Term2 -782300.1250
Iter 700: Best Obj 162736.0000, Loss -563570.1250, Term1 218576.0938, Term2 -782146.1875
Iter 800: Best Obj 162736.0000, Loss -565142.6250, Term1 216858.5312, Term2 -782001.1875
Iter 900: Best Obj 162736.0000, Loss -566056.8125, Term1 215814.8125, Term2 -781871.6250
Iter 1000: Best Obj 162736.0000, Loss -566576.1250, Term1 215181.0938, Term2 -781757.1875
Total Time: 329.46s, FPS: 3.0
tensor([1., 1., 1., 1., 1., 1., 1., 1., 1., 1., 1., 1., 1., 1., 1., 1., 1., 1.,
        1., 1., 1., 1., 1., 1., 1., 1., 1., 1., 1., 1., 1., 1., 1., 1., 1., 1.,
        1., 1., 1., 1., 1., 1., 1., 1., 1., 1., 1., 1., 1., 1., 1., 1., 1., 1.,
        1., 1., 1., 1., 1., 1., 1., 1., 1., 1., 1., 1., 1., 1., 1., 1., 1., 1.,
        1., 1., 1., 1., 1., 1., 1., 1., 1., 1., 1., 1., 1., 1., 1., 1., 1., 1.,
        1., 1., 1., 1., 1., 1., 1., 1., 1., 1., 1., 1., 1., 1., 1., 1., 1., 1.,
        1., 1., 1., 1., 1., 1., 1., 1., 1., 1., 1., 1., 1., 1., 1., 1., 1., 1.,
        1., 1., 1., 1., 1., 1., 1., 1., 1., 1., 1., 1., 1., 1., 1., 1., 1., 1.,
        1., 1., 1., 1., 1., 1., 1., 1., 1., 1., 1., 1., 1., 1., 1., 1., 1., 1.,
        1., 1., 1., 1., 1., 1., 1., 1., 1., 1., 1., 1., 1.], device='cuda:0')
tensor([1., 1., 1., 1., 1., 1., 1., 1., 1., 1., 1., 1., 1., 1., 1., 1., 1., 1.,
        1., 1., 1., 1., 1., 1., 1., 1., 1., 1., 1., 1., 1., 1., 1., 1., 1., 1.,
        1., 1., 1., 1., 1., 1., 1., 1., 1., 1., 1., 1., 1., 1., 1., 1., 1., 1.,
        1., 1., 1., 1., 1., 1., 1., 1., 1., 1., 1., 1., 1., 1., 1., 1., 1., 1.,
        1., 1., 1., 1., 1., 1., 1., 1., 1., 1., 1., 1., 1., 1., 1., 1., 1., 1.,
        1., 1., 1., 1., 1., 1., 1., 1., 1., 1., 1., 1., 1., 1., 1., 1., 1., 1.,
        1., 1., 1., 1., 1., 1., 1., 1., 1., 1., 1., 1., 1., 1., 1., 1., 1., 1.,
        1., 1., 1., 1., 1., 1., 1., 1., 1., 1., 1., 1., 1., 1., 1., 1., 1., 1.,
        1., 1., 1., 1., 1., 1., 1., 1., 1., 1., 1., 1., 1., 1., 1., 1., 1., 1.,
        1., 1., 1., 1., 1., 1., 1., 1., 1., 1., 1., 1., 1.], device='cuda:0')
Solution is a valid permutation matrix.
0 0
[  1   2   3   4   5   6   7   8   9  10  11  12  13  14  15  16  17  18
  19  20  21  22  23  24  25  26  27  28  29  30  31  32  33  34  35  36
  37  38  39  40  41  42  43  44  45  46  47  48  49  50  51  52  53  54
  55  56  57  58  59  60  61  62  63  64  65  66  67  68  69  70  71  72
  73  74  75  76  77  78  79  80  81  82  83  84  85  86  87  88  89  90
  91  92  93  94  95  96  97  98  99 100 101 102 103 104 105 106 107 108
 109 110 111 112 113 114 115 116 117 118 119 120 121 122 123 124 125 126
 127 128 129 130 131 132 133 134 135 136 137 138 139 140 141 142 143 144
 145 146 147 148 149 150 151 152 153 154 155 156 157 158 159 160 161 162
 163 164 165 166 167 168 169 170 171 172 173 174 175]
5000
Starting Optimization [N=175, Batch=5000, Device=cuda]
Iter 100: Best Obj 167270.0000, Loss -7425650.0000, Term1 488682.5625, Term2 -7914332.5000
Iter 200: Best Obj 167270.0000, Loss -7546611.0000, Term1 319289.0938, Term2 -7865900.0000
Iter 300: Best Obj 167270.0000, Loss -7580250.5000, Term1 267807.0938, Term2 -7848057.5000
Iter 400: Best Obj 167270.0000, Loss -7594366.5000, Term1 244786.9062, Term2 -7839153.5000
Iter 500: Best Obj 167270.0000, Loss -7601403.5000, Term1 232600.0000, Term2 -7834003.5000
Iter 600: Best Obj 167270.0000, Loss -7605208.5000, Term1 225585.3750, Term2 -7830794.0000
Iter 700: Best Obj 167270.0000, Loss -7607345.0000, Term1 221366.4375, Term2 -7828711.5000
Iter 800: Best Obj 167270.0000, Loss -7608553.0000, Term1 218766.3438, Term2 -7827319.5000
Iter 900: Best Obj 167270.0000, Loss -7609108.5000, Term1 217220.1562, Term2 -7826328.5000
Iter 1000: Best Obj 167270.0000, Loss -7609445.5000, Term1 216314.9219, Term2 -7825760.5000
Total Time: 329.94s, FPS: 3.0
tensor([1., 1., 1., 1., 1., 1., 1., 1., 1., 1., 1., 1., 1., 1., 1., 1., 1., 1.,
        1., 1., 1., 1., 1., 1., 1., 1., 1., 1., 1., 1., 1., 1., 1., 1., 1., 1.,
        1., 1., 1., 1., 1., 1., 1., 1., 1., 1., 1., 1., 1., 1., 1., 1., 1., 1.,
        1., 1., 1., 1., 1., 1., 1., 1., 1., 1., 1., 1., 1., 1., 1., 1., 1., 1.,
        1., 1., 1., 1., 1., 1., 1., 1., 1., 1., 1., 1., 1., 1., 1., 1., 1., 1.,
        1., 1., 1., 1., 1., 1., 1., 1., 1., 1., 1., 1., 1., 1., 1., 1., 1., 1.,
        1., 1., 1., 1., 1., 1., 1., 1., 1., 1., 1., 1., 1., 1., 1., 1., 1., 1.,
        1., 1., 1., 1., 1., 1., 1., 1., 1., 1., 1., 1., 1., 1., 1., 1., 1., 1.,
        1., 1., 1., 1., 1., 1., 1., 1., 1., 1., 1., 1., 1., 1., 1., 1., 1., 1.,
        1., 1., 1., 1., 1., 1., 1., 1., 1., 1., 1., 1., 1.], device='cuda:0')
tensor([1., 1., 1., 1., 1., 1., 1., 1., 1., 1., 1., 1., 1., 1., 1., 1., 1., 1.,
        1., 1., 1., 1., 1., 1., 1., 1., 1., 1., 1., 1., 1., 1., 1., 1., 1., 1.,
        1., 1., 1., 1., 1., 1., 1., 1., 1., 1., 1., 1., 1., 1., 1., 1., 1., 1.,
        1., 1., 1., 1., 1., 1., 1., 1., 1., 1., 1., 1., 1., 1., 1., 1., 1., 1.,
        1., 1., 1., 1., 1., 1., 1., 1., 1., 1., 1., 1., 1., 1., 1., 1., 1., 1.,
        1., 1., 1., 1., 1., 1., 1., 1., 1., 1., 1., 1., 1., 1., 1., 1., 1., 1.,
        1., 1., 1., 1., 1., 1., 1., 1., 1., 1., 1., 1., 1., 1., 1., 1., 1., 1.,
        1., 1., 1., 1., 1., 1., 1., 1., 1., 1., 1., 1., 1., 1., 1., 1., 1., 1.,
        1., 1., 1., 1., 1., 1., 1., 1., 1., 1., 1., 1., 1., 1., 1., 1., 1., 1.,
        1., 1., 1., 1., 1., 1., 1., 1., 1., 1., 1., 1., 1.], device='cuda:0')
Solution is a valid permutation matrix.
0 0
[  1   2   3   4   5   6   7   8   9  10  11  12  13  14  15  16  17  18
  19  20  21  22  23  24  25  26  27  28  29  30  31  32  33  34  35  36
  37  38  39  40  41  42  43  44  45  46  47  48  49  50  51  52  53  54
  55  56  57  58  59  60  61  62  63  64  65  66  67  68  69  70  71  72
  73  74  75  76  77  78  79  80  81  82  83  84  85  86  87  88  89  90
  91  92  93  94  95  96  97  98  99 100 101 102 103 104 105 106 107 108
 109 110 111 112 113 114 115 116 117 118 119 120 121 122 123 124 125 126
 127 128 129 130 131 132 133 134 135 136 137 138 139 140 141 142 143 144
 145 146 147 148 149 150 151 152 153 154 155 156 157 158 159 160 161 162
 163 164 165 166 167 168 169 170 171 172 173 174 175]
5000
Starting Optimization [N=175, Batch=5000, Device=cuda]
Iter 100: Best Obj 169934.0000, Loss 400414.6250, Term1 436368.0938, Term2 -35953.4531
Iter 200: Best Obj 162944.0000, Loss 260888.0156, Term1 296774.7812, Term2 -35886.7656
Iter 300: Best Obj 136388.0000, Loss 218301.6406, Term1 254373.9531, Term2 -36072.3086
Iter 400: Best Obj 116812.0000, Loss 191036.1562, Term1 226745.6406, Term2 -35709.4883
Iter 500: Best Obj 85488.0000, Loss 141515.8594, Term1 170211.8125, Term2 -28695.9570
Iter 600: Best Obj 65810.0000, Loss 91680.2578, Term1 108282.9375, Term2 -16602.6816
Iter 700: Best Obj 61150.0000, Loss 72336.9219, Term1 84022.1172, Term2 -11685.1934
Iter 800: Best Obj 59076.0000, Loss 66396.7031, Term1 77052.4375, Term2 -10655.7383
Iter 900: Best Obj 58400.0000, Loss 63717.1016, Term1 74133.0781, Term2 -10415.9766
Iter 1000: Best Obj 57922.0000, Loss 62112.3633, Term1 72420.3672, Term2 -10308.0039
Total Time: 329.17s, FPS: 3.0
tensor([1., 1., 1., 1., 1., 1., 1., 1., 1., 1., 1., 1., 1., 1., 1., 1., 1., 1.,
        1., 1., 1., 1., 1., 1., 1., 1., 1., 1., 1., 1., 1., 1., 1., 1., 1., 1.,
        1., 1., 1., 1., 1., 1., 1., 1., 1., 1., 1., 1., 1., 1., 1., 1., 1., 1.,
        1., 1., 1., 1., 1., 1., 1., 1., 1., 1., 1., 1., 1., 1., 1., 1., 1., 1.,
        1., 1., 1., 1., 1., 1., 1., 1., 1., 1., 1., 1., 1., 1., 1., 1., 1., 1.,
        1., 1., 1., 1., 1., 1., 1., 1., 1., 1., 1., 1., 1., 1., 1., 1., 1., 1.,
        1., 1., 1., 1., 1., 1., 1., 1., 1., 1., 1., 1., 1., 1., 1., 1., 1., 1.,
        1., 1., 1., 1., 1., 1., 1., 1., 1., 1., 1., 1., 1., 1., 1., 1., 1., 1.,
        1., 1., 1., 1., 1., 1., 1., 1., 1., 1., 1., 1., 1., 1., 1., 1., 1., 1.,
        1., 1., 1., 1., 1., 1., 1., 1., 1., 1., 1., 1., 1.], device='cuda:0')
tensor([1., 1., 1., 1., 1., 1., 1., 1., 1., 1., 1., 1., 1., 1., 1., 1., 1., 1.,
        1., 1., 1., 1., 1., 1., 1., 1., 1., 1., 1., 1., 1., 1., 1., 1., 1., 1.,
        1., 1., 1., 1., 1., 1., 1., 1., 1., 1., 1., 1., 1., 1., 1., 1., 1., 1.,
        1., 1., 1., 1., 1., 1., 1., 1., 1., 1., 1., 1., 1., 1., 1., 1., 1., 1.,
        1., 1., 1., 1., 1., 1., 1., 1., 1., 1., 1., 1., 1., 1., 1., 1., 1., 1.,
        1., 1., 1., 1., 1., 1., 1., 1., 1., 1., 1., 1., 1., 1., 1., 1., 1., 1.,
        1., 1., 1., 1., 1., 1., 1., 1., 1., 1., 1., 1., 1., 1., 1., 1., 1., 1.,
        1., 1., 1., 1., 1., 1., 1., 1., 1., 1., 1., 1., 1., 1., 1., 1., 1., 1.,
        1., 1., 1., 1., 1., 1., 1., 1., 1., 1., 1., 1., 1., 1., 1., 1., 1., 1.,
        1., 1., 1., 1., 1., 1., 1., 1., 1., 1., 1., 1., 1.], device='cuda:0')
Solution is a valid permutation matrix.
0 0
[  1   2   3   4   5   6   7   8   9  10  11  12  13  14  15  16  17  18
  19  20  21  22  23  24  25  26  27  28  29  30  31  32  33  34  35  36
  37  38  39  40  41  42  43  44  45  46  47  48  49  50  51  52  53  54
  55  56  57  58  59  60  61  62  63  64  65  66  67  68  69  70  71  72
  73  74  75  76  77  78  79  80  81  82  83  84  85  86  87  88  89  90
  91  92  93  94  95  96  97  98  99 100 101 102 103 104 105 106 107 108
 109 110 111 112 113 114 115 116 117 118 119 120 121 122 123 124 125 126
 127 128 129 130 131 132 133 134 135 136 137 138 139 140 141 142 143 144
 145 146 147 148 149 150 151 152 153 154 155 156 157 158 159 160 161 162
 163 164 165 166 167 168 169 170 171 172 173 174 175]
5000
Starting Optimization [N=175, Batch=5000, Device=cuda]
Iter 100: Best Obj 171302.0000, Loss 381883.6875, Term1 436001.1875, Term2 -54117.4922
Iter 200: Best Obj 161852.0000, Loss 243586.6719, Term1 297869.7500, Term2 -54283.0742
Iter 300: Best Obj 136378.0000, Loss 200547.6562, Term1 255523.4219, Term2 -54975.7656
Iter 400: Best Obj 117124.0000, Loss 172695.3906, Term1 227383.1094, Term2 -54687.7227
Iter 500: Best Obj 84532.0000, Loss 127490.5625, Term1 170874.5781, Term2 -43384.0156
Iter 600: Best Obj 65794.0000, Loss 84472.3672, Term1 110638.0625, Term2 -26165.6934
Iter 700: Best Obj 60708.0000, Loss 65229.9805, Term1 83973.5234, Term2 -18743.5430
Iter 800: Best Obj 58288.0000, Loss 58894.1328, Term1 76246.5156, Term2 -17352.3809
Iter 900: Best Obj 57566.0000, Loss 56107.9922, Term1 73224.0469, Term2 -17116.0527
Iter 1000: Best Obj 57334.0000, Loss 54515.6367, Term1 71514.5391, Term2 -16998.9023
Total Time: 329.29s, FPS: 3.0
tensor([1., 1., 1., 1., 1., 1., 1., 1., 1., 1., 1., 1., 1., 1., 1., 1., 1., 1.,
        1., 1., 1., 1., 1., 1., 1., 1., 1., 1., 1., 1., 1., 1., 1., 1., 1., 1.,
        1., 1., 1., 1., 1., 1., 1., 1., 1., 1., 1., 1., 1., 1., 1., 1., 1., 1.,
        1., 1., 1., 1., 1., 1., 1., 1., 1., 1., 1., 1., 1., 1., 1., 1., 1., 1.,
        1., 1., 1., 1., 1., 1., 1., 1., 1., 1., 1., 1., 1., 1., 1., 1., 1., 1.,
        1., 1., 1., 1., 1., 1., 1., 1., 1., 1., 1., 1., 1., 1., 1., 1., 1., 1.,
        1., 1., 1., 1., 1., 1., 1., 1., 1., 1., 1., 1., 1., 1., 1., 1., 1., 1.,
        1., 1., 1., 1., 1., 1., 1., 1., 1., 1., 1., 1., 1., 1., 1., 1., 1., 1.,
        1., 1., 1., 1., 1., 1., 1., 1., 1., 1., 1., 1., 1., 1., 1., 1., 1., 1.,
        1., 1., 1., 1., 1., 1., 1., 1., 1., 1., 1., 1., 1.], device='cuda:0')
tensor([1., 1., 1., 1., 1., 1., 1., 1., 1., 1., 1., 1., 1., 1., 1., 1., 1., 1.,
        1., 1., 1., 1., 1., 1., 1., 1., 1., 1., 1., 1., 1., 1., 1., 1., 1., 1.,
        1., 1., 1., 1., 1., 1., 1., 1., 1., 1., 1., 1., 1., 1., 1., 1., 1., 1.,
        1., 1., 1., 1., 1., 1., 1., 1., 1., 1., 1., 1., 1., 1., 1., 1., 1., 1.,
        1., 1., 1., 1., 1., 1., 1., 1., 1., 1., 1., 1., 1., 1., 1., 1., 1., 1.,
        1., 1., 1., 1., 1., 1., 1., 1., 1., 1., 1., 1., 1., 1., 1., 1., 1., 1.,
        1., 1., 1., 1., 1., 1., 1., 1., 1., 1., 1., 1., 1., 1., 1., 1., 1., 1.,
        1., 1., 1., 1., 1., 1., 1., 1., 1., 1., 1., 1., 1., 1., 1., 1., 1., 1.,
        1., 1., 1., 1., 1., 1., 1., 1., 1., 1., 1., 1., 1., 1., 1., 1., 1., 1.,
        1., 1., 1., 1., 1., 1., 1., 1., 1., 1., 1., 1., 1.], device='cuda:0')
Solution is a valid permutation matrix.
0 0
[  1   2   3   4   5   6   7   8   9  10  11  12  13  14  15  16  17  18
  19  20  21  22  23  24  25  26  27  28  29  30  31  32  33  34  35  36
  37  38  39  40  41  42  43  44  45  46  47  48  49  50  51  52  53  54
  55  56  57  58  59  60  61  62  63  64  65  66  67  68  69  70  71  72
  73  74  75  76  77  78  79  80  81  82  83  84  85  86  87  88  89  90
  91  92  93  94  95  96  97  98  99 100 101 102 103 104 105 106 107 108
 109 110 111 112 113 114 115 116 117 118 119 120 121 122 123 124 125 126
 127 128 129 130 131 132 133 134 135 136 137 138 139 140 141 142 143 144
 145 146 147 148 149 150 151 152 153 154 155 156 157 158 159 160 161 162
 163 164 165 166 167 168 169 170 171 172 173 174 175]
5000
Starting Optimization [N=175, Batch=5000, Device=cuda]
Iter 100: Best Obj 171840.0000, Loss 365607.9375, Term1 437971.1562, Term2 -72363.2188
Iter 200: Best Obj 161220.0000, Loss 226179.6875, Term1 299062.8438, Term2 -72883.1641
Iter 300: Best Obj 139670.0000, Loss 181603.4844, Term1 255843.7969, Term2 -74240.3125
Iter 400: Best Obj 115814.0000, Loss 153830.8281, Term1 227784.6094, Term2 -73953.7812
Iter 500: Best Obj 83832.0000, Loss 114489.5078, Term1 173874.9844, Term2 -59385.4766
Iter 600: Best Obj 66648.0000, Loss 76370.7344, Term1 114183.6562, Term2 -37812.9219
Iter 700: Best Obj 60340.0000, Loss 57367.7461, Term1 84764.1641, Term2 -27396.4180
Iter 800: Best Obj 58116.0000, Loss 50812.8750, Term1 76037.4141, Term2 -25224.5391
Iter 900: Best Obj 57504.0000, Loss 48143.1016, Term1 72852.9844, Term2 -24709.8848
Iter 1000: Best Obj 57096.0000, Loss 46704.1719, Term1 71108.9609, Term2 -24404.7891
Total Time: 329.29s, FPS: 3.0
tensor([1., 1., 1., 1., 1., 1., 1., 1., 1., 1., 1., 1., 1., 1., 1., 1., 1., 1.,
        1., 1., 1., 1., 1., 1., 1., 1., 1., 1., 1., 1., 1., 1., 1., 1., 1., 1.,
        1., 1., 1., 1., 1., 1., 1., 1., 1., 1., 1., 1., 1., 1., 1., 1., 1., 1.,
        1., 1., 1., 1., 1., 1., 1., 1., 1., 1., 1., 1., 1., 1., 1., 1., 1., 1.,
        1., 1., 1., 1., 1., 1., 1., 1., 1., 1., 1., 1., 1., 1., 1., 1., 1., 1.,
        1., 1., 1., 1., 1., 1., 1., 1., 1., 1., 1., 1., 1., 1., 1., 1., 1., 1.,
        1., 1., 1., 1., 1., 1., 1., 1., 1., 1., 1., 1., 1., 1., 1., 1., 1., 1.,
        1., 1., 1., 1., 1., 1., 1., 1., 1., 1., 1., 1., 1., 1., 1., 1., 1., 1.,
        1., 1., 1., 1., 1., 1., 1., 1., 1., 1., 1., 1., 1., 1., 1., 1., 1., 1.,
        1., 1., 1., 1., 1., 1., 1., 1., 1., 1., 1., 1., 1.], device='cuda:0')
tensor([1., 1., 1., 1., 1., 1., 1., 1., 1., 1., 1., 1., 1., 1., 1., 1., 1., 1.,
        1., 1., 1., 1., 1., 1., 1., 1., 1., 1., 1., 1., 1., 1., 1., 1., 1., 1.,
        1., 1., 1., 1., 1., 1., 1., 1., 1., 1., 1., 1., 1., 1., 1., 1., 1., 1.,
        1., 1., 1., 1., 1., 1., 1., 1., 1., 1., 1., 1., 1., 1., 1., 1., 1., 1.,
        1., 1., 1., 1., 1., 1., 1., 1., 1., 1., 1., 1., 1., 1., 1., 1., 1., 1.,
        1., 1., 1., 1., 1., 1., 1., 1., 1., 1., 1., 1., 1., 1., 1., 1., 1., 1.,
        1., 1., 1., 1., 1., 1., 1., 1., 1., 1., 1., 1., 1., 1., 1., 1., 1., 1.,
        1., 1., 1., 1., 1., 1., 1., 1., 1., 1., 1., 1., 1., 1., 1., 1., 1., 1.,
        1., 1., 1., 1., 1., 1., 1., 1., 1., 1., 1., 1., 1., 1., 1., 1., 1., 1.,
        1., 1., 1., 1., 1., 1., 1., 1., 1., 1., 1., 1., 1.], device='cuda:0')
Solution is a valid permutation matrix.
0 0
[  1   2   3   4   5   6   7   8   9  10  11  12  13  14  15  16  17  18
  19  20  21  22  23  24  25  26  27  28  29  30  31  32  33  34  35  36
  37  38  39  40  41  42  43  44  45  46  47  48  49  50  51  52  53  54
  55  56  57  58  59  60  61  62  63  64  65  66  67  68  69  70  71  72
  73  74  75  76  77  78  79  80  81  82  83  84  85  86  87  88  89  90
  91  92  93  94  95  96  97  98  99 100 101 102 103 104 105 106 107 108
 109 110 111 112 113 114 115 116 117 118 119 120 121 122 123 124 125 126
 127 128 129 130 131 132 133 134 135 136 137 138 139 140 141 142 143 144
 145 146 147 148 149 150 151 152 153 154 155 156 157 158 159 160 161 162
 163 164 165 166 167 168 169 170 171 172 173 174 175]
5000
Starting Optimization [N=175, Batch=5000, Device=cuda]
Iter 100: Best Obj 174042.0000, Loss 347423.1250, Term1 438115.4375, Term2 -90692.3203
Iter 200: Best Obj 163110.0000, Loss 207344.5781, Term1 299033.5000, Term2 -91688.9219
Iter 300: Best Obj 139090.0000, Loss 162592.3750, Term1 256385.9531, Term2 -93793.5859
Iter 400: Best Obj 117486.0000, Loss 135443.3125, Term1 228917.3125, Term2 -93474.0000
Iter 500: Best Obj 81074.0000, Loss 102069.5469, Term1 179428.9375, Term2 -77359.3906
Iter 600: Best Obj 63724.0000, Loss 68528.1797, Term1 120967.0547, Term2 -52438.8750
Iter 700: Best Obj 58520.0000, Loss 50117.8164, Term1 88436.3672, Term2 -38318.5508
Iter 800: Best Obj 57124.0000, Loss 43335.4297, Term1 77843.3359, Term2 -34507.9062
Iter 900: Best Obj 56600.0000, Loss 40848.8398, Term1 74177.6406, Term2 -33328.8008
Iter 1000: Best Obj 56534.0000, Loss 39583.3906, Term1 72281.8750, Term2 -32698.4844
Total Time: 329.38s, FPS: 3.0
tensor([1., 1., 1., 1., 1., 1., 1., 1., 1., 1., 1., 1., 1., 1., 1., 1., 1., 1.,
        1., 1., 1., 1., 1., 1., 1., 1., 1., 1., 1., 1., 1., 1., 1., 1., 1., 1.,
        1., 1., 1., 1., 1., 1., 1., 1., 1., 1., 1., 1., 1., 1., 1., 1., 1., 1.,
        1., 1., 1., 1., 1., 1., 1., 1., 1., 1., 1., 1., 1., 1., 1., 1., 1., 1.,
        1., 1., 1., 1., 1., 1., 1., 1., 1., 1., 1., 1., 1., 1., 1., 1., 1., 1.,
        1., 1., 1., 1., 1., 1., 1., 1., 1., 1., 1., 1., 1., 1., 1., 1., 1., 1.,
        1., 1., 1., 1., 1., 1., 1., 1., 1., 1., 1., 1., 1., 1., 1., 1., 1., 1.,
        1., 1., 1., 1., 1., 1., 1., 1., 1., 1., 1., 1., 1., 1., 1., 1., 1., 1.,
        1., 1., 1., 1., 1., 1., 1., 1., 1., 1., 1., 1., 1., 1., 1., 1., 1., 1.,
        1., 1., 1., 1., 1., 1., 1., 1., 1., 1., 1., 1., 1.], device='cuda:0')
tensor([1., 1., 1., 1., 1., 1., 1., 1., 1., 1., 1., 1., 1., 1., 1., 1., 1., 1.,
        1., 1., 1., 1., 1., 1., 1., 1., 1., 1., 1., 1., 1., 1., 1., 1., 1., 1.,
        1., 1., 1., 1., 1., 1., 1., 1., 1., 1., 1., 1., 1., 1., 1., 1., 1., 1.,
        1., 1., 1., 1., 1., 1., 1., 1., 1., 1., 1., 1., 1., 1., 1., 1., 1., 1.,
        1., 1., 1., 1., 1., 1., 1., 1., 1., 1., 1., 1., 1., 1., 1., 1., 1., 1.,
        1., 1., 1., 1., 1., 1., 1., 1., 1., 1., 1., 1., 1., 1., 1., 1., 1., 1.,
        1., 1., 1., 1., 1., 1., 1., 1., 1., 1., 1., 1., 1., 1., 1., 1., 1., 1.,
        1., 1., 1., 1., 1., 1., 1., 1., 1., 1., 1., 1., 1., 1., 1., 1., 1., 1.,
        1., 1., 1., 1., 1., 1., 1., 1., 1., 1., 1., 1., 1., 1., 1., 1., 1., 1.,
        1., 1., 1., 1., 1., 1., 1., 1., 1., 1., 1., 1., 1.], device='cuda:0')
Solution is a valid permutation matrix.
0 0
[  1   2   3   4   5   6   7   8   9  10  11  12  13  14  15  16  17  18
  19  20  21  22  23  24  25  26  27  28  29  30  31  32  33  34  35  36
  37  38  39  40  41  42  43  44  45  46  47  48  49  50  51  52  53  54
  55  56  57  58  59  60  61  62  63  64  65  66  67  68  69  70  71  72
  73  74  75  76  77  78  79  80  81  82  83  84  85  86  87  88  89  90
  91  92  93  94  95  96  97  98  99 100 101 102 103 104 105 106 107 108
 109 110 111 112 113 114 115 116 117 118 119 120 121 122 123 124 125 126
 127 128 129 130 131 132 133 134 135 136 137 138 139 140 141 142 143 144
 145 146 147 148 149 150 151 152 153 154 155 156 157 158 159 160 161 162
 163 164 165 166 167 168 169 170 171 172 173 174 175]
5000
Starting Optimization [N=175, Batch=5000, Device=cuda]
Iter 100: Best Obj 174598.0000, Loss 327882.6250, Term1 436974.0000, Term2 -109091.3828
Iter 200: Best Obj 162054.0000, Loss 187768.1250, Term1 298425.9688, Term2 -110657.8516
Iter 300: Best Obj 139708.0000, Loss 141592.3125, Term1 255116.9375, Term2 -113524.6172
Iter 400: Best Obj 117172.0000, Loss 116357.7031, Term1 229560.4844, Term2 -113202.7812
Iter 500: Best Obj 80690.0000, Loss 88613.3828, Term1 185973.9375, Term2 -97360.5547
Iter 600: Best Obj 64226.0000, Loss 58985.1172, Term1 129694.8906, Term2 -70709.7734
Iter 700: Best Obj 58940.0000, Loss 41327.5117, Term1 93911.5703, Term2 -52584.0586
Iter 800: Best Obj 57468.0000, Loss 34266.8867, Term1 79825.7188, Term2 -45558.8320
Iter 900: Best Obj 56402.0000, Loss 32071.4219, Term1 75401.0625, Term2 -43329.6406
Iter 1000: Best Obj 56224.0000, Loss 31018.0430, Term1 73393.8594, Term2 -42375.8164
Total Time: 329.20s, FPS: 3.0
tensor([1., 1., 1., 1., 1., 1., 1., 1., 1., 1., 1., 1., 1., 1., 1., 1., 1., 1.,
        1., 1., 1., 1., 1., 1., 1., 1., 1., 1., 1., 1., 1., 1., 1., 1., 1., 1.,
        1., 1., 1., 1., 1., 1., 1., 1., 1., 1., 1., 1., 1., 1., 1., 1., 1., 1.,
        1., 1., 1., 1., 1., 1., 1., 1., 1., 1., 1., 1., 1., 1., 1., 1., 1., 1.,
        1., 1., 1., 1., 1., 1., 1., 1., 1., 1., 1., 1., 1., 1., 1., 1., 1., 1.,
        1., 1., 1., 1., 1., 1., 1., 1., 1., 1., 1., 1., 1., 1., 1., 1., 1., 1.,
        1., 1., 1., 1., 1., 1., 1., 1., 1., 1., 1., 1., 1., 1., 1., 1., 1., 1.,
        1., 1., 1., 1., 1., 1., 1., 1., 1., 1., 1., 1., 1., 1., 1., 1., 1., 1.,
        1., 1., 1., 1., 1., 1., 1., 1., 1., 1., 1., 1., 1., 1., 1., 1., 1., 1.,
        1., 1., 1., 1., 1., 1., 1., 1., 1., 1., 1., 1., 1.], device='cuda:0')
tensor([1., 1., 1., 1., 1., 1., 1., 1., 1., 1., 1., 1., 1., 1., 1., 1., 1., 1.,
        1., 1., 1., 1., 1., 1., 1., 1., 1., 1., 1., 1., 1., 1., 1., 1., 1., 1.,
        1., 1., 1., 1., 1., 1., 1., 1., 1., 1., 1., 1., 1., 1., 1., 1., 1., 1.,
        1., 1., 1., 1., 1., 1., 1., 1., 1., 1., 1., 1., 1., 1., 1., 1., 1., 1.,
        1., 1., 1., 1., 1., 1., 1., 1., 1., 1., 1., 1., 1., 1., 1., 1., 1., 1.,
        1., 1., 1., 1., 1., 1., 1., 1., 1., 1., 1., 1., 1., 1., 1., 1., 1., 1.,
        1., 1., 1., 1., 1., 1., 1., 1., 1., 1., 1., 1., 1., 1., 1., 1., 1., 1.,
        1., 1., 1., 1., 1., 1., 1., 1., 1., 1., 1., 1., 1., 1., 1., 1., 1., 1.,
        1., 1., 1., 1., 1., 1., 1., 1., 1., 1., 1., 1., 1., 1., 1., 1., 1., 1.,
        1., 1., 1., 1., 1., 1., 1., 1., 1., 1., 1., 1., 1.], device='cuda:0')
Solution is a valid permutation matrix.
0 0
[  1   2   3   4   5   6   7   8   9  10  11  12  13  14  15  16  17  18
  19  20  21  22  23  24  25  26  27  28  29  30  31  32  33  34  35  36
  37  38  39  40  41  42  43  44  45  46  47  48  49  50  51  52  53  54
  55  56  57  58  59  60  61  62  63  64  65  66  67  68  69  70  71  72
  73  74  75  76  77  78  79  80  81  82  83  84  85  86  87  88  89  90
  91  92  93  94  95  96  97  98  99 100 101 102 103 104 105 106 107 108
 109 110 111 112 113 114 115 116 117 118 119 120 121 122 123 124 125 126
 127 128 129 130 131 132 133 134 135 136 137 138 139 140 141 142 143 144
 145 146 147 148 149 150 151 152 153 154 155 156 157 158 159 160 161 162
 163 164 165 166 167 168 169 170 171 172 173 174 175]
5000
Starting Optimization [N=175, Batch=5000, Device=cuda]
Iter 100: Best Obj 173124.0000, Loss 289397.9688, Term1 435499.5312, Term2 -146101.5625
Iter 200: Best Obj 156856.0000, Loss 147340.9531, Term1 296401.0312, Term2 -149060.0781
Iter 300: Best Obj 141556.0000, Loss 100218.4688, Term1 253511.6875, Term2 -153293.2188
Iter 400: Best Obj 115304.0000, Loss 77586.2031, Term1 230682.0000, Term2 -153095.7969
Iter 500: Best Obj 89622.0000, Loss 58382.2188, Term1 199281.2656, Term2 -140899.0469
Iter 600: Best Obj 70080.0000, Loss 35689.8672, Term1 152331.3281, Term2 -116641.4609
Iter 700: Best Obj 60048.0000, Loss 20701.7031, Term1 116328.4375, Term2 -95626.7344
Iter 800: Best Obj 57876.0000, Loss 14080.7500, Term1 93696.3516, Term2 -79615.6016
Iter 900: Best Obj 57044.0000, Loss 12185.0078, Term1 84366.1875, Term2 -72181.1797
Iter 1000: Best Obj 57044.0000, Loss 11630.5781, Term1 81895.9922, Term2 -70265.4141
Total Time: 329.36s, FPS: 3.0
tensor([1., 1., 1., 1., 1., 1., 1., 1., 1., 1., 1., 1., 1., 1., 1., 1., 1., 1.,
        1., 1., 1., 1., 1., 1., 1., 1., 1., 1., 1., 1., 1., 1., 1., 1., 1., 1.,
        1., 1., 1., 1., 1., 1., 1., 1., 1., 1., 1., 1., 1., 1., 1., 1., 1., 1.,
        1., 1., 1., 1., 1., 1., 1., 1., 1., 1., 1., 1., 1., 1., 1., 1., 1., 1.,
        1., 1., 1., 1., 1., 1., 1., 1., 1., 1., 1., 1., 1., 1., 1., 1., 1., 1.,
        1., 1., 1., 1., 1., 1., 1., 1., 1., 1., 1., 1., 1., 1., 1., 1., 1., 1.,
        1., 1., 1., 1., 1., 1., 1., 1., 1., 1., 1., 1., 1., 1., 1., 1., 1., 1.,
        1., 1., 1., 1., 1., 1., 1., 1., 1., 1., 1., 1., 1., 1., 1., 1., 1., 1.,
        1., 1., 1., 1., 1., 1., 1., 1., 1., 1., 1., 1., 1., 1., 1., 1., 1., 1.,
        1., 1., 1., 1., 1., 1., 1., 1., 1., 1., 1., 1., 1.], device='cuda:0')
tensor([1., 1., 1., 1., 1., 1., 1., 1., 1., 1., 1., 1., 1., 1., 1., 1., 1., 1.,
        1., 1., 1., 1., 1., 1., 1., 1., 1., 1., 1., 1., 1., 1., 1., 1., 1., 1.,
        1., 1., 1., 1., 1., 1., 1., 1., 1., 1., 1., 1., 1., 1., 1., 1., 1., 1.,
        1., 1., 1., 1., 1., 1., 1., 1., 1., 1., 1., 1., 1., 1., 1., 1., 1., 1.,
        1., 1., 1., 1., 1., 1., 1., 1., 1., 1., 1., 1., 1., 1., 1., 1., 1., 1.,
        1., 1., 1., 1., 1., 1., 1., 1., 1., 1., 1., 1., 1., 1., 1., 1., 1., 1.,
        1., 1., 1., 1., 1., 1., 1., 1., 1., 1., 1., 1., 1., 1., 1., 1., 1., 1.,
        1., 1., 1., 1., 1., 1., 1., 1., 1., 1., 1., 1., 1., 1., 1., 1., 1., 1.,
        1., 1., 1., 1., 1., 1., 1., 1., 1., 1., 1., 1., 1., 1., 1., 1., 1., 1.,
        1., 1., 1., 1., 1., 1., 1., 1., 1., 1., 1., 1., 1.], device='cuda:0')
Solution is a valid permutation matrix.
0 0
[  1   2   3   4   5   6   7   8   9  10  11  12  13  14  15  16  17  18
  19  20  21  22  23  24  25  26  27  28  29  30  31  32  33  34  35  36
  37  38  39  40  41  42  43  44  45  46  47  48  49  50  51  52  53  54
  55  56  57  58  59  60  61  62  63  64  65  66  67  68  69  70  71  72
  73  74  75  76  77  78  79  80  81  82  83  84  85  86  87  88  89  90
  91  92  93  94  95  96  97  98  99 100 101 102 103 104 105 106 107 108
 109 110 111 112 113 114 115 116 117 118 119 120 121 122 123 124 125 126
 127 128 129 130 131 132 133 134 135 136 137 138 139 140 141 142 143 144
 145 146 147 148 149 150 151 152 153 154 155 156 157 158 159 160 161 162
 163 164 165 166 167 168 169 170 171 172 173 174 175]
5000
Starting Optimization [N=175, Batch=5000, Device=cuda]
Iter 100: Best Obj 174232.0000, Loss 251468.8594, Term1 434827.5938, Term2 -183358.7344
Iter 200: Best Obj 164060.0000, Loss 108058.8906, Term1 296008.5625, Term2 -187949.6719
Iter 300: Best Obj 140900.0000, Loss 59922.7344, Term1 253067.8125, Term2 -193145.0781
Iter 400: Best Obj 116458.0000, Loss 39585.7188, Term1 232700.4531, Term2 -193114.7344
Iter 500: Best Obj 97052.0000, Loss 26107.6094, Term1 211367.5156, Term2 -185259.9062
Iter 600: Best Obj 80296.0000, Loss 9038.2188, Term1 174414.0156, Term2 -165375.7969
Iter 700: Best Obj 69048.0000, Loss -4625.6719, Term1 141185.7969, Term2 -145811.4688
Iter 800: Best Obj 60830.0000, Loss -9779.3750, Term1 123537.1562, Term2 -133316.5312
Iter 900: Best Obj 59828.0000, Loss -11182.9297, Term1 114546.0781, Term2 -125729.0078
Iter 1000: Best Obj 58498.0000, Loss -11561.9219, Term1 110611.7266, Term2 -122173.6484
Total Time: 329.27s, FPS: 3.0
tensor([1., 1., 1., 1., 1., 1., 1., 1., 1., 1., 1., 1., 1., 1., 1., 1., 1., 1.,
        1., 1., 1., 1., 1., 1., 1., 1., 1., 1., 1., 1., 1., 1., 1., 1., 1., 1.,
        1., 1., 1., 1., 1., 1., 1., 1., 1., 1., 1., 1., 1., 1., 1., 1., 1., 1.,
        1., 1., 1., 1., 1., 1., 1., 1., 1., 1., 1., 1., 1., 1., 1., 1., 1., 1.,
        1., 1., 1., 1., 1., 1., 1., 1., 1., 1., 1., 1., 1., 1., 1., 1., 1., 1.,
        1., 1., 1., 1., 1., 1., 1., 1., 1., 1., 1., 1., 1., 1., 1., 1., 1., 1.,
        1., 1., 1., 1., 1., 1., 1., 1., 1., 1., 1., 1., 1., 1., 1., 1., 1., 1.,
        1., 1., 1., 1., 1., 1., 1., 1., 1., 1., 1., 1., 1., 1., 1., 1., 1., 1.,
        1., 1., 1., 1., 1., 1., 1., 1., 1., 1., 1., 1., 1., 1., 1., 1., 1., 1.,
        1., 1., 1., 1., 1., 1., 1., 1., 1., 1., 1., 1., 1.], device='cuda:0')
tensor([1., 1., 1., 1., 1., 1., 1., 1., 1., 1., 1., 1., 1., 1., 1., 1., 1., 1.,
        1., 1., 1., 1., 1., 1., 1., 1., 1., 1., 1., 1., 1., 1., 1., 1., 1., 1.,
        1., 1., 1., 1., 1., 1., 1., 1., 1., 1., 1., 1., 1., 1., 1., 1., 1., 1.,
        1., 1., 1., 1., 1., 1., 1., 1., 1., 1., 1., 1., 1., 1., 1., 1., 1., 1.,
        1., 1., 1., 1., 1., 1., 1., 1., 1., 1., 1., 1., 1., 1., 1., 1., 1., 1.,
        1., 1., 1., 1., 1., 1., 1., 1., 1., 1., 1., 1., 1., 1., 1., 1., 1., 1.,
        1., 1., 1., 1., 1., 1., 1., 1., 1., 1., 1., 1., 1., 1., 1., 1., 1., 1.,
        1., 1., 1., 1., 1., 1., 1., 1., 1., 1., 1., 1., 1., 1., 1., 1., 1., 1.,
        1., 1., 1., 1., 1., 1., 1., 1., 1., 1., 1., 1., 1., 1., 1., 1., 1., 1.,
        1., 1., 1., 1., 1., 1., 1., 1., 1., 1., 1., 1., 1.], device='cuda:0')
Solution is a valid permutation matrix.
0 0
[  1   2   3   4   5   6   7   8   9  10  11  12  13  14  15  16  17  18
  19  20  21  22  23  24  25  26  27  28  29  30  31  32  33  34  35  36
  37  38  39  40  41  42  43  44  45  46  47  48  49  50  51  52  53  54
  55  56  57  58  59  60  61  62  63  64  65  66  67  68  69  70  71  72
  73  74  75  76  77  78  79  80  81  82  83  84  85  86  87  88  89  90
  91  92  93  94  95  96  97  98  99 100 101 102 103 104 105 106 107 108
 109 110 111 112 113 114 115 116 117 118 119 120 121 122 123 124 125 126
 127 128 129 130 131 132 133 134 135 136 137 138 139 140 141 142 143 144
 145 146 147 148 149 150 151 152 153 154 155 156 157 158 159 160 161 162
 163 164 165 166 167 168 169 170 171 172 173 174 175]
5000
Starting Optimization [N=175, Batch=5000, Device=cuda]
Iter 100: Best Obj 174338.0000, Loss 215060.1094, Term1 435907.8125, Term2 -220847.7031
Iter 200: Best Obj 162318.0000, Loss 69591.8594, Term1 296791.8125, Term2 -227199.9531
Iter 300: Best Obj 139506.0000, Loss 19881.6406, Term1 252792.3906, Term2 -232910.7500
Iter 400: Best Obj 124056.0000, Loss 1200.5469, Term1 234182.5938, Term2 -232982.0469
Iter 500: Best Obj 105474.0000, Loss -8876.1406, Term1 219683.3906, Term2 -228559.5312
Iter 600: Best Obj 93372.0000, Loss -20736.4219, Term1 193337.9531, Term2 -214074.3750
Iter 700: Best Obj 81728.0000, Loss -32827.9531, Term1 160594.7188, Term2 -193422.6719
Iter 800: Best Obj 77410.0000, Loss -38193.2500, Term1 140559.0156, Term2 -178752.2656
Iter 900: Best Obj 75744.0000, Loss -39323.4688, Term1 133684.7031, Term2 -173008.1719
Iter 1000: Best Obj 75320.0000, Loss -39559.2031, Term1 132003.0000, Term2 -171562.2031
Total Time: 329.67s, FPS: 3.0
tensor([1., 1., 1., 1., 1., 1., 1., 1., 1., 1., 1., 1., 1., 1., 1., 1., 1., 1.,
        1., 1., 1., 1., 1., 1., 1., 1., 1., 1., 1., 1., 1., 1., 1., 1., 1., 1.,
        1., 1., 1., 1., 1., 1., 1., 1., 1., 1., 1., 1., 1., 1., 1., 1., 1., 1.,
        1., 1., 1., 1., 1., 1., 1., 1., 1., 1., 1., 1., 1., 1., 1., 1., 1., 1.,
        1., 1., 1., 1., 1., 1., 1., 1., 1., 1., 1., 1., 1., 1., 1., 1., 1., 1.,
        1., 1., 1., 1., 1., 1., 1., 1., 1., 1., 1., 1., 1., 1., 1., 1., 1., 1.,
        1., 1., 1., 1., 1., 1., 1., 1., 1., 1., 1., 1., 1., 1., 1., 1., 1., 1.,
        1., 1., 1., 1., 1., 1., 1., 1., 1., 1., 1., 1., 1., 1., 1., 1., 1., 1.,
        1., 1., 1., 1., 1., 1., 1., 1., 1., 1., 1., 1., 1., 1., 1., 1., 1., 1.,
        1., 1., 1., 1., 1., 1., 1., 1., 1., 1., 1., 1., 1.], device='cuda:0')
tensor([1., 1., 1., 1., 1., 1., 1., 1., 1., 1., 1., 1., 1., 1., 1., 1., 1., 1.,
        1., 1., 1., 1., 1., 1., 1., 1., 1., 1., 1., 1., 1., 1., 1., 1., 1., 1.,
        1., 1., 1., 1., 1., 1., 1., 1., 1., 1., 1., 1., 1., 1., 1., 1., 1., 1.,
        1., 1., 1., 1., 1., 1., 1., 1., 1., 1., 1., 1., 1., 1., 1., 1., 1., 1.,
        1., 1., 1., 1., 1., 1., 1., 1., 1., 1., 1., 1., 1., 1., 1., 1., 1., 1.,
        1., 1., 1., 1., 1., 1., 1., 1., 1., 1., 1., 1., 1., 1., 1., 1., 1., 1.,
        1., 1., 1., 1., 1., 1., 1., 1., 1., 1., 1., 1., 1., 1., 1., 1., 1., 1.,
        1., 1., 1., 1., 1., 1., 1., 1., 1., 1., 1., 1., 1., 1., 1., 1., 1., 1.,
        1., 1., 1., 1., 1., 1., 1., 1., 1., 1., 1., 1., 1., 1., 1., 1., 1., 1.,
        1., 1., 1., 1., 1., 1., 1., 1., 1., 1., 1., 1., 1.], device='cuda:0')
Solution is a valid permutation matrix.
/home/xjx/miniconda3/envs/scopf/lib/python3.10/site-packages/torch/_inductor/compile_fx.py:312: UserWarning: TensorFloat32 tensor cores for float32 matrix multiplication available but not enabled. Consider setting `torch.set_float32_matmul_precision('high')` for better performance.
  warnings.warn(
0 0
[  1   2   3   4   5   6   7   8   9  10  11  12  13  14  15  16  17  18
  19  20  21  22  23  24  25  26  27  28  29  30  31  32  33  34  35  36
  37  38  39  40  41  42  43  44  45  46  47  48  49  50  51  52  53  54
  55  56  57  58  59  60  61  62  63  64  65  66  67  68  69  70  71  72
  73  74  75  76  77  78  79  80  81  82  83  84  85  86  87  88  89  90
  91  92  93  94  95  96  97  98  99 100 101 102 103 104 105 106 107 108
 109 110 111 112 113 114 115 116 117 118 119 120 121 122 123 124 125 126
 127 128 129 130 131 132 133 134 135 136 137 138 139 140 141 142 143 144
 145 146 147 148 149 150 151 152 153 154 155 156 157 158 159 160 161 162
 163 164 165 166 167 168 169 170 171 172 173 174 175 176 177 178 179 180
 181 182 183 184 185 186 187 188 189 190 191 192 193 194 195 196 197 198
 199 200 201 202 203 204 205 206 207 208 209 210 211 212 213 214 215 216
 217 218 219 220 221 222 223 224 225 226 227 228 229 230 231 232 233 234
 235 236 237 238 239 240 241 242 243 244 245 246 247 248 249 250 251 252
 253 254 255 256 257 258 259 260 261 262 263 264 265 266 267 268 269 270
 271 272 273 274 275 276 277 278 279 280 281 282 283 284 285 286 287 288
 289 290 291 292 293 294 295 296 297 298 299 300 301 302 303 304 305 306
 307 308 309 310 311 312 313 314 315 316 317 318 319 320 321 322 323 324
 325 326 327 328 329 330 331 332 333 334 335 336 337 338 339 340 341 342
 343]
1000
Starting Optimization [N=343, Batch=1000, Device=cuda]
Iter 100: Best Obj 343588.0000, Loss 806423.5000, Term1 890521.2500, Term2 -84097.7812
Iter 200: Best Obj 343588.0000, Loss 495480.5938, Term1 579353.5000, Term2 -83872.8984
Iter 300: Best Obj 338940.0000, Loss 399141.9375, Term1 483275.9062, Term2 -84133.9844
Iter 400: Best Obj 328958.0000, Loss 354958.8750, Term1 439746.0625, Term2 -84787.1953
Iter 500: Best Obj 303954.0000, Loss 329136.0625, Term1 414370.3125, Term2 -85234.2578
Iter 600: Best Obj 233234.0000, Loss 297488.0000, Term1 374314.2500, Term2 -76826.2578
Iter 700: Best Obj 185986.0000, Loss 235725.7188, Term1 288074.4375, Term2 -52348.7148
Iter 800: Best Obj 162030.0000, Loss 177793.8906, Term1 208699.5938, Term2 -30905.7051
Iter 900: Best Obj 155172.0000, Loss 154928.2500, Term1 178115.8125, Term2 -23187.5684
Iter 1000: Best Obj 153608.0000, Loss 148354.7500, Term1 169997.9531, Term2 -21643.2012
Iter 1100: Best Obj 153558.0000, Loss 144946.8594, Term1 165981.6250, Term2 -21034.7617
Iter 1200: Best Obj 153558.0000, Loss 142735.0312, Term1 163379.5000, Term2 -20644.4727
Total Time: 445.05s, FPS: 2.7
tensor([1., 1., 1., 1., 1., 1., 1., 1., 1., 1., 1., 1., 1., 1., 1., 1., 1., 1.,
        1., 1., 1., 1., 1., 1., 1., 1., 1., 1., 1., 1., 1., 1., 1., 1., 1., 1.,
        1., 1., 1., 1., 1., 1., 1., 1., 1., 1., 1., 1., 1., 1., 1., 1., 1., 1.,
        1., 1., 1., 1., 1., 1., 1., 1., 1., 1., 1., 1., 1., 1., 1., 1., 1., 1.,
        1., 1., 1., 1., 1., 1., 1., 1., 1., 1., 1., 1., 1., 1., 1., 1., 1., 1.,
        1., 1., 1., 1., 1., 1., 1., 1., 1., 1., 1., 1., 1., 1., 1., 1., 1., 1.,
        1., 1., 1., 1., 1., 1., 1., 1., 1., 1., 1., 1., 1., 1., 1., 1., 1., 1.,
        1., 1., 1., 1., 1., 1., 1., 1., 1., 1., 1., 1., 1., 1., 1., 1., 1., 1.,
        1., 1., 1., 1., 1., 1., 1., 1., 1., 1., 1., 1., 1., 1., 1., 1., 1., 1.,
        1., 1., 1., 1., 1., 1., 1., 1., 1., 1., 1., 1., 1., 1., 1., 1., 1., 1.,
        1., 1., 1., 1., 1., 1., 1., 1., 1., 1., 1., 1., 1., 1., 1., 1., 1., 1.,
        1., 1., 1., 1., 1., 1., 1., 1., 1., 1., 1., 1., 1., 1., 1., 1., 1., 1.,
        1., 1., 1., 1., 1., 1., 1., 1., 1., 1., 1., 1., 1., 1., 1., 1., 1., 1.,
        1., 1., 1., 1., 1., 1., 1., 1., 1., 1., 1., 1., 1., 1., 1., 1., 1., 1.,
        1., 1., 1., 1., 1., 1., 1., 1., 1., 1., 1., 1., 1., 1., 1., 1., 1., 1.,
        1., 1., 1., 1., 1., 1., 1., 1., 1., 1., 1., 1., 1., 1., 1., 1., 1., 1.,
        1., 1., 1., 1., 1., 1., 1., 1., 1., 1., 1., 1., 1., 1., 1., 1., 1., 1.,
        1., 1., 1., 1., 1., 1., 1., 1., 1., 1., 1., 1., 1., 1., 1., 1., 1., 1.,
        1., 1., 1., 1., 1., 1., 1., 1., 1., 1., 1., 1., 1., 1., 1., 1., 1., 1.,
        1.], device='cuda:0')
tensor([1., 1., 1., 1., 1., 1., 1., 1., 1., 1., 1., 1., 1., 1., 1., 1., 1., 1.,
        1., 1., 1., 1., 1., 1., 1., 1., 1., 1., 1., 1., 1., 1., 1., 1., 1., 1.,
        1., 1., 1., 1., 1., 1., 1., 1., 1., 1., 1., 1., 1., 1., 1., 1., 1., 1.,
        1., 1., 1., 1., 1., 1., 1., 1., 1., 1., 1., 1., 1., 1., 1., 1., 1., 1.,
        1., 1., 1., 1., 1., 1., 1., 1., 1., 1., 1., 1., 1., 1., 1., 1., 1., 1.,
        1., 1., 1., 1., 1., 1., 1., 1., 1., 1., 1., 1., 1., 1., 1., 1., 1., 1.,
        1., 1., 1., 1., 1., 1., 1., 1., 1., 1., 1., 1., 1., 1., 1., 1., 1., 1.,
        1., 1., 1., 1., 1., 1., 1., 1., 1., 1., 1., 1., 1., 1., 1., 1., 1., 1.,
        1., 1., 1., 1., 1., 1., 1., 1., 1., 1., 1., 1., 1., 1., 1., 1., 1., 1.,
        1., 1., 1., 1., 1., 1., 1., 1., 1., 1., 1., 1., 1., 1., 1., 1., 1., 1.,
        1., 1., 1., 1., 1., 1., 1., 1., 1., 1., 1., 1., 1., 1., 1., 1., 1., 1.,
        1., 1., 1., 1., 1., 1., 1., 1., 1., 1., 1., 1., 1., 1., 1., 1., 1., 1.,
        1., 1., 1., 1., 1., 1., 1., 1., 1., 1., 1., 1., 1., 1., 1., 1., 1., 1.,
        1., 1., 1., 1., 1., 1., 1., 1., 1., 1., 1., 1., 1., 1., 1., 1., 1., 1.,
        1., 1., 1., 1., 1., 1., 1., 1., 1., 1., 1., 1., 1., 1., 1., 1., 1., 1.,
        1., 1., 1., 1., 1., 1., 1., 1., 1., 1., 1., 1., 1., 1., 1., 1., 1., 1.,
        1., 1., 1., 1., 1., 1., 1., 1., 1., 1., 1., 1., 1., 1., 1., 1., 1., 1.,
        1., 1., 1., 1., 1., 1., 1., 1., 1., 1., 1., 1., 1., 1., 1., 1., 1., 1.,
        1., 1., 1., 1., 1., 1., 1., 1., 1., 1., 1., 1., 1., 1., 1., 1., 1., 1.,
        1.], device='cuda:0')
Solution is a valid permutation matrix.
0 0
[  1   2   3   4   5   6   7   8   9  10  11  12  13  14  15  16  17  18
  19  20  21  22  23  24  25  26  27  28  29  30  31  32  33  34  35  36
  37  38  39  40  41  42  43  44  45  46  47  48  49  50  51  52  53  54
  55  56  57  58  59  60  61  62  63  64  65  66  67  68  69  70  71  72
  73  74  75  76  77  78  79  80  81  82  83  84  85  86  87  88  89  90
  91  92  93  94  95  96  97  98  99 100 101 102 103 104 105 106 107 108
 109 110 111 112 113 114 115 116 117 118 119 120 121 122 123 124 125 126
 127 128 129 130 131 132 133 134 135 136 137 138 139 140 141 142 143 144
 145 146 147 148 149 150 151 152 153 154 155 156 157 158 159 160 161 162
 163 164 165 166 167 168 169 170 171 172 173 174 175 176 177 178 179 180
 181 182 183 184 185 186 187 188 189 190 191 192 193 194 195 196 197 198
 199 200 201 202 203 204 205 206 207 208 209 210 211 212 213 214 215 216
 217 218 219 220 221 222 223 224 225 226 227 228 229 230 231 232 233 234
 235 236 237 238 239 240 241 242 243 244 245 246 247 248 249 250 251 252
 253 254 255 256 257 258 259 260 261 262 263 264 265 266 267 268 269 270
 271 272 273 274 275 276 277 278 279 280 281 282 283 284 285 286 287 288
 289 290 291 292 293 294 295 296 297 298 299 300 301 302 303 304 305 306
 307 308 309 310 311 312 313 314 315 316 317 318 319 320 321 322 323 324
 325 326 327 328 329 330 331 332 333 334 335 336 337 338 339 340 341 342
 343]
1000
Starting Optimization [N=343, Batch=1000, Device=cuda]
Iter 100: Best Obj 344036.0000, Loss 764235.3750, Term1 890629.1875, Term2 -126393.7812
Iter 200: Best Obj 344036.0000, Loss 452996.3438, Term1 579346.0625, Term2 -126349.7188
Iter 300: Best Obj 333618.0000, Loss 355901.3125, Term1 483103.2500, Term2 -127201.9453
Iter 400: Best Obj 327882.0000, Loss 310511.4375, Term1 439278.5625, Term2 -128767.1094
Iter 500: Best Obj 309750.0000, Loss 284553.5000, Term1 414048.6562, Term2 -129495.1719
Iter 600: Best Obj 230908.0000, Loss 260086.0156, Term1 379265.5000, Term2 -119179.4844
Iter 700: Best Obj 174486.0000, Loss 215012.7969, Term1 303346.3438, Term2 -88333.5469
Iter 800: Best Obj 159260.0000, Loss 163822.3125, Term1 220155.1406, Term2 -56332.8242
Iter 900: Best Obj 149648.0000, Loss 136929.8906, Term1 176749.7031, Term2 -39819.8164
Iter 1000: Best Obj 149178.0000, Loss 130312.1250, Term1 166827.9375, Term2 -36515.8164
Iter 1100: Best Obj 149178.0000, Loss 127717.5625, Term1 163154.8281, Term2 -35437.2656
Iter 1200: Best Obj 149178.0000, Loss 126105.9531, Term1 160845.1562, Term2 -34739.2031
Total Time: 426.93s, FPS: 2.8
tensor([1., 1., 1., 1., 1., 1., 1., 1., 1., 1., 1., 1., 1., 1., 1., 1., 1., 1.,
        1., 1., 1., 1., 1., 1., 1., 1., 1., 1., 1., 1., 1., 1., 1., 1., 1., 1.,
        1., 1., 1., 1., 1., 1., 1., 1., 1., 1., 1., 1., 1., 1., 1., 1., 1., 1.,
        1., 1., 1., 1., 1., 1., 1., 1., 1., 1., 1., 1., 1., 1., 1., 1., 1., 1.,
        1., 1., 1., 1., 1., 1., 1., 1., 1., 1., 1., 1., 1., 1., 1., 1., 1., 1.,
        1., 1., 1., 1., 1., 1., 1., 1., 1., 1., 1., 1., 1., 1., 1., 1., 1., 1.,
        1., 1., 1., 1., 1., 1., 1., 1., 1., 1., 1., 1., 1., 1., 1., 1., 1., 1.,
        1., 1., 1., 1., 1., 1., 1., 1., 1., 1., 1., 1., 1., 1., 1., 1., 1., 1.,
        1., 1., 1., 1., 1., 1., 1., 1., 1., 1., 1., 1., 1., 1., 1., 1., 1., 1.,
        1., 1., 1., 1., 1., 1., 1., 1., 1., 1., 1., 1., 1., 1., 1., 1., 1., 1.,
        1., 1., 1., 1., 1., 1., 1., 1., 1., 1., 1., 1., 1., 1., 1., 1., 1., 1.,
        1., 1., 1., 1., 1., 1., 1., 1., 1., 1., 1., 1., 1., 1., 1., 1., 1., 1.,
        1., 1., 1., 1., 1., 1., 1., 1., 1., 1., 1., 1., 1., 1., 1., 1., 1., 1.,
        1., 1., 1., 1., 1., 1., 1., 1., 1., 1., 1., 1., 1., 1., 1., 1., 1., 1.,
        1., 1., 1., 1., 1., 1., 1., 1., 1., 1., 1., 1., 1., 1., 1., 1., 1., 1.,
        1., 1., 1., 1., 1., 1., 1., 1., 1., 1., 1., 1., 1., 1., 1., 1., 1., 1.,
        1., 1., 1., 1., 1., 1., 1., 1., 1., 1., 1., 1., 1., 1., 1., 1., 1., 1.,
        1., 1., 1., 1., 1., 1., 1., 1., 1., 1., 1., 1., 1., 1., 1., 1., 1., 1.,
        1., 1., 1., 1., 1., 1., 1., 1., 1., 1., 1., 1., 1., 1., 1., 1., 1., 1.,
        1.], device='cuda:0')
tensor([1., 1., 1., 1., 1., 1., 1., 1., 1., 1., 1., 1., 1., 1., 1., 1., 1., 1.,
        1., 1., 1., 1., 1., 1., 1., 1., 1., 1., 1., 1., 1., 1., 1., 1., 1., 1.,
        1., 1., 1., 1., 1., 1., 1., 1., 1., 1., 1., 1., 1., 1., 1., 1., 1., 1.,
        1., 1., 1., 1., 1., 1., 1., 1., 1., 1., 1., 1., 1., 1., 1., 1., 1., 1.,
        1., 1., 1., 1., 1., 1., 1., 1., 1., 1., 1., 1., 1., 1., 1., 1., 1., 1.,
        1., 1., 1., 1., 1., 1., 1., 1., 1., 1., 1., 1., 1., 1., 1., 1., 1., 1.,
        1., 1., 1., 1., 1., 1., 1., 1., 1., 1., 1., 1., 1., 1., 1., 1., 1., 1.,
        1., 1., 1., 1., 1., 1., 1., 1., 1., 1., 1., 1., 1., 1., 1., 1., 1., 1.,
        1., 1., 1., 1., 1., 1., 1., 1., 1., 1., 1., 1., 1., 1., 1., 1., 1., 1.,
        1., 1., 1., 1., 1., 1., 1., 1., 1., 1., 1., 1., 1., 1., 1., 1., 1., 1.,
        1., 1., 1., 1., 1., 1., 1., 1., 1., 1., 1., 1., 1., 1., 1., 1., 1., 1.,
        1., 1., 1., 1., 1., 1., 1., 1., 1., 1., 1., 1., 1., 1., 1., 1., 1., 1.,
        1., 1., 1., 1., 1., 1., 1., 1., 1., 1., 1., 1., 1., 1., 1., 1., 1., 1.,
        1., 1., 1., 1., 1., 1., 1., 1., 1., 1., 1., 1., 1., 1., 1., 1., 1., 1.,
        1., 1., 1., 1., 1., 1., 1., 1., 1., 1., 1., 1., 1., 1., 1., 1., 1., 1.,
        1., 1., 1., 1., 1., 1., 1., 1., 1., 1., 1., 1., 1., 1., 1., 1., 1., 1.,
        1., 1., 1., 1., 1., 1., 1., 1., 1., 1., 1., 1., 1., 1., 1., 1., 1., 1.,
        1., 1., 1., 1., 1., 1., 1., 1., 1., 1., 1., 1., 1., 1., 1., 1., 1., 1.,
        1., 1., 1., 1., 1., 1., 1., 1., 1., 1., 1., 1., 1., 1., 1., 1., 1., 1.,
        1.], device='cuda:0')
Solution is a valid permutation matrix.
0 0
[  1   2   3   4   5   6   7   8   9  10  11  12  13  14  15  16  17  18
  19  20  21  22  23  24  25  26  27  28  29  30  31  32  33  34  35  36
  37  38  39  40  41  42  43  44  45  46  47  48  49  50  51  52  53  54
  55  56  57  58  59  60  61  62  63  64  65  66  67  68  69  70  71  72
  73  74  75  76  77  78  79  80  81  82  83  84  85  86  87  88  89  90
  91  92  93  94  95  96  97  98  99 100 101 102 103 104 105 106 107 108
 109 110 111 112 113 114 115 116 117 118 119 120 121 122 123 124 125 126
 127 128 129 130 131 132 133 134 135 136 137 138 139 140 141 142 143 144
 145 146 147 148 149 150 151 152 153 154 155 156 157 158 159 160 161 162
 163 164 165 166 167 168 169 170 171 172 173 174 175 176 177 178 179 180
 181 182 183 184 185 186 187 188 189 190 191 192 193 194 195 196 197 198
 199 200 201 202 203 204 205 206 207 208 209 210 211 212 213 214 215 216
 217 218 219 220 221 222 223 224 225 226 227 228 229 230 231 232 233 234
 235 236 237 238 239 240 241 242 243 244 245 246 247 248 249 250 251 252
 253 254 255 256 257 258 259 260 261 262 263 264 265 266 267 268 269 270
 271 272 273 274 275 276 277 278 279 280 281 282 283 284 285 286 287 288
 289 290 291 292 293 294 295 296 297 298 299 300 301 302 303 304 305 306
 307 308 309 310 311 312 313 314 315 316 317 318 319 320 321 322 323 324
 325 326 327 328 329 330 331 332 333 334 335 336 337 338 339 340 341 342
 343]
1000
Starting Optimization [N=343, Batch=1000, Device=cuda]
Iter 100: Best Obj 344282.0000, Loss 721950.8125, Term1 890745.6875, Term2 -168794.8906
Iter 200: Best Obj 344248.0000, Loss 410237.8750, Term1 579307.1875, Term2 -169069.2969
Iter 300: Best Obj 340186.0000, Loss 312105.4688, Term1 482825.0625, Term2 -170719.5938
Iter 400: Best Obj 333044.0000, Loss 265439.6250, Term1 438647.0000, Term2 -173207.3906
Iter 500: Best Obj 314274.0000, Loss 240255.6250, Term1 414240.3750, Term2 -173984.7500
Iter 600: Best Obj 237212.0000, Loss 223136.8906, Term1 390226.8438, Term2 -167089.9531
Iter 700: Best Obj 173512.0000, Loss 192698.9531, Term1 328916.6875, Term2 -136217.7344
Iter 800: Best Obj 157702.0000, Loss 149329.1250, Term1 243077.6719, Term2 -93748.5391
Iter 900: Best Obj 153322.0000, Loss 120897.5625, Term1 185384.6094, Term2 -64487.0508
Iter 1000: Best Obj 149894.0000, Loss 112665.4922, Term1 167244.9375, Term2 -54579.4453
Iter 1100: Best Obj 148606.0000, Loss 110787.3906, Term1 163089.1094, Term2 -52301.7227
Iter 1200: Best Obj 148606.0000, Loss 109783.8281, Term1 160850.2188, Term2 -51066.3945
Total Time: 426.78s, FPS: 2.8
tensor([1., 1., 1., 1., 1., 1., 1., 1., 1., 1., 1., 1., 1., 1., 1., 1., 1., 1.,
        1., 1., 1., 1., 1., 1., 1., 1., 1., 1., 1., 1., 1., 1., 1., 1., 1., 1.,
        1., 1., 1., 1., 1., 1., 1., 1., 1., 1., 1., 1., 1., 1., 1., 1., 1., 1.,
        1., 1., 1., 1., 1., 1., 1., 1., 1., 1., 1., 1., 1., 1., 1., 1., 1., 1.,
        1., 1., 1., 1., 1., 1., 1., 1., 1., 1., 1., 1., 1., 1., 1., 1., 1., 1.,
        1., 1., 1., 1., 1., 1., 1., 1., 1., 1., 1., 1., 1., 1., 1., 1., 1., 1.,
        1., 1., 1., 1., 1., 1., 1., 1., 1., 1., 1., 1., 1., 1., 1., 1., 1., 1.,
        1., 1., 1., 1., 1., 1., 1., 1., 1., 1., 1., 1., 1., 1., 1., 1., 1., 1.,
        1., 1., 1., 1., 1., 1., 1., 1., 1., 1., 1., 1., 1., 1., 1., 1., 1., 1.,
        1., 1., 1., 1., 1., 1., 1., 1., 1., 1., 1., 1., 1., 1., 1., 1., 1., 1.,
        1., 1., 1., 1., 1., 1., 1., 1., 1., 1., 1., 1., 1., 1., 1., 1., 1., 1.,
        1., 1., 1., 1., 1., 1., 1., 1., 1., 1., 1., 1., 1., 1., 1., 1., 1., 1.,
        1., 1., 1., 1., 1., 1., 1., 1., 1., 1., 1., 1., 1., 1., 1., 1., 1., 1.,
        1., 1., 1., 1., 1., 1., 1., 1., 1., 1., 1., 1., 1., 1., 1., 1., 1., 1.,
        1., 1., 1., 1., 1., 1., 1., 1., 1., 1., 1., 1., 1., 1., 1., 1., 1., 1.,
        1., 1., 1., 1., 1., 1., 1., 1., 1., 1., 1., 1., 1., 1., 1., 1., 1., 1.,
        1., 1., 1., 1., 1., 1., 1., 1., 1., 1., 1., 1., 1., 1., 1., 1., 1., 1.,
        1., 1., 1., 1., 1., 1., 1., 1., 1., 1., 1., 1., 1., 1., 1., 1., 1., 1.,
        1., 1., 1., 1., 1., 1., 1., 1., 1., 1., 1., 1., 1., 1., 1., 1., 1., 1.,
        1.], device='cuda:0')
tensor([1., 1., 1., 1., 1., 1., 1., 1., 1., 1., 1., 1., 1., 1., 1., 1., 1., 1.,
        1., 1., 1., 1., 1., 1., 1., 1., 1., 1., 1., 1., 1., 1., 1., 1., 1., 1.,
        1., 1., 1., 1., 1., 1., 1., 1., 1., 1., 1., 1., 1., 1., 1., 1., 1., 1.,
        1., 1., 1., 1., 1., 1., 1., 1., 1., 1., 1., 1., 1., 1., 1., 1., 1., 1.,
        1., 1., 1., 1., 1., 1., 1., 1., 1., 1., 1., 1., 1., 1., 1., 1., 1., 1.,
        1., 1., 1., 1., 1., 1., 1., 1., 1., 1., 1., 1., 1., 1., 1., 1., 1., 1.,
        1., 1., 1., 1., 1., 1., 1., 1., 1., 1., 1., 1., 1., 1., 1., 1., 1., 1.,
        1., 1., 1., 1., 1., 1., 1., 1., 1., 1., 1., 1., 1., 1., 1., 1., 1., 1.,
        1., 1., 1., 1., 1., 1., 1., 1., 1., 1., 1., 1., 1., 1., 1., 1., 1., 1.,
        1., 1., 1., 1., 1., 1., 1., 1., 1., 1., 1., 1., 1., 1., 1., 1., 1., 1.,
        1., 1., 1., 1., 1., 1., 1., 1., 1., 1., 1., 1., 1., 1., 1., 1., 1., 1.,
        1., 1., 1., 1., 1., 1., 1., 1., 1., 1., 1., 1., 1., 1., 1., 1., 1., 1.,
        1., 1., 1., 1., 1., 1., 1., 1., 1., 1., 1., 1., 1., 1., 1., 1., 1., 1.,
        1., 1., 1., 1., 1., 1., 1., 1., 1., 1., 1., 1., 1., 1., 1., 1., 1., 1.,
        1., 1., 1., 1., 1., 1., 1., 1., 1., 1., 1., 1., 1., 1., 1., 1., 1., 1.,
        1., 1., 1., 1., 1., 1., 1., 1., 1., 1., 1., 1., 1., 1., 1., 1., 1., 1.,
        1., 1., 1., 1., 1., 1., 1., 1., 1., 1., 1., 1., 1., 1., 1., 1., 1., 1.,
        1., 1., 1., 1., 1., 1., 1., 1., 1., 1., 1., 1., 1., 1., 1., 1., 1., 1.,
        1., 1., 1., 1., 1., 1., 1., 1., 1., 1., 1., 1., 1., 1., 1., 1., 1., 1.,
        1.], device='cuda:0')
Solution is a valid permutation matrix.
0 0
[  1   2   3   4   5   6   7   8   9  10  11  12  13  14  15  16  17  18
  19  20  21  22  23  24  25  26  27  28  29  30  31  32  33  34  35  36
  37  38  39  40  41  42  43  44  45  46  47  48  49  50  51  52  53  54
  55  56  57  58  59  60  61  62  63  64  65  66  67  68  69  70  71  72
  73  74  75  76  77  78  79  80  81  82  83  84  85  86  87  88  89  90
  91  92  93  94  95  96  97  98  99 100 101 102 103 104 105 106 107 108
 109 110 111 112 113 114 115 116 117 118 119 120 121 122 123 124 125 126
 127 128 129 130 131 132 133 134 135 136 137 138 139 140 141 142 143 144
 145 146 147 148 149 150 151 152 153 154 155 156 157 158 159 160 161 162
 163 164 165 166 167 168 169 170 171 172 173 174 175 176 177 178 179 180
 181 182 183 184 185 186 187 188 189 190 191 192 193 194 195 196 197 198
 199 200 201 202 203 204 205 206 207 208 209 210 211 212 213 214 215 216
 217 218 219 220 221 222 223 224 225 226 227 228 229 230 231 232 233 234
 235 236 237 238 239 240 241 242 243 244 245 246 247 248 249 250 251 252
 253 254 255 256 257 258 259 260 261 262 263 264 265 266 267 268 269 270
 271 272 273 274 275 276 277 278 279 280 281 282 283 284 285 286 287 288
 289 290 291 292 293 294 295 296 297 298 299 300 301 302 303 304 305 306
 307 308 309 310 311 312 313 314 315 316 317 318 319 320 321 322 323 324
 325 326 327 328 329 330 331 332 333 334 335 336 337 338 339 340 341 342
 343]
1000
Starting Optimization [N=343, Batch=1000, Device=cuda]
Iter 100: Best Obj 345002.0000, Loss 679572.3125, Term1 890865.4375, Term2 -211293.1250
Iter 200: Best Obj 344384.0000, Loss 367223.9688, Term1 579237.0625, Term2 -212013.0938
Iter 300: Best Obj 344384.0000, Loss 267842.7500, Term1 482454.5625, Term2 -214611.8281
Iter 400: Best Obj 338038.0000, Loss 220175.6562, Term1 437983.3125, Term2 -217807.6562
Iter 500: Best Obj 314992.0000, Loss 196106.1094, Term1 414587.6562, Term2 -218481.5469
Iter 600: Best Obj 246118.0000, Loss 183245.4219, Term1 398776.0938, Term2 -215530.6719
Iter 700: Best Obj 183726.0000, Loss 165571.8594, Term1 360609.6562, Term2 -195037.7969
Iter 800: Best Obj 159048.0000, Loss 134715.9219, Term1 285026.6875, Term2 -150310.7656
Iter 900: Best Obj 154320.0000, Loss 106311.0703, Term1 211802.1875, Term2 -105491.1172
Iter 1000: Best Obj 150052.0000, Loss 95075.8828, Term1 174382.4062, Term2 -79306.5234
Iter 1100: Best Obj 149920.0000, Loss 93326.0391, Term1 166952.7188, Term2 -73626.6797
Iter 1200: Best Obj 149920.0000, Loss 92829.4219, Term1 164745.4062, Term2 -71915.9844
Total Time: 427.31s, FPS: 2.8
tensor([1., 1., 1., 1., 1., 1., 1., 1., 1., 1., 1., 1., 1., 1., 1., 1., 1., 1.,
        1., 1., 1., 1., 1., 1., 1., 1., 1., 1., 1., 1., 1., 1., 1., 1., 1., 1.,
        1., 1., 1., 1., 1., 1., 1., 1., 1., 1., 1., 1., 1., 1., 1., 1., 1., 1.,
        1., 1., 1., 1., 1., 1., 1., 1., 1., 1., 1., 1., 1., 1., 1., 1., 1., 1.,
        1., 1., 1., 1., 1., 1., 1., 1., 1., 1., 1., 1., 1., 1., 1., 1., 1., 1.,
        1., 1., 1., 1., 1., 1., 1., 1., 1., 1., 1., 1., 1., 1., 1., 1., 1., 1.,
        1., 1., 1., 1., 1., 1., 1., 1., 1., 1., 1., 1., 1., 1., 1., 1., 1., 1.,
        1., 1., 1., 1., 1., 1., 1., 1., 1., 1., 1., 1., 1., 1., 1., 1., 1., 1.,
        1., 1., 1., 1., 1., 1., 1., 1., 1., 1., 1., 1., 1., 1., 1., 1., 1., 1.,
        1., 1., 1., 1., 1., 1., 1., 1., 1., 1., 1., 1., 1., 1., 1., 1., 1., 1.,
        1., 1., 1., 1., 1., 1., 1., 1., 1., 1., 1., 1., 1., 1., 1., 1., 1., 1.,
        1., 1., 1., 1., 1., 1., 1., 1., 1., 1., 1., 1., 1., 1., 1., 1., 1., 1.,
        1., 1., 1., 1., 1., 1., 1., 1., 1., 1., 1., 1., 1., 1., 1., 1., 1., 1.,
        1., 1., 1., 1., 1., 1., 1., 1., 1., 1., 1., 1., 1., 1., 1., 1., 1., 1.,
        1., 1., 1., 1., 1., 1., 1., 1., 1., 1., 1., 1., 1., 1., 1., 1., 1., 1.,
        1., 1., 1., 1., 1., 1., 1., 1., 1., 1., 1., 1., 1., 1., 1., 1., 1., 1.,
        1., 1., 1., 1., 1., 1., 1., 1., 1., 1., 1., 1., 1., 1., 1., 1., 1., 1.,
        1., 1., 1., 1., 1., 1., 1., 1., 1., 1., 1., 1., 1., 1., 1., 1., 1., 1.,
        1., 1., 1., 1., 1., 1., 1., 1., 1., 1., 1., 1., 1., 1., 1., 1., 1., 1.,
        1.], device='cuda:0')
tensor([1., 1., 1., 1., 1., 1., 1., 1., 1., 1., 1., 1., 1., 1., 1., 1., 1., 1.,
        1., 1., 1., 1., 1., 1., 1., 1., 1., 1., 1., 1., 1., 1., 1., 1., 1., 1.,
        1., 1., 1., 1., 1., 1., 1., 1., 1., 1., 1., 1., 1., 1., 1., 1., 1., 1.,
        1., 1., 1., 1., 1., 1., 1., 1., 1., 1., 1., 1., 1., 1., 1., 1., 1., 1.,
        1., 1., 1., 1., 1., 1., 1., 1., 1., 1., 1., 1., 1., 1., 1., 1., 1., 1.,
        1., 1., 1., 1., 1., 1., 1., 1., 1., 1., 1., 1., 1., 1., 1., 1., 1., 1.,
        1., 1., 1., 1., 1., 1., 1., 1., 1., 1., 1., 1., 1., 1., 1., 1., 1., 1.,
        1., 1., 1., 1., 1., 1., 1., 1., 1., 1., 1., 1., 1., 1., 1., 1., 1., 1.,
        1., 1., 1., 1., 1., 1., 1., 1., 1., 1., 1., 1., 1., 1., 1., 1., 1., 1.,
        1., 1., 1., 1., 1., 1., 1., 1., 1., 1., 1., 1., 1., 1., 1., 1., 1., 1.,
        1., 1., 1., 1., 1., 1., 1., 1., 1., 1., 1., 1., 1., 1., 1., 1., 1., 1.,
        1., 1., 1., 1., 1., 1., 1., 1., 1., 1., 1., 1., 1., 1., 1., 1., 1., 1.,
        1., 1., 1., 1., 1., 1., 1., 1., 1., 1., 1., 1., 1., 1., 1., 1., 1., 1.,
        1., 1., 1., 1., 1., 1., 1., 1., 1., 1., 1., 1., 1., 1., 1., 1., 1., 1.,
        1., 1., 1., 1., 1., 1., 1., 1., 1., 1., 1., 1., 1., 1., 1., 1., 1., 1.,
        1., 1., 1., 1., 1., 1., 1., 1., 1., 1., 1., 1., 1., 1., 1., 1., 1., 1.,
        1., 1., 1., 1., 1., 1., 1., 1., 1., 1., 1., 1., 1., 1., 1., 1., 1., 1.,
        1., 1., 1., 1., 1., 1., 1., 1., 1., 1., 1., 1., 1., 1., 1., 1., 1., 1.,
        1., 1., 1., 1., 1., 1., 1., 1., 1., 1., 1., 1., 1., 1., 1., 1., 1., 1.,
        1.], device='cuda:0')
Solution is a valid permutation matrix.
0 0
[  1   2   3   4   5   6   7   8   9  10  11  12  13  14  15  16  17  18
  19  20  21  22  23  24  25  26  27  28  29  30  31  32  33  34  35  36
  37  38  39  40  41  42  43  44  45  46  47  48  49  50  51  52  53  54
  55  56  57  58  59  60  61  62  63  64  65  66  67  68  69  70  71  72
  73  74  75  76  77  78  79  80  81  82  83  84  85  86  87  88  89  90
  91  92  93  94  95  96  97  98  99 100 101 102 103 104 105 106 107 108
 109 110 111 112 113 114 115 116 117 118 119 120 121 122 123 124 125 126
 127 128 129 130 131 132 133 134 135 136 137 138 139 140 141 142 143 144
 145 146 147 148 149 150 151 152 153 154 155 156 157 158 159 160 161 162
 163 164 165 166 167 168 169 170 171 172 173 174 175 176 177 178 179 180
 181 182 183 184 185 186 187 188 189 190 191 192 193 194 195 196 197 198
 199 200 201 202 203 204 205 206 207 208 209 210 211 212 213 214 215 216
 217 218 219 220 221 222 223 224 225 226 227 228 229 230 231 232 233 234
 235 236 237 238 239 240 241 242 243 244 245 246 247 248 249 250 251 252
 253 254 255 256 257 258 259 260 261 262 263 264 265 266 267 268 269 270
 271 272 273 274 275 276 277 278 279 280 281 282 283 284 285 286 287 288
 289 290 291 292 293 294 295 296 297 298 299 300 301 302 303 304 305 306
 307 308 309 310 311 312 313 314 315 316 317 318 319 320 321 322 323 324
 325 326 327 328 329 330 331 332 333 334 335 336 337 338 339 340 341 342
 343]
1000
Starting Optimization [N=343, Batch=1000, Device=cuda]
Iter 100: Best Obj 343628.0000, Loss 637105.8750, Term1 890988.5625, Term2 -253882.7188
Iter 200: Best Obj 343628.0000, Loss 323973.5625, Term1 579137.9375, Term2 -255164.3594
Iter 300: Best Obj 343628.0000, Loss 223212.0938, Term1 482010.6562, Term2 -258798.5625
Iter 400: Best Obj 341868.0000, Loss 174998.2500, Term1 437389.4688, Term2 -262391.2188
Iter 500: Best Obj 315546.0000, Loss 152018.6875, Term1 414903.2812, Term2 -262884.5938
Iter 600: Best Obj 258792.0000, Loss 140772.4062, Term1 402523.0938, Term2 -261750.6875
Iter 700: Best Obj 211256.0000, Loss 131463.3281, Term1 385556.1875, Term2 -254092.8594
Iter 800: Best Obj 163626.0000, Loss 114758.2969, Term1 339315.9688, Term2 -224557.6719
Iter 900: Best Obj 152338.0000, Loss 90204.8281, Term1 263140.2500, Term2 -172935.4219
Iter 1000: Best Obj 150286.0000, Loss 78292.5156, Term1 207310.3438, Term2 -129017.8281
Iter 1100: Best Obj 148970.0000, Loss 74914.8984, Term1 182072.2656, Term2 -107157.3672
Iter 1200: Best Obj 148892.0000, Loss 74587.8438, Term1 177655.5781, Term2 -103067.7344
Total Time: 428.08s, FPS: 2.8
tensor([1., 1., 1., 1., 1., 1., 1., 1., 1., 1., 1., 1., 1., 1., 1., 1., 1., 1.,
        1., 1., 1., 1., 1., 1., 1., 1., 1., 1., 1., 1., 1., 1., 1., 1., 1., 1.,
        1., 1., 1., 1., 1., 1., 1., 1., 1., 1., 1., 1., 1., 1., 1., 1., 1., 1.,
        1., 1., 1., 1., 1., 1., 1., 1., 1., 1., 1., 1., 1., 1., 1., 1., 1., 1.,
        1., 1., 1., 1., 1., 1., 1., 1., 1., 1., 1., 1., 1., 1., 1., 1., 1., 1.,
        1., 1., 1., 1., 1., 1., 1., 1., 1., 1., 1., 1., 1., 1., 1., 1., 1., 1.,
        1., 1., 1., 1., 1., 1., 1., 1., 1., 1., 1., 1., 1., 1., 1., 1., 1., 1.,
        1., 1., 1., 1., 1., 1., 1., 1., 1., 1., 1., 1., 1., 1., 1., 1., 1., 1.,
        1., 1., 1., 1., 1., 1., 1., 1., 1., 1., 1., 1., 1., 1., 1., 1., 1., 1.,
        1., 1., 1., 1., 1., 1., 1., 1., 1., 1., 1., 1., 1., 1., 1., 1., 1., 1.,
        1., 1., 1., 1., 1., 1., 1., 1., 1., 1., 1., 1., 1., 1., 1., 1., 1., 1.,
        1., 1., 1., 1., 1., 1., 1., 1., 1., 1., 1., 1., 1., 1., 1., 1., 1., 1.,
        1., 1., 1., 1., 1., 1., 1., 1., 1., 1., 1., 1., 1., 1., 1., 1., 1., 1.,
        1., 1., 1., 1., 1., 1., 1., 1., 1., 1., 1., 1., 1., 1., 1., 1., 1., 1.,
        1., 1., 1., 1., 1., 1., 1., 1., 1., 1., 1., 1., 1., 1., 1., 1., 1., 1.,
        1., 1., 1., 1., 1., 1., 1., 1., 1., 1., 1., 1., 1., 1., 1., 1., 1., 1.,
        1., 1., 1., 1., 1., 1., 1., 1., 1., 1., 1., 1., 1., 1., 1., 1., 1., 1.,
        1., 1., 1., 1., 1., 1., 1., 1., 1., 1., 1., 1., 1., 1., 1., 1., 1., 1.,
        1., 1., 1., 1., 1., 1., 1., 1., 1., 1., 1., 1., 1., 1., 1., 1., 1., 1.,
        1.], device='cuda:0')
tensor([1., 1., 1., 1., 1., 1., 1., 1., 1., 1., 1., 1., 1., 1., 1., 1., 1., 1.,
        1., 1., 1., 1., 1., 1., 1., 1., 1., 1., 1., 1., 1., 1., 1., 1., 1., 1.,
        1., 1., 1., 1., 1., 1., 1., 1., 1., 1., 1., 1., 1., 1., 1., 1., 1., 1.,
        1., 1., 1., 1., 1., 1., 1., 1., 1., 1., 1., 1., 1., 1., 1., 1., 1., 1.,
        1., 1., 1., 1., 1., 1., 1., 1., 1., 1., 1., 1., 1., 1., 1., 1., 1., 1.,
        1., 1., 1., 1., 1., 1., 1., 1., 1., 1., 1., 1., 1., 1., 1., 1., 1., 1.,
        1., 1., 1., 1., 1., 1., 1., 1., 1., 1., 1., 1., 1., 1., 1., 1., 1., 1.,
        1., 1., 1., 1., 1., 1., 1., 1., 1., 1., 1., 1., 1., 1., 1., 1., 1., 1.,
        1., 1., 1., 1., 1., 1., 1., 1., 1., 1., 1., 1., 1., 1., 1., 1., 1., 1.,
        1., 1., 1., 1., 1., 1., 1., 1., 1., 1., 1., 1., 1., 1., 1., 1., 1., 1.,
        1., 1., 1., 1., 1., 1., 1., 1., 1., 1., 1., 1., 1., 1., 1., 1., 1., 1.,
        1., 1., 1., 1., 1., 1., 1., 1., 1., 1., 1., 1., 1., 1., 1., 1., 1., 1.,
        1., 1., 1., 1., 1., 1., 1., 1., 1., 1., 1., 1., 1., 1., 1., 1., 1., 1.,
        1., 1., 1., 1., 1., 1., 1., 1., 1., 1., 1., 1., 1., 1., 1., 1., 1., 1.,
        1., 1., 1., 1., 1., 1., 1., 1., 1., 1., 1., 1., 1., 1., 1., 1., 1., 1.,
        1., 1., 1., 1., 1., 1., 1., 1., 1., 1., 1., 1., 1., 1., 1., 1., 1., 1.,
        1., 1., 1., 1., 1., 1., 1., 1., 1., 1., 1., 1., 1., 1., 1., 1., 1., 1.,
        1., 1., 1., 1., 1., 1., 1., 1., 1., 1., 1., 1., 1., 1., 1., 1., 1., 1.,
        1., 1., 1., 1., 1., 1., 1., 1., 1., 1., 1., 1., 1., 1., 1., 1., 1., 1.,
        1.], device='cuda:0')
Solution is a valid permutation matrix.
0 0
[  1   2   3   4   5   6   7   8   9  10  11  12  13  14  15  16  17  18
  19  20  21  22  23  24  25  26  27  28  29  30  31  32  33  34  35  36
  37  38  39  40  41  42  43  44  45  46  47  48  49  50  51  52  53  54
  55  56  57  58  59  60  61  62  63  64  65  66  67  68  69  70  71  72
  73  74  75  76  77  78  79  80  81  82  83  84  85  86  87  88  89  90
  91  92  93  94  95  96  97  98  99 100 101 102 103 104 105 106 107 108
 109 110 111 112 113 114 115 116 117 118 119 120 121 122 123 124 125 126
 127 128 129 130 131 132 133 134 135 136 137 138 139 140 141 142 143 144
 145 146 147 148 149 150 151 152 153 154 155 156 157 158 159 160 161 162
 163 164 165 166 167 168 169 170 171 172 173 174 175 176 177 178 179 180
 181 182 183 184 185 186 187 188 189 190 191 192 193 194 195 196 197 198
 199 200 201 202 203 204 205 206 207 208 209 210 211 212 213 214 215 216
 217 218 219 220 221 222 223 224 225 226 227 228 229 230 231 232 233 234
 235 236 237 238 239 240 241 242 243 244 245 246 247 248 249 250 251 252
 253 254 255 256 257 258 259 260 261 262 263 264 265 266 267 268 269 270
 271 272 273 274 275 276 277 278 279 280 281 282 283 284 285 286 287 288
 289 290 291 292 293 294 295 296 297 298 299 300 301 302 303 304 305 306
 307 308 309 310 311 312 313 314 315 316 317 318 319 320 321 322 323 324
 325 326 327 328 329 330 331 332 333 334 335 336 337 338 339 340 341 342
 343]
1000
Starting Optimization [N=343, Batch=1000, Device=cuda]
Iter 100: Best Obj 344072.0000, Loss 551919.0000, Term1 891241.6875, Term2 -339322.6875
Iter 200: Best Obj 344072.0000, Loss 236833.3438, Term1 578863.0625, Term2 -342029.7188
Iter 300: Best Obj 344072.0000, Loss 133247.8750, Term1 480992.9062, Term2 -347745.0312
Iter 400: Best Obj 342022.0000, Loss 85245.0000, Term1 436558.7500, Term2 -351313.7500
Iter 500: Best Obj 323822.0000, Loss 63960.6875, Term1 415403.4062, Term2 -351442.7188
Iter 600: Best Obj 294520.0000, Loss 53505.2188, Term1 404664.0312, Term2 -351158.8125
Iter 700: Best Obj 259508.0000, Loss 47434.1250, Term1 398205.5938, Term2 -350771.4688
Iter 800: Best Obj 246568.0000, Loss 43242.0938, Term1 391968.3750, Term2 -348726.2812
Iter 900: Best Obj 217966.0000, Loss 38175.5625, Term1 375114.7812, Term2 -336939.2188
Iter 1000: Best Obj 201104.0000, Loss 29232.7188, Term1 330160.0938, Term2 -300927.3750
Iter 1100: Best Obj 194176.0000, Loss 24123.2500, Term1 292838.0312, Term2 -268714.7812
Iter 1200: Best Obj 191266.0000, Loss 23787.3750, Term1 285091.0938, Term2 -261303.7188
Total Time: 426.97s, FPS: 2.8
tensor([1., 1., 1., 1., 1., 1., 1., 1., 1., 1., 1., 1., 1., 1., 1., 1., 1., 1.,
        1., 1., 1., 1., 1., 1., 1., 1., 1., 1., 1., 1., 1., 1., 1., 1., 1., 1.,
        1., 1., 1., 1., 1., 1., 1., 1., 1., 1., 1., 1., 1., 1., 1., 1., 1., 1.,
        1., 1., 1., 1., 1., 1., 1., 1., 1., 1., 1., 1., 1., 1., 1., 1., 1., 1.,
        1., 1., 1., 1., 1., 1., 1., 1., 1., 1., 1., 1., 1., 1., 1., 1., 1., 1.,
        1., 1., 1., 1., 1., 1., 1., 1., 1., 1., 1., 1., 1., 1., 1., 1., 1., 1.,
        1., 1., 1., 1., 1., 1., 1., 1., 1., 1., 1., 1., 1., 1., 1., 1., 1., 1.,
        1., 1., 1., 1., 1., 1., 1., 1., 1., 1., 1., 1., 1., 1., 1., 1., 1., 1.,
        1., 1., 1., 1., 1., 1., 1., 1., 1., 1., 1., 1., 1., 1., 1., 1., 1., 1.,
        1., 1., 1., 1., 1., 1., 1., 1., 1., 1., 1., 1., 1., 1., 1., 1., 1., 1.,
        1., 1., 1., 1., 1., 1., 1., 1., 1., 1., 1., 1., 1., 1., 1., 1., 1., 1.,
        1., 1., 1., 1., 1., 1., 1., 1., 1., 1., 1., 1., 1., 1., 1., 1., 1., 1.,
        1., 1., 1., 1., 1., 1., 1., 1., 1., 1., 1., 1., 1., 1., 1., 1., 1., 1.,
        1., 1., 1., 1., 1., 1., 1., 1., 1., 1., 1., 1., 1., 1., 1., 1., 1., 1.,
        1., 1., 1., 1., 1., 1., 1., 1., 1., 1., 1., 1., 1., 1., 1., 1., 1., 1.,
        1., 1., 1., 1., 1., 1., 1., 1., 1., 1., 1., 1., 1., 1., 1., 1., 1., 1.,
        1., 1., 1., 1., 1., 1., 1., 1., 1., 1., 1., 1., 1., 1., 1., 1., 1., 1.,
        1., 1., 1., 1., 1., 1., 1., 1., 1., 1., 1., 1., 1., 1., 1., 1., 1., 1.,
        1., 1., 1., 1., 1., 1., 1., 1., 1., 1., 1., 1., 1., 1., 1., 1., 1., 1.,
        1.], device='cuda:0')
tensor([1., 1., 1., 1., 1., 1., 1., 1., 1., 1., 1., 1., 1., 1., 1., 1., 1., 1.,
        1., 1., 1., 1., 1., 1., 1., 1., 1., 1., 1., 1., 1., 1., 1., 1., 1., 1.,
        1., 1., 1., 1., 1., 1., 1., 1., 1., 1., 1., 1., 1., 1., 1., 1., 1., 1.,
        1., 1., 1., 1., 1., 1., 1., 1., 1., 1., 1., 1., 1., 1., 1., 1., 1., 1.,
        1., 1., 1., 1., 1., 1., 1., 1., 1., 1., 1., 1., 1., 1., 1., 1., 1., 1.,
        1., 1., 1., 1., 1., 1., 1., 1., 1., 1., 1., 1., 1., 1., 1., 1., 1., 1.,
        1., 1., 1., 1., 1., 1., 1., 1., 1., 1., 1., 1., 1., 1., 1., 1., 1., 1.,
        1., 1., 1., 1., 1., 1., 1., 1., 1., 1., 1., 1., 1., 1., 1., 1., 1., 1.,
        1., 1., 1., 1., 1., 1., 1., 1., 1., 1., 1., 1., 1., 1., 1., 1., 1., 1.,
        1., 1., 1., 1., 1., 1., 1., 1., 1., 1., 1., 1., 1., 1., 1., 1., 1., 1.,
        1., 1., 1., 1., 1., 1., 1., 1., 1., 1., 1., 1., 1., 1., 1., 1., 1., 1.,
        1., 1., 1., 1., 1., 1., 1., 1., 1., 1., 1., 1., 1., 1., 1., 1., 1., 1.,
        1., 1., 1., 1., 1., 1., 1., 1., 1., 1., 1., 1., 1., 1., 1., 1., 1., 1.,
        1., 1., 1., 1., 1., 1., 1., 1., 1., 1., 1., 1., 1., 1., 1., 1., 1., 1.,
        1., 1., 1., 1., 1., 1., 1., 1., 1., 1., 1., 1., 1., 1., 1., 1., 1., 1.,
        1., 1., 1., 1., 1., 1., 1., 1., 1., 1., 1., 1., 1., 1., 1., 1., 1., 1.,
        1., 1., 1., 1., 1., 1., 1., 1., 1., 1., 1., 1., 1., 1., 1., 1., 1., 1.,
        1., 1., 1., 1., 1., 1., 1., 1., 1., 1., 1., 1., 1., 1., 1., 1., 1., 1.,
        1., 1., 1., 1., 1., 1., 1., 1., 1., 1., 1., 1., 1., 1., 1., 1., 1., 1.,
        1.], device='cuda:0')
Solution is a valid permutation matrix.
0 0
[  1   2   3   4   5   6   7   8   9  10  11  12  13  14  15  16  17  18
  19  20  21  22  23  24  25  26  27  28  29  30  31  32  33  34  35  36
  37  38  39  40  41  42  43  44  45  46  47  48  49  50  51  52  53  54
  55  56  57  58  59  60  61  62  63  64  65  66  67  68  69  70  71  72
  73  74  75  76  77  78  79  80  81  82  83  84  85  86  87  88  89  90
  91  92  93  94  95  96  97  98  99 100 101 102 103 104 105 106 107 108
 109 110 111 112 113 114 115 116 117 118 119 120 121 122 123 124 125 126
 127 128 129 130 131 132 133 134 135 136 137 138 139 140 141 142 143 144
 145 146 147 148 149 150 151 152 153 154 155 156 157 158 159 160 161 162
 163 164 165 166 167 168 169 170 171 172 173 174 175 176 177 178 179 180
 181 182 183 184 185 186 187 188 189 190 191 192 193 194 195 196 197 198
 199 200 201 202 203 204 205 206 207 208 209 210 211 212 213 214 215 216
 217 218 219 220 221 222 223 224 225 226 227 228 229 230 231 232 233 234
 235 236 237 238 239 240 241 242 243 244 245 246 247 248 249 250 251 252
 253 254 255 256 257 258 259 260 261 262 263 264 265 266 267 268 269 270
 271 272 273 274 275 276 277 278 279 280 281 282 283 284 285 286 287 288
 289 290 291 292 293 294 295 296 297 298 299 300 301 302 303 304 305 306
 307 308 309 310 311 312 313 314 315 316 317 318 319 320 321 322 323 324
 325 326 327 328 329 330 331 332 333 334 335 336 337 338 339 340 341 342
 343]
1000
Starting Optimization [N=343, Batch=1000, Device=cuda]
Iter 100: Best Obj 344792.0000, Loss 466399.1562, Term1 891487.3750, Term2 -425088.2188
Iter 200: Best Obj 344088.0000, Loss 148953.1562, Term1 578497.8125, Term2 -429544.6562
Iter 300: Best Obj 344088.0000, Loss 42917.5625, Term1 479943.7500, Term2 -437026.1875
Iter 400: Best Obj 344088.0000, Loss -3801.8125, Term1 436154.6562, Term2 -439956.4688
Iter 500: Best Obj 336302.0000, Loss -24007.7500, Term1 415823.1875, Term2 -439830.9375
Iter 600: Best Obj 330678.0000, Loss -34340.2188, Term1 405351.9062, Term2 -439692.1250
Iter 700: Best Obj 322342.0000, Loss -40428.5312, Term1 399283.1562, Term2 -439711.6875
Iter 800: Best Obj 318882.0000, Loss -44192.7500, Term1 395517.2812, Term2 -439710.0312
Iter 900: Best Obj 310302.0000, Loss -46517.7500, Term1 393074.9062, Term2 -439592.6562
Iter 1000: Best Obj 296742.0000, Loss -47941.8438, Term1 391213.0312, Term2 -439154.8750
Iter 1100: Best Obj 276420.0000, Loss -48862.2500, Term1 388500.6250, Term2 -437362.8750
Iter 1200: Best Obj 242810.0000, Loss -49607.1562, Term1 381635.2812, Term2 -431242.4375
Total Time: 426.95s, FPS: 2.8
tensor([1., 1., 1., 1., 1., 1., 1., 1., 1., 1., 1., 1., 1., 1., 1., 1., 1., 1.,
        1., 1., 1., 1., 1., 1., 1., 1., 1., 1., 1., 1., 1., 1., 1., 1., 1., 1.,
        1., 1., 1., 1., 1., 1., 1., 1., 1., 1., 1., 1., 1., 1., 1., 1., 1., 1.,
        1., 1., 1., 1., 1., 1., 1., 1., 1., 1., 1., 1., 1., 1., 1., 1., 1., 1.,
        1., 1., 1., 1., 1., 1., 1., 1., 1., 1., 1., 1., 1., 1., 1., 1., 1., 1.,
        1., 1., 1., 1., 1., 1., 1., 1., 1., 1., 1., 1., 1., 1., 1., 1., 1., 1.,
        1., 1., 1., 1., 1., 1., 1., 1., 1., 1., 1., 1., 1., 1., 1., 1., 1., 1.,
        1., 1., 1., 1., 1., 1., 1., 1., 1., 1., 1., 1., 1., 1., 1., 1., 1., 1.,
        1., 1., 1., 1., 1., 1., 1., 1., 1., 1., 1., 1., 1., 1., 1., 1., 1., 1.,
        1., 1., 1., 1., 1., 1., 1., 1., 1., 1., 1., 1., 1., 1., 1., 1., 1., 1.,
        1., 1., 1., 1., 1., 1., 1., 1., 1., 1., 1., 1., 1., 1., 1., 1., 1., 1.,
        1., 1., 1., 1., 1., 1., 1., 1., 1., 1., 1., 1., 1., 1., 1., 1., 1., 1.,
        1., 1., 1., 1., 1., 1., 1., 1., 1., 1., 1., 1., 1., 1., 1., 1., 1., 1.,
        1., 1., 1., 1., 1., 1., 1., 1., 1., 1., 1., 1., 1., 1., 1., 1., 1., 1.,
        1., 1., 1., 1., 1., 1., 1., 1., 1., 1., 1., 1., 1., 1., 1., 1., 1., 1.,
        1., 1., 1., 1., 1., 1., 1., 1., 1., 1., 1., 1., 1., 1., 1., 1., 1., 1.,
        1., 1., 1., 1., 1., 1., 1., 1., 1., 1., 1., 1., 1., 1., 1., 1., 1., 1.,
        1., 1., 1., 1., 1., 1., 1., 1., 1., 1., 1., 1., 1., 1., 1., 1., 1., 1.,
        1., 1., 1., 1., 1., 1., 1., 1., 1., 1., 1., 1., 1., 1., 1., 1., 1., 1.,
        1.], device='cuda:0')
tensor([1., 1., 1., 1., 1., 1., 1., 1., 1., 1., 1., 1., 1., 1., 1., 1., 1., 1.,
        1., 1., 1., 1., 1., 1., 1., 1., 1., 1., 1., 1., 1., 1., 1., 1., 1., 1.,
        1., 1., 1., 1., 1., 1., 1., 1., 1., 1., 1., 1., 1., 1., 1., 1., 1., 1.,
        1., 1., 1., 1., 1., 1., 1., 1., 1., 1., 1., 1., 1., 1., 1., 1., 1., 1.,
        1., 1., 1., 1., 1., 1., 1., 1., 1., 1., 1., 1., 1., 1., 1., 1., 1., 1.,
        1., 1., 1., 1., 1., 1., 1., 1., 1., 1., 1., 1., 1., 1., 1., 1., 1., 1.,
        1., 1., 1., 1., 1., 1., 1., 1., 1., 1., 1., 1., 1., 1., 1., 1., 1., 1.,
        1., 1., 1., 1., 1., 1., 1., 1., 1., 1., 1., 1., 1., 1., 1., 1., 1., 1.,
        1., 1., 1., 1., 1., 1., 1., 1., 1., 1., 1., 1., 1., 1., 1., 1., 1., 1.,
        1., 1., 1., 1., 1., 1., 1., 1., 1., 1., 1., 1., 1., 1., 1., 1., 1., 1.,
        1., 1., 1., 1., 1., 1., 1., 1., 1., 1., 1., 1., 1., 1., 1., 1., 1., 1.,
        1., 1., 1., 1., 1., 1., 1., 1., 1., 1., 1., 1., 1., 1., 1., 1., 1., 1.,
        1., 1., 1., 1., 1., 1., 1., 1., 1., 1., 1., 1., 1., 1., 1., 1., 1., 1.,
        1., 1., 1., 1., 1., 1., 1., 1., 1., 1., 1., 1., 1., 1., 1., 1., 1., 1.,
        1., 1., 1., 1., 1., 1., 1., 1., 1., 1., 1., 1., 1., 1., 1., 1., 1., 1.,
        1., 1., 1., 1., 1., 1., 1., 1., 1., 1., 1., 1., 1., 1., 1., 1., 1., 1.,
        1., 1., 1., 1., 1., 1., 1., 1., 1., 1., 1., 1., 1., 1., 1., 1., 1., 1.,
        1., 1., 1., 1., 1., 1., 1., 1., 1., 1., 1., 1., 1., 1., 1., 1., 1., 1.,
        1., 1., 1., 1., 1., 1., 1., 1., 1., 1., 1., 1., 1., 1., 1., 1., 1., 1.,
        1.], device='cuda:0')
Solution is a valid permutation matrix.
0 0
[  1   2   3   4   5   6   7   8   9  10  11  12  13  14  15  16  17  18
  19  20  21  22  23  24  25  26  27  28  29  30  31  32  33  34  35  36
  37  38  39  40  41  42  43  44  45  46  47  48  49  50  51  52  53  54
  55  56  57  58  59  60  61  62  63  64  65  66  67  68  69  70  71  72
  73  74  75  76  77  78  79  80  81  82  83  84  85  86  87  88  89  90
  91  92  93  94  95  96  97  98  99 100 101 102 103 104 105 106 107 108
 109 110 111 112 113 114 115 116 117 118 119 120 121 122 123 124 125 126
 127 128 129 130 131 132 133 134 135 136 137 138 139 140 141 142 143 144
 145 146 147 148 149 150 151 152 153 154 155 156 157 158 159 160 161 162
 163 164 165 166 167 168 169 170 171 172 173 174 175 176 177 178 179 180
 181 182 183 184 185 186 187 188 189 190 191 192 193 194 195 196 197 198
 199 200 201 202 203 204 205 206 207 208 209 210 211 212 213 214 215 216
 217 218 219 220 221 222 223 224 225 226 227 228 229 230 231 232 233 234
 235 236 237 238 239 240 241 242 243 244 245 246 247 248 249 250 251 252
 253 254 255 256 257 258 259 260 261 262 263 264 265 266 267 268 269 270
 271 272 273 274 275 276 277 278 279 280 281 282 283 284 285 286 287 288
 289 290 291 292 293 294 295 296 297 298 299 300 301 302 303 304 305 306
 307 308 309 310 311 312 313 314 315 316 317 318 319 320 321 322 323 324
 325 326 327 328 329 330 331 332 333 334 335 336 337 338 339 340 341 342
 343]
1000
Starting Optimization [N=343, Batch=1000, Device=cuda]
Iter 100: Best Obj 345070.0000, Loss 380602.0938, Term1 891757.5000, Term2 -511155.4062
Iter 200: Best Obj 345070.0000, Loss 60474.6562, Term1 578066.5000, Term2 -517591.8438
Iter 300: Best Obj 345070.0000, Loss -47315.5938, Term1 478994.6562, Term2 -526310.2500
Iter 400: Best Obj 345070.0000, Loss -92397.9688, Term1 436034.7812, Term2 -528432.7500
Iter 500: Best Obj 340602.0000, Loss -111949.4062, Term1 416211.4062, Term2 -528160.8125
Iter 600: Best Obj 340602.0000, Loss -122307.6875, Term1 405771.2500, Term2 -528078.9375
Iter 700: Best Obj 340602.0000, Loss -128505.0625, Term1 399626.0000, Term2 -528131.0625
Iter 800: Best Obj 340602.0000, Loss -132330.0625, Term1 395821.0000, Term2 -528151.0625
Iter 900: Best Obj 340602.0000, Loss -134671.1875, Term1 393441.5625, Term2 -528112.7500
Iter 1000: Best Obj 340602.0000, Loss -136073.2188, Term1 391962.7812, Term2 -528036.0000
Iter 1100: Best Obj 340602.0000, Loss -136888.0312, Term1 391051.7188, Term2 -527939.7500
Iter 1200: Best Obj 340602.0000, Loss -137340.7812, Term1 390494.0938, Term2 -527834.8750
Total Time: 427.18s, FPS: 2.8
tensor([1., 1., 1., 1., 1., 1., 1., 1., 1., 1., 1., 1., 1., 1., 1., 1., 1., 1.,
        1., 1., 1., 1., 1., 1., 1., 1., 1., 1., 1., 1., 1., 1., 1., 1., 1., 1.,
        1., 1., 1., 1., 1., 1., 1., 1., 1., 1., 1., 1., 1., 1., 1., 1., 1., 1.,
        1., 1., 1., 1., 1., 1., 1., 1., 1., 1., 1., 1., 1., 1., 1., 1., 1., 1.,
        1., 1., 1., 1., 1., 1., 1., 1., 1., 1., 1., 1., 1., 1., 1., 1., 1., 1.,
        1., 1., 1., 1., 1., 1., 1., 1., 1., 1., 1., 1., 1., 1., 1., 1., 1., 1.,
        1., 1., 1., 1., 1., 1., 1., 1., 1., 1., 1., 1., 1., 1., 1., 1., 1., 1.,
        1., 1., 1., 1., 1., 1., 1., 1., 1., 1., 1., 1., 1., 1., 1., 1., 1., 1.,
        1., 1., 1., 1., 1., 1., 1., 1., 1., 1., 1., 1., 1., 1., 1., 1., 1., 1.,
        1., 1., 1., 1., 1., 1., 1., 1., 1., 1., 1., 1., 1., 1., 1., 1., 1., 1.,
        1., 1., 1., 1., 1., 1., 1., 1., 1., 1., 1., 1., 1., 1., 1., 1., 1., 1.,
        1., 1., 1., 1., 1., 1., 1., 1., 1., 1., 1., 1., 1., 1., 1., 1., 1., 1.,
        1., 1., 1., 1., 1., 1., 1., 1., 1., 1., 1., 1., 1., 1., 1., 1., 1., 1.,
        1., 1., 1., 1., 1., 1., 1., 1., 1., 1., 1., 1., 1., 1., 1., 1., 1., 1.,
        1., 1., 1., 1., 1., 1., 1., 1., 1., 1., 1., 1., 1., 1., 1., 1., 1., 1.,
        1., 1., 1., 1., 1., 1., 1., 1., 1., 1., 1., 1., 1., 1., 1., 1., 1., 1.,
        1., 1., 1., 1., 1., 1., 1., 1., 1., 1., 1., 1., 1., 1., 1., 1., 1., 1.,
        1., 1., 1., 1., 1., 1., 1., 1., 1., 1., 1., 1., 1., 1., 1., 1., 1., 1.,
        1., 1., 1., 1., 1., 1., 1., 1., 1., 1., 1., 1., 1., 1., 1., 1., 1., 1.,
        1.], device='cuda:0')
tensor([1., 1., 1., 1., 1., 1., 1., 1., 1., 1., 1., 1., 1., 1., 1., 1., 1., 1.,
        1., 1., 1., 1., 1., 1., 1., 1., 1., 1., 1., 1., 1., 1., 1., 1., 1., 1.,
        1., 1., 1., 1., 1., 1., 1., 1., 1., 1., 1., 1., 1., 1., 1., 1., 1., 1.,
        1., 1., 1., 1., 1., 1., 1., 1., 1., 1., 1., 1., 1., 1., 1., 1., 1., 1.,
        1., 1., 1., 1., 1., 1., 1., 1., 1., 1., 1., 1., 1., 1., 1., 1., 1., 1.,
        1., 1., 1., 1., 1., 1., 1., 1., 1., 1., 1., 1., 1., 1., 1., 1., 1., 1.,
        1., 1., 1., 1., 1., 1., 1., 1., 1., 1., 1., 1., 1., 1., 1., 1., 1., 1.,
        1., 1., 1., 1., 1., 1., 1., 1., 1., 1., 1., 1., 1., 1., 1., 1., 1., 1.,
        1., 1., 1., 1., 1., 1., 1., 1., 1., 1., 1., 1., 1., 1., 1., 1., 1., 1.,
        1., 1., 1., 1., 1., 1., 1., 1., 1., 1., 1., 1., 1., 1., 1., 1., 1., 1.,
        1., 1., 1., 1., 1., 1., 1., 1., 1., 1., 1., 1., 1., 1., 1., 1., 1., 1.,
        1., 1., 1., 1., 1., 1., 1., 1., 1., 1., 1., 1., 1., 1., 1., 1., 1., 1.,
        1., 1., 1., 1., 1., 1., 1., 1., 1., 1., 1., 1., 1., 1., 1., 1., 1., 1.,
        1., 1., 1., 1., 1., 1., 1., 1., 1., 1., 1., 1., 1., 1., 1., 1., 1., 1.,
        1., 1., 1., 1., 1., 1., 1., 1., 1., 1., 1., 1., 1., 1., 1., 1., 1., 1.,
        1., 1., 1., 1., 1., 1., 1., 1., 1., 1., 1., 1., 1., 1., 1., 1., 1., 1.,
        1., 1., 1., 1., 1., 1., 1., 1., 1., 1., 1., 1., 1., 1., 1., 1., 1., 1.,
        1., 1., 1., 1., 1., 1., 1., 1., 1., 1., 1., 1., 1., 1., 1., 1., 1., 1.,
        1., 1., 1., 1., 1., 1., 1., 1., 1., 1., 1., 1., 1., 1., 1., 1., 1., 1.,
        1.], device='cuda:0')
Solution is a valid permutation matrix.
0 0
[  1   2   3   4   5   6   7   8   9  10  11  12  13  14  15  16  17  18
  19  20  21  22  23  24  25  26  27  28  29  30  31  32  33  34  35  36
  37  38  39  40  41  42  43  44  45  46  47  48  49  50  51  52  53  54
  55  56  57  58  59  60  61  62  63  64  65  66  67  68  69  70  71  72
  73  74  75  76  77  78  79  80  81  82  83  84  85  86  87  88  89  90
  91  92  93  94  95  96  97  98  99 100 101 102 103 104 105 106 107 108
 109 110 111 112 113 114 115 116 117 118 119 120 121 122 123 124 125 126
 127 128 129 130 131 132 133 134 135 136 137 138 139 140 141 142 143 144
 145 146 147 148 149 150 151 152 153 154 155 156 157 158 159 160 161 162
 163 164 165 166 167 168 169 170 171 172 173 174 175 176 177 178 179 180
 181 182 183 184 185 186 187 188 189 190 191 192 193 194 195 196 197 198
 199 200 201 202 203 204 205 206 207 208 209 210 211 212 213 214 215 216
 217 218 219 220 221 222 223 224 225 226 227 228 229 230 231 232 233 234
 235 236 237 238 239 240 241 242 243 244 245 246 247 248 249 250 251 252
 253 254 255 256 257 258 259 260 261 262 263 264 265 266 267 268 269 270
 271 272 273 274 275 276 277 278 279 280 281 282 283 284 285 286 287 288
 289 290 291 292 293 294 295 296 297 298 299 300 301 302 303 304 305 306
 307 308 309 310 311 312 313 314 315 316 317 318 319 320 321 322 323 324
 325 326 327 328 329 330 331 332 333 334 335 336 337 338 339 340 341 342
 343]
1000
Starting Optimization [N=343, Batch=1000, Device=cuda]
Iter 100: Best Obj 340768.0000, Loss 34697.9375, Term1 892681.6250, Term2 -857983.6875
Iter 200: Best Obj 340768.0000, Loss -296964.6250, Term1 576050.3750, Term2 -873015.0000
Iter 300: Best Obj 340112.0000, Loss -405043.8438, Term1 476921.5938, Term2 -881965.4375
Iter 400: Best Obj 340112.0000, Loss -445069.0312, Term1 436726.7812, Term2 -881795.8125
Iter 500: Best Obj 340112.0000, Loss -463914.5938, Term1 417512.4688, Term2 -881427.0625
Iter 600: Best Obj 340112.0000, Loss -474663.4375, Term1 406759.1875, Term2 -881422.6250
Iter 700: Best Obj 340112.0000, Loss -481168.3125, Term1 400257.2500, Term2 -881425.5625
Iter 800: Best Obj 340112.0000, Loss -485121.6875, Term1 396240.3750, Term2 -881362.0625
Iter 900: Best Obj 340112.0000, Loss -487496.7812, Term1 393760.9062, Term2 -881257.6875
Iter 1000: Best Obj 340112.0000, Loss -488898.4375, Term1 392239.7500, Term2 -881138.1875
Iter 1100: Best Obj 340112.0000, Loss -489705.5000, Term1 391311.6250, Term2 -881017.1250
Iter 1200: Best Obj 340112.0000, Loss -490151.9062, Term1 390747.0312, Term2 -880898.9375
Total Time: 427.90s, FPS: 2.8
tensor([1., 1., 1., 1., 1., 1., 1., 1., 1., 1., 1., 1., 1., 1., 1., 1., 1., 1.,
        1., 1., 1., 1., 1., 1., 1., 1., 1., 1., 1., 1., 1., 1., 1., 1., 1., 1.,
        1., 1., 1., 1., 1., 1., 1., 1., 1., 1., 1., 1., 1., 1., 1., 1., 1., 1.,
        1., 1., 1., 1., 1., 1., 1., 1., 1., 1., 1., 1., 1., 1., 1., 1., 1., 1.,
        1., 1., 1., 1., 1., 1., 1., 1., 1., 1., 1., 1., 1., 1., 1., 1., 1., 1.,
        1., 1., 1., 1., 1., 1., 1., 1., 1., 1., 1., 1., 1., 1., 1., 1., 1., 1.,
        1., 1., 1., 1., 1., 1., 1., 1., 1., 1., 1., 1., 1., 1., 1., 1., 1., 1.,
        1., 1., 1., 1., 1., 1., 1., 1., 1., 1., 1., 1., 1., 1., 1., 1., 1., 1.,
        1., 1., 1., 1., 1., 1., 1., 1., 1., 1., 1., 1., 1., 1., 1., 1., 1., 1.,
        1., 1., 1., 1., 1., 1., 1., 1., 1., 1., 1., 1., 1., 1., 1., 1., 1., 1.,
        1., 1., 1., 1., 1., 1., 1., 1., 1., 1., 1., 1., 1., 1., 1., 1., 1., 1.,
        1., 1., 1., 1., 1., 1., 1., 1., 1., 1., 1., 1., 1., 1., 1., 1., 1., 1.,
        1., 1., 1., 1., 1., 1., 1., 1., 1., 1., 1., 1., 1., 1., 1., 1., 1., 1.,
        1., 1., 1., 1., 1., 1., 1., 1., 1., 1., 1., 1., 1., 1., 1., 1., 1., 1.,
        1., 1., 1., 1., 1., 1., 1., 1., 1., 1., 1., 1., 1., 1., 1., 1., 1., 1.,
        1., 1., 1., 1., 1., 1., 1., 1., 1., 1., 1., 1., 1., 1., 1., 1., 1., 1.,
        1., 1., 1., 1., 1., 1., 1., 1., 1., 1., 1., 1., 1., 1., 1., 1., 1., 1.,
        1., 1., 1., 1., 1., 1., 1., 1., 1., 1., 1., 1., 1., 1., 1., 1., 1., 1.,
        1., 1., 1., 1., 1., 1., 1., 1., 1., 1., 1., 1., 1., 1., 1., 1., 1., 1.,
        1.], device='cuda:0')
tensor([1., 1., 1., 1., 1., 1., 1., 1., 1., 1., 1., 1., 1., 1., 1., 1., 1., 1.,
        1., 1., 1., 1., 1., 1., 1., 1., 1., 1., 1., 1., 1., 1., 1., 1., 1., 1.,
        1., 1., 1., 1., 1., 1., 1., 1., 1., 1., 1., 1., 1., 1., 1., 1., 1., 1.,
        1., 1., 1., 1., 1., 1., 1., 1., 1., 1., 1., 1., 1., 1., 1., 1., 1., 1.,
        1., 1., 1., 1., 1., 1., 1., 1., 1., 1., 1., 1., 1., 1., 1., 1., 1., 1.,
        1., 1., 1., 1., 1., 1., 1., 1., 1., 1., 1., 1., 1., 1., 1., 1., 1., 1.,
        1., 1., 1., 1., 1., 1., 1., 1., 1., 1., 1., 1., 1., 1., 1., 1., 1., 1.,
        1., 1., 1., 1., 1., 1., 1., 1., 1., 1., 1., 1., 1., 1., 1., 1., 1., 1.,
        1., 1., 1., 1., 1., 1., 1., 1., 1., 1., 1., 1., 1., 1., 1., 1., 1., 1.,
        1., 1., 1., 1., 1., 1., 1., 1., 1., 1., 1., 1., 1., 1., 1., 1., 1., 1.,
        1., 1., 1., 1., 1., 1., 1., 1., 1., 1., 1., 1., 1., 1., 1., 1., 1., 1.,
        1., 1., 1., 1., 1., 1., 1., 1., 1., 1., 1., 1., 1., 1., 1., 1., 1., 1.,
        1., 1., 1., 1., 1., 1., 1., 1., 1., 1., 1., 1., 1., 1., 1., 1., 1., 1.,
        1., 1., 1., 1., 1., 1., 1., 1., 1., 1., 1., 1., 1., 1., 1., 1., 1., 1.,
        1., 1., 1., 1., 1., 1., 1., 1., 1., 1., 1., 1., 1., 1., 1., 1., 1., 1.,
        1., 1., 1., 1., 1., 1., 1., 1., 1., 1., 1., 1., 1., 1., 1., 1., 1., 1.,
        1., 1., 1., 1., 1., 1., 1., 1., 1., 1., 1., 1., 1., 1., 1., 1., 1., 1.,
        1., 1., 1., 1., 1., 1., 1., 1., 1., 1., 1., 1., 1., 1., 1., 1., 1., 1.,
        1., 1., 1., 1., 1., 1., 1., 1., 1., 1., 1., 1., 1., 1., 1., 1., 1., 1.,
        1.], device='cuda:0')
Solution is a valid permutation matrix.
0 0
[  1   2   3   4   5   6   7   8   9  10  11  12  13  14  15  16  17  18
  19  20  21  22  23  24  25  26  27  28  29  30  31  32  33  34  35  36
  37  38  39  40  41  42  43  44  45  46  47  48  49  50  51  52  53  54
  55  56  57  58  59  60  61  62  63  64  65  66  67  68  69  70  71  72
  73  74  75  76  77  78  79  80  81  82  83  84  85  86  87  88  89  90
  91  92  93  94  95  96  97  98  99 100 101 102 103 104 105 106 107 108
 109 110 111 112 113 114 115 116 117 118 119 120 121 122 123 124 125 126
 127 128 129 130 131 132 133 134 135 136 137 138 139 140 141 142 143 144
 145 146 147 148 149 150 151 152 153 154 155 156 157 158 159 160 161 162
 163 164 165 166 167 168 169 170 171 172 173 174 175 176 177 178 179 180
 181 182 183 184 185 186 187 188 189 190 191 192 193 194 195 196 197 198
 199 200 201 202 203 204 205 206 207 208 209 210 211 212 213 214 215 216
 217 218 219 220 221 222 223 224 225 226 227 228 229 230 231 232 233 234
 235 236 237 238 239 240 241 242 243 244 245 246 247 248 249 250 251 252
 253 254 255 256 257 258 259 260 261 262 263 264 265 266 267 268 269 270
 271 272 273 274 275 276 277 278 279 280 281 282 283 284 285 286 287 288
 289 290 291 292 293 294 295 296 297 298 299 300 301 302 303 304 305 306
 307 308 309 310 311 312 313 314 315 316 317 318 319 320 321 322 323 324
 325 326 327 328 329 330 331 332 333 334 335 336 337 338 339 340 341 342
 343]
1000
Starting Optimization [N=343, Batch=1000, Device=cuda]
Iter 100: Best Obj 337744.0000, Loss -841451.6875, Term1 894945.0625, Term2 -1736396.7500
Iter 200: Best Obj 337744.0000, Loss -1192473.5000, Term1 572727.6875, Term2 -1765201.1250
Iter 300: Best Obj 337744.0000, Loss -1288587.7500, Term1 477925.8438, Term2 -1766513.6250
Iter 400: Best Obj 337744.0000, Loss -1325717.7500, Term1 439374.3438, Term2 -1765092.1250
Iter 500: Best Obj 337744.0000, Loss -1345321.6250, Term1 419362.2188, Term2 -1764683.8750
Iter 600: Best Obj 337744.0000, Loss -1356685.1250, Term1 407749.5938, Term2 -1764434.7500
Iter 700: Best Obj 337744.0000, Loss -1363413.3750, Term1 400775.6562, Term2 -1764189.0000
Iter 800: Best Obj 337744.0000, Loss -1367405.8750, Term1 396553.2500, Term2 -1763959.1250
Iter 900: Best Obj 337744.0000, Loss -1369763.5000, Term1 393993.5000, Term2 -1763757.0000
Iter 1000: Best Obj 337744.0000, Loss -1371142.2500, Term1 392441.0625, Term2 -1763583.3750
Iter 1100: Best Obj 337744.0000, Loss -1371932.5000, Term1 391498.6875, Term2 -1763431.2500
Iter 1200: Best Obj 337744.0000, Loss -1372366.1250, Term1 390927.0000, Term2 -1763293.1250
Total Time: 426.94s, FPS: 2.8
tensor([1., 1., 1., 1., 1., 1., 1., 1., 1., 1., 1., 1., 1., 1., 1., 1., 1., 1.,
        1., 1., 1., 1., 1., 1., 1., 1., 1., 1., 1., 1., 1., 1., 1., 1., 1., 1.,
        1., 1., 1., 1., 1., 1., 1., 1., 1., 1., 1., 1., 1., 1., 1., 1., 1., 1.,
        1., 1., 1., 1., 1., 1., 1., 1., 1., 1., 1., 1., 1., 1., 1., 1., 1., 1.,
        1., 1., 1., 1., 1., 1., 1., 1., 1., 1., 1., 1., 1., 1., 1., 1., 1., 1.,
        1., 1., 1., 1., 1., 1., 1., 1., 1., 1., 1., 1., 1., 1., 1., 1., 1., 1.,
        1., 1., 1., 1., 1., 1., 1., 1., 1., 1., 1., 1., 1., 1., 1., 1., 1., 1.,
        1., 1., 1., 1., 1., 1., 1., 1., 1., 1., 1., 1., 1., 1., 1., 1., 1., 1.,
        1., 1., 1., 1., 1., 1., 1., 1., 1., 1., 1., 1., 1., 1., 1., 1., 1., 1.,
        1., 1., 1., 1., 1., 1., 1., 1., 1., 1., 1., 1., 1., 1., 1., 1., 1., 1.,
        1., 1., 1., 1., 1., 1., 1., 1., 1., 1., 1., 1., 1., 1., 1., 1., 1., 1.,
        1., 1., 1., 1., 1., 1., 1., 1., 1., 1., 1., 1., 1., 1., 1., 1., 1., 1.,
        1., 1., 1., 1., 1., 1., 1., 1., 1., 1., 1., 1., 1., 1., 1., 1., 1., 1.,
        1., 1., 1., 1., 1., 1., 1., 1., 1., 1., 1., 1., 1., 1., 1., 1., 1., 1.,
        1., 1., 1., 1., 1., 1., 1., 1., 1., 1., 1., 1., 1., 1., 1., 1., 1., 1.,
        1., 1., 1., 1., 1., 1., 1., 1., 1., 1., 1., 1., 1., 1., 1., 1., 1., 1.,
        1., 1., 1., 1., 1., 1., 1., 1., 1., 1., 1., 1., 1., 1., 1., 1., 1., 1.,
        1., 1., 1., 1., 1., 1., 1., 1., 1., 1., 1., 1., 1., 1., 1., 1., 1., 1.,
        1., 1., 1., 1., 1., 1., 1., 1., 1., 1., 1., 1., 1., 1., 1., 1., 1., 1.,
        1.], device='cuda:0')
tensor([1., 1., 1., 1., 1., 1., 1., 1., 1., 1., 1., 1., 1., 1., 1., 1., 1., 1.,
        1., 1., 1., 1., 1., 1., 1., 1., 1., 1., 1., 1., 1., 1., 1., 1., 1., 1.,
        1., 1., 1., 1., 1., 1., 1., 1., 1., 1., 1., 1., 1., 1., 1., 1., 1., 1.,
        1., 1., 1., 1., 1., 1., 1., 1., 1., 1., 1., 1., 1., 1., 1., 1., 1., 1.,
        1., 1., 1., 1., 1., 1., 1., 1., 1., 1., 1., 1., 1., 1., 1., 1., 1., 1.,
        1., 1., 1., 1., 1., 1., 1., 1., 1., 1., 1., 1., 1., 1., 1., 1., 1., 1.,
        1., 1., 1., 1., 1., 1., 1., 1., 1., 1., 1., 1., 1., 1., 1., 1., 1., 1.,
        1., 1., 1., 1., 1., 1., 1., 1., 1., 1., 1., 1., 1., 1., 1., 1., 1., 1.,
        1., 1., 1., 1., 1., 1., 1., 1., 1., 1., 1., 1., 1., 1., 1., 1., 1., 1.,
        1., 1., 1., 1., 1., 1., 1., 1., 1., 1., 1., 1., 1., 1., 1., 1., 1., 1.,
        1., 1., 1., 1., 1., 1., 1., 1., 1., 1., 1., 1., 1., 1., 1., 1., 1., 1.,
        1., 1., 1., 1., 1., 1., 1., 1., 1., 1., 1., 1., 1., 1., 1., 1., 1., 1.,
        1., 1., 1., 1., 1., 1., 1., 1., 1., 1., 1., 1., 1., 1., 1., 1., 1., 1.,
        1., 1., 1., 1., 1., 1., 1., 1., 1., 1., 1., 1., 1., 1., 1., 1., 1., 1.,
        1., 1., 1., 1., 1., 1., 1., 1., 1., 1., 1., 1., 1., 1., 1., 1., 1., 1.,
        1., 1., 1., 1., 1., 1., 1., 1., 1., 1., 1., 1., 1., 1., 1., 1., 1., 1.,
        1., 1., 1., 1., 1., 1., 1., 1., 1., 1., 1., 1., 1., 1., 1., 1., 1., 1.,
        1., 1., 1., 1., 1., 1., 1., 1., 1., 1., 1., 1., 1., 1., 1., 1., 1., 1.,
        1., 1., 1., 1., 1., 1., 1., 1., 1., 1., 1., 1., 1., 1., 1., 1., 1., 1.,
        1.], device='cuda:0')
Solution is a valid permutation matrix.
0 0
[  1   2   3   4   5   6   7   8   9  10  11  12  13  14  15  16  17  18
  19  20  21  22  23  24  25  26  27  28  29  30  31  32  33  34  35  36
  37  38  39  40  41  42  43  44  45  46  47  48  49  50  51  52  53  54
  55  56  57  58  59  60  61  62  63  64  65  66  67  68  69  70  71  72
  73  74  75  76  77  78  79  80  81  82  83  84  85  86  87  88  89  90
  91  92  93  94  95  96  97  98  99 100 101 102 103 104 105 106 107 108
 109 110 111 112 113 114 115 116 117 118 119 120 121 122 123 124 125 126
 127 128 129 130 131 132 133 134 135 136 137 138 139 140 141 142 143 144
 145 146 147 148 149 150 151 152 153 154 155 156 157 158 159 160 161 162
 163 164 165 166 167 168 169 170 171 172 173 174 175 176 177 178 179 180
 181 182 183 184 185 186 187 188 189 190 191 192 193 194 195 196 197 198
 199 200 201 202 203 204 205 206 207 208 209 210 211 212 213 214 215 216
 217 218 219 220 221 222 223 224 225 226 227 228 229 230 231 232 233 234
 235 236 237 238 239 240 241 242 243 244 245 246 247 248 249 250 251 252
 253 254 255 256 257 258 259 260 261 262 263 264 265 266 267 268 269 270
 271 272 273 274 275 276 277 278 279 280 281 282 283 284 285 286 287 288
 289 290 291 292 293 294 295 296 297 298 299 300 301 302 303 304 305 306
 307 308 309 310 311 312 313 314 315 316 317 318 319 320 321 322 323 324
 325 326 327 328 329 330 331 332 333 334 335 336 337 338 339 340 341 342
 343]
1000
Starting Optimization [N=343, Batch=1000, Device=cuda]
Iter 100: Best Obj 332340.0000, Loss -16813412.0000, Term1 990140.3125, Term2 -17803552.0000
Iter 200: Best Obj 332340.0000, Loss -17095988.0000, Term1 622909.1875, Term2 -17718898.0000
Iter 300: Best Obj 332340.0000, Loss -17177476.0000, Term1 509250.5938, Term2 -17686726.0000
Iter 400: Best Obj 332340.0000, Loss -17212894.0000, Term1 457553.5312, Term2 -17670448.0000
Iter 500: Best Obj 332340.0000, Loss -17230862.0000, Term1 430166.8125, Term2 -17661028.0000
Iter 600: Best Obj 332340.0000, Loss -17240668.0000, Term1 414523.5312, Term2 -17655192.0000
Iter 700: Best Obj 332340.0000, Loss -17246216.0000, Term1 405217.3125, Term2 -17651434.0000
Iter 800: Best Obj 332340.0000, Loss -17249398.0000, Term1 399550.6250, Term2 -17648948.0000
Iter 900: Best Obj 332340.0000, Loss -17250984.0000, Term1 396092.0312, Term2 -17647076.0000
Iter 1000: Best Obj 332340.0000, Loss -17251908.0000, Term1 394143.2500, Term2 -17646052.0000
Iter 1100: Best Obj 332340.0000, Loss -17252390.0000, Term1 392923.2188, Term2 -17645314.0000
Iter 1200: Best Obj 332340.0000, Loss -17252652.0000, Term1 392090.4375, Term2 -17644742.0000
Total Time: 427.01s, FPS: 2.8
tensor([1., 1., 1., 1., 1., 1., 1., 1., 1., 1., 1., 1., 1., 1., 1., 1., 1., 1.,
        1., 1., 1., 1., 1., 1., 1., 1., 1., 1., 1., 1., 1., 1., 1., 1., 1., 1.,
        1., 1., 1., 1., 1., 1., 1., 1., 1., 1., 1., 1., 1., 1., 1., 1., 1., 1.,
        1., 1., 1., 1., 1., 1., 1., 1., 1., 1., 1., 1., 1., 1., 1., 1., 1., 1.,
        1., 1., 1., 1., 1., 1., 1., 1., 1., 1., 1., 1., 1., 1., 1., 1., 1., 1.,
        1., 1., 1., 1., 1., 1., 1., 1., 1., 1., 1., 1., 1., 1., 1., 1., 1., 1.,
        1., 1., 1., 1., 1., 1., 1., 1., 1., 1., 1., 1., 1., 1., 1., 1., 1., 1.,
        1., 1., 1., 1., 1., 1., 1., 1., 1., 1., 1., 1., 1., 1., 1., 1., 1., 1.,
        1., 1., 1., 1., 1., 1., 1., 1., 1., 1., 1., 1., 1., 1., 1., 1., 1., 1.,
        1., 1., 1., 1., 1., 1., 1., 1., 1., 1., 1., 1., 1., 1., 1., 1., 1., 1.,
        1., 1., 1., 1., 1., 1., 1., 1., 1., 1., 1., 1., 1., 1., 1., 1., 1., 1.,
        1., 1., 1., 1., 1., 1., 1., 1., 1., 1., 1., 1., 1., 1., 1., 1., 1., 1.,
        1., 1., 1., 1., 1., 1., 1., 1., 1., 1., 1., 1., 1., 1., 1., 1., 1., 1.,
        1., 1., 1., 1., 1., 1., 1., 1., 1., 1., 1., 1., 1., 1., 1., 1., 1., 1.,
        1., 1., 1., 1., 1., 1., 1., 1., 1., 1., 1., 1., 1., 1., 1., 1., 1., 1.,
        1., 1., 1., 1., 1., 1., 1., 1., 1., 1., 1., 1., 1., 1., 1., 1., 1., 1.,
        1., 1., 1., 1., 1., 1., 1., 1., 1., 1., 1., 1., 1., 1., 1., 1., 1., 1.,
        1., 1., 1., 1., 1., 1., 1., 1., 1., 1., 1., 1., 1., 1., 1., 1., 1., 1.,
        1., 1., 1., 1., 1., 1., 1., 1., 1., 1., 1., 1., 1., 1., 1., 1., 1., 1.,
        1.], device='cuda:0')
tensor([1., 1., 1., 1., 1., 1., 1., 1., 1., 1., 1., 1., 1., 1., 1., 1., 1., 1.,
        1., 1., 1., 1., 1., 1., 1., 1., 1., 1., 1., 1., 1., 1., 1., 1., 1., 1.,
        1., 1., 1., 1., 1., 1., 1., 1., 1., 1., 1., 1., 1., 1., 1., 1., 1., 1.,
        1., 1., 1., 1., 1., 1., 1., 1., 1., 1., 1., 1., 1., 1., 1., 1., 1., 1.,
        1., 1., 1., 1., 1., 1., 1., 1., 1., 1., 1., 1., 1., 1., 1., 1., 1., 1.,
        1., 1., 1., 1., 1., 1., 1., 1., 1., 1., 1., 1., 1., 1., 1., 1., 1., 1.,
        1., 1., 1., 1., 1., 1., 1., 1., 1., 1., 1., 1., 1., 1., 1., 1., 1., 1.,
        1., 1., 1., 1., 1., 1., 1., 1., 1., 1., 1., 1., 1., 1., 1., 1., 1., 1.,
        1., 1., 1., 1., 1., 1., 1., 1., 1., 1., 1., 1., 1., 1., 1., 1., 1., 1.,
        1., 1., 1., 1., 1., 1., 1., 1., 1., 1., 1., 1., 1., 1., 1., 1., 1., 1.,
        1., 1., 1., 1., 1., 1., 1., 1., 1., 1., 1., 1., 1., 1., 1., 1., 1., 1.,
        1., 1., 1., 1., 1., 1., 1., 1., 1., 1., 1., 1., 1., 1., 1., 1., 1., 1.,
        1., 1., 1., 1., 1., 1., 1., 1., 1., 1., 1., 1., 1., 1., 1., 1., 1., 1.,
        1., 1., 1., 1., 1., 1., 1., 1., 1., 1., 1., 1., 1., 1., 1., 1., 1., 1.,
        1., 1., 1., 1., 1., 1., 1., 1., 1., 1., 1., 1., 1., 1., 1., 1., 1., 1.,
        1., 1., 1., 1., 1., 1., 1., 1., 1., 1., 1., 1., 1., 1., 1., 1., 1., 1.,
        1., 1., 1., 1., 1., 1., 1., 1., 1., 1., 1., 1., 1., 1., 1., 1., 1., 1.,
        1., 1., 1., 1., 1., 1., 1., 1., 1., 1., 1., 1., 1., 1., 1., 1., 1., 1.,
        1., 1., 1., 1., 1., 1., 1., 1., 1., 1., 1., 1., 1., 1., 1., 1., 1., 1.,
        1.], device='cuda:0')
Solution is a valid permutation matrix.
/home/xjx/miniconda3/envs/scopf/lib/python3.10/site-packages/torch/_inductor/compile_fx.py:312: UserWarning: TensorFloat32 tensor cores for float32 matrix multiplication available but not enabled. Consider setting `torch.set_float32_matmul_precision('high')` for better performance.
  warnings.warn(
0 0
[530 531 532 533 534 535 536 537 538 539 540 541 542 543 544 545 546 547
 548 549 550 551 552 553 554 555 556 557 558 559 560 561 562 563 564 565
 566 567 568 569 570 571 572 573 574 575 576 577 578 579 580 581 582 583
 584 585 586 587 588 589 590 591 592 593 594 595 596 597 598 599 600 601
 602 603 604 605 606 607 608 609 610 611 612 613 614 615 616 617 618 619
 620 621 622 623 624 625 626 627 628 629 630 631 632 633 634 635 636 637
 638 639 640 641 642 643 644 645 646 647 648 649 650 651 652 653 654 655
 656 657 658 659 660 661 662 663 664 665 666 667 668 669 670 671 672 673
 674 675 676 677 678 679 680 681 682 683 684 685 686 687 688 689 690 691
 692 693 694 695 696 697 698 699 700 701 702 703 704 705 706 707 708 709
 710 711 712 713 714 715 716 717 718 719 720 721 722 723 724 725 726 727
 728 729]
200
Starting Optimization [N=729, Batch=200, Device=cuda]
Iter 100: Best Obj 1060810.0000, Loss 3109385.0000, Term1 3325159.5000, Term2 -215774.3750
Iter 200: Best Obj 1059902.0000, Loss 1743694.6250, Term1 1958474.2500, Term2 -214779.6406
Iter 300: Best Obj 1055114.0000, Loss 1322313.7500, Term1 1536622.3750, Term2 -214308.5625
Iter 400: Best Obj 1053916.0000, Loss 1134106.6250, Term1 1348046.3750, Term2 -213939.7969
Iter 500: Best Obj 1027602.0000, Loss 1036061.0000, Term1 1249554.0000, Term2 -213493.0156
Iter 600: Best Obj 963434.0000, Loss 979437.1875, Term1 1192048.5000, Term2 -212611.3125
Iter 700: Best Obj 882292.0000, Loss 937148.7500, Term1 1146500.7500, Term2 -209352.0000
Iter 800: Best Obj 719326.0000, Loss 816722.0625, Term1 998276.3125, Term2 -181554.2344
Iter 900: Best Obj 536584.0000, Loss 579859.3750, Term1 693343.0000, Term2 -113483.5938
Iter 1000: Best Obj 482880.0000, Loss 439161.3125, Term1 507102.7500, Term2 -67941.4219
Iter 1100: Best Obj 470448.0000, Loss 419770.8750, Term1 478836.7188, Term2 -59065.8555
Iter 1200: Best Obj 465212.0000, Loss 413893.3438, Term1 469612.3750, Term2 -55719.0352
Total Time: 662.20s, FPS: 1.8
tensor([1., 1., 1., 1., 1., 1., 1., 1., 1., 1., 1., 1., 1., 1., 1., 1., 1., 1.,
        1., 1., 1., 1., 1., 1., 1., 1., 1., 1., 1., 1., 1., 1., 1., 1., 1., 1.,
        1., 1., 1., 1., 1., 1., 1., 1., 1., 1., 1., 1., 1., 1., 1., 1., 1., 1.,
        1., 1., 1., 1., 1., 1., 1., 1., 1., 1., 1., 1., 1., 1., 1., 1., 1., 1.,
        1., 1., 1., 1., 1., 1., 1., 1., 1., 1., 1., 1., 1., 1., 1., 1., 1., 1.,
        1., 1., 1., 1., 1., 1., 1., 1., 1., 1., 1., 1., 1., 1., 1., 1., 1., 1.,
        1., 1., 1., 1., 1., 1., 1., 1., 1., 1., 1., 1., 1., 1., 1., 1., 1., 1.,
        1., 1., 1., 1., 1., 1., 1., 1., 1., 1., 1., 1., 1., 1., 1., 1., 1., 1.,
        1., 1., 1., 1., 1., 1., 1., 1., 1., 1., 1., 1., 1., 1., 1., 1., 1., 1.,
        1., 1., 1., 1., 1., 1., 1., 1., 1., 1., 1., 1., 1., 1., 1., 1., 1., 1.,
        1., 1., 1., 1., 1., 1., 1., 1., 1., 1., 1., 1., 1., 1., 1., 1., 1., 1.,
        1., 1., 1., 1., 1., 1., 1., 1., 1., 1., 1., 1., 1., 1., 1., 1., 1., 1.,
        1., 1., 1., 1., 1., 1., 1., 1., 1., 1., 1., 1., 1., 1., 1., 1., 1., 1.,
        1., 1., 1., 1., 1., 1., 1., 1., 1., 1., 1., 1., 1., 1., 1., 1., 1., 1.,
        1., 1., 1., 1., 1., 1., 1., 1., 1., 1., 1., 1., 1., 1., 1., 1., 1., 1.,
        1., 1., 1., 1., 1., 1., 1., 1., 1., 1., 1., 1., 1., 1., 1., 1., 1., 1.,
        1., 1., 1., 1., 1., 1., 1., 1., 1., 1., 1., 1., 1., 1., 1., 1., 1., 1.,
        1., 1., 1., 1., 1., 1., 1., 1., 1., 1., 1., 1., 1., 1., 1., 1., 1., 1.,
        1., 1., 1., 1., 1., 1., 1., 1., 1., 1., 1., 1., 1., 1., 1., 1., 1., 1.,
        1., 1., 1., 1., 1., 1., 1., 1., 1., 1., 1., 1., 1., 1., 1., 1., 1., 1.,
        1., 1., 1., 1., 1., 1., 1., 1., 1., 1., 1., 1., 1., 1., 1., 1., 1., 1.,
        1., 1., 1., 1., 1., 1., 1., 1., 1., 1., 1., 1., 1., 1., 1., 1., 1., 1.,
        1., 1., 1., 1., 1., 1., 1., 1., 1., 1., 1., 1., 1., 1., 1., 1., 1., 1.,
        1., 1., 1., 1., 1., 1., 1., 1., 1., 1., 1., 1., 1., 1., 1., 1., 1., 1.,
        1., 1., 1., 1., 1., 1., 1., 1., 1., 1., 1., 1., 1., 1., 1., 1., 1., 1.,
        1., 1., 1., 1., 1., 1., 1., 1., 1., 1., 1., 1., 1., 1., 1., 1., 1., 1.,
        1., 1., 1., 1., 1., 1., 1., 1., 1., 1., 1., 1., 1., 1., 1., 1., 1., 1.,
        1., 1., 1., 1., 1., 1., 1., 1., 1., 1., 1., 1., 1., 1., 1., 1., 1., 1.,
        1., 1., 1., 1., 1., 1., 1., 1., 1., 1., 1., 1., 1., 1., 1., 1., 1., 1.,
        1., 1., 1., 1., 1., 1., 1., 1., 1., 1., 1., 1., 1., 1., 1., 1., 1., 1.,
        1., 1., 1., 1., 1., 1., 1., 1., 1., 1., 1., 1., 1., 1., 1., 1., 1., 1.,
        1., 1., 1., 1., 1., 1., 1., 1., 1., 1., 1., 1., 1., 1., 1., 1., 1., 1.,
        1., 1., 1., 1., 1., 1., 1., 1., 1., 1., 1., 1., 1., 1., 1., 1., 1., 1.,
        1., 1., 1., 1., 1., 1., 1., 1., 1., 1., 1., 1., 1., 1., 1., 1., 1., 1.,
        1., 1., 1., 1., 1., 1., 1., 1., 1., 1., 1., 1., 1., 1., 1., 1., 1., 1.,
        1., 1., 1., 1., 1., 1., 1., 1., 1., 1., 1., 1., 1., 1., 1., 1., 1., 1.,
        1., 1., 1., 1., 1., 1., 1., 1., 1., 1., 1., 1., 1., 1., 1., 1., 1., 1.,
        1., 1., 1., 1., 1., 1., 1., 1., 1., 1., 1., 1., 1., 1., 1., 1., 1., 1.,
        1., 1., 1., 1., 1., 1., 1., 1., 1., 1., 1., 1., 1., 1., 1., 1., 1., 1.,
        1., 1., 1., 1., 1., 1., 1., 1., 1., 1., 1., 1., 1., 1., 1., 1., 1., 1.,
        1., 1., 1., 1., 1., 1., 1., 1., 1.], device='cuda:0')
tensor([1., 1., 1., 1., 1., 1., 1., 1., 1., 1., 1., 1., 1., 1., 1., 1., 1., 1.,
        1., 1., 1., 1., 1., 1., 1., 1., 1., 1., 1., 1., 1., 1., 1., 1., 1., 1.,
        1., 1., 1., 1., 1., 1., 1., 1., 1., 1., 1., 1., 1., 1., 1., 1., 1., 1.,
        1., 1., 1., 1., 1., 1., 1., 1., 1., 1., 1., 1., 1., 1., 1., 1., 1., 1.,
        1., 1., 1., 1., 1., 1., 1., 1., 1., 1., 1., 1., 1., 1., 1., 1., 1., 1.,
        1., 1., 1., 1., 1., 1., 1., 1., 1., 1., 1., 1., 1., 1., 1., 1., 1., 1.,
        1., 1., 1., 1., 1., 1., 1., 1., 1., 1., 1., 1., 1., 1., 1., 1., 1., 1.,
        1., 1., 1., 1., 1., 1., 1., 1., 1., 1., 1., 1., 1., 1., 1., 1., 1., 1.,
        1., 1., 1., 1., 1., 1., 1., 1., 1., 1., 1., 1., 1., 1., 1., 1., 1., 1.,
        1., 1., 1., 1., 1., 1., 1., 1., 1., 1., 1., 1., 1., 1., 1., 1., 1., 1.,
        1., 1., 1., 1., 1., 1., 1., 1., 1., 1., 1., 1., 1., 1., 1., 1., 1., 1.,
        1., 1., 1., 1., 1., 1., 1., 1., 1., 1., 1., 1., 1., 1., 1., 1., 1., 1.,
        1., 1., 1., 1., 1., 1., 1., 1., 1., 1., 1., 1., 1., 1., 1., 1., 1., 1.,
        1., 1., 1., 1., 1., 1., 1., 1., 1., 1., 1., 1., 1., 1., 1., 1., 1., 1.,
        1., 1., 1., 1., 1., 1., 1., 1., 1., 1., 1., 1., 1., 1., 1., 1., 1., 1.,
        1., 1., 1., 1., 1., 1., 1., 1., 1., 1., 1., 1., 1., 1., 1., 1., 1., 1.,
        1., 1., 1., 1., 1., 1., 1., 1., 1., 1., 1., 1., 1., 1., 1., 1., 1., 1.,
        1., 1., 1., 1., 1., 1., 1., 1., 1., 1., 1., 1., 1., 1., 1., 1., 1., 1.,
        1., 1., 1., 1., 1., 1., 1., 1., 1., 1., 1., 1., 1., 1., 1., 1., 1., 1.,
        1., 1., 1., 1., 1., 1., 1., 1., 1., 1., 1., 1., 1., 1., 1., 1., 1., 1.,
        1., 1., 1., 1., 1., 1., 1., 1., 1., 1., 1., 1., 1., 1., 1., 1., 1., 1.,
        1., 1., 1., 1., 1., 1., 1., 1., 1., 1., 1., 1., 1., 1., 1., 1., 1., 1.,
        1., 1., 1., 1., 1., 1., 1., 1., 1., 1., 1., 1., 1., 1., 1., 1., 1., 1.,
        1., 1., 1., 1., 1., 1., 1., 1., 1., 1., 1., 1., 1., 1., 1., 1., 1., 1.,
        1., 1., 1., 1., 1., 1., 1., 1., 1., 1., 1., 1., 1., 1., 1., 1., 1., 1.,
        1., 1., 1., 1., 1., 1., 1., 1., 1., 1., 1., 1., 1., 1., 1., 1., 1., 1.,
        1., 1., 1., 1., 1., 1., 1., 1., 1., 1., 1., 1., 1., 1., 1., 1., 1., 1.,
        1., 1., 1., 1., 1., 1., 1., 1., 1., 1., 1., 1., 1., 1., 1., 1., 1., 1.,
        1., 1., 1., 1., 1., 1., 1., 1., 1., 1., 1., 1., 1., 1., 1., 1., 1., 1.,
        1., 1., 1., 1., 1., 1., 1., 1., 1., 1., 1., 1., 1., 1., 1., 1., 1., 1.,
        1., 1., 1., 1., 1., 1., 1., 1., 1., 1., 1., 1., 1., 1., 1., 1., 1., 1.,
        1., 1., 1., 1., 1., 1., 1., 1., 1., 1., 1., 1., 1., 1., 1., 1., 1., 1.,
        1., 1., 1., 1., 1., 1., 1., 1., 1., 1., 1., 1., 1., 1., 1., 1., 1., 1.,
        1., 1., 1., 1., 1., 1., 1., 1., 1., 1., 1., 1., 1., 1., 1., 1., 1., 1.,
        1., 1., 1., 1., 1., 1., 1., 1., 1., 1., 1., 1., 1., 1., 1., 1., 1., 1.,
        1., 1., 1., 1., 1., 1., 1., 1., 1., 1., 1., 1., 1., 1., 1., 1., 1., 1.,
        1., 1., 1., 1., 1., 1., 1., 1., 1., 1., 1., 1., 1., 1., 1., 1., 1., 1.,
        1., 1., 1., 1., 1., 1., 1., 1., 1., 1., 1., 1., 1., 1., 1., 1., 1., 1.,
        1., 1., 1., 1., 1., 1., 1., 1., 1., 1., 1., 1., 1., 1., 1., 1., 1., 1.,
        1., 1., 1., 1., 1., 1., 1., 1., 1., 1., 1., 1., 1., 1., 1., 1., 1., 1.,
        1., 1., 1., 1., 1., 1., 1., 1., 1.], device='cuda:0')
Solution is a valid permutation matrix.
0 0
[530 531 532 533 534 535 536 537 538 539 540 541 542 543 544 545 546 547
 548 549 550 551 552 553 554 555 556 557 558 559 560 561 562 563 564 565
 566 567 568 569 570 571 572 573 574 575 576 577 578 579 580 581 582 583
 584 585 586 587 588 589 590 591 592 593 594 595 596 597 598 599 600 601
 602 603 604 605 606 607 608 609 610 611 612 613 614 615 616 617 618 619
 620 621 622 623 624 625 626 627 628 629 630 631 632 633 634 635 636 637
 638 639 640 641 642 643 644 645 646 647 648 649 650 651 652 653 654 655
 656 657 658 659 660 661 662 663 664 665 666 667 668 669 670 671 672 673
 674 675 676 677 678 679 680 681 682 683 684 685 686 687 688 689 690 691
 692 693 694 695 696 697 698 699 700 701 702 703 704 705 706 707 708 709
 710 711 712 713 714 715 716 717 718 719 720 721 722 723 724 725 726 727
 728 729]
200
Starting Optimization [N=729, Batch=200, Device=cuda]
Iter 100: Best Obj 1060134.0000, Loss 3001666.5000, Term1 3325406.7500, Term2 -323740.3125
Iter 200: Best Obj 1060084.0000, Loss 1636284.7500, Term1 1958619.6250, Term2 -322334.9375
Iter 300: Best Obj 1057974.0000, Loss 1215034.7500, Term1 1536763.7500, Term2 -321728.9375
Iter 400: Best Obj 1053674.0000, Loss 1026962.7500, Term1 1348265.6250, Term2 -321302.8750
Iter 500: Best Obj 1021300.0000, Loss 929213.5000, Term1 1250036.2500, Term2 -320822.7812
Iter 600: Best Obj 966612.0000, Loss 873545.5000, Term1 1193449.6250, Term2 -319904.1250
Iter 700: Best Obj 888022.0000, Loss 836152.1250, Term1 1153028.3750, Term2 -316876.2188
Iter 800: Best Obj 728200.0000, Loss 765655.0625, Term1 1058752.7500, Term2 -293097.6875
Iter 900: Best Obj 553692.0000, Loss 560287.1250, Term1 762031.3125, Term2 -201744.2031
Iter 1000: Best Obj 471566.0000, Loss 402656.4375, Term1 516608.2812, Term2 -113951.8438
Iter 1100: Best Obj 460990.0000, Loss 375162.1875, Term1 469511.0312, Term2 -94348.8594
Iter 1200: Best Obj 458108.0000, Loss 370297.5938, Term1 459690.7812, Term2 -89393.1797
Total Time: 645.30s, FPS: 1.9
tensor([1., 1., 1., 1., 1., 1., 1., 1., 1., 1., 1., 1., 1., 1., 1., 1., 1., 1.,
        1., 1., 1., 1., 1., 1., 1., 1., 1., 1., 1., 1., 1., 1., 1., 1., 1., 1.,
        1., 1., 1., 1., 1., 1., 1., 1., 1., 1., 1., 1., 1., 1., 1., 1., 1., 1.,
        1., 1., 1., 1., 1., 1., 1., 1., 1., 1., 1., 1., 1., 1., 1., 1., 1., 1.,
        1., 1., 1., 1., 1., 1., 1., 1., 1., 1., 1., 1., 1., 1., 1., 1., 1., 1.,
        1., 1., 1., 1., 1., 1., 1., 1., 1., 1., 1., 1., 1., 1., 1., 1., 1., 1.,
        1., 1., 1., 1., 1., 1., 1., 1., 1., 1., 1., 1., 1., 1., 1., 1., 1., 1.,
        1., 1., 1., 1., 1., 1., 1., 1., 1., 1., 1., 1., 1., 1., 1., 1., 1., 1.,
        1., 1., 1., 1., 1., 1., 1., 1., 1., 1., 1., 1., 1., 1., 1., 1., 1., 1.,
        1., 1., 1., 1., 1., 1., 1., 1., 1., 1., 1., 1., 1., 1., 1., 1., 1., 1.,
        1., 1., 1., 1., 1., 1., 1., 1., 1., 1., 1., 1., 1., 1., 1., 1., 1., 1.,
        1., 1., 1., 1., 1., 1., 1., 1., 1., 1., 1., 1., 1., 1., 1., 1., 1., 1.,
        1., 1., 1., 1., 1., 1., 1., 1., 1., 1., 1., 1., 1., 1., 1., 1., 1., 1.,
        1., 1., 1., 1., 1., 1., 1., 1., 1., 1., 1., 1., 1., 1., 1., 1., 1., 1.,
        1., 1., 1., 1., 1., 1., 1., 1., 1., 1., 1., 1., 1., 1., 1., 1., 1., 1.,
        1., 1., 1., 1., 1., 1., 1., 1., 1., 1., 1., 1., 1., 1., 1., 1., 1., 1.,
        1., 1., 1., 1., 1., 1., 1., 1., 1., 1., 1., 1., 1., 1., 1., 1., 1., 1.,
        1., 1., 1., 1., 1., 1., 1., 1., 1., 1., 1., 1., 1., 1., 1., 1., 1., 1.,
        1., 1., 1., 1., 1., 1., 1., 1., 1., 1., 1., 1., 1., 1., 1., 1., 1., 1.,
        1., 1., 1., 1., 1., 1., 1., 1., 1., 1., 1., 1., 1., 1., 1., 1., 1., 1.,
        1., 1., 1., 1., 1., 1., 1., 1., 1., 1., 1., 1., 1., 1., 1., 1., 1., 1.,
        1., 1., 1., 1., 1., 1., 1., 1., 1., 1., 1., 1., 1., 1., 1., 1., 1., 1.,
        1., 1., 1., 1., 1., 1., 1., 1., 1., 1., 1., 1., 1., 1., 1., 1., 1., 1.,
        1., 1., 1., 1., 1., 1., 1., 1., 1., 1., 1., 1., 1., 1., 1., 1., 1., 1.,
        1., 1., 1., 1., 1., 1., 1., 1., 1., 1., 1., 1., 1., 1., 1., 1., 1., 1.,
        1., 1., 1., 1., 1., 1., 1., 1., 1., 1., 1., 1., 1., 1., 1., 1., 1., 1.,
        1., 1., 1., 1., 1., 1., 1., 1., 1., 1., 1., 1., 1., 1., 1., 1., 1., 1.,
        1., 1., 1., 1., 1., 1., 1., 1., 1., 1., 1., 1., 1., 1., 1., 1., 1., 1.,
        1., 1., 1., 1., 1., 1., 1., 1., 1., 1., 1., 1., 1., 1., 1., 1., 1., 1.,
        1., 1., 1., 1., 1., 1., 1., 1., 1., 1., 1., 1., 1., 1., 1., 1., 1., 1.,
        1., 1., 1., 1., 1., 1., 1., 1., 1., 1., 1., 1., 1., 1., 1., 1., 1., 1.,
        1., 1., 1., 1., 1., 1., 1., 1., 1., 1., 1., 1., 1., 1., 1., 1., 1., 1.,
        1., 1., 1., 1., 1., 1., 1., 1., 1., 1., 1., 1., 1., 1., 1., 1., 1., 1.,
        1., 1., 1., 1., 1., 1., 1., 1., 1., 1., 1., 1., 1., 1., 1., 1., 1., 1.,
        1., 1., 1., 1., 1., 1., 1., 1., 1., 1., 1., 1., 1., 1., 1., 1., 1., 1.,
        1., 1., 1., 1., 1., 1., 1., 1., 1., 1., 1., 1., 1., 1., 1., 1., 1., 1.,
        1., 1., 1., 1., 1., 1., 1., 1., 1., 1., 1., 1., 1., 1., 1., 1., 1., 1.,
        1., 1., 1., 1., 1., 1., 1., 1., 1., 1., 1., 1., 1., 1., 1., 1., 1., 1.,
        1., 1., 1., 1., 1., 1., 1., 1., 1., 1., 1., 1., 1., 1., 1., 1., 1., 1.,
        1., 1., 1., 1., 1., 1., 1., 1., 1., 1., 1., 1., 1., 1., 1., 1., 1., 1.,
        1., 1., 1., 1., 1., 1., 1., 1., 1.], device='cuda:0')
tensor([1., 1., 1., 1., 1., 1., 1., 1., 1., 1., 1., 1., 1., 1., 1., 1., 1., 1.,
        1., 1., 1., 1., 1., 1., 1., 1., 1., 1., 1., 1., 1., 1., 1., 1., 1., 1.,
        1., 1., 1., 1., 1., 1., 1., 1., 1., 1., 1., 1., 1., 1., 1., 1., 1., 1.,
        1., 1., 1., 1., 1., 1., 1., 1., 1., 1., 1., 1., 1., 1., 1., 1., 1., 1.,
        1., 1., 1., 1., 1., 1., 1., 1., 1., 1., 1., 1., 1., 1., 1., 1., 1., 1.,
        1., 1., 1., 1., 1., 1., 1., 1., 1., 1., 1., 1., 1., 1., 1., 1., 1., 1.,
        1., 1., 1., 1., 1., 1., 1., 1., 1., 1., 1., 1., 1., 1., 1., 1., 1., 1.,
        1., 1., 1., 1., 1., 1., 1., 1., 1., 1., 1., 1., 1., 1., 1., 1., 1., 1.,
        1., 1., 1., 1., 1., 1., 1., 1., 1., 1., 1., 1., 1., 1., 1., 1., 1., 1.,
        1., 1., 1., 1., 1., 1., 1., 1., 1., 1., 1., 1., 1., 1., 1., 1., 1., 1.,
        1., 1., 1., 1., 1., 1., 1., 1., 1., 1., 1., 1., 1., 1., 1., 1., 1., 1.,
        1., 1., 1., 1., 1., 1., 1., 1., 1., 1., 1., 1., 1., 1., 1., 1., 1., 1.,
        1., 1., 1., 1., 1., 1., 1., 1., 1., 1., 1., 1., 1., 1., 1., 1., 1., 1.,
        1., 1., 1., 1., 1., 1., 1., 1., 1., 1., 1., 1., 1., 1., 1., 1., 1., 1.,
        1., 1., 1., 1., 1., 1., 1., 1., 1., 1., 1., 1., 1., 1., 1., 1., 1., 1.,
        1., 1., 1., 1., 1., 1., 1., 1., 1., 1., 1., 1., 1., 1., 1., 1., 1., 1.,
        1., 1., 1., 1., 1., 1., 1., 1., 1., 1., 1., 1., 1., 1., 1., 1., 1., 1.,
        1., 1., 1., 1., 1., 1., 1., 1., 1., 1., 1., 1., 1., 1., 1., 1., 1., 1.,
        1., 1., 1., 1., 1., 1., 1., 1., 1., 1., 1., 1., 1., 1., 1., 1., 1., 1.,
        1., 1., 1., 1., 1., 1., 1., 1., 1., 1., 1., 1., 1., 1., 1., 1., 1., 1.,
        1., 1., 1., 1., 1., 1., 1., 1., 1., 1., 1., 1., 1., 1., 1., 1., 1., 1.,
        1., 1., 1., 1., 1., 1., 1., 1., 1., 1., 1., 1., 1., 1., 1., 1., 1., 1.,
        1., 1., 1., 1., 1., 1., 1., 1., 1., 1., 1., 1., 1., 1., 1., 1., 1., 1.,
        1., 1., 1., 1., 1., 1., 1., 1., 1., 1., 1., 1., 1., 1., 1., 1., 1., 1.,
        1., 1., 1., 1., 1., 1., 1., 1., 1., 1., 1., 1., 1., 1., 1., 1., 1., 1.,
        1., 1., 1., 1., 1., 1., 1., 1., 1., 1., 1., 1., 1., 1., 1., 1., 1., 1.,
        1., 1., 1., 1., 1., 1., 1., 1., 1., 1., 1., 1., 1., 1., 1., 1., 1., 1.,
        1., 1., 1., 1., 1., 1., 1., 1., 1., 1., 1., 1., 1., 1., 1., 1., 1., 1.,
        1., 1., 1., 1., 1., 1., 1., 1., 1., 1., 1., 1., 1., 1., 1., 1., 1., 1.,
        1., 1., 1., 1., 1., 1., 1., 1., 1., 1., 1., 1., 1., 1., 1., 1., 1., 1.,
        1., 1., 1., 1., 1., 1., 1., 1., 1., 1., 1., 1., 1., 1., 1., 1., 1., 1.,
        1., 1., 1., 1., 1., 1., 1., 1., 1., 1., 1., 1., 1., 1., 1., 1., 1., 1.,
        1., 1., 1., 1., 1., 1., 1., 1., 1., 1., 1., 1., 1., 1., 1., 1., 1., 1.,
        1., 1., 1., 1., 1., 1., 1., 1., 1., 1., 1., 1., 1., 1., 1., 1., 1., 1.,
        1., 1., 1., 1., 1., 1., 1., 1., 1., 1., 1., 1., 1., 1., 1., 1., 1., 1.,
        1., 1., 1., 1., 1., 1., 1., 1., 1., 1., 1., 1., 1., 1., 1., 1., 1., 1.,
        1., 1., 1., 1., 1., 1., 1., 1., 1., 1., 1., 1., 1., 1., 1., 1., 1., 1.,
        1., 1., 1., 1., 1., 1., 1., 1., 1., 1., 1., 1., 1., 1., 1., 1., 1., 1.,
        1., 1., 1., 1., 1., 1., 1., 1., 1., 1., 1., 1., 1., 1., 1., 1., 1., 1.,
        1., 1., 1., 1., 1., 1., 1., 1., 1., 1., 1., 1., 1., 1., 1., 1., 1., 1.,
        1., 1., 1., 1., 1., 1., 1., 1., 1.], device='cuda:0')
Solution is a valid permutation matrix.
0 0
[530 531 532 533 534 535 536 537 538 539 540 541 542 543 544 545 546 547
 548 549 550 551 552 553 554 555 556 557 558 559 560 561 562 563 564 565
 566 567 568 569 570 571 572 573 574 575 576 577 578 579 580 581 582 583
 584 585 586 587 588 589 590 591 592 593 594 595 596 597 598 599 600 601
 602 603 604 605 606 607 608 609 610 611 612 613 614 615 616 617 618 619
 620 621 622 623 624 625 626 627 628 629 630 631 632 633 634 635 636 637
 638 639 640 641 642 643 644 645 646 647 648 649 650 651 652 653 654 655
 656 657 658 659 660 661 662 663 664 665 666 667 668 669 670 671 672 673
 674 675 676 677 678 679 680 681 682 683 684 685 686 687 688 689 690 691
 692 693 694 695 696 697 698 699 700 701 702 703 704 705 706 707 708 709
 710 711 712 713 714 715 716 717 718 719 720 721 722 723 724 725 726 727
 728 729]
200
Starting Optimization [N=729, Batch=200, Device=cuda]
Iter 100: Best Obj 1063178.0000, Loss 2893940.2500, Term1 3325651.5000, Term2 -431711.3438
Iter 200: Best Obj 1063178.0000, Loss 1528855.7500, Term1 1958761.1250, Term2 -429905.3125
Iter 300: Best Obj 1058332.0000, Loss 1107713.2500, Term1 1536894.5000, Term2 -429181.3125
Iter 400: Best Obj 1054046.0000, Loss 919730.9375, Term1 1348456.2500, Term2 -428725.3125
Iter 500: Best Obj 1019080.0000, Loss 822175.3125, Term1 1250434.5000, Term2 -428259.1875
Iter 600: Best Obj 968048.0000, Loss 767138.6250, Term1 1194547.6250, Term2 -427409.0000
Iter 700: Best Obj 897900.0000, Loss 732585.1250, Term1 1157467.5000, Term2 -424882.3750
Iter 800: Best Obj 776238.0000, Loss 691837.3125, Term1 1101041.8750, Term2 -409204.5625
Iter 900: Best Obj 565662.0000, Loss 535444.5000, Term1 848114.8750, Term2 -312670.3750
Iter 1000: Best Obj 468980.0000, Loss 392617.4375, Term1 582094.6875, Term2 -189477.2344
Iter 1100: Best Obj 454622.0000, Loss 340579.1250, Term1 475246.6250, Term2 -134667.4844
Iter 1200: Best Obj 454622.0000, Loss 335794.3125, Term1 462086.4688, Term2 -126292.1406
Total Time: 679.44s, FPS: 1.8
tensor([1., 1., 1., 1., 1., 1., 1., 1., 1., 1., 1., 1., 1., 1., 1., 1., 1., 1.,
        1., 1., 1., 1., 1., 1., 1., 1., 1., 1., 1., 1., 1., 1., 1., 1., 1., 1.,
        1., 1., 1., 1., 1., 1., 1., 1., 1., 1., 1., 1., 1., 1., 1., 1., 1., 1.,
        1., 1., 1., 1., 1., 1., 1., 1., 1., 1., 1., 1., 1., 1., 1., 1., 1., 1.,
        1., 1., 1., 1., 1., 1., 1., 1., 1., 1., 1., 1., 1., 1., 1., 1., 1., 1.,
        1., 1., 1., 1., 1., 1., 1., 1., 1., 1., 1., 1., 1., 1., 1., 1., 1., 1.,
        1., 1., 1., 1., 1., 1., 1., 1., 1., 1., 1., 1., 1., 1., 1., 1., 1., 1.,
        1., 1., 1., 1., 1., 1., 1., 1., 1., 1., 1., 1., 1., 1., 1., 1., 1., 1.,
        1., 1., 1., 1., 1., 1., 1., 1., 1., 1., 1., 1., 1., 1., 1., 1., 1., 1.,
        1., 1., 1., 1., 1., 1., 1., 1., 1., 1., 1., 1., 1., 1., 1., 1., 1., 1.,
        1., 1., 1., 1., 1., 1., 1., 1., 1., 1., 1., 1., 1., 1., 1., 1., 1., 1.,
        1., 1., 1., 1., 1., 1., 1., 1., 1., 1., 1., 1., 1., 1., 1., 1., 1., 1.,
        1., 1., 1., 1., 1., 1., 1., 1., 1., 1., 1., 1., 1., 1., 1., 1., 1., 1.,
        1., 1., 1., 1., 1., 1., 1., 1., 1., 1., 1., 1., 1., 1., 1., 1., 1., 1.,
        1., 1., 1., 1., 1., 1., 1., 1., 1., 1., 1., 1., 1., 1., 1., 1., 1., 1.,
        1., 1., 1., 1., 1., 1., 1., 1., 1., 1., 1., 1., 1., 1., 1., 1., 1., 1.,
        1., 1., 1., 1., 1., 1., 1., 1., 1., 1., 1., 1., 1., 1., 1., 1., 1., 1.,
        1., 1., 1., 1., 1., 1., 1., 1., 1., 1., 1., 1., 1., 1., 1., 1., 1., 1.,
        1., 1., 1., 1., 1., 1., 1., 1., 1., 1., 1., 1., 1., 1., 1., 1., 1., 1.,
        1., 1., 1., 1., 1., 1., 1., 1., 1., 1., 1., 1., 1., 1., 1., 1., 1., 1.,
        1., 1., 1., 1., 1., 1., 1., 1., 1., 1., 1., 1., 1., 1., 1., 1., 1., 1.,
        1., 1., 1., 1., 1., 1., 1., 1., 1., 1., 1., 1., 1., 1., 1., 1., 1., 1.,
        1., 1., 1., 1., 1., 1., 1., 1., 1., 1., 1., 1., 1., 1., 1., 1., 1., 1.,
        1., 1., 1., 1., 1., 1., 1., 1., 1., 1., 1., 1., 1., 1., 1., 1., 1., 1.,
        1., 1., 1., 1., 1., 1., 1., 1., 1., 1., 1., 1., 1., 1., 1., 1., 1., 1.,
        1., 1., 1., 1., 1., 1., 1., 1., 1., 1., 1., 1., 1., 1., 1., 1., 1., 1.,
        1., 1., 1., 1., 1., 1., 1., 1., 1., 1., 1., 1., 1., 1., 1., 1., 1., 1.,
        1., 1., 1., 1., 1., 1., 1., 1., 1., 1., 1., 1., 1., 1., 1., 1., 1., 1.,
        1., 1., 1., 1., 1., 1., 1., 1., 1., 1., 1., 1., 1., 1., 1., 1., 1., 1.,
        1., 1., 1., 1., 1., 1., 1., 1., 1., 1., 1., 1., 1., 1., 1., 1., 1., 1.,
        1., 1., 1., 1., 1., 1., 1., 1., 1., 1., 1., 1., 1., 1., 1., 1., 1., 1.,
        1., 1., 1., 1., 1., 1., 1., 1., 1., 1., 1., 1., 1., 1., 1., 1., 1., 1.,
        1., 1., 1., 1., 1., 1., 1., 1., 1., 1., 1., 1., 1., 1., 1., 1., 1., 1.,
        1., 1., 1., 1., 1., 1., 1., 1., 1., 1., 1., 1., 1., 1., 1., 1., 1., 1.,
        1., 1., 1., 1., 1., 1., 1., 1., 1., 1., 1., 1., 1., 1., 1., 1., 1., 1.,
        1., 1., 1., 1., 1., 1., 1., 1., 1., 1., 1., 1., 1., 1., 1., 1., 1., 1.,
        1., 1., 1., 1., 1., 1., 1., 1., 1., 1., 1., 1., 1., 1., 1., 1., 1., 1.,
        1., 1., 1., 1., 1., 1., 1., 1., 1., 1., 1., 1., 1., 1., 1., 1., 1., 1.,
        1., 1., 1., 1., 1., 1., 1., 1., 1., 1., 1., 1., 1., 1., 1., 1., 1., 1.,
        1., 1., 1., 1., 1., 1., 1., 1., 1., 1., 1., 1., 1., 1., 1., 1., 1., 1.,
        1., 1., 1., 1., 1., 1., 1., 1., 1.], device='cuda:0')
tensor([1., 1., 1., 1., 1., 1., 1., 1., 1., 1., 1., 1., 1., 1., 1., 1., 1., 1.,
        1., 1., 1., 1., 1., 1., 1., 1., 1., 1., 1., 1., 1., 1., 1., 1., 1., 1.,
        1., 1., 1., 1., 1., 1., 1., 1., 1., 1., 1., 1., 1., 1., 1., 1., 1., 1.,
        1., 1., 1., 1., 1., 1., 1., 1., 1., 1., 1., 1., 1., 1., 1., 1., 1., 1.,
        1., 1., 1., 1., 1., 1., 1., 1., 1., 1., 1., 1., 1., 1., 1., 1., 1., 1.,
        1., 1., 1., 1., 1., 1., 1., 1., 1., 1., 1., 1., 1., 1., 1., 1., 1., 1.,
        1., 1., 1., 1., 1., 1., 1., 1., 1., 1., 1., 1., 1., 1., 1., 1., 1., 1.,
        1., 1., 1., 1., 1., 1., 1., 1., 1., 1., 1., 1., 1., 1., 1., 1., 1., 1.,
        1., 1., 1., 1., 1., 1., 1., 1., 1., 1., 1., 1., 1., 1., 1., 1., 1., 1.,
        1., 1., 1., 1., 1., 1., 1., 1., 1., 1., 1., 1., 1., 1., 1., 1., 1., 1.,
        1., 1., 1., 1., 1., 1., 1., 1., 1., 1., 1., 1., 1., 1., 1., 1., 1., 1.,
        1., 1., 1., 1., 1., 1., 1., 1., 1., 1., 1., 1., 1., 1., 1., 1., 1., 1.,
        1., 1., 1., 1., 1., 1., 1., 1., 1., 1., 1., 1., 1., 1., 1., 1., 1., 1.,
        1., 1., 1., 1., 1., 1., 1., 1., 1., 1., 1., 1., 1., 1., 1., 1., 1., 1.,
        1., 1., 1., 1., 1., 1., 1., 1., 1., 1., 1., 1., 1., 1., 1., 1., 1., 1.,
        1., 1., 1., 1., 1., 1., 1., 1., 1., 1., 1., 1., 1., 1., 1., 1., 1., 1.,
        1., 1., 1., 1., 1., 1., 1., 1., 1., 1., 1., 1., 1., 1., 1., 1., 1., 1.,
        1., 1., 1., 1., 1., 1., 1., 1., 1., 1., 1., 1., 1., 1., 1., 1., 1., 1.,
        1., 1., 1., 1., 1., 1., 1., 1., 1., 1., 1., 1., 1., 1., 1., 1., 1., 1.,
        1., 1., 1., 1., 1., 1., 1., 1., 1., 1., 1., 1., 1., 1., 1., 1., 1., 1.,
        1., 1., 1., 1., 1., 1., 1., 1., 1., 1., 1., 1., 1., 1., 1., 1., 1., 1.,
        1., 1., 1., 1., 1., 1., 1., 1., 1., 1., 1., 1., 1., 1., 1., 1., 1., 1.,
        1., 1., 1., 1., 1., 1., 1., 1., 1., 1., 1., 1., 1., 1., 1., 1., 1., 1.,
        1., 1., 1., 1., 1., 1., 1., 1., 1., 1., 1., 1., 1., 1., 1., 1., 1., 1.,
        1., 1., 1., 1., 1., 1., 1., 1., 1., 1., 1., 1., 1., 1., 1., 1., 1., 1.,
        1., 1., 1., 1., 1., 1., 1., 1., 1., 1., 1., 1., 1., 1., 1., 1., 1., 1.,
        1., 1., 1., 1., 1., 1., 1., 1., 1., 1., 1., 1., 1., 1., 1., 1., 1., 1.,
        1., 1., 1., 1., 1., 1., 1., 1., 1., 1., 1., 1., 1., 1., 1., 1., 1., 1.,
        1., 1., 1., 1., 1., 1., 1., 1., 1., 1., 1., 1., 1., 1., 1., 1., 1., 1.,
        1., 1., 1., 1., 1., 1., 1., 1., 1., 1., 1., 1., 1., 1., 1., 1., 1., 1.,
        1., 1., 1., 1., 1., 1., 1., 1., 1., 1., 1., 1., 1., 1., 1., 1., 1., 1.,
        1., 1., 1., 1., 1., 1., 1., 1., 1., 1., 1., 1., 1., 1., 1., 1., 1., 1.,
        1., 1., 1., 1., 1., 1., 1., 1., 1., 1., 1., 1., 1., 1., 1., 1., 1., 1.,
        1., 1., 1., 1., 1., 1., 1., 1., 1., 1., 1., 1., 1., 1., 1., 1., 1., 1.,
        1., 1., 1., 1., 1., 1., 1., 1., 1., 1., 1., 1., 1., 1., 1., 1., 1., 1.,
        1., 1., 1., 1., 1., 1., 1., 1., 1., 1., 1., 1., 1., 1., 1., 1., 1., 1.,
        1., 1., 1., 1., 1., 1., 1., 1., 1., 1., 1., 1., 1., 1., 1., 1., 1., 1.,
        1., 1., 1., 1., 1., 1., 1., 1., 1., 1., 1., 1., 1., 1., 1., 1., 1., 1.,
        1., 1., 1., 1., 1., 1., 1., 1., 1., 1., 1., 1., 1., 1., 1., 1., 1., 1.,
        1., 1., 1., 1., 1., 1., 1., 1., 1., 1., 1., 1., 1., 1., 1., 1., 1., 1.,
        1., 1., 1., 1., 1., 1., 1., 1., 1.], device='cuda:0')
Solution is a valid permutation matrix.
/home/xjx/miniconda3/envs/scopf/lib/python3.10/site-packages/torch/_inductor/compile_fx.py:312: UserWarning: TensorFloat32 tensor cores for float32 matrix multiplication available but not enabled. Consider setting `torch.set_float32_matmul_precision('high')` for better performance.
  warnings.warn(
0 0
[  1   2   3   4   5   6   7   8   9  10  11  12  13  14  15  16  17  18
  19  20  21  22  23  24  25  26  27  28  29  30  31  32  33  34  35  36
  37  38  39  40  41  42  43  44  45  46  47  48  49  50  51  52  53  54
  55  56  57  58  59  60  61  62  63  64  65  66  67  68  69  70  71  72
  73  74  75  76  77  78  79  80  81  82  83  84  85  86  87  88  89  90
  91  92  93  94  95  96  97  98  99 100 101 102 103 104 105 106 107 108
 109 110 111 112 113 114 115 116 117 118 119 120 121 122 123 124 125]
2000
Starting Optimization [N=125, Batch=2000, Device=cuda]
Iter 100: Best Obj 88440.0000, Loss 138431.7500, Term1 229095.1406, Term2 -90663.3828
Iter 200: Best Obj 88440.0000, Loss 65444.0625, Term1 157759.8438, Term2 -92315.7812
Iter 300: Best Obj 82038.0000, Loss 41606.7031, Term1 136011.2656, Term2 -94404.5625
Iter 400: Best Obj 69836.0000, Loss 30954.0469, Term1 124998.2422, Term2 -94044.1953
Iter 500: Best Obj 53690.0000, Loss 22172.9531, Term1 109542.6094, Term2 -87369.6562
Iter 600: Best Obj 45350.0000, Loss 10437.5234, Term1 84753.7344, Term2 -74316.2109
Iter 700: Best Obj 40166.0000, Loss 3070.8516, Term1 68246.4062, Term2 -65175.5547
Iter 800: Best Obj 38246.0000, Loss 794.5156, Term1 60864.1094, Term2 -60069.5938
Iter 900: Best Obj 37622.0000, Loss 260.0312, Term1 57994.8594, Term2 -57734.8281
Iter 1000: Best Obj 36814.0000, Loss 153.3867, Term1 56871.7812, Term2 -56718.3945
Iter 1100: Best Obj 36778.0000, Loss 173.3125, Term1 56277.0977, Term2 -56103.7852
Iter 1200: Best Obj 36700.0000, Loss 283.1523, Term1 55978.5547, Term2 -55695.4023
Total Time: 79.76s, FPS: 15.0
tensor([1., 1., 1., 1., 1., 1., 1., 1., 1., 1., 1., 1., 1., 1., 1., 1., 1., 1.,
        1., 1., 1., 1., 1., 1., 1., 1., 1., 1., 1., 1., 1., 1., 1., 1., 1., 1.,
        1., 1., 1., 1., 1., 1., 1., 1., 1., 1., 1., 1., 1., 1., 1., 1., 1., 1.,
        1., 1., 1., 1., 1., 1., 1., 1., 1., 1., 1., 1., 1., 1., 1., 1., 1., 1.,
        1., 1., 1., 1., 1., 1., 1., 1., 1., 1., 1., 1., 1., 1., 1., 1., 1., 1.,
        1., 1., 1., 1., 1., 1., 1., 1., 1., 1., 1., 1., 1., 1., 1., 1., 1., 1.,
        1., 1., 1., 1., 1., 1., 1., 1., 1., 1., 1., 1., 1., 1., 1., 1., 1.],
       device='cuda:0')
tensor([1., 1., 1., 1., 1., 1., 1., 1., 1., 1., 1., 1., 1., 1., 1., 1., 1., 1.,
        1., 1., 1., 1., 1., 1., 1., 1., 1., 1., 1., 1., 1., 1., 1., 1., 1., 1.,
        1., 1., 1., 1., 1., 1., 1., 1., 1., 1., 1., 1., 1., 1., 1., 1., 1., 1.,
        1., 1., 1., 1., 1., 1., 1., 1., 1., 1., 1., 1., 1., 1., 1., 1., 1., 1.,
        1., 1., 1., 1., 1., 1., 1., 1., 1., 1., 1., 1., 1., 1., 1., 1., 1., 1.,
        1., 1., 1., 1., 1., 1., 1., 1., 1., 1., 1., 1., 1., 1., 1., 1., 1., 1.,
        1., 1., 1., 1., 1., 1., 1., 1., 1., 1., 1., 1., 1., 1., 1., 1., 1.],
       device='cuda:0')
Solution is a valid permutation matrix.
0 0
[  1   2   3   4   5   6   7   8   9  10  11  12  13  14  15  16  17  18
  19  20  21  22  23  24  25  26  27  28  29  30  31  32  33  34  35  36
  37  38  39  40  41  42  43  44  45  46  47  48  49  50  51  52  53  54
  55  56  57  58  59  60  61  62  63  64  65  66  67  68  69  70  71  72
  73  74  75  76  77  78  79  80  81  82  83  84  85  86  87  88  89  90
  91  92  93  94  95  96  97  98  99 100 101 102 103 104 105 106 107 108
 109 110 111 112 113 114 115 116 117 118 119 120 121 122 123 124 125]
2000
Starting Optimization [N=125, Batch=2000, Device=cuda]
Iter 100: Best Obj 97858.0000, Loss 139935.2969, Term1 230564.1094, Term2 -90628.8125
Iter 200: Best Obj 89630.0000, Loss 65764.2188, Term1 158016.4219, Term2 -92252.2031
Iter 300: Best Obj 82364.0000, Loss 41471.3906, Term1 135894.1250, Term2 -94422.7344
Iter 400: Best Obj 66256.0000, Loss 30974.2734, Term1 125666.8984, Term2 -94692.6250
Iter 500: Best Obj 55976.0000, Loss 24442.4609, Term1 115329.2344, Term2 -90886.7734
Iter 600: Best Obj 45168.0000, Loss 15048.6641, Term1 94561.7734, Term2 -79513.1094
Iter 700: Best Obj 41390.0000, Loss 5941.0703, Term1 73149.1875, Term2 -67208.1172
Iter 800: Best Obj 39164.0000, Loss 2817.0469, Term1 62862.6016, Term2 -60045.5547
Iter 900: Best Obj 37482.0000, Loss 2129.4414, Term1 58689.5391, Term2 -56560.0977
Iter 1000: Best Obj 37428.0000, Loss 2028.4961, Term1 57241.3711, Term2 -55212.8750
Iter 1100: Best Obj 37428.0000, Loss 2062.9219, Term1 56513.2031, Term2 -54450.2812
Iter 1200: Best Obj 37428.0000, Loss 2162.2148, Term1 56032.6758, Term2 -53870.4609
Total Time: 73.42s, FPS: 16.3
tensor([1., 1., 1., 1., 1., 1., 1., 1., 1., 1., 1., 1., 1., 1., 1., 1., 1., 1.,
        1., 1., 1., 1., 1., 1., 1., 1., 1., 1., 1., 1., 1., 1., 1., 1., 1., 1.,
        1., 1., 1., 1., 1., 1., 1., 1., 1., 1., 1., 1., 1., 1., 1., 1., 1., 1.,
        1., 1., 1., 1., 1., 1., 1., 1., 1., 1., 1., 1., 1., 1., 1., 1., 1., 1.,
        1., 1., 1., 1., 1., 1., 1., 1., 1., 1., 1., 1., 1., 1., 1., 1., 1., 1.,
        1., 1., 1., 1., 1., 1., 1., 1., 1., 1., 1., 1., 1., 1., 1., 1., 1., 1.,
        1., 1., 1., 1., 1., 1., 1., 1., 1., 1., 1., 1., 1., 1., 1., 1., 1.],
       device='cuda:0')
tensor([1., 1., 1., 1., 1., 1., 1., 1., 1., 1., 1., 1., 1., 1., 1., 1., 1., 1.,
        1., 1., 1., 1., 1., 1., 1., 1., 1., 1., 1., 1., 1., 1., 1., 1., 1., 1.,
        1., 1., 1., 1., 1., 1., 1., 1., 1., 1., 1., 1., 1., 1., 1., 1., 1., 1.,
        1., 1., 1., 1., 1., 1., 1., 1., 1., 1., 1., 1., 1., 1., 1., 1., 1., 1.,
        1., 1., 1., 1., 1., 1., 1., 1., 1., 1., 1., 1., 1., 1., 1., 1., 1., 1.,
        1., 1., 1., 1., 1., 1., 1., 1., 1., 1., 1., 1., 1., 1., 1., 1., 1., 1.,
        1., 1., 1., 1., 1., 1., 1., 1., 1., 1., 1., 1., 1., 1., 1., 1., 1.],
       device='cuda:0')
Solution is a valid permutation matrix.
0 0
[  1   2   3   4   5   6   7   8   9  10  11  12  13  14  15  16  17  18
  19  20  21  22  23  24  25  26  27  28  29  30  31  32  33  34  35  36
  37  38  39  40  41  42  43  44  45  46  47  48  49  50  51  52  53  54
  55  56  57  58  59  60  61  62  63  64  65  66  67  68  69  70  71  72
  73  74  75  76  77  78  79  80  81  82  83  84  85  86  87  88  89  90
  91  92  93  94  95  96  97  98  99 100 101 102 103 104 105 106 107 108
 109 110 111 112 113 114 115 116 117 118 119 120 121 122 123 124 125]
2000
Starting Optimization [N=125, Batch=2000, Device=cuda]
Iter 100: Best Obj 89380.0000, Loss 114411.5703, Term1 205221.2344, Term2 -90809.6641
Iter 200: Best Obj 85310.0000, Loss 49512.9297, Term1 142165.2812, Term2 -92652.3516
Iter 300: Best Obj 77684.0000, Loss 28083.7656, Term1 122732.3984, Term2 -94648.6328
Iter 400: Best Obj 65396.0000, Loss 18758.7656, Term1 112812.1328, Term2 -94053.3672
Iter 500: Best Obj 47290.0000, Loss 11454.9688, Term1 99797.1094, Term2 -88342.1406
Iter 600: Best Obj 39058.0000, Loss 2299.9375, Term1 79279.6875, Term2 -76979.7500
Iter 700: Best Obj 35150.0000, Loss -3460.4453, Term1 64511.5234, Term2 -67971.9688
Iter 800: Best Obj 33496.0000, Loss -5250.8789, Term1 57362.9727, Term2 -62613.8516
Iter 900: Best Obj 33496.0000, Loss -5658.5000, Term1 54347.1680, Term2 -60005.6680
Iter 1000: Best Obj 32854.0000, Loss -5760.3477, Term1 52983.0781, Term2 -58743.4258
Iter 1100: Best Obj 32854.0000, Loss -5788.8594, Term1 52103.7734, Term2 -57892.6328
Iter 1200: Best Obj 32854.0000, Loss -5686.1875, Term1 51794.5156, Term2 -57480.7031
Total Time: 73.33s, FPS: 16.4
tensor([1., 1., 1., 1., 1., 1., 1., 1., 1., 1., 1., 1., 1., 1., 1., 1., 1., 1.,
        1., 1., 1., 1., 1., 1., 1., 1., 1., 1., 1., 1., 1., 1., 1., 1., 1., 1.,
        1., 1., 1., 1., 1., 1., 1., 1., 1., 1., 1., 1., 1., 1., 1., 1., 1., 1.,
        1., 1., 1., 1., 1., 1., 1., 1., 1., 1., 1., 1., 1., 1., 1., 1., 1., 1.,
        1., 1., 1., 1., 1., 1., 1., 1., 1., 1., 1., 1., 1., 1., 1., 1., 1., 1.,
        1., 1., 1., 1., 1., 1., 1., 1., 1., 1., 1., 1., 1., 1., 1., 1., 1., 1.,
        1., 1., 1., 1., 1., 1., 1., 1., 1., 1., 1., 1., 1., 1., 1., 1., 1.],
       device='cuda:0')
tensor([1., 1., 1., 1., 1., 1., 1., 1., 1., 1., 1., 1., 1., 1., 1., 1., 1., 1.,
        1., 1., 1., 1., 1., 1., 1., 1., 1., 1., 1., 1., 1., 1., 1., 1., 1., 1.,
        1., 1., 1., 1., 1., 1., 1., 1., 1., 1., 1., 1., 1., 1., 1., 1., 1., 1.,
        1., 1., 1., 1., 1., 1., 1., 1., 1., 1., 1., 1., 1., 1., 1., 1., 1., 1.,
        1., 1., 1., 1., 1., 1., 1., 1., 1., 1., 1., 1., 1., 1., 1., 1., 1., 1.,
        1., 1., 1., 1., 1., 1., 1., 1., 1., 1., 1., 1., 1., 1., 1., 1., 1., 1.,
        1., 1., 1., 1., 1., 1., 1., 1., 1., 1., 1., 1., 1., 1., 1., 1., 1.],
       device='cuda:0')
Solution is a valid permutation matrix.
0 0
[  1   2   3   4   5   6   7   8   9  10  11  12  13  14  15  16  17  18
  19  20  21  22  23  24  25  26  27  28  29  30  31  32  33  34  35  36
  37  38  39  40  41  42  43  44  45  46  47  48  49  50  51  52  53  54
  55  56  57  58  59  60  61  62  63  64  65  66  67  68  69  70  71  72
  73  74  75  76  77  78  79  80  81  82  83  84  85  86  87  88  89  90
  91  92  93  94  95  96  97  98  99 100 101 102 103 104 105 106 107 108
 109 110 111 112 113 114 115 116 117 118 119 120 121 122 123 124 125]
2000
Starting Optimization [N=125, Batch=2000, Device=cuda]
Iter 100: Best Obj 92266.0000, Loss 127965.2500, Term1 218664.9688, Term2 -90699.7188
Iter 200: Best Obj 90778.0000, Loss 57057.8516, Term1 149461.2969, Term2 -92403.4453
Iter 300: Best Obj 85876.0000, Loss 33816.3047, Term1 128372.3906, Term2 -94556.0859
Iter 400: Best Obj 68024.0000, Loss 23873.3047, Term1 118526.3750, Term2 -94653.0703
Iter 500: Best Obj 51750.0000, Loss 17149.0469, Term1 107466.0547, Term2 -90317.0078
Iter 600: Best Obj 43620.0000, Loss 7554.5078, Term1 86729.7656, Term2 -79175.2578
Iter 700: Best Obj 37296.0000, Loss -734.7031, Term1 68023.1250, Term2 -68757.8281
Iter 800: Best Obj 35724.0000, Loss -3269.8008, Term1 60107.0352, Term2 -63376.8359
Iter 900: Best Obj 35078.0000, Loss -3775.1992, Term1 57222.7227, Term2 -60997.9219
Iter 1000: Best Obj 35078.0000, Loss -3831.9102, Term1 56157.4844, Term2 -59989.3945
Iter 1100: Best Obj 34932.0000, Loss -3780.0703, Term1 55546.2344, Term2 -59326.3047
Iter 1200: Best Obj 34932.0000, Loss -3680.8008, Term1 55098.7383, Term2 -58779.5391
Total Time: 73.43s, FPS: 16.3
tensor([1., 1., 1., 1., 1., 1., 1., 1., 1., 1., 1., 1., 1., 1., 1., 1., 1., 1.,
        1., 1., 1., 1., 1., 1., 1., 1., 1., 1., 1., 1., 1., 1., 1., 1., 1., 1.,
        1., 1., 1., 1., 1., 1., 1., 1., 1., 1., 1., 1., 1., 1., 1., 1., 1., 1.,
        1., 1., 1., 1., 1., 1., 1., 1., 1., 1., 1., 1., 1., 1., 1., 1., 1., 1.,
        1., 1., 1., 1., 1., 1., 1., 1., 1., 1., 1., 1., 1., 1., 1., 1., 1., 1.,
        1., 1., 1., 1., 1., 1., 1., 1., 1., 1., 1., 1., 1., 1., 1., 1., 1., 1.,
        1., 1., 1., 1., 1., 1., 1., 1., 1., 1., 1., 1., 1., 1., 1., 1., 1.],
       device='cuda:0')
tensor([1., 1., 1., 1., 1., 1., 1., 1., 1., 1., 1., 1., 1., 1., 1., 1., 1., 1.,
        1., 1., 1., 1., 1., 1., 1., 1., 1., 1., 1., 1., 1., 1., 1., 1., 1., 1.,
        1., 1., 1., 1., 1., 1., 1., 1., 1., 1., 1., 1., 1., 1., 1., 1., 1., 1.,
        1., 1., 1., 1., 1., 1., 1., 1., 1., 1., 1., 1., 1., 1., 1., 1., 1., 1.,
        1., 1., 1., 1., 1., 1., 1., 1., 1., 1., 1., 1., 1., 1., 1., 1., 1., 1.,
        1., 1., 1., 1., 1., 1., 1., 1., 1., 1., 1., 1., 1., 1., 1., 1., 1., 1.,
        1., 1., 1., 1., 1., 1., 1., 1., 1., 1., 1., 1., 1., 1., 1., 1., 1.],
       device='cuda:0')
Solution is a valid permutation matrix.
0 0
[  1   2   3   4   5   6   7   8   9  10  11  12  13  14  15  16  17  18
  19  20  21  22  23  24  25  26  27  28  29  30  31  32  33  34  35  36
  37  38  39  40  41  42  43  44  45  46  47  48  49  50  51  52  53  54
  55  56  57  58  59  60  61  62  63  64  65  66  67  68  69  70  71  72
  73  74  75  76  77  78  79  80  81  82  83  84  85  86  87  88  89  90
  91  92  93  94  95  96  97  98  99 100 101 102 103 104 105 106 107 108
 109 110 111 112 113 114 115 116 117 118 119 120 121 122 123 124 125]
2000
Starting Optimization [N=125, Batch=2000, Device=cuda]
Iter 100: Best Obj 88440.0000, Loss 138431.7500, Term1 229095.1406, Term2 -90663.3828
Iter 200: Best Obj 88440.0000, Loss 65444.0625, Term1 157759.8438, Term2 -92315.7812
Iter 300: Best Obj 82038.0000, Loss 41606.7031, Term1 136011.2656, Term2 -94404.5625
Iter 400: Best Obj 69836.0000, Loss 30954.0469, Term1 124998.2422, Term2 -94044.1953
Iter 500: Best Obj 53690.0000, Loss 22172.9531, Term1 109542.6094, Term2 -87369.6562
Iter 600: Best Obj 45350.0000, Loss 10437.5234, Term1 84753.7344, Term2 -74316.2109
Iter 700: Best Obj 40166.0000, Loss 3070.8516, Term1 68246.4062, Term2 -65175.5547
Iter 800: Best Obj 38246.0000, Loss 794.5156, Term1 60864.1094, Term2 -60069.5938
Iter 900: Best Obj 37622.0000, Loss 260.0312, Term1 57994.8594, Term2 -57734.8281
Iter 1000: Best Obj 36814.0000, Loss 153.3867, Term1 56871.7812, Term2 -56718.3945
Iter 1100: Best Obj 36778.0000, Loss 173.3125, Term1 56277.0977, Term2 -56103.7852
Iter 1200: Best Obj 36700.0000, Loss 283.1523, Term1 55978.5547, Term2 -55695.4023
Total Time: 73.27s, FPS: 16.4
tensor([1., 1., 1., 1., 1., 1., 1., 1., 1., 1., 1., 1., 1., 1., 1., 1., 1., 1.,
        1., 1., 1., 1., 1., 1., 1., 1., 1., 1., 1., 1., 1., 1., 1., 1., 1., 1.,
        1., 1., 1., 1., 1., 1., 1., 1., 1., 1., 1., 1., 1., 1., 1., 1., 1., 1.,
        1., 1., 1., 1., 1., 1., 1., 1., 1., 1., 1., 1., 1., 1., 1., 1., 1., 1.,
        1., 1., 1., 1., 1., 1., 1., 1., 1., 1., 1., 1., 1., 1., 1., 1., 1., 1.,
        1., 1., 1., 1., 1., 1., 1., 1., 1., 1., 1., 1., 1., 1., 1., 1., 1., 1.,
        1., 1., 1., 1., 1., 1., 1., 1., 1., 1., 1., 1., 1., 1., 1., 1., 1.],
       device='cuda:0')
tensor([1., 1., 1., 1., 1., 1., 1., 1., 1., 1., 1., 1., 1., 1., 1., 1., 1., 1.,
        1., 1., 1., 1., 1., 1., 1., 1., 1., 1., 1., 1., 1., 1., 1., 1., 1., 1.,
        1., 1., 1., 1., 1., 1., 1., 1., 1., 1., 1., 1., 1., 1., 1., 1., 1., 1.,
        1., 1., 1., 1., 1., 1., 1., 1., 1., 1., 1., 1., 1., 1., 1., 1., 1., 1.,
        1., 1., 1., 1., 1., 1., 1., 1., 1., 1., 1., 1., 1., 1., 1., 1., 1., 1.,
        1., 1., 1., 1., 1., 1., 1., 1., 1., 1., 1., 1., 1., 1., 1., 1., 1., 1.,
        1., 1., 1., 1., 1., 1., 1., 1., 1., 1., 1., 1., 1., 1., 1., 1., 1.],
       device='cuda:0')
Solution is a valid permutation matrix.
0 0
[  1   2   3   4   5   6   7   8   9  10  11  12  13  14  15  16  17  18
  19  20  21  22  23  24  25  26  27  28  29  30  31  32  33  34  35  36
  37  38  39  40  41  42  43  44  45  46  47  48  49  50  51  52  53  54
  55  56  57  58  59  60  61  62  63  64  65  66  67  68  69  70  71  72
  73  74  75  76  77  78  79  80  81  82  83  84  85  86  87  88  89  90
  91  92  93  94  95  96  97  98  99 100 101 102 103 104 105 106 107 108
 109 110 111 112 113 114 115 116 117 118 119 120 121 122 123 124 125]
2000
Starting Optimization [N=125, Batch=2000, Device=cuda]
Iter 100: Best Obj 97858.0000, Loss 139935.2969, Term1 230564.1094, Term2 -90628.8125
Iter 200: Best Obj 89630.0000, Loss 65764.2188, Term1 158016.4219, Term2 -92252.2031
Iter 300: Best Obj 82364.0000, Loss 41471.3906, Term1 135894.1250, Term2 -94422.7344
Iter 400: Best Obj 66256.0000, Loss 30974.2734, Term1 125666.8984, Term2 -94692.6250
Iter 500: Best Obj 55976.0000, Loss 24442.4609, Term1 115329.2344, Term2 -90886.7734
Iter 600: Best Obj 45168.0000, Loss 15048.6641, Term1 94561.7734, Term2 -79513.1094
Iter 700: Best Obj 41390.0000, Loss 5941.0703, Term1 73149.1875, Term2 -67208.1172
Iter 800: Best Obj 39164.0000, Loss 2817.0469, Term1 62862.6016, Term2 -60045.5547
Iter 900: Best Obj 37482.0000, Loss 2129.4414, Term1 58689.5391, Term2 -56560.0977
Iter 1000: Best Obj 37428.0000, Loss 2028.4961, Term1 57241.3711, Term2 -55212.8750
Iter 1100: Best Obj 37428.0000, Loss 2062.9219, Term1 56513.2031, Term2 -54450.2812
Iter 1200: Best Obj 37428.0000, Loss 2162.2148, Term1 56032.6758, Term2 -53870.4609
Total Time: 73.43s, FPS: 16.3
tensor([1., 1., 1., 1., 1., 1., 1., 1., 1., 1., 1., 1., 1., 1., 1., 1., 1., 1.,
        1., 1., 1., 1., 1., 1., 1., 1., 1., 1., 1., 1., 1., 1., 1., 1., 1., 1.,
        1., 1., 1., 1., 1., 1., 1., 1., 1., 1., 1., 1., 1., 1., 1., 1., 1., 1.,
        1., 1., 1., 1., 1., 1., 1., 1., 1., 1., 1., 1., 1., 1., 1., 1., 1., 1.,
        1., 1., 1., 1., 1., 1., 1., 1., 1., 1., 1., 1., 1., 1., 1., 1., 1., 1.,
        1., 1., 1., 1., 1., 1., 1., 1., 1., 1., 1., 1., 1., 1., 1., 1., 1., 1.,
        1., 1., 1., 1., 1., 1., 1., 1., 1., 1., 1., 1., 1., 1., 1., 1., 1.],
       device='cuda:0')
tensor([1., 1., 1., 1., 1., 1., 1., 1., 1., 1., 1., 1., 1., 1., 1., 1., 1., 1.,
        1., 1., 1., 1., 1., 1., 1., 1., 1., 1., 1., 1., 1., 1., 1., 1., 1., 1.,
        1., 1., 1., 1., 1., 1., 1., 1., 1., 1., 1., 1., 1., 1., 1., 1., 1., 1.,
        1., 1., 1., 1., 1., 1., 1., 1., 1., 1., 1., 1., 1., 1., 1., 1., 1., 1.,
        1., 1., 1., 1., 1., 1., 1., 1., 1., 1., 1., 1., 1., 1., 1., 1., 1., 1.,
        1., 1., 1., 1., 1., 1., 1., 1., 1., 1., 1., 1., 1., 1., 1., 1., 1., 1.,
        1., 1., 1., 1., 1., 1., 1., 1., 1., 1., 1., 1., 1., 1., 1., 1., 1.],
       device='cuda:0')
Solution is a valid permutation matrix.
0 0
[  1   2   3   4   5   6   7   8   9  10  11  12  13  14  15  16  17  18
  19  20  21  22  23  24  25  26  27  28  29  30  31  32  33  34  35  36
  37  38  39  40  41  42  43  44  45  46  47  48  49  50  51  52  53  54
  55  56  57  58  59  60  61  62  63  64  65  66  67  68  69  70  71  72
  73  74  75  76  77  78  79  80  81  82  83  84  85  86  87  88  89  90
  91  92  93  94  95  96  97  98  99 100 101 102 103 104 105 106 107 108
 109 110 111 112 113 114 115 116 117 118 119 120 121 122 123 124 125]
2000
Starting Optimization [N=125, Batch=2000, Device=cuda]
Iter 100: Best Obj 89380.0000, Loss 114411.5703, Term1 205221.2344, Term2 -90809.6641
Iter 200: Best Obj 85310.0000, Loss 49512.9297, Term1 142165.2812, Term2 -92652.3516
Iter 300: Best Obj 77684.0000, Loss 28083.7656, Term1 122732.3984, Term2 -94648.6328
Iter 400: Best Obj 65396.0000, Loss 18758.7656, Term1 112812.1328, Term2 -94053.3672
Iter 500: Best Obj 47290.0000, Loss 11454.9688, Term1 99797.1094, Term2 -88342.1406
Iter 600: Best Obj 39058.0000, Loss 2299.9375, Term1 79279.6875, Term2 -76979.7500
Iter 700: Best Obj 35150.0000, Loss -3460.4453, Term1 64511.5234, Term2 -67971.9688
Iter 800: Best Obj 33496.0000, Loss -5250.8789, Term1 57362.9727, Term2 -62613.8516
Iter 900: Best Obj 33496.0000, Loss -5658.5000, Term1 54347.1680, Term2 -60005.6680
Iter 1000: Best Obj 32854.0000, Loss -5760.3477, Term1 52983.0781, Term2 -58743.4258
Iter 1100: Best Obj 32854.0000, Loss -5788.8594, Term1 52103.7734, Term2 -57892.6328
Iter 1200: Best Obj 32854.0000, Loss -5686.1875, Term1 51794.5156, Term2 -57480.7031
Total Time: 73.71s, FPS: 16.3
tensor([1., 1., 1., 1., 1., 1., 1., 1., 1., 1., 1., 1., 1., 1., 1., 1., 1., 1.,
        1., 1., 1., 1., 1., 1., 1., 1., 1., 1., 1., 1., 1., 1., 1., 1., 1., 1.,
        1., 1., 1., 1., 1., 1., 1., 1., 1., 1., 1., 1., 1., 1., 1., 1., 1., 1.,
        1., 1., 1., 1., 1., 1., 1., 1., 1., 1., 1., 1., 1., 1., 1., 1., 1., 1.,
        1., 1., 1., 1., 1., 1., 1., 1., 1., 1., 1., 1., 1., 1., 1., 1., 1., 1.,
        1., 1., 1., 1., 1., 1., 1., 1., 1., 1., 1., 1., 1., 1., 1., 1., 1., 1.,
        1., 1., 1., 1., 1., 1., 1., 1., 1., 1., 1., 1., 1., 1., 1., 1., 1.],
       device='cuda:0')
tensor([1., 1., 1., 1., 1., 1., 1., 1., 1., 1., 1., 1., 1., 1., 1., 1., 1., 1.,
        1., 1., 1., 1., 1., 1., 1., 1., 1., 1., 1., 1., 1., 1., 1., 1., 1., 1.,
        1., 1., 1., 1., 1., 1., 1., 1., 1., 1., 1., 1., 1., 1., 1., 1., 1., 1.,
        1., 1., 1., 1., 1., 1., 1., 1., 1., 1., 1., 1., 1., 1., 1., 1., 1., 1.,
        1., 1., 1., 1., 1., 1., 1., 1., 1., 1., 1., 1., 1., 1., 1., 1., 1., 1.,
        1., 1., 1., 1., 1., 1., 1., 1., 1., 1., 1., 1., 1., 1., 1., 1., 1., 1.,
        1., 1., 1., 1., 1., 1., 1., 1., 1., 1., 1., 1., 1., 1., 1., 1., 1.],
       device='cuda:0')
Solution is a valid permutation matrix.
0 0
[  1   2   3   4   5   6   7   8   9  10  11  12  13  14  15  16  17  18
  19  20  21  22  23  24  25  26  27  28  29  30  31  32  33  34  35  36
  37  38  39  40  41  42  43  44  45  46  47  48  49  50  51  52  53  54
  55  56  57  58  59  60  61  62  63  64  65  66  67  68  69  70  71  72
  73  74  75  76  77  78  79  80  81  82  83  84  85  86  87  88  89  90
  91  92  93  94  95  96  97  98  99 100 101 102 103 104 105 106 107 108
 109 110 111 112 113 114 115 116 117 118 119 120 121 122 123 124 125]
2000
Starting Optimization [N=125, Batch=2000, Device=cuda]
Iter 100: Best Obj 92266.0000, Loss 127965.2500, Term1 218664.9688, Term2 -90699.7188
Iter 200: Best Obj 90778.0000, Loss 57057.8516, Term1 149461.2969, Term2 -92403.4453
Iter 300: Best Obj 85876.0000, Loss 33816.3047, Term1 128372.3906, Term2 -94556.0859
Iter 400: Best Obj 68024.0000, Loss 23873.3047, Term1 118526.3750, Term2 -94653.0703
Iter 500: Best Obj 51750.0000, Loss 17149.0469, Term1 107466.0547, Term2 -90317.0078
Iter 600: Best Obj 43620.0000, Loss 7554.5078, Term1 86729.7656, Term2 -79175.2578
Iter 700: Best Obj 37296.0000, Loss -734.7031, Term1 68023.1250, Term2 -68757.8281
Iter 800: Best Obj 35724.0000, Loss -3269.8008, Term1 60107.0352, Term2 -63376.8359
Iter 900: Best Obj 35078.0000, Loss -3775.1992, Term1 57222.7227, Term2 -60997.9219
Iter 1000: Best Obj 35078.0000, Loss -3831.9102, Term1 56157.4844, Term2 -59989.3945
Iter 1100: Best Obj 34932.0000, Loss -3780.0703, Term1 55546.2344, Term2 -59326.3047
Iter 1200: Best Obj 34932.0000, Loss -3680.8008, Term1 55098.7383, Term2 -58779.5391
Total Time: 73.34s, FPS: 16.4
tensor([1., 1., 1., 1., 1., 1., 1., 1., 1., 1., 1., 1., 1., 1., 1., 1., 1., 1.,
        1., 1., 1., 1., 1., 1., 1., 1., 1., 1., 1., 1., 1., 1., 1., 1., 1., 1.,
        1., 1., 1., 1., 1., 1., 1., 1., 1., 1., 1., 1., 1., 1., 1., 1., 1., 1.,
        1., 1., 1., 1., 1., 1., 1., 1., 1., 1., 1., 1., 1., 1., 1., 1., 1., 1.,
        1., 1., 1., 1., 1., 1., 1., 1., 1., 1., 1., 1., 1., 1., 1., 1., 1., 1.,
        1., 1., 1., 1., 1., 1., 1., 1., 1., 1., 1., 1., 1., 1., 1., 1., 1., 1.,
        1., 1., 1., 1., 1., 1., 1., 1., 1., 1., 1., 1., 1., 1., 1., 1., 1.],
       device='cuda:0')
tensor([1., 1., 1., 1., 1., 1., 1., 1., 1., 1., 1., 1., 1., 1., 1., 1., 1., 1.,
        1., 1., 1., 1., 1., 1., 1., 1., 1., 1., 1., 1., 1., 1., 1., 1., 1., 1.,
        1., 1., 1., 1., 1., 1., 1., 1., 1., 1., 1., 1., 1., 1., 1., 1., 1., 1.,
        1., 1., 1., 1., 1., 1., 1., 1., 1., 1., 1., 1., 1., 1., 1., 1., 1., 1.,
        1., 1., 1., 1., 1., 1., 1., 1., 1., 1., 1., 1., 1., 1., 1., 1., 1., 1.,
        1., 1., 1., 1., 1., 1., 1., 1., 1., 1., 1., 1., 1., 1., 1., 1., 1., 1.,
        1., 1., 1., 1., 1., 1., 1., 1., 1., 1., 1., 1., 1., 1., 1., 1., 1.],
       device='cuda:0')
Solution is a valid permutation matrix.
0 0
[  1   2   3   4   5   6   7   8   9  10  11  12  13  14  15  16  17  18
  19  20  21  22  23  24  25  26  27  28  29  30  31  32  33  34  35  36
  37  38  39  40  41  42  43  44  45  46  47  48  49  50  51  52  53  54
  55  56  57  58  59  60  61  62  63  64  65  66  67  68  69  70  71  72
  73  74  75  76  77  78  79  80  81  82  83  84  85  86  87  88  89  90
  91  92  93  94  95  96  97  98  99 100 101 102 103 104 105 106 107 108
 109 110 111 112 113 114 115 116 117 118 119 120 121 122 123 124 125]
2000
Starting Optimization [N=125, Batch=2000, Device=cuda]
Iter 100: Best Obj 100780.0000, Loss 137826.0625, Term1 228488.9062, Term2 -90662.8359
Iter 200: Best Obj 96542.0000, Loss 67131.2891, Term1 159488.6719, Term2 -92357.3828
Iter 300: Best Obj 90754.0000, Loss 43750.5547, Term1 138070.1094, Term2 -94319.5547
Iter 400: Best Obj 69842.0000, Loss 33123.1562, Term1 126654.7891, Term2 -93531.6328
Iter 500: Best Obj 50478.0000, Loss 23880.9062, Term1 110015.4375, Term2 -86134.5312
Iter 600: Best Obj 41640.0000, Loss 12163.5156, Term1 85523.9609, Term2 -73360.4453
Iter 700: Best Obj 40528.0000, Loss 5402.2461, Term1 70454.1250, Term2 -65051.8789
Iter 800: Best Obj 39848.0000, Loss 3310.6719, Term1 63767.7383, Term2 -60457.0664
Iter 900: Best Obj 39170.0000, Loss 2759.5508, Term1 61036.4336, Term2 -58276.8828
Iter 1000: Best Obj 39170.0000, Loss 2598.4570, Term1 59784.0547, Term2 -57185.5977
Iter 1100: Best Obj 39164.0000, Loss 2549.4570, Term1 58950.4258, Term2 -56400.9688
Iter 1200: Best Obj 39004.0000, Loss 2615.1328, Term1 58471.8164, Term2 -55856.6836
Total Time: 73.46s, FPS: 16.3
tensor([1., 1., 1., 1., 1., 1., 1., 1., 1., 1., 1., 1., 1., 1., 1., 1., 1., 1.,
        1., 1., 1., 1., 1., 1., 1., 1., 1., 1., 1., 1., 1., 1., 1., 1., 1., 1.,
        1., 1., 1., 1., 1., 1., 1., 1., 1., 1., 1., 1., 1., 1., 1., 1., 1., 1.,
        1., 1., 1., 1., 1., 1., 1., 1., 1., 1., 1., 1., 1., 1., 1., 1., 1., 1.,
        1., 1., 1., 1., 1., 1., 1., 1., 1., 1., 1., 1., 1., 1., 1., 1., 1., 1.,
        1., 1., 1., 1., 1., 1., 1., 1., 1., 1., 1., 1., 1., 1., 1., 1., 1., 1.,
        1., 1., 1., 1., 1., 1., 1., 1., 1., 1., 1., 1., 1., 1., 1., 1., 1.],
       device='cuda:0')
tensor([1., 1., 1., 1., 1., 1., 1., 1., 1., 1., 1., 1., 1., 1., 1., 1., 1., 1.,
        1., 1., 1., 1., 1., 1., 1., 1., 1., 1., 1., 1., 1., 1., 1., 1., 1., 1.,
        1., 1., 1., 1., 1., 1., 1., 1., 1., 1., 1., 1., 1., 1., 1., 1., 1., 1.,
        1., 1., 1., 1., 1., 1., 1., 1., 1., 1., 1., 1., 1., 1., 1., 1., 1., 1.,
        1., 1., 1., 1., 1., 1., 1., 1., 1., 1., 1., 1., 1., 1., 1., 1., 1., 1.,
        1., 1., 1., 1., 1., 1., 1., 1., 1., 1., 1., 1., 1., 1., 1., 1., 1., 1.,
        1., 1., 1., 1., 1., 1., 1., 1., 1., 1., 1., 1., 1., 1., 1., 1., 1.],
       device='cuda:0')
Solution is a valid permutation matrix.
0 0
[  1   2   3   4   5   6   7   8   9  10  11  12  13  14  15  16  17  18
  19  20  21  22  23  24  25  26  27  28  29  30  31  32  33  34  35  36
  37  38  39  40  41  42  43  44  45  46  47  48  49  50  51  52  53  54
  55  56  57  58  59  60  61  62  63  64  65  66  67  68  69  70  71  72
  73  74  75  76  77  78  79  80  81  82  83  84  85  86  87  88  89  90
  91  92  93  94  95  96  97  98  99 100 101 102 103 104 105 106 107 108
 109 110 111 112 113 114 115 116 117 118 119 120 121 122 123 124 125 126
 127 128 129 130 131 132 133 134 135 136 137 138 139 140 141 142 143 144
 145 146 147 148 149 150 151 152 153 154 155 156 157 158 159 160 161 162
 163 164 165 166 167 168 169 170 171 172 173 174 175]
2000
Starting Optimization [N=175, Batch=2000, Device=cuda]
Iter 100: Best Obj 183420.0000, Loss 312695.9375, Term1 448195.4375, Term2 -135499.5000
Iter 200: Best Obj 171048.0000, Loss 167404.2188, Term1 304335.8750, Term2 -136931.6562
Iter 300: Best Obj 149664.0000, Loss 121902.5000, Term1 261554.7656, Term2 -139652.2656
Iter 400: Best Obj 127490.0000, Loss 97470.7656, Term1 236952.6562, Term2 -139481.8906
Iter 500: Best Obj 92428.0000, Loss 70836.2109, Term1 194885.6719, Term2 -124049.4609
Iter 600: Best Obj 69808.0000, Loss 39056.3281, Term1 135423.1719, Term2 -96366.8438
Iter 700: Best Obj 65640.0000, Loss 20797.6797, Term1 98282.2578, Term2 -77484.5781
Iter 800: Best Obj 64272.0000, Loss 13830.9766, Term1 82755.8594, Term2 -68924.8828
Iter 900: Best Obj 63720.0000, Loss 11937.7422, Term1 77840.4297, Term2 -65902.6875
Iter 1000: Best Obj 63460.0000, Loss 11242.7188, Term1 75749.9609, Term2 -64507.2422
Iter 1100: Best Obj 63332.0000, Loss 10986.8594, Term1 74619.8750, Term2 -63633.0156
Iter 1200: Best Obj 63308.0000, Loss 10917.0820, Term1 73799.3125, Term2 -62882.2305
Total Time: 164.34s, FPS: 7.3
tensor([1., 1., 1., 1., 1., 1., 1., 1., 1., 1., 1., 1., 1., 1., 1., 1., 1., 1.,
        1., 1., 1., 1., 1., 1., 1., 1., 1., 1., 1., 1., 1., 1., 1., 1., 1., 1.,
        1., 1., 1., 1., 1., 1., 1., 1., 1., 1., 1., 1., 1., 1., 1., 1., 1., 1.,
        1., 1., 1., 1., 1., 1., 1., 1., 1., 1., 1., 1., 1., 1., 1., 1., 1., 1.,
        1., 1., 1., 1., 1., 1., 1., 1., 1., 1., 1., 1., 1., 1., 1., 1., 1., 1.,
        1., 1., 1., 1., 1., 1., 1., 1., 1., 1., 1., 1., 1., 1., 1., 1., 1., 1.,
        1., 1., 1., 1., 1., 1., 1., 1., 1., 1., 1., 1., 1., 1., 1., 1., 1., 1.,
        1., 1., 1., 1., 1., 1., 1., 1., 1., 1., 1., 1., 1., 1., 1., 1., 1., 1.,
        1., 1., 1., 1., 1., 1., 1., 1., 1., 1., 1., 1., 1., 1., 1., 1., 1., 1.,
        1., 1., 1., 1., 1., 1., 1., 1., 1., 1., 1., 1., 1.], device='cuda:0')
tensor([1., 1., 1., 1., 1., 1., 1., 1., 1., 1., 1., 1., 1., 1., 1., 1., 1., 1.,
        1., 1., 1., 1., 1., 1., 1., 1., 1., 1., 1., 1., 1., 1., 1., 1., 1., 1.,
        1., 1., 1., 1., 1., 1., 1., 1., 1., 1., 1., 1., 1., 1., 1., 1., 1., 1.,
        1., 1., 1., 1., 1., 1., 1., 1., 1., 1., 1., 1., 1., 1., 1., 1., 1., 1.,
        1., 1., 1., 1., 1., 1., 1., 1., 1., 1., 1., 1., 1., 1., 1., 1., 1., 1.,
        1., 1., 1., 1., 1., 1., 1., 1., 1., 1., 1., 1., 1., 1., 1., 1., 1., 1.,
        1., 1., 1., 1., 1., 1., 1., 1., 1., 1., 1., 1., 1., 1., 1., 1., 1., 1.,
        1., 1., 1., 1., 1., 1., 1., 1., 1., 1., 1., 1., 1., 1., 1., 1., 1., 1.,
        1., 1., 1., 1., 1., 1., 1., 1., 1., 1., 1., 1., 1., 1., 1., 1., 1., 1.,
        1., 1., 1., 1., 1., 1., 1., 1., 1., 1., 1., 1., 1.], device='cuda:0')
Solution is a valid permutation matrix.
0 0
[  1   2   3   4   5   6   7   8   9  10  11  12  13  14  15  16  17  18
  19  20  21  22  23  24  25  26  27  28  29  30  31  32  33  34  35  36
  37  38  39  40  41  42  43  44  45  46  47  48  49  50  51  52  53  54
  55  56  57  58  59  60  61  62  63  64  65  66  67  68  69  70  71  72
  73  74  75  76  77  78  79  80  81  82  83  84  85  86  87  88  89  90
  91  92  93  94  95  96  97  98  99 100 101 102 103 104 105 106 107 108
 109 110 111 112 113 114 115 116 117 118 119 120 121 122 123 124 125 126
 127 128 129 130 131 132 133 134 135 136 137 138 139 140 141 142 143 144
 145 146 147 148 149 150 151 152 153 154 155 156 157 158 159 160 161 162
 163 164 165 166 167 168 169 170 171 172 173 174 175]
2000
Starting Optimization [N=175, Batch=2000, Device=cuda]
Iter 100: Best Obj 179670.0000, Loss 285594.8750, Term1 421124.6250, Term2 -135529.7344
Iter 200: Best Obj 169162.0000, Loss 153252.1094, Term1 290336.0312, Term2 -137083.9219
Iter 300: Best Obj 146048.0000, Loss 109553.3438, Term1 249450.2812, Term2 -139896.9375
Iter 400: Best Obj 106004.0000, Loss 87196.9219, Term1 227147.0781, Term2 -139950.1562
Iter 500: Best Obj 84822.0000, Loss 63676.7109, Term1 189003.4688, Term2 -125326.7578
Iter 600: Best Obj 62244.0000, Loss 33005.9141, Term1 130802.2656, Term2 -97796.3516
Iter 700: Best Obj 58022.0000, Loss 14286.8984, Term1 93144.8047, Term2 -78857.9062
Iter 800: Best Obj 53856.0000, Loss 7131.5625, Term1 76814.2500, Term2 -69682.6875
Iter 900: Best Obj 53182.0000, Loss 5280.9609, Term1 71588.2266, Term2 -66307.2656
Iter 1000: Best Obj 52992.0000, Loss 4606.5820, Term1 69429.7500, Term2 -64823.1680
Iter 1100: Best Obj 52992.0000, Loss 4354.1914, Term1 68265.8438, Term2 -63911.6523
Iter 1200: Best Obj 52982.0000, Loss 4284.0703, Term1 67450.2266, Term2 -63166.1562
Total Time: 164.16s, FPS: 7.3
tensor([1., 1., 1., 1., 1., 1., 1., 1., 1., 1., 1., 1., 1., 1., 1., 1., 1., 1.,
        1., 1., 1., 1., 1., 1., 1., 1., 1., 1., 1., 1., 1., 1., 1., 1., 1., 1.,
        1., 1., 1., 1., 1., 1., 1., 1., 1., 1., 1., 1., 1., 1., 1., 1., 1., 1.,
        1., 1., 1., 1., 1., 1., 1., 1., 1., 1., 1., 1., 1., 1., 1., 1., 1., 1.,
        1., 1., 1., 1., 1., 1., 1., 1., 1., 1., 1., 1., 1., 1., 1., 1., 1., 1.,
        1., 1., 1., 1., 1., 1., 1., 1., 1., 1., 1., 1., 1., 1., 1., 1., 1., 1.,
        1., 1., 1., 1., 1., 1., 1., 1., 1., 1., 1., 1., 1., 1., 1., 1., 1., 1.,
        1., 1., 1., 1., 1., 1., 1., 1., 1., 1., 1., 1., 1., 1., 1., 1., 1., 1.,
        1., 1., 1., 1., 1., 1., 1., 1., 1., 1., 1., 1., 1., 1., 1., 1., 1., 1.,
        1., 1., 1., 1., 1., 1., 1., 1., 1., 1., 1., 1., 1.], device='cuda:0')
tensor([1., 1., 1., 1., 1., 1., 1., 1., 1., 1., 1., 1., 1., 1., 1., 1., 1., 1.,
        1., 1., 1., 1., 1., 1., 1., 1., 1., 1., 1., 1., 1., 1., 1., 1., 1., 1.,
        1., 1., 1., 1., 1., 1., 1., 1., 1., 1., 1., 1., 1., 1., 1., 1., 1., 1.,
        1., 1., 1., 1., 1., 1., 1., 1., 1., 1., 1., 1., 1., 1., 1., 1., 1., 1.,
        1., 1., 1., 1., 1., 1., 1., 1., 1., 1., 1., 1., 1., 1., 1., 1., 1., 1.,
        1., 1., 1., 1., 1., 1., 1., 1., 1., 1., 1., 1., 1., 1., 1., 1., 1., 1.,
        1., 1., 1., 1., 1., 1., 1., 1., 1., 1., 1., 1., 1., 1., 1., 1., 1., 1.,
        1., 1., 1., 1., 1., 1., 1., 1., 1., 1., 1., 1., 1., 1., 1., 1., 1., 1.,
        1., 1., 1., 1., 1., 1., 1., 1., 1., 1., 1., 1., 1., 1., 1., 1., 1., 1.,
        1., 1., 1., 1., 1., 1., 1., 1., 1., 1., 1., 1., 1.], device='cuda:0')
Solution is a valid permutation matrix.
0 0
[  1   2   3   4   5   6   7   8   9  10  11  12  13  14  15  16  17  18
  19  20  21  22  23  24  25  26  27  28  29  30  31  32  33  34  35  36
  37  38  39  40  41  42  43  44  45  46  47  48  49  50  51  52  53  54
  55  56  57  58  59  60  61  62  63  64  65  66  67  68  69  70  71  72
  73  74  75  76  77  78  79  80  81  82  83  84  85  86  87  88  89  90
  91  92  93  94  95  96  97  98  99 100 101 102 103 104 105 106 107 108
 109 110 111 112 113 114 115 116 117 118 119 120 121 122 123 124 125 126
 127 128 129 130 131 132 133 134 135 136 137 138 139 140 141 142 143 144
 145 146 147 148 149 150 151 152 153 154 155 156 157 158 159 160 161 162
 163 164 165 166 167 168 169 170 171 172 173 174 175]
2000
Starting Optimization [N=175, Batch=2000, Device=cuda]
Iter 100: Best Obj 177970.0000, Loss 305382.8750, Term1 440900.6875, Term2 -135517.8281
Iter 200: Best Obj 158810.0000, Loss 165312.4062, Term1 302281.5312, Term2 -136969.1250
Iter 300: Best Obj 138260.0000, Loss 117312.2812, Term1 256985.7969, Term2 -139673.5156
Iter 400: Best Obj 119888.0000, Loss 92418.9062, Term1 231726.7656, Term2 -139307.8594
Iter 500: Best Obj 82978.0000, Loss 65824.9453, Term1 190223.6250, Term2 -124398.6797
Iter 600: Best Obj 65210.0000, Loss 37428.8750, Term1 136793.3594, Term2 -99364.4844
Iter 700: Best Obj 60846.0000, Loss 20303.0391, Term1 101055.7500, Term2 -80752.7109
Iter 800: Best Obj 57148.0000, Loss 13069.0469, Term1 83888.9453, Term2 -70819.8984
Iter 900: Best Obj 56080.0000, Loss 11133.5469, Term1 78486.1406, Term2 -67352.5938
Iter 1000: Best Obj 55678.0000, Loss 10402.0625, Term1 76346.1562, Term2 -65944.0938
Iter 1100: Best Obj 55678.0000, Loss 10119.9062, Term1 75195.8906, Term2 -65075.9844
Iter 1200: Best Obj 55608.0000, Loss 9997.3320, Term1 74368.5312, Term2 -64371.1992
Total Time: 164.47s, FPS: 7.3
tensor([1., 1., 1., 1., 1., 1., 1., 1., 1., 1., 1., 1., 1., 1., 1., 1., 1., 1.,
        1., 1., 1., 1., 1., 1., 1., 1., 1., 1., 1., 1., 1., 1., 1., 1., 1., 1.,
        1., 1., 1., 1., 1., 1., 1., 1., 1., 1., 1., 1., 1., 1., 1., 1., 1., 1.,
        1., 1., 1., 1., 1., 1., 1., 1., 1., 1., 1., 1., 1., 1., 1., 1., 1., 1.,
        1., 1., 1., 1., 1., 1., 1., 1., 1., 1., 1., 1., 1., 1., 1., 1., 1., 1.,
        1., 1., 1., 1., 1., 1., 1., 1., 1., 1., 1., 1., 1., 1., 1., 1., 1., 1.,
        1., 1., 1., 1., 1., 1., 1., 1., 1., 1., 1., 1., 1., 1., 1., 1., 1., 1.,
        1., 1., 1., 1., 1., 1., 1., 1., 1., 1., 1., 1., 1., 1., 1., 1., 1., 1.,
        1., 1., 1., 1., 1., 1., 1., 1., 1., 1., 1., 1., 1., 1., 1., 1., 1., 1.,
        1., 1., 1., 1., 1., 1., 1., 1., 1., 1., 1., 1., 1.], device='cuda:0')
tensor([1., 1., 1., 1., 1., 1., 1., 1., 1., 1., 1., 1., 1., 1., 1., 1., 1., 1.,
        1., 1., 1., 1., 1., 1., 1., 1., 1., 1., 1., 1., 1., 1., 1., 1., 1., 1.,
        1., 1., 1., 1., 1., 1., 1., 1., 1., 1., 1., 1., 1., 1., 1., 1., 1., 1.,
        1., 1., 1., 1., 1., 1., 1., 1., 1., 1., 1., 1., 1., 1., 1., 1., 1., 1.,
        1., 1., 1., 1., 1., 1., 1., 1., 1., 1., 1., 1., 1., 1., 1., 1., 1., 1.,
        1., 1., 1., 1., 1., 1., 1., 1., 1., 1., 1., 1., 1., 1., 1., 1., 1., 1.,
        1., 1., 1., 1., 1., 1., 1., 1., 1., 1., 1., 1., 1., 1., 1., 1., 1., 1.,
        1., 1., 1., 1., 1., 1., 1., 1., 1., 1., 1., 1., 1., 1., 1., 1., 1., 1.,
        1., 1., 1., 1., 1., 1., 1., 1., 1., 1., 1., 1., 1., 1., 1., 1., 1., 1.,
        1., 1., 1., 1., 1., 1., 1., 1., 1., 1., 1., 1., 1.], device='cuda:0')
Solution is a valid permutation matrix.
0 0
[  1   2   3   4   5   6   7   8   9  10  11  12  13  14  15  16  17  18
  19  20  21  22  23  24  25  26  27  28  29  30  31  32  33  34  35  36
  37  38  39  40  41  42  43  44  45  46  47  48  49  50  51  52  53  54
  55  56  57  58  59  60  61  62  63  64  65  66  67  68  69  70  71  72
  73  74  75  76  77  78  79  80  81  82  83  84  85  86  87  88  89  90
  91  92  93  94  95  96  97  98  99 100 101 102 103 104 105 106 107 108
 109 110 111 112 113 114 115 116 117 118 119 120 121 122 123 124 125 126
 127 128 129 130 131 132 133 134 135 136 137 138 139 140 141 142 143 144
 145 146 147 148 149 150 151 152 153 154 155 156 157 158 159 160 161 162
 163 164 165 166 167 168 169 170 171 172 173 174 175]
2000
Starting Optimization [N=175, Batch=2000, Device=cuda]
Iter 100: Best Obj 190054.0000, Loss 322188.0000, Term1 457591.5000, Term2 -135403.5000
Iter 200: Best Obj 175872.0000, Loss 180733.4531, Term1 317508.6875, Term2 -136775.2344
Iter 300: Best Obj 158602.0000, Loss 133980.8750, Term1 273336.1562, Term2 -139355.2812
Iter 400: Best Obj 130438.0000, Loss 108206.6406, Term1 246888.7812, Term2 -138682.1406
Iter 500: Best Obj 94182.0000, Loss 75525.8516, Term1 194564.4844, Term2 -119038.6328
Iter 600: Best Obj 72384.0000, Loss 41445.6641, Term1 133453.1719, Term2 -92007.5078
Iter 700: Best Obj 69618.0000, Loss 24563.1797, Term1 101493.2734, Term2 -76930.0938
Iter 800: Best Obj 68074.0000, Loss 18073.7500, Term1 87733.8438, Term2 -69660.0938
Iter 900: Best Obj 67802.0000, Loss 16106.8516, Term1 82837.8125, Term2 -66730.9609
Iter 1000: Best Obj 67694.0000, Loss 15364.6992, Term1 80809.9688, Term2 -65445.2695
Iter 1100: Best Obj 67648.0000, Loss 15124.8320, Term1 79818.1328, Term2 -64693.3008
Iter 1200: Best Obj 67648.0000, Loss 15077.0469, Term1 79119.5469, Term2 -64042.5000
Total Time: 164.08s, FPS: 7.3
tensor([1., 1., 1., 1., 1., 1., 1., 1., 1., 1., 1., 1., 1., 1., 1., 1., 1., 1.,
        1., 1., 1., 1., 1., 1., 1., 1., 1., 1., 1., 1., 1., 1., 1., 1., 1., 1.,
        1., 1., 1., 1., 1., 1., 1., 1., 1., 1., 1., 1., 1., 1., 1., 1., 1., 1.,
        1., 1., 1., 1., 1., 1., 1., 1., 1., 1., 1., 1., 1., 1., 1., 1., 1., 1.,
        1., 1., 1., 1., 1., 1., 1., 1., 1., 1., 1., 1., 1., 1., 1., 1., 1., 1.,
        1., 1., 1., 1., 1., 1., 1., 1., 1., 1., 1., 1., 1., 1., 1., 1., 1., 1.,
        1., 1., 1., 1., 1., 1., 1., 1., 1., 1., 1., 1., 1., 1., 1., 1., 1., 1.,
        1., 1., 1., 1., 1., 1., 1., 1., 1., 1., 1., 1., 1., 1., 1., 1., 1., 1.,
        1., 1., 1., 1., 1., 1., 1., 1., 1., 1., 1., 1., 1., 1., 1., 1., 1., 1.,
        1., 1., 1., 1., 1., 1., 1., 1., 1., 1., 1., 1., 1.], device='cuda:0')
tensor([1., 1., 1., 1., 1., 1., 1., 1., 1., 1., 1., 1., 1., 1., 1., 1., 1., 1.,
        1., 1., 1., 1., 1., 1., 1., 1., 1., 1., 1., 1., 1., 1., 1., 1., 1., 1.,
        1., 1., 1., 1., 1., 1., 1., 1., 1., 1., 1., 1., 1., 1., 1., 1., 1., 1.,
        1., 1., 1., 1., 1., 1., 1., 1., 1., 1., 1., 1., 1., 1., 1., 1., 1., 1.,
        1., 1., 1., 1., 1., 1., 1., 1., 1., 1., 1., 1., 1., 1., 1., 1., 1., 1.,
        1., 1., 1., 1., 1., 1., 1., 1., 1., 1., 1., 1., 1., 1., 1., 1., 1., 1.,
        1., 1., 1., 1., 1., 1., 1., 1., 1., 1., 1., 1., 1., 1., 1., 1., 1., 1.,
        1., 1., 1., 1., 1., 1., 1., 1., 1., 1., 1., 1., 1., 1., 1., 1., 1., 1.,
        1., 1., 1., 1., 1., 1., 1., 1., 1., 1., 1., 1., 1., 1., 1., 1., 1., 1.,
        1., 1., 1., 1., 1., 1., 1., 1., 1., 1., 1., 1., 1.], device='cuda:0')
Solution is a valid permutation matrix.
0 0
[  1   2   3   4   5   6   7   8   9  10  11  12  13  14  15  16  17  18
  19  20  21  22  23  24  25  26  27  28  29  30  31  32  33  34  35  36
  37  38  39  40  41  42  43  44  45  46  47  48  49  50  51  52  53  54
  55  56  57  58  59  60  61  62  63  64  65  66  67  68  69  70  71  72
  73  74  75  76  77  78  79  80  81  82  83  84  85  86  87  88  89  90
  91  92  93  94  95  96  97  98  99 100 101 102 103 104 105 106 107 108
 109 110 111 112 113 114 115 116 117 118 119 120 121 122 123 124 125 126
 127 128 129 130 131 132 133 134 135 136 137 138 139 140 141 142 143 144
 145 146 147 148 149 150 151 152 153 154 155 156 157 158 159 160 161 162
 163 164 165 166 167 168 169 170 171 172 173 174 175]
2000
Starting Optimization [N=175, Batch=2000, Device=cuda]
Iter 100: Best Obj 179802.0000, Loss 304829.1250, Term1 440342.8750, Term2 -135513.7344
Iter 200: Best Obj 173868.0000, Loss 162525.8125, Term1 299514.2812, Term2 -136988.4688
Iter 300: Best Obj 154268.0000, Loss 118091.9531, Term1 257826.3281, Term2 -139734.3750
Iter 400: Best Obj 126462.0000, Loss 94283.2031, Term1 233726.6250, Term2 -139443.4219
Iter 500: Best Obj 81604.0000, Loss 67538.2969, Term1 190887.9062, Term2 -123349.6094
Iter 600: Best Obj 62642.0000, Loss 35156.8594, Term1 130428.5469, Term2 -95271.6875
Iter 700: Best Obj 56574.0000, Loss 15833.3125, Term1 92348.6250, Term2 -76515.3125
Iter 800: Best Obj 55410.0000, Loss 8323.6875, Term1 76251.4297, Term2 -67927.7422
Iter 900: Best Obj 54944.0000, Loss 6276.1055, Term1 71146.4453, Term2 -64870.3398
Iter 1000: Best Obj 54756.0000, Loss 5480.7148, Term1 68938.3438, Term2 -63457.6289
Iter 1100: Best Obj 54156.0000, Loss 5160.6484, Term1 67703.5312, Term2 -62542.8828
Iter 1200: Best Obj 54066.0000, Loss 5046.5312, Term1 66826.1406, Term2 -61779.6094
Total Time: 163.94s, FPS: 7.3
tensor([1., 1., 1., 1., 1., 1., 1., 1., 1., 1., 1., 1., 1., 1., 1., 1., 1., 1.,
        1., 1., 1., 1., 1., 1., 1., 1., 1., 1., 1., 1., 1., 1., 1., 1., 1., 1.,
        1., 1., 1., 1., 1., 1., 1., 1., 1., 1., 1., 1., 1., 1., 1., 1., 1., 1.,
        1., 1., 1., 1., 1., 1., 1., 1., 1., 1., 1., 1., 1., 1., 1., 1., 1., 1.,
        1., 1., 1., 1., 1., 1., 1., 1., 1., 1., 1., 1., 1., 1., 1., 1., 1., 1.,
        1., 1., 1., 1., 1., 1., 1., 1., 1., 1., 1., 1., 1., 1., 1., 1., 1., 1.,
        1., 1., 1., 1., 1., 1., 1., 1., 1., 1., 1., 1., 1., 1., 1., 1., 1., 1.,
        1., 1., 1., 1., 1., 1., 1., 1., 1., 1., 1., 1., 1., 1., 1., 1., 1., 1.,
        1., 1., 1., 1., 1., 1., 1., 1., 1., 1., 1., 1., 1., 1., 1., 1., 1., 1.,
        1., 1., 1., 1., 1., 1., 1., 1., 1., 1., 1., 1., 1.], device='cuda:0')
tensor([1., 1., 1., 1., 1., 1., 1., 1., 1., 1., 1., 1., 1., 1., 1., 1., 1., 1.,
        1., 1., 1., 1., 1., 1., 1., 1., 1., 1., 1., 1., 1., 1., 1., 1., 1., 1.,
        1., 1., 1., 1., 1., 1., 1., 1., 1., 1., 1., 1., 1., 1., 1., 1., 1., 1.,
        1., 1., 1., 1., 1., 1., 1., 1., 1., 1., 1., 1., 1., 1., 1., 1., 1., 1.,
        1., 1., 1., 1., 1., 1., 1., 1., 1., 1., 1., 1., 1., 1., 1., 1., 1., 1.,
        1., 1., 1., 1., 1., 1., 1., 1., 1., 1., 1., 1., 1., 1., 1., 1., 1., 1.,
        1., 1., 1., 1., 1., 1., 1., 1., 1., 1., 1., 1., 1., 1., 1., 1., 1., 1.,
        1., 1., 1., 1., 1., 1., 1., 1., 1., 1., 1., 1., 1., 1., 1., 1., 1., 1.,
        1., 1., 1., 1., 1., 1., 1., 1., 1., 1., 1., 1., 1., 1., 1., 1., 1., 1.,
        1., 1., 1., 1., 1., 1., 1., 1., 1., 1., 1., 1., 1.], device='cuda:0')
Solution is a valid permutation matrix.
/home/xjx/miniconda3/envs/scopf/lib/python3.10/site-packages/torch/_inductor/compile_fx.py:312: UserWarning: TensorFloat32 tensor cores for float32 matrix multiplication available but not enabled. Consider setting `torch.set_float32_matmul_precision('high')` for better performance.
  warnings.warn(
0 0
[  1   2   3   4   5   6   7   8   9  10  11  12  13  14  15  16  17  18
  19  20  21  22  23  24  25  26  27  28  29  30  31  32  33  34  35  36
  37  38  39  40  41  42  43  44  45  46  47  48  49  50  51  52  53  54
  55  56  57  58  59  60  61  62  63  64  65  66  67  68  69  70  71  72
  73  74  75  76  77  78  79  80  81  82  83  84  85  86  87  88  89  90
  91  92  93  94  95  96  97  98  99 100 101 102 103 104 105 106 107 108
 109 110 111 112 113 114 115 116 117 118 119 120 121 122 123 124 125 126
 127 128 129 130 131 132 133 134 135 136 137 138 139 140 141 142 143 144
 145 146 147 148 149 150 151 152 153 154 155 156 157 158 159 160 161 162
 163 164 165 166 167 168 169 170 171 172 173 174 175 176 177 178 179 180
 181 182 183 184 185 186 187 188 189 190 191 192 193 194 195 196 197 198
 199 200 201 202 203 204 205 206 207 208 209 210 211 212 213 214 215 216
 217 218 219 220 221 222 223 224 225 226 227 228 229 230 231 232 233 234
 235 236 237 238 239 240 241 242 243 244 245 246 247 248 249 250 251 252
 253 254 255 256 257 258 259 260 261 262 263 264 265 266 267 268 269 270
 271 272 273 274 275 276 277 278 279 280 281 282 283 284 285 286 287 288
 289 290 291 292 293 294 295 296 297 298 299 300 301 302 303 304 305 306
 307 308 309 310 311 312 313 314 315 316 317 318 319 320 321 322 323 324
 325 326 327 328 329 330 331 332 333 334 335 336 337 338 339 340 341 342
 343]
1000
Starting Optimization [N=343, Batch=1000, Device=cuda]
Iter 100: Best Obj 343628.0000, Loss 585913.3750, Term1 890909.6250, Term2 -304996.2188
Iter 200: Best Obj 343628.0000, Loss 272839.0312, Term1 579108.5000, Term2 -306269.4688
Iter 300: Best Obj 343628.0000, Loss 172044.5625, Term1 481971.0312, Term2 -309926.4688
Iter 400: Best Obj 340500.0000, Loss 123817.7812, Term1 437336.5938, Term2 -313518.8125
Iter 500: Best Obj 318648.0000, Loss 100926.0938, Term1 414899.8750, Term2 -313973.7812
Iter 600: Best Obj 269926.0000, Loss 89789.1875, Term1 402663.5625, Term2 -312874.3750
Iter 700: Best Obj 220646.0000, Loss 80836.1562, Term1 386603.7812, Term2 -305767.6250
Iter 800: Best Obj 172612.0000, Loss 65278.9062, Term1 343783.8125, Term2 -278504.9062
Iter 900: Best Obj 156612.0000, Loss 42286.1562, Term1 272886.1562, Term2 -230600.0000
Iter 1000: Best Obj 152592.0000, Loss 32060.6719, Term1 221176.9375, Term2 -189116.2656
Iter 1100: Best Obj 150530.0000, Loss 29445.1406, Term1 194397.9688, Term2 -164952.8281
Iter 1200: Best Obj 147934.0000, Loss 29521.3906, Term1 188523.8125, Term2 -159002.4219
Total Time: 434.10s, FPS: 2.8
tensor([1., 1., 1., 1., 1., 1., 1., 1., 1., 1., 1., 1., 1., 1., 1., 1., 1., 1.,
        1., 1., 1., 1., 1., 1., 1., 1., 1., 1., 1., 1., 1., 1., 1., 1., 1., 1.,
        1., 1., 1., 1., 1., 1., 1., 1., 1., 1., 1., 1., 1., 1., 1., 1., 1., 1.,
        1., 1., 1., 1., 1., 1., 1., 1., 1., 1., 1., 1., 1., 1., 1., 1., 1., 1.,
        1., 1., 1., 1., 1., 1., 1., 1., 1., 1., 1., 1., 1., 1., 1., 1., 1., 1.,
        1., 1., 1., 1., 1., 1., 1., 1., 1., 1., 1., 1., 1., 1., 1., 1., 1., 1.,
        1., 1., 1., 1., 1., 1., 1., 1., 1., 1., 1., 1., 1., 1., 1., 1., 1., 1.,
        1., 1., 1., 1., 1., 1., 1., 1., 1., 1., 1., 1., 1., 1., 1., 1., 1., 1.,
        1., 1., 1., 1., 1., 1., 1., 1., 1., 1., 1., 1., 1., 1., 1., 1., 1., 1.,
        1., 1., 1., 1., 1., 1., 1., 1., 1., 1., 1., 1., 1., 1., 1., 1., 1., 1.,
        1., 1., 1., 1., 1., 1., 1., 1., 1., 1., 1., 1., 1., 1., 1., 1., 1., 1.,
        1., 1., 1., 1., 1., 1., 1., 1., 1., 1., 1., 1., 1., 1., 1., 1., 1., 1.,
        1., 1., 1., 1., 1., 1., 1., 1., 1., 1., 1., 1., 1., 1., 1., 1., 1., 1.,
        1., 1., 1., 1., 1., 1., 1., 1., 1., 1., 1., 1., 1., 1., 1., 1., 1., 1.,
        1., 1., 1., 1., 1., 1., 1., 1., 1., 1., 1., 1., 1., 1., 1., 1., 1., 1.,
        1., 1., 1., 1., 1., 1., 1., 1., 1., 1., 1., 1., 1., 1., 1., 1., 1., 1.,
        1., 1., 1., 1., 1., 1., 1., 1., 1., 1., 1., 1., 1., 1., 1., 1., 1., 1.,
        1., 1., 1., 1., 1., 1., 1., 1., 1., 1., 1., 1., 1., 1., 1., 1., 1., 1.,
        1., 1., 1., 1., 1., 1., 1., 1., 1., 1., 1., 1., 1., 1., 1., 1., 1., 1.,
        1.], device='cuda:0')
tensor([1., 1., 1., 1., 1., 1., 1., 1., 1., 1., 1., 1., 1., 1., 1., 1., 1., 1.,
        1., 1., 1., 1., 1., 1., 1., 1., 1., 1., 1., 1., 1., 1., 1., 1., 1., 1.,
        1., 1., 1., 1., 1., 1., 1., 1., 1., 1., 1., 1., 1., 1., 1., 1., 1., 1.,
        1., 1., 1., 1., 1., 1., 1., 1., 1., 1., 1., 1., 1., 1., 1., 1., 1., 1.,
        1., 1., 1., 1., 1., 1., 1., 1., 1., 1., 1., 1., 1., 1., 1., 1., 1., 1.,
        1., 1., 1., 1., 1., 1., 1., 1., 1., 1., 1., 1., 1., 1., 1., 1., 1., 1.,
        1., 1., 1., 1., 1., 1., 1., 1., 1., 1., 1., 1., 1., 1., 1., 1., 1., 1.,
        1., 1., 1., 1., 1., 1., 1., 1., 1., 1., 1., 1., 1., 1., 1., 1., 1., 1.,
        1., 1., 1., 1., 1., 1., 1., 1., 1., 1., 1., 1., 1., 1., 1., 1., 1., 1.,
        1., 1., 1., 1., 1., 1., 1., 1., 1., 1., 1., 1., 1., 1., 1., 1., 1., 1.,
        1., 1., 1., 1., 1., 1., 1., 1., 1., 1., 1., 1., 1., 1., 1., 1., 1., 1.,
        1., 1., 1., 1., 1., 1., 1., 1., 1., 1., 1., 1., 1., 1., 1., 1., 1., 1.,
        1., 1., 1., 1., 1., 1., 1., 1., 1., 1., 1., 1., 1., 1., 1., 1., 1., 1.,
        1., 1., 1., 1., 1., 1., 1., 1., 1., 1., 1., 1., 1., 1., 1., 1., 1., 1.,
        1., 1., 1., 1., 1., 1., 1., 1., 1., 1., 1., 1., 1., 1., 1., 1., 1., 1.,
        1., 1., 1., 1., 1., 1., 1., 1., 1., 1., 1., 1., 1., 1., 1., 1., 1., 1.,
        1., 1., 1., 1., 1., 1., 1., 1., 1., 1., 1., 1., 1., 1., 1., 1., 1., 1.,
        1., 1., 1., 1., 1., 1., 1., 1., 1., 1., 1., 1., 1., 1., 1., 1., 1., 1.,
        1., 1., 1., 1., 1., 1., 1., 1., 1., 1., 1., 1., 1., 1., 1., 1., 1., 1.,
        1.], device='cuda:0')
Solution is a valid permutation matrix.
0 0
[  1   2   3   4   5   6   7   8   9  10  11  12  13  14  15  16  17  18
  19  20  21  22  23  24  25  26  27  28  29  30  31  32  33  34  35  36
  37  38  39  40  41  42  43  44  45  46  47  48  49  50  51  52  53  54
  55  56  57  58  59  60  61  62  63  64  65  66  67  68  69  70  71  72
  73  74  75  76  77  78  79  80  81  82  83  84  85  86  87  88  89  90
  91  92  93  94  95  96  97  98  99 100 101 102 103 104 105 106 107 108
 109 110 111 112 113 114 115 116 117 118 119 120 121 122 123 124 125 126
 127 128 129 130 131 132 133 134 135 136 137 138 139 140 141 142 143 144
 145 146 147 148 149 150 151 152 153 154 155 156 157 158 159 160 161 162
 163 164 165 166 167 168 169 170 171 172 173 174 175 176 177 178 179 180
 181 182 183 184 185 186 187 188 189 190 191 192 193 194 195 196 197 198
 199 200 201 202 203 204 205 206 207 208 209 210 211 212 213 214 215 216
 217 218 219 220 221 222 223 224 225 226 227 228 229 230 231 232 233 234
 235 236 237 238 239 240 241 242 243 244 245 246 247 248 249 250 251 252
 253 254 255 256 257 258 259 260 261 262 263 264 265 266 267 268 269 270
 271 272 273 274 275 276 277 278 279 280 281 282 283 284 285 286 287 288
 289 290 291 292 293 294 295 296 297 298 299 300 301 302 303 304 305 306
 307 308 309 310 311 312 313 314 315 316 317 318 319 320 321 322 323 324
 325 326 327 328 329 330 331 332 333 334 335 336 337 338 339 340 341 342
 343]
1000
Starting Optimization [N=343, Batch=1000, Device=cuda]
Iter 100: Best Obj 355404.0000, Loss 584351.3750, Term1 889357.4375, Term2 -305006.0625
Iter 200: Best Obj 351746.0000, Loss 274378.7500, Term1 580654.5000, Term2 -306275.7500
Iter 300: Best Obj 347710.0000, Loss 174553.6875, Term1 484505.9688, Term2 -309952.2812
Iter 400: Best Obj 343608.0000, Loss 126851.5312, Term1 440499.1562, Term2 -313647.6250
Iter 500: Best Obj 317386.0000, Loss 104247.0000, Term1 418546.6562, Term2 -314299.6562
Iter 600: Best Obj 288142.0000, Loss 93472.0312, Term1 407242.7188, Term2 -313770.6875
Iter 700: Best Obj 243970.0000, Loss 86714.3750, Term1 397942.1562, Term2 -311227.7812
Iter 800: Best Obj 191554.0000, Loss 77173.5938, Term1 373101.4062, Term2 -295927.8125
Iter 900: Best Obj 167474.0000, Loss 56306.0312, Term1 309830.6250, Term2 -253524.5938
Iter 1000: Best Obj 159940.0000, Loss 40449.1250, Term1 247472.9062, Term2 -207023.7812
Iter 1100: Best Obj 158114.0000, Loss 36325.7812, Term1 211927.3438, Term2 -175601.5625
Iter 1200: Best Obj 156272.0000, Loss 36103.4219, Term1 201579.4375, Term2 -165476.0156
Total Time: 429.46s, FPS: 2.8
tensor([1., 1., 1., 1., 1., 1., 1., 1., 1., 1., 1., 1., 1., 1., 1., 1., 1., 1.,
        1., 1., 1., 1., 1., 1., 1., 1., 1., 1., 1., 1., 1., 1., 1., 1., 1., 1.,
        1., 1., 1., 1., 1., 1., 1., 1., 1., 1., 1., 1., 1., 1., 1., 1., 1., 1.,
        1., 1., 1., 1., 1., 1., 1., 1., 1., 1., 1., 1., 1., 1., 1., 1., 1., 1.,
        1., 1., 1., 1., 1., 1., 1., 1., 1., 1., 1., 1., 1., 1., 1., 1., 1., 1.,
        1., 1., 1., 1., 1., 1., 1., 1., 1., 1., 1., 1., 1., 1., 1., 1., 1., 1.,
        1., 1., 1., 1., 1., 1., 1., 1., 1., 1., 1., 1., 1., 1., 1., 1., 1., 1.,
        1., 1., 1., 1., 1., 1., 1., 1., 1., 1., 1., 1., 1., 1., 1., 1., 1., 1.,
        1., 1., 1., 1., 1., 1., 1., 1., 1., 1., 1., 1., 1., 1., 1., 1., 1., 1.,
        1., 1., 1., 1., 1., 1., 1., 1., 1., 1., 1., 1., 1., 1., 1., 1., 1., 1.,
        1., 1., 1., 1., 1., 1., 1., 1., 1., 1., 1., 1., 1., 1., 1., 1., 1., 1.,
        1., 1., 1., 1., 1., 1., 1., 1., 1., 1., 1., 1., 1., 1., 1., 1., 1., 1.,
        1., 1., 1., 1., 1., 1., 1., 1., 1., 1., 1., 1., 1., 1., 1., 1., 1., 1.,
        1., 1., 1., 1., 1., 1., 1., 1., 1., 1., 1., 1., 1., 1., 1., 1., 1., 1.,
        1., 1., 1., 1., 1., 1., 1., 1., 1., 1., 1., 1., 1., 1., 1., 1., 1., 1.,
        1., 1., 1., 1., 1., 1., 1., 1., 1., 1., 1., 1., 1., 1., 1., 1., 1., 1.,
        1., 1., 1., 1., 1., 1., 1., 1., 1., 1., 1., 1., 1., 1., 1., 1., 1., 1.,
        1., 1., 1., 1., 1., 1., 1., 1., 1., 1., 1., 1., 1., 1., 1., 1., 1., 1.,
        1., 1., 1., 1., 1., 1., 1., 1., 1., 1., 1., 1., 1., 1., 1., 1., 1., 1.,
        1.], device='cuda:0')
tensor([1., 1., 1., 1., 1., 1., 1., 1., 1., 1., 1., 1., 1., 1., 1., 1., 1., 1.,
        1., 1., 1., 1., 1., 1., 1., 1., 1., 1., 1., 1., 1., 1., 1., 1., 1., 1.,
        1., 1., 1., 1., 1., 1., 1., 1., 1., 1., 1., 1., 1., 1., 1., 1., 1., 1.,
        1., 1., 1., 1., 1., 1., 1., 1., 1., 1., 1., 1., 1., 1., 1., 1., 1., 1.,
        1., 1., 1., 1., 1., 1., 1., 1., 1., 1., 1., 1., 1., 1., 1., 1., 1., 1.,
        1., 1., 1., 1., 1., 1., 1., 1., 1., 1., 1., 1., 1., 1., 1., 1., 1., 1.,
        1., 1., 1., 1., 1., 1., 1., 1., 1., 1., 1., 1., 1., 1., 1., 1., 1., 1.,
        1., 1., 1., 1., 1., 1., 1., 1., 1., 1., 1., 1., 1., 1., 1., 1., 1., 1.,
        1., 1., 1., 1., 1., 1., 1., 1., 1., 1., 1., 1., 1., 1., 1., 1., 1., 1.,
        1., 1., 1., 1., 1., 1., 1., 1., 1., 1., 1., 1., 1., 1., 1., 1., 1., 1.,
        1., 1., 1., 1., 1., 1., 1., 1., 1., 1., 1., 1., 1., 1., 1., 1., 1., 1.,
        1., 1., 1., 1., 1., 1., 1., 1., 1., 1., 1., 1., 1., 1., 1., 1., 1., 1.,
        1., 1., 1., 1., 1., 1., 1., 1., 1., 1., 1., 1., 1., 1., 1., 1., 1., 1.,
        1., 1., 1., 1., 1., 1., 1., 1., 1., 1., 1., 1., 1., 1., 1., 1., 1., 1.,
        1., 1., 1., 1., 1., 1., 1., 1., 1., 1., 1., 1., 1., 1., 1., 1., 1., 1.,
        1., 1., 1., 1., 1., 1., 1., 1., 1., 1., 1., 1., 1., 1., 1., 1., 1., 1.,
        1., 1., 1., 1., 1., 1., 1., 1., 1., 1., 1., 1., 1., 1., 1., 1., 1., 1.,
        1., 1., 1., 1., 1., 1., 1., 1., 1., 1., 1., 1., 1., 1., 1., 1., 1., 1.,
        1., 1., 1., 1., 1., 1., 1., 1., 1., 1., 1., 1., 1., 1., 1., 1., 1., 1.,
        1.], device='cuda:0')
Solution is a valid permutation matrix.
0 0
[  1   2   3   4   5   6   7   8   9  10  11  12  13  14  15  16  17  18
  19  20  21  22  23  24  25  26  27  28  29  30  31  32  33  34  35  36
  37  38  39  40  41  42  43  44  45  46  47  48  49  50  51  52  53  54
  55  56  57  58  59  60  61  62  63  64  65  66  67  68  69  70  71  72
  73  74  75  76  77  78  79  80  81  82  83  84  85  86  87  88  89  90
  91  92  93  94  95  96  97  98  99 100 101 102 103 104 105 106 107 108
 109 110 111 112 113 114 115 116 117 118 119 120 121 122 123 124 125 126
 127 128 129 130 131 132 133 134 135 136 137 138 139 140 141 142 143 144
 145 146 147 148 149 150 151 152 153 154 155 156 157 158 159 160 161 162
 163 164 165 166 167 168 169 170 171 172 173 174 175 176 177 178 179 180
 181 182 183 184 185 186 187 188 189 190 191 192 193 194 195 196 197 198
 199 200 201 202 203 204 205 206 207 208 209 210 211 212 213 214 215 216
 217 218 219 220 221 222 223 224 225 226 227 228 229 230 231 232 233 234
 235 236 237 238 239 240 241 242 243 244 245 246 247 248 249 250 251 252
 253 254 255 256 257 258 259 260 261 262 263 264 265 266 267 268 269 270
 271 272 273 274 275 276 277 278 279 280 281 282 283 284 285 286 287 288
 289 290 291 292 293 294 295 296 297 298 299 300 301 302 303 304 305 306
 307 308 309 310 311 312 313 314 315 316 317 318 319 320 321 322 323 324
 325 326 327 328 329 330 331 332 333 334 335 336 337 338 339 340 341 342
 343]
1000
Starting Optimization [N=343, Batch=1000, Device=cuda]
Iter 100: Best Obj 347358.0000, Loss 611037.5000, Term1 915912.1250, Term2 -304874.6562
Iter 200: Best Obj 342574.0000, Loss 285517.5938, Term1 591568.8750, Term2 -306051.2812
Iter 300: Best Obj 342574.0000, Loss 181069.3125, Term1 490674.7812, Term2 -309605.4688
Iter 400: Best Obj 340306.0000, Loss 131010.4062, Term1 444331.5000, Term2 -313321.0938
Iter 500: Best Obj 316492.0000, Loss 106925.1250, Term1 420822.8750, Term2 -313897.7500
Iter 600: Best Obj 276830.0000, Loss 95318.9688, Term1 408236.8750, Term2 -312917.9062
Iter 700: Best Obj 219218.0000, Loss 86621.9062, Term1 393565.5938, Term2 -306943.6875
Iter 800: Best Obj 175782.0000, Loss 70259.0000, Term1 350361.0312, Term2 -280102.0312
Iter 900: Best Obj 157740.0000, Loss 40774.1562, Term1 269252.5625, Term2 -228478.4062
Iter 1000: Best Obj 149456.0000, Loss 30555.3750, Term1 222992.9375, Term2 -192437.5625
Iter 1100: Best Obj 148110.0000, Loss 27805.1875, Term1 197057.0625, Term2 -169251.8750
Iter 1200: Best Obj 147768.0000, Loss 27862.0625, Term1 192184.4531, Term2 -164322.3906
Total Time: 428.97s, FPS: 2.8
tensor([1., 1., 1., 1., 1., 1., 1., 1., 1., 1., 1., 1., 1., 1., 1., 1., 1., 1.,
        1., 1., 1., 1., 1., 1., 1., 1., 1., 1., 1., 1., 1., 1., 1., 1., 1., 1.,
        1., 1., 1., 1., 1., 1., 1., 1., 1., 1., 1., 1., 1., 1., 1., 1., 1., 1.,
        1., 1., 1., 1., 1., 1., 1., 1., 1., 1., 1., 1., 1., 1., 1., 1., 1., 1.,
        1., 1., 1., 1., 1., 1., 1., 1., 1., 1., 1., 1., 1., 1., 1., 1., 1., 1.,
        1., 1., 1., 1., 1., 1., 1., 1., 1., 1., 1., 1., 1., 1., 1., 1., 1., 1.,
        1., 1., 1., 1., 1., 1., 1., 1., 1., 1., 1., 1., 1., 1., 1., 1., 1., 1.,
        1., 1., 1., 1., 1., 1., 1., 1., 1., 1., 1., 1., 1., 1., 1., 1., 1., 1.,
        1., 1., 1., 1., 1., 1., 1., 1., 1., 1., 1., 1., 1., 1., 1., 1., 1., 1.,
        1., 1., 1., 1., 1., 1., 1., 1., 1., 1., 1., 1., 1., 1., 1., 1., 1., 1.,
        1., 1., 1., 1., 1., 1., 1., 1., 1., 1., 1., 1., 1., 1., 1., 1., 1., 1.,
        1., 1., 1., 1., 1., 1., 1., 1., 1., 1., 1., 1., 1., 1., 1., 1., 1., 1.,
        1., 1., 1., 1., 1., 1., 1., 1., 1., 1., 1., 1., 1., 1., 1., 1., 1., 1.,
        1., 1., 1., 1., 1., 1., 1., 1., 1., 1., 1., 1., 1., 1., 1., 1., 1., 1.,
        1., 1., 1., 1., 1., 1., 1., 1., 1., 1., 1., 1., 1., 1., 1., 1., 1., 1.,
        1., 1., 1., 1., 1., 1., 1., 1., 1., 1., 1., 1., 1., 1., 1., 1., 1., 1.,
        1., 1., 1., 1., 1., 1., 1., 1., 1., 1., 1., 1., 1., 1., 1., 1., 1., 1.,
        1., 1., 1., 1., 1., 1., 1., 1., 1., 1., 1., 1., 1., 1., 1., 1., 1., 1.,
        1., 1., 1., 1., 1., 1., 1., 1., 1., 1., 1., 1., 1., 1., 1., 1., 1., 1.,
        1.], device='cuda:0')
tensor([1., 1., 1., 1., 1., 1., 1., 1., 1., 1., 1., 1., 1., 1., 1., 1., 1., 1.,
        1., 1., 1., 1., 1., 1., 1., 1., 1., 1., 1., 1., 1., 1., 1., 1., 1., 1.,
        1., 1., 1., 1., 1., 1., 1., 1., 1., 1., 1., 1., 1., 1., 1., 1., 1., 1.,
        1., 1., 1., 1., 1., 1., 1., 1., 1., 1., 1., 1., 1., 1., 1., 1., 1., 1.,
        1., 1., 1., 1., 1., 1., 1., 1., 1., 1., 1., 1., 1., 1., 1., 1., 1., 1.,
        1., 1., 1., 1., 1., 1., 1., 1., 1., 1., 1., 1., 1., 1., 1., 1., 1., 1.,
        1., 1., 1., 1., 1., 1., 1., 1., 1., 1., 1., 1., 1., 1., 1., 1., 1., 1.,
        1., 1., 1., 1., 1., 1., 1., 1., 1., 1., 1., 1., 1., 1., 1., 1., 1., 1.,
        1., 1., 1., 1., 1., 1., 1., 1., 1., 1., 1., 1., 1., 1., 1., 1., 1., 1.,
        1., 1., 1., 1., 1., 1., 1., 1., 1., 1., 1., 1., 1., 1., 1., 1., 1., 1.,
        1., 1., 1., 1., 1., 1., 1., 1., 1., 1., 1., 1., 1., 1., 1., 1., 1., 1.,
        1., 1., 1., 1., 1., 1., 1., 1., 1., 1., 1., 1., 1., 1., 1., 1., 1., 1.,
        1., 1., 1., 1., 1., 1., 1., 1., 1., 1., 1., 1., 1., 1., 1., 1., 1., 1.,
        1., 1., 1., 1., 1., 1., 1., 1., 1., 1., 1., 1., 1., 1., 1., 1., 1., 1.,
        1., 1., 1., 1., 1., 1., 1., 1., 1., 1., 1., 1., 1., 1., 1., 1., 1., 1.,
        1., 1., 1., 1., 1., 1., 1., 1., 1., 1., 1., 1., 1., 1., 1., 1., 1., 1.,
        1., 1., 1., 1., 1., 1., 1., 1., 1., 1., 1., 1., 1., 1., 1., 1., 1., 1.,
        1., 1., 1., 1., 1., 1., 1., 1., 1., 1., 1., 1., 1., 1., 1., 1., 1., 1.,
        1., 1., 1., 1., 1., 1., 1., 1., 1., 1., 1., 1., 1., 1., 1., 1., 1., 1.,
        1.], device='cuda:0')
Solution is a valid permutation matrix.
0 0
[  1   2   3   4   5   6   7   8   9  10  11  12  13  14  15  16  17  18
  19  20  21  22  23  24  25  26  27  28  29  30  31  32  33  34  35  36
  37  38  39  40  41  42  43  44  45  46  47  48  49  50  51  52  53  54
  55  56  57  58  59  60  61  62  63  64  65  66  67  68  69  70  71  72
  73  74  75  76  77  78  79  80  81  82  83  84  85  86  87  88  89  90
  91  92  93  94  95  96  97  98  99 100 101 102 103 104 105 106 107 108
 109 110 111 112 113 114 115 116 117 118 119 120 121 122 123 124 125 126
 127 128 129 130 131 132 133 134 135 136 137 138 139 140 141 142 143 144
 145 146 147 148 149 150 151 152 153 154 155 156 157 158 159 160 161 162
 163 164 165 166 167 168 169 170 171 172 173 174 175 176 177 178 179 180
 181 182 183 184 185 186 187 188 189 190 191 192 193 194 195 196 197 198
 199 200 201 202 203 204 205 206 207 208 209 210 211 212 213 214 215 216
 217 218 219 220 221 222 223 224 225 226 227 228 229 230 231 232 233 234
 235 236 237 238 239 240 241 242 243 244 245 246 247 248 249 250 251 252
 253 254 255 256 257 258 259 260 261 262 263 264 265 266 267 268 269 270
 271 272 273 274 275 276 277 278 279 280 281 282 283 284 285 286 287 288
 289 290 291 292 293 294 295 296 297 298 299 300 301 302 303 304 305 306
 307 308 309 310 311 312 313 314 315 316 317 318 319 320 321 322 323 324
 325 326 327 328 329 330 331 332 333 334 335 336 337 338 339 340 341 342
 343]
1000
Starting Optimization [N=343, Batch=1000, Device=cuda]
Iter 100: Best Obj 350142.0000, Loss 565542.1250, Term1 870366.3125, Term2 -304824.1562
Iter 200: Best Obj 346100.0000, Loss 266956.2188, Term1 573171.5000, Term2 -306215.2812
Iter 300: Best Obj 344426.0000, Loss 170606.3125, Term1 480598.5000, Term2 -309992.1875
Iter 400: Best Obj 342076.0000, Loss 124625.0938, Term1 438063.9688, Term2 -313438.8750
Iter 500: Best Obj 333962.0000, Loss 103095.0625, Term1 416855.0625, Term2 -313760.0000
Iter 600: Best Obj 304736.0000, Loss 92792.8125, Term1 405905.0625, Term2 -313112.2500
Iter 700: Best Obj 273516.0000, Loss 86306.3750, Term1 397115.4062, Term2 -310809.0312
Iter 800: Best Obj 212708.0000, Loss 78638.5938, Term1 378331.0312, Term2 -299692.4375
Iter 900: Best Obj 173636.0000, Loss 63677.2188, Term1 328762.0938, Term2 -265084.8750
Iter 1000: Best Obj 166928.0000, Loss 48807.8438, Term1 260090.9219, Term2 -211283.0781
Iter 1100: Best Obj 161846.0000, Loss 43618.2656, Term1 213766.3125, Term2 -170148.0469
Iter 1200: Best Obj 161334.0000, Loss 43563.3906, Term1 205358.6875, Term2 -161795.2969
Total Time: 428.11s, FPS: 2.8
tensor([1., 1., 1., 1., 1., 1., 1., 1., 1., 1., 1., 1., 1., 1., 1., 1., 1., 1.,
        1., 1., 1., 1., 1., 1., 1., 1., 1., 1., 1., 1., 1., 1., 1., 1., 1., 1.,
        1., 1., 1., 1., 1., 1., 1., 1., 1., 1., 1., 1., 1., 1., 1., 1., 1., 1.,
        1., 1., 1., 1., 1., 1., 1., 1., 1., 1., 1., 1., 1., 1., 1., 1., 1., 1.,
        1., 1., 1., 1., 1., 1., 1., 1., 1., 1., 1., 1., 1., 1., 1., 1., 1., 1.,
        1., 1., 1., 1., 1., 1., 1., 1., 1., 1., 1., 1., 1., 1., 1., 1., 1., 1.,
        1., 1., 1., 1., 1., 1., 1., 1., 1., 1., 1., 1., 1., 1., 1., 1., 1., 1.,
        1., 1., 1., 1., 1., 1., 1., 1., 1., 1., 1., 1., 1., 1., 1., 1., 1., 1.,
        1., 1., 1., 1., 1., 1., 1., 1., 1., 1., 1., 1., 1., 1., 1., 1., 1., 1.,
        1., 1., 1., 1., 1., 1., 1., 1., 1., 1., 1., 1., 1., 1., 1., 1., 1., 1.,
        1., 1., 1., 1., 1., 1., 1., 1., 1., 1., 1., 1., 1., 1., 1., 1., 1., 1.,
        1., 1., 1., 1., 1., 1., 1., 1., 1., 1., 1., 1., 1., 1., 1., 1., 1., 1.,
        1., 1., 1., 1., 1., 1., 1., 1., 1., 1., 1., 1., 1., 1., 1., 1., 1., 1.,
        1., 1., 1., 1., 1., 1., 1., 1., 1., 1., 1., 1., 1., 1., 1., 1., 1., 1.,
        1., 1., 1., 1., 1., 1., 1., 1., 1., 1., 1., 1., 1., 1., 1., 1., 1., 1.,
        1., 1., 1., 1., 1., 1., 1., 1., 1., 1., 1., 1., 1., 1., 1., 1., 1., 1.,
        1., 1., 1., 1., 1., 1., 1., 1., 1., 1., 1., 1., 1., 1., 1., 1., 1., 1.,
        1., 1., 1., 1., 1., 1., 1., 1., 1., 1., 1., 1., 1., 1., 1., 1., 1., 1.,
        1., 1., 1., 1., 1., 1., 1., 1., 1., 1., 1., 1., 1., 1., 1., 1., 1., 1.,
        1.], device='cuda:0')
tensor([1., 1., 1., 1., 1., 1., 1., 1., 1., 1., 1., 1., 1., 1., 1., 1., 1., 1.,
        1., 1., 1., 1., 1., 1., 1., 1., 1., 1., 1., 1., 1., 1., 1., 1., 1., 1.,
        1., 1., 1., 1., 1., 1., 1., 1., 1., 1., 1., 1., 1., 1., 1., 1., 1., 1.,
        1., 1., 1., 1., 1., 1., 1., 1., 1., 1., 1., 1., 1., 1., 1., 1., 1., 1.,
        1., 1., 1., 1., 1., 1., 1., 1., 1., 1., 1., 1., 1., 1., 1., 1., 1., 1.,
        1., 1., 1., 1., 1., 1., 1., 1., 1., 1., 1., 1., 1., 1., 1., 1., 1., 1.,
        1., 1., 1., 1., 1., 1., 1., 1., 1., 1., 1., 1., 1., 1., 1., 1., 1., 1.,
        1., 1., 1., 1., 1., 1., 1., 1., 1., 1., 1., 1., 1., 1., 1., 1., 1., 1.,
        1., 1., 1., 1., 1., 1., 1., 1., 1., 1., 1., 1., 1., 1., 1., 1., 1., 1.,
        1., 1., 1., 1., 1., 1., 1., 1., 1., 1., 1., 1., 1., 1., 1., 1., 1., 1.,
        1., 1., 1., 1., 1., 1., 1., 1., 1., 1., 1., 1., 1., 1., 1., 1., 1., 1.,
        1., 1., 1., 1., 1., 1., 1., 1., 1., 1., 1., 1., 1., 1., 1., 1., 1., 1.,
        1., 1., 1., 1., 1., 1., 1., 1., 1., 1., 1., 1., 1., 1., 1., 1., 1., 1.,
        1., 1., 1., 1., 1., 1., 1., 1., 1., 1., 1., 1., 1., 1., 1., 1., 1., 1.,
        1., 1., 1., 1., 1., 1., 1., 1., 1., 1., 1., 1., 1., 1., 1., 1., 1., 1.,
        1., 1., 1., 1., 1., 1., 1., 1., 1., 1., 1., 1., 1., 1., 1., 1., 1., 1.,
        1., 1., 1., 1., 1., 1., 1., 1., 1., 1., 1., 1., 1., 1., 1., 1., 1., 1.,
        1., 1., 1., 1., 1., 1., 1., 1., 1., 1., 1., 1., 1., 1., 1., 1., 1., 1.,
        1., 1., 1., 1., 1., 1., 1., 1., 1., 1., 1., 1., 1., 1., 1., 1., 1., 1.,
        1.], device='cuda:0')
Solution is a valid permutation matrix.
0 0
[  1   2   3   4   5   6   7   8   9  10  11  12  13  14  15  16  17  18
  19  20  21  22  23  24  25  26  27  28  29  30  31  32  33  34  35  36
  37  38  39  40  41  42  43  44  45  46  47  48  49  50  51  52  53  54
  55  56  57  58  59  60  61  62  63  64  65  66  67  68  69  70  71  72
  73  74  75  76  77  78  79  80  81  82  83  84  85  86  87  88  89  90
  91  92  93  94  95  96  97  98  99 100 101 102 103 104 105 106 107 108
 109 110 111 112 113 114 115 116 117 118 119 120 121 122 123 124 125 126
 127 128 129 130 131 132 133 134 135 136 137 138 139 140 141 142 143 144
 145 146 147 148 149 150 151 152 153 154 155 156 157 158 159 160 161 162
 163 164 165 166 167 168 169 170 171 172 173 174 175 176 177 178 179 180
 181 182 183 184 185 186 187 188 189 190 191 192 193 194 195 196 197 198
 199 200 201 202 203 204 205 206 207 208 209 210 211 212 213 214 215 216
 217 218 219 220 221 222 223 224 225 226 227 228 229 230 231 232 233 234
 235 236 237 238 239 240 241 242 243 244 245 246 247 248 249 250 251 252
 253 254 255 256 257 258 259 260 261 262 263 264 265 266 267 268 269 270
 271 272 273 274 275 276 277 278 279 280 281 282 283 284 285 286 287 288
 289 290 291 292 293 294 295 296 297 298 299 300 301 302 303 304 305 306
 307 308 309 310 311 312 313 314 315 316 317 318 319 320 321 322 323 324
 325 326 327 328 329 330 331 332 333 334 335 336 337 338 339 340 341 342
 343]
1000
Starting Optimization [N=343, Batch=1000, Device=cuda]
Iter 100: Best Obj 353146.0000, Loss 601188.3750, Term1 906152.7500, Term2 -304964.3750
Iter 200: Best Obj 347496.0000, Loss 280187.5625, Term1 586338.7500, Term2 -306151.1875
Iter 300: Best Obj 334164.0000, Loss 177060.8750, Term1 486777.6875, Term2 -309716.8125
Iter 400: Best Obj 328618.0000, Loss 127710.2500, Term1 441155.1562, Term2 -313444.9062
Iter 500: Best Obj 312370.0000, Loss 104056.0000, Term1 418179.2812, Term2 -314123.2812
Iter 600: Best Obj 275230.0000, Loss 92672.0000, Term1 405964.5625, Term2 -313292.5625
Iter 700: Best Obj 220290.0000, Loss 83989.4688, Term1 391262.6875, Term2 -307273.2188
Iter 800: Best Obj 177486.0000, Loss 67865.9375, Term1 348749.5938, Term2 -280883.6562
Iter 900: Best Obj 155680.0000, Loss 42099.6562, Term1 275354.6250, Term2 -233254.9688
Iter 1000: Best Obj 149384.0000, Loss 31786.9062, Term1 228649.4844, Term2 -196862.5781
Iter 1100: Best Obj 146012.0000, Loss 28477.7656, Term1 196925.5469, Term2 -168447.7812
Iter 1200: Best Obj 146012.0000, Loss 28302.5781, Term1 188835.2344, Term2 -160532.6562
Total Time: 428.14s, FPS: 2.8
tensor([1., 1., 1., 1., 1., 1., 1., 1., 1., 1., 1., 1., 1., 1., 1., 1., 1., 1.,
        1., 1., 1., 1., 1., 1., 1., 1., 1., 1., 1., 1., 1., 1., 1., 1., 1., 1.,
        1., 1., 1., 1., 1., 1., 1., 1., 1., 1., 1., 1., 1., 1., 1., 1., 1., 1.,
        1., 1., 1., 1., 1., 1., 1., 1., 1., 1., 1., 1., 1., 1., 1., 1., 1., 1.,
        1., 1., 1., 1., 1., 1., 1., 1., 1., 1., 1., 1., 1., 1., 1., 1., 1., 1.,
        1., 1., 1., 1., 1., 1., 1., 1., 1., 1., 1., 1., 1., 1., 1., 1., 1., 1.,
        1., 1., 1., 1., 1., 1., 1., 1., 1., 1., 1., 1., 1., 1., 1., 1., 1., 1.,
        1., 1., 1., 1., 1., 1., 1., 1., 1., 1., 1., 1., 1., 1., 1., 1., 1., 1.,
        1., 1., 1., 1., 1., 1., 1., 1., 1., 1., 1., 1., 1., 1., 1., 1., 1., 1.,
        1., 1., 1., 1., 1., 1., 1., 1., 1., 1., 1., 1., 1., 1., 1., 1., 1., 1.,
        1., 1., 1., 1., 1., 1., 1., 1., 1., 1., 1., 1., 1., 1., 1., 1., 1., 1.,
        1., 1., 1., 1., 1., 1., 1., 1., 1., 1., 1., 1., 1., 1., 1., 1., 1., 1.,
        1., 1., 1., 1., 1., 1., 1., 1., 1., 1., 1., 1., 1., 1., 1., 1., 1., 1.,
        1., 1., 1., 1., 1., 1., 1., 1., 1., 1., 1., 1., 1., 1., 1., 1., 1., 1.,
        1., 1., 1., 1., 1., 1., 1., 1., 1., 1., 1., 1., 1., 1., 1., 1., 1., 1.,
        1., 1., 1., 1., 1., 1., 1., 1., 1., 1., 1., 1., 1., 1., 1., 1., 1., 1.,
        1., 1., 1., 1., 1., 1., 1., 1., 1., 1., 1., 1., 1., 1., 1., 1., 1., 1.,
        1., 1., 1., 1., 1., 1., 1., 1., 1., 1., 1., 1., 1., 1., 1., 1., 1., 1.,
        1., 1., 1., 1., 1., 1., 1., 1., 1., 1., 1., 1., 1., 1., 1., 1., 1., 1.,
        1.], device='cuda:0')
tensor([1., 1., 1., 1., 1., 1., 1., 1., 1., 1., 1., 1., 1., 1., 1., 1., 1., 1.,
        1., 1., 1., 1., 1., 1., 1., 1., 1., 1., 1., 1., 1., 1., 1., 1., 1., 1.,
        1., 1., 1., 1., 1., 1., 1., 1., 1., 1., 1., 1., 1., 1., 1., 1., 1., 1.,
        1., 1., 1., 1., 1., 1., 1., 1., 1., 1., 1., 1., 1., 1., 1., 1., 1., 1.,
        1., 1., 1., 1., 1., 1., 1., 1., 1., 1., 1., 1., 1., 1., 1., 1., 1., 1.,
        1., 1., 1., 1., 1., 1., 1., 1., 1., 1., 1., 1., 1., 1., 1., 1., 1., 1.,
        1., 1., 1., 1., 1., 1., 1., 1., 1., 1., 1., 1., 1., 1., 1., 1., 1., 1.,
        1., 1., 1., 1., 1., 1., 1., 1., 1., 1., 1., 1., 1., 1., 1., 1., 1., 1.,
        1., 1., 1., 1., 1., 1., 1., 1., 1., 1., 1., 1., 1., 1., 1., 1., 1., 1.,
        1., 1., 1., 1., 1., 1., 1., 1., 1., 1., 1., 1., 1., 1., 1., 1., 1., 1.,
        1., 1., 1., 1., 1., 1., 1., 1., 1., 1., 1., 1., 1., 1., 1., 1., 1., 1.,
        1., 1., 1., 1., 1., 1., 1., 1., 1., 1., 1., 1., 1., 1., 1., 1., 1., 1.,
        1., 1., 1., 1., 1., 1., 1., 1., 1., 1., 1., 1., 1., 1., 1., 1., 1., 1.,
        1., 1., 1., 1., 1., 1., 1., 1., 1., 1., 1., 1., 1., 1., 1., 1., 1., 1.,
        1., 1., 1., 1., 1., 1., 1., 1., 1., 1., 1., 1., 1., 1., 1., 1., 1., 1.,
        1., 1., 1., 1., 1., 1., 1., 1., 1., 1., 1., 1., 1., 1., 1., 1., 1., 1.,
        1., 1., 1., 1., 1., 1., 1., 1., 1., 1., 1., 1., 1., 1., 1., 1., 1., 1.,
        1., 1., 1., 1., 1., 1., 1., 1., 1., 1., 1., 1., 1., 1., 1., 1., 1., 1.,
        1., 1., 1., 1., 1., 1., 1., 1., 1., 1., 1., 1., 1., 1., 1., 1., 1., 1.,
        1.], device='cuda:0')
Solution is a valid permutation matrix.
/home/xjx/miniconda3/envs/scopf/lib/python3.10/site-packages/torch/_inductor/compile_fx.py:312: UserWarning: TensorFloat32 tensor cores for float32 matrix multiplication available but not enabled. Consider setting `torch.set_float32_matmul_precision('high')` for better performance.
  warnings.warn(
0 0
[530 531 532 533 534 535 536 537 538 539 540 541 542 543 544 545 546 547
 548 549 550 551 552 553 554 555 556 557 558 559 560 561 562 563 564 565
 566 567 568 569 570 571 572 573 574 575 576 577 578 579 580 581 582 583
 584 585 586 587 588 589 590 591 592 593 594 595 596 597 598 599 600 601
 602 603 604 605 606 607 608 609 610 611 612 613 614 615 616 617 618 619
 620 621 622 623 624 625 626 627 628 629 630 631 632 633 634 635 636 637
 638 639 640 641 642 643 644 645 646 647 648 649 650 651 652 653 654 655
 656 657 658 659 660 661 662 663 664 665 666 667 668 669 670 671 672 673
 674 675 676 677 678 679 680 681 682 683 684 685 686 687 688 689 690 691
 692 693 694 695 696 697 698 699 700 701 702 703 704 705 706 707 708 709
 710 711 712 713 714 715 716 717 718 719 720 721 722 723 724 725 726 727
 728 729]
200
Starting Optimization [N=729, Batch=200, Device=cuda]
Iter 100: Best Obj 1063124.0000, Loss 2569342.0000, Term1 3326159.5000, Term2 -756817.5000
Iter 200: Best Obj 1063124.0000, Loss 1204850.0000, Term1 1959034.5000, Term2 -754184.4375
Iter 300: Best Obj 1058662.0000, Loss 783912.0000, Term1 1537127.5000, Term2 -753215.5000
Iter 400: Best Obj 1038976.0000, Loss 596056.5000, Term1 1348763.6250, Term2 -752707.1250
Iter 500: Best Obj 1023112.0000, Loss 498734.3125, Term1 1251027.1250, Term2 -752292.8125
Iter 600: Best Obj 980202.0000, Loss 444412.3125, Term1 1196049.8750, Term2 -751637.5625
Iter 700: Best Obj 912142.0000, Loss 412552.8750, Term1 1162692.8750, Term2 -750140.0000
Iter 800: Best Obj 823438.0000, Loss 390857.3125, Term1 1135872.0000, Term2 -745014.6875
Iter 900: Best Obj 714600.0000, Loss 350048.1250, Term1 1055159.1250, Term2 -705111.0000
Iter 1000: Best Obj 543440.0000, Loss 257258.1875, Term1 824750.6875, Term2 -567492.5000
Iter 1100: Best Obj 455468.0000, Loss 193773.1875, Term1 599180.9375, Term2 -405407.7500
Iter 1200: Best Obj 445270.0000, Loss 172687.4375, Term1 495528.7812, Term2 -322841.3438
Total Time: 655.32s, FPS: 1.8
tensor([1., 1., 1., 1., 1., 1., 1., 1., 1., 1., 1., 1., 1., 1., 1., 1., 1., 1.,
        1., 1., 1., 1., 1., 1., 1., 1., 1., 1., 1., 1., 1., 1., 1., 1., 1., 1.,
        1., 1., 1., 1., 1., 1., 1., 1., 1., 1., 1., 1., 1., 1., 1., 1., 1., 1.,
        1., 1., 1., 1., 1., 1., 1., 1., 1., 1., 1., 1., 1., 1., 1., 1., 1., 1.,
        1., 1., 1., 1., 1., 1., 1., 1., 1., 1., 1., 1., 1., 1., 1., 1., 1., 1.,
        1., 1., 1., 1., 1., 1., 1., 1., 1., 1., 1., 1., 1., 1., 1., 1., 1., 1.,
        1., 1., 1., 1., 1., 1., 1., 1., 1., 1., 1., 1., 1., 1., 1., 1., 1., 1.,
        1., 1., 1., 1., 1., 1., 1., 1., 1., 1., 1., 1., 1., 1., 1., 1., 1., 1.,
        1., 1., 1., 1., 1., 1., 1., 1., 1., 1., 1., 1., 1., 1., 1., 1., 1., 1.,
        1., 1., 1., 1., 1., 1., 1., 1., 1., 1., 1., 1., 1., 1., 1., 1., 1., 1.,
        1., 1., 1., 1., 1., 1., 1., 1., 1., 1., 1., 1., 1., 1., 1., 1., 1., 1.,
        1., 1., 1., 1., 1., 1., 1., 1., 1., 1., 1., 1., 1., 1., 1., 1., 1., 1.,
        1., 1., 1., 1., 1., 1., 1., 1., 1., 1., 1., 1., 1., 1., 1., 1., 1., 1.,
        1., 1., 1., 1., 1., 1., 1., 1., 1., 1., 1., 1., 1., 1., 1., 1., 1., 1.,
        1., 1., 1., 1., 1., 1., 1., 1., 1., 1., 1., 1., 1., 1., 1., 1., 1., 1.,
        1., 1., 1., 1., 1., 1., 1., 1., 1., 1., 1., 1., 1., 1., 1., 1., 1., 1.,
        1., 1., 1., 1., 1., 1., 1., 1., 1., 1., 1., 1., 1., 1., 1., 1., 1., 1.,
        1., 1., 1., 1., 1., 1., 1., 1., 1., 1., 1., 1., 1., 1., 1., 1., 1., 1.,
        1., 1., 1., 1., 1., 1., 1., 1., 1., 1., 1., 1., 1., 1., 1., 1., 1., 1.,
        1., 1., 1., 1., 1., 1., 1., 1., 1., 1., 1., 1., 1., 1., 1., 1., 1., 1.,
        1., 1., 1., 1., 1., 1., 1., 1., 1., 1., 1., 1., 1., 1., 1., 1., 1., 1.,
        1., 1., 1., 1., 1., 1., 1., 1., 1., 1., 1., 1., 1., 1., 1., 1., 1., 1.,
        1., 1., 1., 1., 1., 1., 1., 1., 1., 1., 1., 1., 1., 1., 1., 1., 1., 1.,
        1., 1., 1., 1., 1., 1., 1., 1., 1., 1., 1., 1., 1., 1., 1., 1., 1., 1.,
        1., 1., 1., 1., 1., 1., 1., 1., 1., 1., 1., 1., 1., 1., 1., 1., 1., 1.,
        1., 1., 1., 1., 1., 1., 1., 1., 1., 1., 1., 1., 1., 1., 1., 1., 1., 1.,
        1., 1., 1., 1., 1., 1., 1., 1., 1., 1., 1., 1., 1., 1., 1., 1., 1., 1.,
        1., 1., 1., 1., 1., 1., 1., 1., 1., 1., 1., 1., 1., 1., 1., 1., 1., 1.,
        1., 1., 1., 1., 1., 1., 1., 1., 1., 1., 1., 1., 1., 1., 1., 1., 1., 1.,
        1., 1., 1., 1., 1., 1., 1., 1., 1., 1., 1., 1., 1., 1., 1., 1., 1., 1.,
        1., 1., 1., 1., 1., 1., 1., 1., 1., 1., 1., 1., 1., 1., 1., 1., 1., 1.,
        1., 1., 1., 1., 1., 1., 1., 1., 1., 1., 1., 1., 1., 1., 1., 1., 1., 1.,
        1., 1., 1., 1., 1., 1., 1., 1., 1., 1., 1., 1., 1., 1., 1., 1., 1., 1.,
        1., 1., 1., 1., 1., 1., 1., 1., 1., 1., 1., 1., 1., 1., 1., 1., 1., 1.,
        1., 1., 1., 1., 1., 1., 1., 1., 1., 1., 1., 1., 1., 1., 1., 1., 1., 1.,
        1., 1., 1., 1., 1., 1., 1., 1., 1., 1., 1., 1., 1., 1., 1., 1., 1., 1.,
        1., 1., 1., 1., 1., 1., 1., 1., 1., 1., 1., 1., 1., 1., 1., 1., 1., 1.,
        1., 1., 1., 1., 1., 1., 1., 1., 1., 1., 1., 1., 1., 1., 1., 1., 1., 1.,
        1., 1., 1., 1., 1., 1., 1., 1., 1., 1., 1., 1., 1., 1., 1., 1., 1., 1.,
        1., 1., 1., 1., 1., 1., 1., 1., 1., 1., 1., 1., 1., 1., 1., 1., 1., 1.,
        1., 1., 1., 1., 1., 1., 1., 1., 1.], device='cuda:0')
tensor([1., 1., 1., 1., 1., 1., 1., 1., 1., 1., 1., 1., 1., 1., 1., 1., 1., 1.,
        1., 1., 1., 1., 1., 1., 1., 1., 1., 1., 1., 1., 1., 1., 1., 1., 1., 1.,
        1., 1., 1., 1., 1., 1., 1., 1., 1., 1., 1., 1., 1., 1., 1., 1., 1., 1.,
        1., 1., 1., 1., 1., 1., 1., 1., 1., 1., 1., 1., 1., 1., 1., 1., 1., 1.,
        1., 1., 1., 1., 1., 1., 1., 1., 1., 1., 1., 1., 1., 1., 1., 1., 1., 1.,
        1., 1., 1., 1., 1., 1., 1., 1., 1., 1., 1., 1., 1., 1., 1., 1., 1., 1.,
        1., 1., 1., 1., 1., 1., 1., 1., 1., 1., 1., 1., 1., 1., 1., 1., 1., 1.,
        1., 1., 1., 1., 1., 1., 1., 1., 1., 1., 1., 1., 1., 1., 1., 1., 1., 1.,
        1., 1., 1., 1., 1., 1., 1., 1., 1., 1., 1., 1., 1., 1., 1., 1., 1., 1.,
        1., 1., 1., 1., 1., 1., 1., 1., 1., 1., 1., 1., 1., 1., 1., 1., 1., 1.,
        1., 1., 1., 1., 1., 1., 1., 1., 1., 1., 1., 1., 1., 1., 1., 1., 1., 1.,
        1., 1., 1., 1., 1., 1., 1., 1., 1., 1., 1., 1., 1., 1., 1., 1., 1., 1.,
        1., 1., 1., 1., 1., 1., 1., 1., 1., 1., 1., 1., 1., 1., 1., 1., 1., 1.,
        1., 1., 1., 1., 1., 1., 1., 1., 1., 1., 1., 1., 1., 1., 1., 1., 1., 1.,
        1., 1., 1., 1., 1., 1., 1., 1., 1., 1., 1., 1., 1., 1., 1., 1., 1., 1.,
        1., 1., 1., 1., 1., 1., 1., 1., 1., 1., 1., 1., 1., 1., 1., 1., 1., 1.,
        1., 1., 1., 1., 1., 1., 1., 1., 1., 1., 1., 1., 1., 1., 1., 1., 1., 1.,
        1., 1., 1., 1., 1., 1., 1., 1., 1., 1., 1., 1., 1., 1., 1., 1., 1., 1.,
        1., 1., 1., 1., 1., 1., 1., 1., 1., 1., 1., 1., 1., 1., 1., 1., 1., 1.,
        1., 1., 1., 1., 1., 1., 1., 1., 1., 1., 1., 1., 1., 1., 1., 1., 1., 1.,
        1., 1., 1., 1., 1., 1., 1., 1., 1., 1., 1., 1., 1., 1., 1., 1., 1., 1.,
        1., 1., 1., 1., 1., 1., 1., 1., 1., 1., 1., 1., 1., 1., 1., 1., 1., 1.,
        1., 1., 1., 1., 1., 1., 1., 1., 1., 1., 1., 1., 1., 1., 1., 1., 1., 1.,
        1., 1., 1., 1., 1., 1., 1., 1., 1., 1., 1., 1., 1., 1., 1., 1., 1., 1.,
        1., 1., 1., 1., 1., 1., 1., 1., 1., 1., 1., 1., 1., 1., 1., 1., 1., 1.,
        1., 1., 1., 1., 1., 1., 1., 1., 1., 1., 1., 1., 1., 1., 1., 1., 1., 1.,
        1., 1., 1., 1., 1., 1., 1., 1., 1., 1., 1., 1., 1., 1., 1., 1., 1., 1.,
        1., 1., 1., 1., 1., 1., 1., 1., 1., 1., 1., 1., 1., 1., 1., 1., 1., 1.,
        1., 1., 1., 1., 1., 1., 1., 1., 1., 1., 1., 1., 1., 1., 1., 1., 1., 1.,
        1., 1., 1., 1., 1., 1., 1., 1., 1., 1., 1., 1., 1., 1., 1., 1., 1., 1.,
        1., 1., 1., 1., 1., 1., 1., 1., 1., 1., 1., 1., 1., 1., 1., 1., 1., 1.,
        1., 1., 1., 1., 1., 1., 1., 1., 1., 1., 1., 1., 1., 1., 1., 1., 1., 1.,
        1., 1., 1., 1., 1., 1., 1., 1., 1., 1., 1., 1., 1., 1., 1., 1., 1., 1.,
        1., 1., 1., 1., 1., 1., 1., 1., 1., 1., 1., 1., 1., 1., 1., 1., 1., 1.,
        1., 1., 1., 1., 1., 1., 1., 1., 1., 1., 1., 1., 1., 1., 1., 1., 1., 1.,
        1., 1., 1., 1., 1., 1., 1., 1., 1., 1., 1., 1., 1., 1., 1., 1., 1., 1.,
        1., 1., 1., 1., 1., 1., 1., 1., 1., 1., 1., 1., 1., 1., 1., 1., 1., 1.,
        1., 1., 1., 1., 1., 1., 1., 1., 1., 1., 1., 1., 1., 1., 1., 1., 1., 1.,
        1., 1., 1., 1., 1., 1., 1., 1., 1., 1., 1., 1., 1., 1., 1., 1., 1., 1.,
        1., 1., 1., 1., 1., 1., 1., 1., 1., 1., 1., 1., 1., 1., 1., 1., 1., 1.,
        1., 1., 1., 1., 1., 1., 1., 1., 1.], device='cuda:0')
Solution is a valid permutation matrix.
0 0
[530 531 532 533 534 535 536 537 538 539 540 541 542 543 544 545 546 547
 548 549 550 551 552 553 554 555 556 557 558 559 560 561 562 563 564 565
 566 567 568 569 570 571 572 573 574 575 576 577 578 579 580 581 582 583
 584 585 586 587 588 589 590 591 592 593 594 595 596 597 598 599 600 601
 602 603 604 605 606 607 608 609 610 611 612 613 614 615 616 617 618 619
 620 621 622 623 624 625 626 627 628 629 630 631 632 633 634 635 636 637
 638 639 640 641 642 643 644 645 646 647 648 649 650 651 652 653 654 655
 656 657 658 659 660 661 662 663 664 665 666 667 668 669 670 671 672 673
 674 675 676 677 678 679 680 681 682 683 684 685 686 687 688 689 690 691
 692 693 694 695 696 697 698 699 700 701 702 703 704 705 706 707 708 709
 710 711 712 713 714 715 716 717 718 719 720 721 722 723 724 725 726 727
 728 729]
200
Starting Optimization [N=729, Batch=200, Device=cuda]
Iter 100: Best Obj 1061096.0000, Loss 2696206.2500, Term1 3452497.2500, Term2 -756290.9375
Iter 200: Best Obj 1061096.0000, Loss 1267323.2500, Term1 2020938.2500, Term2 -753615.0000
Iter 300: Best Obj 1061096.0000, Loss 826376.8125, Term1 1578973.7500, Term2 -752596.9375
Iter 400: Best Obj 1061096.0000, Loss 629538.4375, Term1 1381576.0000, Term2 -752037.5625
Iter 500: Best Obj 1036708.0000, Loss 527648.5000, Term1 1279242.0000, Term2 -751593.5000
Iter 600: Best Obj 1003626.0000, Loss 470836.3750, Term1 1221806.7500, Term2 -750970.3750
Iter 700: Best Obj 945020.0000, Loss 437692.1875, Term1 1187363.3750, Term2 -749671.1875
Iter 800: Best Obj 892854.0000, Loss 416713.0625, Term1 1162779.7500, Term2 -746066.6875
Iter 900: Best Obj 722040.0000, Loss 396467.8125, Term1 1127674.7500, Term2 -731206.9375
Iter 1000: Best Obj 573078.0000, Loss 299474.3125, Term1 915335.1875, Term2 -615860.8750
Iter 1100: Best Obj 464712.0000, Loss 219134.9375, Term1 696120.9375, Term2 -476986.0000
Iter 1200: Best Obj 450392.0000, Loss 178731.6875, Term1 522873.7500, Term2 -344142.0625
Total Time: 647.23s, FPS: 1.9
tensor([1., 1., 1., 1., 1., 1., 1., 1., 1., 1., 1., 1., 1., 1., 1., 1., 1., 1.,
        1., 1., 1., 1., 1., 1., 1., 1., 1., 1., 1., 1., 1., 1., 1., 1., 1., 1.,
        1., 1., 1., 1., 1., 1., 1., 1., 1., 1., 1., 1., 1., 1., 1., 1., 1., 1.,
        1., 1., 1., 1., 1., 1., 1., 1., 1., 1., 1., 1., 1., 1., 1., 1., 1., 1.,
        1., 1., 1., 1., 1., 1., 1., 1., 1., 1., 1., 1., 1., 1., 1., 1., 1., 1.,
        1., 1., 1., 1., 1., 1., 1., 1., 1., 1., 1., 1., 1., 1., 1., 1., 1., 1.,
        1., 1., 1., 1., 1., 1., 1., 1., 1., 1., 1., 1., 1., 1., 1., 1., 1., 1.,
        1., 1., 1., 1., 1., 1., 1., 1., 1., 1., 1., 1., 1., 1., 1., 1., 1., 1.,
        1., 1., 1., 1., 1., 1., 1., 1., 1., 1., 1., 1., 1., 1., 1., 1., 1., 1.,
        1., 1., 1., 1., 1., 1., 1., 1., 1., 1., 1., 1., 1., 1., 1., 1., 1., 1.,
        1., 1., 1., 1., 1., 1., 1., 1., 1., 1., 1., 1., 1., 1., 1., 1., 1., 1.,
        1., 1., 1., 1., 1., 1., 1., 1., 1., 1., 1., 1., 1., 1., 1., 1., 1., 1.,
        1., 1., 1., 1., 1., 1., 1., 1., 1., 1., 1., 1., 1., 1., 1., 1., 1., 1.,
        1., 1., 1., 1., 1., 1., 1., 1., 1., 1., 1., 1., 1., 1., 1., 1., 1., 1.,
        1., 1., 1., 1., 1., 1., 1., 1., 1., 1., 1., 1., 1., 1., 1., 1., 1., 1.,
        1., 1., 1., 1., 1., 1., 1., 1., 1., 1., 1., 1., 1., 1., 1., 1., 1., 1.,
        1., 1., 1., 1., 1., 1., 1., 1., 1., 1., 1., 1., 1., 1., 1., 1., 1., 1.,
        1., 1., 1., 1., 1., 1., 1., 1., 1., 1., 1., 1., 1., 1., 1., 1., 1., 1.,
        1., 1., 1., 1., 1., 1., 1., 1., 1., 1., 1., 1., 1., 1., 1., 1., 1., 1.,
        1., 1., 1., 1., 1., 1., 1., 1., 1., 1., 1., 1., 1., 1., 1., 1., 1., 1.,
        1., 1., 1., 1., 1., 1., 1., 1., 1., 1., 1., 1., 1., 1., 1., 1., 1., 1.,
        1., 1., 1., 1., 1., 1., 1., 1., 1., 1., 1., 1., 1., 1., 1., 1., 1., 1.,
        1., 1., 1., 1., 1., 1., 1., 1., 1., 1., 1., 1., 1., 1., 1., 1., 1., 1.,
        1., 1., 1., 1., 1., 1., 1., 1., 1., 1., 1., 1., 1., 1., 1., 1., 1., 1.,
        1., 1., 1., 1., 1., 1., 1., 1., 1., 1., 1., 1., 1., 1., 1., 1., 1., 1.,
        1., 1., 1., 1., 1., 1., 1., 1., 1., 1., 1., 1., 1., 1., 1., 1., 1., 1.,
        1., 1., 1., 1., 1., 1., 1., 1., 1., 1., 1., 1., 1., 1., 1., 1., 1., 1.,
        1., 1., 1., 1., 1., 1., 1., 1., 1., 1., 1., 1., 1., 1., 1., 1., 1., 1.,
        1., 1., 1., 1., 1., 1., 1., 1., 1., 1., 1., 1., 1., 1., 1., 1., 1., 1.,
        1., 1., 1., 1., 1., 1., 1., 1., 1., 1., 1., 1., 1., 1., 1., 1., 1., 1.,
        1., 1., 1., 1., 1., 1., 1., 1., 1., 1., 1., 1., 1., 1., 1., 1., 1., 1.,
        1., 1., 1., 1., 1., 1., 1., 1., 1., 1., 1., 1., 1., 1., 1., 1., 1., 1.,
        1., 1., 1., 1., 1., 1., 1., 1., 1., 1., 1., 1., 1., 1., 1., 1., 1., 1.,
        1., 1., 1., 1., 1., 1., 1., 1., 1., 1., 1., 1., 1., 1., 1., 1., 1., 1.,
        1., 1., 1., 1., 1., 1., 1., 1., 1., 1., 1., 1., 1., 1., 1., 1., 1., 1.,
        1., 1., 1., 1., 1., 1., 1., 1., 1., 1., 1., 1., 1., 1., 1., 1., 1., 1.,
        1., 1., 1., 1., 1., 1., 1., 1., 1., 1., 1., 1., 1., 1., 1., 1., 1., 1.,
        1., 1., 1., 1., 1., 1., 1., 1., 1., 1., 1., 1., 1., 1., 1., 1., 1., 1.,
        1., 1., 1., 1., 1., 1., 1., 1., 1., 1., 1., 1., 1., 1., 1., 1., 1., 1.,
        1., 1., 1., 1., 1., 1., 1., 1., 1., 1., 1., 1., 1., 1., 1., 1., 1., 1.,
        1., 1., 1., 1., 1., 1., 1., 1., 1.], device='cuda:0')
tensor([1., 1., 1., 1., 1., 1., 1., 1., 1., 1., 1., 1., 1., 1., 1., 1., 1., 1.,
        1., 1., 1., 1., 1., 1., 1., 1., 1., 1., 1., 1., 1., 1., 1., 1., 1., 1.,
        1., 1., 1., 1., 1., 1., 1., 1., 1., 1., 1., 1., 1., 1., 1., 1., 1., 1.,
        1., 1., 1., 1., 1., 1., 1., 1., 1., 1., 1., 1., 1., 1., 1., 1., 1., 1.,
        1., 1., 1., 1., 1., 1., 1., 1., 1., 1., 1., 1., 1., 1., 1., 1., 1., 1.,
        1., 1., 1., 1., 1., 1., 1., 1., 1., 1., 1., 1., 1., 1., 1., 1., 1., 1.,
        1., 1., 1., 1., 1., 1., 1., 1., 1., 1., 1., 1., 1., 1., 1., 1., 1., 1.,
        1., 1., 1., 1., 1., 1., 1., 1., 1., 1., 1., 1., 1., 1., 1., 1., 1., 1.,
        1., 1., 1., 1., 1., 1., 1., 1., 1., 1., 1., 1., 1., 1., 1., 1., 1., 1.,
        1., 1., 1., 1., 1., 1., 1., 1., 1., 1., 1., 1., 1., 1., 1., 1., 1., 1.,
        1., 1., 1., 1., 1., 1., 1., 1., 1., 1., 1., 1., 1., 1., 1., 1., 1., 1.,
        1., 1., 1., 1., 1., 1., 1., 1., 1., 1., 1., 1., 1., 1., 1., 1., 1., 1.,
        1., 1., 1., 1., 1., 1., 1., 1., 1., 1., 1., 1., 1., 1., 1., 1., 1., 1.,
        1., 1., 1., 1., 1., 1., 1., 1., 1., 1., 1., 1., 1., 1., 1., 1., 1., 1.,
        1., 1., 1., 1., 1., 1., 1., 1., 1., 1., 1., 1., 1., 1., 1., 1., 1., 1.,
        1., 1., 1., 1., 1., 1., 1., 1., 1., 1., 1., 1., 1., 1., 1., 1., 1., 1.,
        1., 1., 1., 1., 1., 1., 1., 1., 1., 1., 1., 1., 1., 1., 1., 1., 1., 1.,
        1., 1., 1., 1., 1., 1., 1., 1., 1., 1., 1., 1., 1., 1., 1., 1., 1., 1.,
        1., 1., 1., 1., 1., 1., 1., 1., 1., 1., 1., 1., 1., 1., 1., 1., 1., 1.,
        1., 1., 1., 1., 1., 1., 1., 1., 1., 1., 1., 1., 1., 1., 1., 1., 1., 1.,
        1., 1., 1., 1., 1., 1., 1., 1., 1., 1., 1., 1., 1., 1., 1., 1., 1., 1.,
        1., 1., 1., 1., 1., 1., 1., 1., 1., 1., 1., 1., 1., 1., 1., 1., 1., 1.,
        1., 1., 1., 1., 1., 1., 1., 1., 1., 1., 1., 1., 1., 1., 1., 1., 1., 1.,
        1., 1., 1., 1., 1., 1., 1., 1., 1., 1., 1., 1., 1., 1., 1., 1., 1., 1.,
        1., 1., 1., 1., 1., 1., 1., 1., 1., 1., 1., 1., 1., 1., 1., 1., 1., 1.,
        1., 1., 1., 1., 1., 1., 1., 1., 1., 1., 1., 1., 1., 1., 1., 1., 1., 1.,
        1., 1., 1., 1., 1., 1., 1., 1., 1., 1., 1., 1., 1., 1., 1., 1., 1., 1.,
        1., 1., 1., 1., 1., 1., 1., 1., 1., 1., 1., 1., 1., 1., 1., 1., 1., 1.,
        1., 1., 1., 1., 1., 1., 1., 1., 1., 1., 1., 1., 1., 1., 1., 1., 1., 1.,
        1., 1., 1., 1., 1., 1., 1., 1., 1., 1., 1., 1., 1., 1., 1., 1., 1., 1.,
        1., 1., 1., 1., 1., 1., 1., 1., 1., 1., 1., 1., 1., 1., 1., 1., 1., 1.,
        1., 1., 1., 1., 1., 1., 1., 1., 1., 1., 1., 1., 1., 1., 1., 1., 1., 1.,
        1., 1., 1., 1., 1., 1., 1., 1., 1., 1., 1., 1., 1., 1., 1., 1., 1., 1.,
        1., 1., 1., 1., 1., 1., 1., 1., 1., 1., 1., 1., 1., 1., 1., 1., 1., 1.,
        1., 1., 1., 1., 1., 1., 1., 1., 1., 1., 1., 1., 1., 1., 1., 1., 1., 1.,
        1., 1., 1., 1., 1., 1., 1., 1., 1., 1., 1., 1., 1., 1., 1., 1., 1., 1.,
        1., 1., 1., 1., 1., 1., 1., 1., 1., 1., 1., 1., 1., 1., 1., 1., 1., 1.,
        1., 1., 1., 1., 1., 1., 1., 1., 1., 1., 1., 1., 1., 1., 1., 1., 1., 1.,
        1., 1., 1., 1., 1., 1., 1., 1., 1., 1., 1., 1., 1., 1., 1., 1., 1., 1.,
        1., 1., 1., 1., 1., 1., 1., 1., 1., 1., 1., 1., 1., 1., 1., 1., 1., 1.,
        1., 1., 1., 1., 1., 1., 1., 1., 1.], device='cuda:0')
Solution is a valid permutation matrix.
0 0
[530 531 532 533 534 535 536 537 538 539 540 541 542 543 544 545 546 547
 548 549 550 551 552 553 554 555 556 557 558 559 560 561 562 563 564 565
 566 567 568 569 570 571 572 573 574 575 576 577 578 579 580 581 582 583
 584 585 586 587 588 589 590 591 592 593 594 595 596 597 598 599 600 601
 602 603 604 605 606 607 608 609 610 611 612 613 614 615 616 617 618 619
 620 621 622 623 624 625 626 627 628 629 630 631 632 633 634 635 636 637
 638 639 640 641 642 643 644 645 646 647 648 649 650 651 652 653 654 655
 656 657 658 659 660 661 662 663 664 665 666 667 668 669 670 671 672 673
 674 675 676 677 678 679 680 681 682 683 684 685 686 687 688 689 690 691
 692 693 694 695 696 697 698 699 700 701 702 703 704 705 706 707 708 709
 710 711 712 713 714 715 716 717 718 719 720 721 722 723 724 725 726 727
 728 729]
200
Starting Optimization [N=729, Batch=200, Device=cuda]
Iter 100: Best Obj 1055252.0000, Loss 2687039.0000, Term1 3443705.7500, Term2 -756666.8750
Iter 200: Best Obj 1055222.0000, Loss 1242153.7500, Term1 1996142.6250, Term2 -753988.9375
Iter 300: Best Obj 1052764.0000, Loss 796447.8750, Term1 1549408.5000, Term2 -752960.6250
Iter 400: Best Obj 1045086.0000, Loss 597568.6875, Term1 1349945.8750, Term2 -752377.1875
Iter 500: Best Obj 1007836.0000, Loss 494609.5625, Term1 1246491.0000, Term2 -751881.4375
Iter 600: Best Obj 947046.0000, Loss 437139.1875, Term1 1188281.8750, Term2 -751142.6875
Iter 700: Best Obj 884174.0000, Loss 403312.7500, Term1 1152780.2500, Term2 -749467.5000
Iter 800: Best Obj 817734.0000, Loss 380018.2500, Term1 1123472.1250, Term2 -743453.8750
Iter 900: Best Obj 668448.0000, Loss 338551.4375, Term1 1039279.7500, Term2 -700728.3125
Iter 1000: Best Obj 512606.0000, Loss 223317.3125, Term1 774783.6875, Term2 -551466.3750
Iter 1100: Best Obj 431388.0000, Loss 169019.0312, Term1 581916.8750, Term2 -412897.8438
Iter 1200: Best Obj 422066.0000, Loss 150268.8438, Term1 482783.8438, Term2 -332515.0000
Total Time: 648.49s, FPS: 1.9
tensor([1., 1., 1., 1., 1., 1., 1., 1., 1., 1., 1., 1., 1., 1., 1., 1., 1., 1.,
        1., 1., 1., 1., 1., 1., 1., 1., 1., 1., 1., 1., 1., 1., 1., 1., 1., 1.,
        1., 1., 1., 1., 1., 1., 1., 1., 1., 1., 1., 1., 1., 1., 1., 1., 1., 1.,
        1., 1., 1., 1., 1., 1., 1., 1., 1., 1., 1., 1., 1., 1., 1., 1., 1., 1.,
        1., 1., 1., 1., 1., 1., 1., 1., 1., 1., 1., 1., 1., 1., 1., 1., 1., 1.,
        1., 1., 1., 1., 1., 1., 1., 1., 1., 1., 1., 1., 1., 1., 1., 1., 1., 1.,
        1., 1., 1., 1., 1., 1., 1., 1., 1., 1., 1., 1., 1., 1., 1., 1., 1., 1.,
        1., 1., 1., 1., 1., 1., 1., 1., 1., 1., 1., 1., 1., 1., 1., 1., 1., 1.,
        1., 1., 1., 1., 1., 1., 1., 1., 1., 1., 1., 1., 1., 1., 1., 1., 1., 1.,
        1., 1., 1., 1., 1., 1., 1., 1., 1., 1., 1., 1., 1., 1., 1., 1., 1., 1.,
        1., 1., 1., 1., 1., 1., 1., 1., 1., 1., 1., 1., 1., 1., 1., 1., 1., 1.,
        1., 1., 1., 1., 1., 1., 1., 1., 1., 1., 1., 1., 1., 1., 1., 1., 1., 1.,
        1., 1., 1., 1., 1., 1., 1., 1., 1., 1., 1., 1., 1., 1., 1., 1., 1., 1.,
        1., 1., 1., 1., 1., 1., 1., 1., 1., 1., 1., 1., 1., 1., 1., 1., 1., 1.,
        1., 1., 1., 1., 1., 1., 1., 1., 1., 1., 1., 1., 1., 1., 1., 1., 1., 1.,
        1., 1., 1., 1., 1., 1., 1., 1., 1., 1., 1., 1., 1., 1., 1., 1., 1., 1.,
        1., 1., 1., 1., 1., 1., 1., 1., 1., 1., 1., 1., 1., 1., 1., 1., 1., 1.,
        1., 1., 1., 1., 1., 1., 1., 1., 1., 1., 1., 1., 1., 1., 1., 1., 1., 1.,
        1., 1., 1., 1., 1., 1., 1., 1., 1., 1., 1., 1., 1., 1., 1., 1., 1., 1.,
        1., 1., 1., 1., 1., 1., 1., 1., 1., 1., 1., 1., 1., 1., 1., 1., 1., 1.,
        1., 1., 1., 1., 1., 1., 1., 1., 1., 1., 1., 1., 1., 1., 1., 1., 1., 1.,
        1., 1., 1., 1., 1., 1., 1., 1., 1., 1., 1., 1., 1., 1., 1., 1., 1., 1.,
        1., 1., 1., 1., 1., 1., 1., 1., 1., 1., 1., 1., 1., 1., 1., 1., 1., 1.,
        1., 1., 1., 1., 1., 1., 1., 1., 1., 1., 1., 1., 1., 1., 1., 1., 1., 1.,
        1., 1., 1., 1., 1., 1., 1., 1., 1., 1., 1., 1., 1., 1., 1., 1., 1., 1.,
        1., 1., 1., 1., 1., 1., 1., 1., 1., 1., 1., 1., 1., 1., 1., 1., 1., 1.,
        1., 1., 1., 1., 1., 1., 1., 1., 1., 1., 1., 1., 1., 1., 1., 1., 1., 1.,
        1., 1., 1., 1., 1., 1., 1., 1., 1., 1., 1., 1., 1., 1., 1., 1., 1., 1.,
        1., 1., 1., 1., 1., 1., 1., 1., 1., 1., 1., 1., 1., 1., 1., 1., 1., 1.,
        1., 1., 1., 1., 1., 1., 1., 1., 1., 1., 1., 1., 1., 1., 1., 1., 1., 1.,
        1., 1., 1., 1., 1., 1., 1., 1., 1., 1., 1., 1., 1., 1., 1., 1., 1., 1.,
        1., 1., 1., 1., 1., 1., 1., 1., 1., 1., 1., 1., 1., 1., 1., 1., 1., 1.,
        1., 1., 1., 1., 1., 1., 1., 1., 1., 1., 1., 1., 1., 1., 1., 1., 1., 1.,
        1., 1., 1., 1., 1., 1., 1., 1., 1., 1., 1., 1., 1., 1., 1., 1., 1., 1.,
        1., 1., 1., 1., 1., 1., 1., 1., 1., 1., 1., 1., 1., 1., 1., 1., 1., 1.,
        1., 1., 1., 1., 1., 1., 1., 1., 1., 1., 1., 1., 1., 1., 1., 1., 1., 1.,
        1., 1., 1., 1., 1., 1., 1., 1., 1., 1., 1., 1., 1., 1., 1., 1., 1., 1.,
        1., 1., 1., 1., 1., 1., 1., 1., 1., 1., 1., 1., 1., 1., 1., 1., 1., 1.,
        1., 1., 1., 1., 1., 1., 1., 1., 1., 1., 1., 1., 1., 1., 1., 1., 1., 1.,
        1., 1., 1., 1., 1., 1., 1., 1., 1., 1., 1., 1., 1., 1., 1., 1., 1., 1.,
        1., 1., 1., 1., 1., 1., 1., 1., 1.], device='cuda:0')
tensor([1., 1., 1., 1., 1., 1., 1., 1., 1., 1., 1., 1., 1., 1., 1., 1., 1., 1.,
        1., 1., 1., 1., 1., 1., 1., 1., 1., 1., 1., 1., 1., 1., 1., 1., 1., 1.,
        1., 1., 1., 1., 1., 1., 1., 1., 1., 1., 1., 1., 1., 1., 1., 1., 1., 1.,
        1., 1., 1., 1., 1., 1., 1., 1., 1., 1., 1., 1., 1., 1., 1., 1., 1., 1.,
        1., 1., 1., 1., 1., 1., 1., 1., 1., 1., 1., 1., 1., 1., 1., 1., 1., 1.,
        1., 1., 1., 1., 1., 1., 1., 1., 1., 1., 1., 1., 1., 1., 1., 1., 1., 1.,
        1., 1., 1., 1., 1., 1., 1., 1., 1., 1., 1., 1., 1., 1., 1., 1., 1., 1.,
        1., 1., 1., 1., 1., 1., 1., 1., 1., 1., 1., 1., 1., 1., 1., 1., 1., 1.,
        1., 1., 1., 1., 1., 1., 1., 1., 1., 1., 1., 1., 1., 1., 1., 1., 1., 1.,
        1., 1., 1., 1., 1., 1., 1., 1., 1., 1., 1., 1., 1., 1., 1., 1., 1., 1.,
        1., 1., 1., 1., 1., 1., 1., 1., 1., 1., 1., 1., 1., 1., 1., 1., 1., 1.,
        1., 1., 1., 1., 1., 1., 1., 1., 1., 1., 1., 1., 1., 1., 1., 1., 1., 1.,
        1., 1., 1., 1., 1., 1., 1., 1., 1., 1., 1., 1., 1., 1., 1., 1., 1., 1.,
        1., 1., 1., 1., 1., 1., 1., 1., 1., 1., 1., 1., 1., 1., 1., 1., 1., 1.,
        1., 1., 1., 1., 1., 1., 1., 1., 1., 1., 1., 1., 1., 1., 1., 1., 1., 1.,
        1., 1., 1., 1., 1., 1., 1., 1., 1., 1., 1., 1., 1., 1., 1., 1., 1., 1.,
        1., 1., 1., 1., 1., 1., 1., 1., 1., 1., 1., 1., 1., 1., 1., 1., 1., 1.,
        1., 1., 1., 1., 1., 1., 1., 1., 1., 1., 1., 1., 1., 1., 1., 1., 1., 1.,
        1., 1., 1., 1., 1., 1., 1., 1., 1., 1., 1., 1., 1., 1., 1., 1., 1., 1.,
        1., 1., 1., 1., 1., 1., 1., 1., 1., 1., 1., 1., 1., 1., 1., 1., 1., 1.,
        1., 1., 1., 1., 1., 1., 1., 1., 1., 1., 1., 1., 1., 1., 1., 1., 1., 1.,
        1., 1., 1., 1., 1., 1., 1., 1., 1., 1., 1., 1., 1., 1., 1., 1., 1., 1.,
        1., 1., 1., 1., 1., 1., 1., 1., 1., 1., 1., 1., 1., 1., 1., 1., 1., 1.,
        1., 1., 1., 1., 1., 1., 1., 1., 1., 1., 1., 1., 1., 1., 1., 1., 1., 1.,
        1., 1., 1., 1., 1., 1., 1., 1., 1., 1., 1., 1., 1., 1., 1., 1., 1., 1.,
        1., 1., 1., 1., 1., 1., 1., 1., 1., 1., 1., 1., 1., 1., 1., 1., 1., 1.,
        1., 1., 1., 1., 1., 1., 1., 1., 1., 1., 1., 1., 1., 1., 1., 1., 1., 1.,
        1., 1., 1., 1., 1., 1., 1., 1., 1., 1., 1., 1., 1., 1., 1., 1., 1., 1.,
        1., 1., 1., 1., 1., 1., 1., 1., 1., 1., 1., 1., 1., 1., 1., 1., 1., 1.,
        1., 1., 1., 1., 1., 1., 1., 1., 1., 1., 1., 1., 1., 1., 1., 1., 1., 1.,
        1., 1., 1., 1., 1., 1., 1., 1., 1., 1., 1., 1., 1., 1., 1., 1., 1., 1.,
        1., 1., 1., 1., 1., 1., 1., 1., 1., 1., 1., 1., 1., 1., 1., 1., 1., 1.,
        1., 1., 1., 1., 1., 1., 1., 1., 1., 1., 1., 1., 1., 1., 1., 1., 1., 1.,
        1., 1., 1., 1., 1., 1., 1., 1., 1., 1., 1., 1., 1., 1., 1., 1., 1., 1.,
        1., 1., 1., 1., 1., 1., 1., 1., 1., 1., 1., 1., 1., 1., 1., 1., 1., 1.,
        1., 1., 1., 1., 1., 1., 1., 1., 1., 1., 1., 1., 1., 1., 1., 1., 1., 1.,
        1., 1., 1., 1., 1., 1., 1., 1., 1., 1., 1., 1., 1., 1., 1., 1., 1., 1.,
        1., 1., 1., 1., 1., 1., 1., 1., 1., 1., 1., 1., 1., 1., 1., 1., 1., 1.,
        1., 1., 1., 1., 1., 1., 1., 1., 1., 1., 1., 1., 1., 1., 1., 1., 1., 1.,
        1., 1., 1., 1., 1., 1., 1., 1., 1., 1., 1., 1., 1., 1., 1., 1., 1., 1.,
        1., 1., 1., 1., 1., 1., 1., 1., 1.], device='cuda:0')
Solution is a valid permutation matrix.
0 0
[530 531 532 533 534 535 536 537 538 539 540 541 542 543 544 545 546 547
 548 549 550 551 552 553 554 555 556 557 558 559 560 561 562 563 564 565
 566 567 568 569 570 571 572 573 574 575 576 577 578 579 580 581 582 583
 584 585 586 587 588 589 590 591 592 593 594 595 596 597 598 599 600 601
 602 603 604 605 606 607 608 609 610 611 612 613 614 615 616 617 618 619
 620 621 622 623 624 625 626 627 628 629 630 631 632 633 634 635 636 637
 638 639 640 641 642 643 644 645 646 647 648 649 650 651 652 653 654 655
 656 657 658 659 660 661 662 663 664 665 666 667 668 669 670 671 672 673
 674 675 676 677 678 679 680 681 682 683 684 685 686 687 688 689 690 691
 692 693 694 695 696 697 698 699 700 701 702 703 704 705 706 707 708 709
 710 711 712 713 714 715 716 717 718 719 720 721 722 723 724 725 726 727
 728 729]
200
Starting Optimization [N=729, Batch=200, Device=cuda]
Iter 100: Best Obj 1054290.0000, Loss 2640365.0000, Term1 3397286.2500, Term2 -756921.1250
Iter 200: Best Obj 1052698.0000, Loss 1223862.0000, Term1 1978105.1250, Term2 -754243.1875
Iter 300: Best Obj 1052138.0000, Loss 786488.9375, Term1 1539704.2500, Term2 -753215.3125
Iter 400: Best Obj 1035670.0000, Loss 591333.0625, Term1 1343984.2500, Term2 -752651.1875
Iter 500: Best Obj 986896.0000, Loss 490414.5000, Term1 1242647.6250, Term2 -752233.1250
Iter 600: Best Obj 924298.0000, Loss 434284.5000, Term1 1186024.7500, Term2 -751740.2500
Iter 700: Best Obj 872540.0000, Loss 401773.9375, Term1 1152650.7500, Term2 -750876.8125
Iter 800: Best Obj 805654.0000, Loss 381949.0000, Term1 1130735.6250, Term2 -748786.6250
Iter 900: Best Obj 700624.0000, Loss 362306.3750, Term1 1098742.5000, Term2 -736436.1250
Iter 1000: Best Obj 554232.0000, Loss 281081.5000, Term1 914069.1250, Term2 -632987.6250
Iter 1100: Best Obj 448884.0000, Loss 203752.3750, Term1 692134.3750, Term2 -488382.0000
Iter 1200: Best Obj 435954.0000, Loss 163273.2812, Term1 513170.6250, Term2 -349897.3438
Total Time: 647.62s, FPS: 1.9
tensor([1., 1., 1., 1., 1., 1., 1., 1., 1., 1., 1., 1., 1., 1., 1., 1., 1., 1.,
        1., 1., 1., 1., 1., 1., 1., 1., 1., 1., 1., 1., 1., 1., 1., 1., 1., 1.,
        1., 1., 1., 1., 1., 1., 1., 1., 1., 1., 1., 1., 1., 1., 1., 1., 1., 1.,
        1., 1., 1., 1., 1., 1., 1., 1., 1., 1., 1., 1., 1., 1., 1., 1., 1., 1.,
        1., 1., 1., 1., 1., 1., 1., 1., 1., 1., 1., 1., 1., 1., 1., 1., 1., 1.,
        1., 1., 1., 1., 1., 1., 1., 1., 1., 1., 1., 1., 1., 1., 1., 1., 1., 1.,
        1., 1., 1., 1., 1., 1., 1., 1., 1., 1., 1., 1., 1., 1., 1., 1., 1., 1.,
        1., 1., 1., 1., 1., 1., 1., 1., 1., 1., 1., 1., 1., 1., 1., 1., 1., 1.,
        1., 1., 1., 1., 1., 1., 1., 1., 1., 1., 1., 1., 1., 1., 1., 1., 1., 1.,
        1., 1., 1., 1., 1., 1., 1., 1., 1., 1., 1., 1., 1., 1., 1., 1., 1., 1.,
        1., 1., 1., 1., 1., 1., 1., 1., 1., 1., 1., 1., 1., 1., 1., 1., 1., 1.,
        1., 1., 1., 1., 1., 1., 1., 1., 1., 1., 1., 1., 1., 1., 1., 1., 1., 1.,
        1., 1., 1., 1., 1., 1., 1., 1., 1., 1., 1., 1., 1., 1., 1., 1., 1., 1.,
        1., 1., 1., 1., 1., 1., 1., 1., 1., 1., 1., 1., 1., 1., 1., 1., 1., 1.,
        1., 1., 1., 1., 1., 1., 1., 1., 1., 1., 1., 1., 1., 1., 1., 1., 1., 1.,
        1., 1., 1., 1., 1., 1., 1., 1., 1., 1., 1., 1., 1., 1., 1., 1., 1., 1.,
        1., 1., 1., 1., 1., 1., 1., 1., 1., 1., 1., 1., 1., 1., 1., 1., 1., 1.,
        1., 1., 1., 1., 1., 1., 1., 1., 1., 1., 1., 1., 1., 1., 1., 1., 1., 1.,
        1., 1., 1., 1., 1., 1., 1., 1., 1., 1., 1., 1., 1., 1., 1., 1., 1., 1.,
        1., 1., 1., 1., 1., 1., 1., 1., 1., 1., 1., 1., 1., 1., 1., 1., 1., 1.,
        1., 1., 1., 1., 1., 1., 1., 1., 1., 1., 1., 1., 1., 1., 1., 1., 1., 1.,
        1., 1., 1., 1., 1., 1., 1., 1., 1., 1., 1., 1., 1., 1., 1., 1., 1., 1.,
        1., 1., 1., 1., 1., 1., 1., 1., 1., 1., 1., 1., 1., 1., 1., 1., 1., 1.,
        1., 1., 1., 1., 1., 1., 1., 1., 1., 1., 1., 1., 1., 1., 1., 1., 1., 1.,
        1., 1., 1., 1., 1., 1., 1., 1., 1., 1., 1., 1., 1., 1., 1., 1., 1., 1.,
        1., 1., 1., 1., 1., 1., 1., 1., 1., 1., 1., 1., 1., 1., 1., 1., 1., 1.,
        1., 1., 1., 1., 1., 1., 1., 1., 1., 1., 1., 1., 1., 1., 1., 1., 1., 1.,
        1., 1., 1., 1., 1., 1., 1., 1., 1., 1., 1., 1., 1., 1., 1., 1., 1., 1.,
        1., 1., 1., 1., 1., 1., 1., 1., 1., 1., 1., 1., 1., 1., 1., 1., 1., 1.,
        1., 1., 1., 1., 1., 1., 1., 1., 1., 1., 1., 1., 1., 1., 1., 1., 1., 1.,
        1., 1., 1., 1., 1., 1., 1., 1., 1., 1., 1., 1., 1., 1., 1., 1., 1., 1.,
        1., 1., 1., 1., 1., 1., 1., 1., 1., 1., 1., 1., 1., 1., 1., 1., 1., 1.,
        1., 1., 1., 1., 1., 1., 1., 1., 1., 1., 1., 1., 1., 1., 1., 1., 1., 1.,
        1., 1., 1., 1., 1., 1., 1., 1., 1., 1., 1., 1., 1., 1., 1., 1., 1., 1.,
        1., 1., 1., 1., 1., 1., 1., 1., 1., 1., 1., 1., 1., 1., 1., 1., 1., 1.,
        1., 1., 1., 1., 1., 1., 1., 1., 1., 1., 1., 1., 1., 1., 1., 1., 1., 1.,
        1., 1., 1., 1., 1., 1., 1., 1., 1., 1., 1., 1., 1., 1., 1., 1., 1., 1.,
        1., 1., 1., 1., 1., 1., 1., 1., 1., 1., 1., 1., 1., 1., 1., 1., 1., 1.,
        1., 1., 1., 1., 1., 1., 1., 1., 1., 1., 1., 1., 1., 1., 1., 1., 1., 1.,
        1., 1., 1., 1., 1., 1., 1., 1., 1., 1., 1., 1., 1., 1., 1., 1., 1., 1.,
        1., 1., 1., 1., 1., 1., 1., 1., 1.], device='cuda:0')
tensor([1., 1., 1., 1., 1., 1., 1., 1., 1., 1., 1., 1., 1., 1., 1., 1., 1., 1.,
        1., 1., 1., 1., 1., 1., 1., 1., 1., 1., 1., 1., 1., 1., 1., 1., 1., 1.,
        1., 1., 1., 1., 1., 1., 1., 1., 1., 1., 1., 1., 1., 1., 1., 1., 1., 1.,
        1., 1., 1., 1., 1., 1., 1., 1., 1., 1., 1., 1., 1., 1., 1., 1., 1., 1.,
        1., 1., 1., 1., 1., 1., 1., 1., 1., 1., 1., 1., 1., 1., 1., 1., 1., 1.,
        1., 1., 1., 1., 1., 1., 1., 1., 1., 1., 1., 1., 1., 1., 1., 1., 1., 1.,
        1., 1., 1., 1., 1., 1., 1., 1., 1., 1., 1., 1., 1., 1., 1., 1., 1., 1.,
        1., 1., 1., 1., 1., 1., 1., 1., 1., 1., 1., 1., 1., 1., 1., 1., 1., 1.,
        1., 1., 1., 1., 1., 1., 1., 1., 1., 1., 1., 1., 1., 1., 1., 1., 1., 1.,
        1., 1., 1., 1., 1., 1., 1., 1., 1., 1., 1., 1., 1., 1., 1., 1., 1., 1.,
        1., 1., 1., 1., 1., 1., 1., 1., 1., 1., 1., 1., 1., 1., 1., 1., 1., 1.,
        1., 1., 1., 1., 1., 1., 1., 1., 1., 1., 1., 1., 1., 1., 1., 1., 1., 1.,
        1., 1., 1., 1., 1., 1., 1., 1., 1., 1., 1., 1., 1., 1., 1., 1., 1., 1.,
        1., 1., 1., 1., 1., 1., 1., 1., 1., 1., 1., 1., 1., 1., 1., 1., 1., 1.,
        1., 1., 1., 1., 1., 1., 1., 1., 1., 1., 1., 1., 1., 1., 1., 1., 1., 1.,
        1., 1., 1., 1., 1., 1., 1., 1., 1., 1., 1., 1., 1., 1., 1., 1., 1., 1.,
        1., 1., 1., 1., 1., 1., 1., 1., 1., 1., 1., 1., 1., 1., 1., 1., 1., 1.,
        1., 1., 1., 1., 1., 1., 1., 1., 1., 1., 1., 1., 1., 1., 1., 1., 1., 1.,
        1., 1., 1., 1., 1., 1., 1., 1., 1., 1., 1., 1., 1., 1., 1., 1., 1., 1.,
        1., 1., 1., 1., 1., 1., 1., 1., 1., 1., 1., 1., 1., 1., 1., 1., 1., 1.,
        1., 1., 1., 1., 1., 1., 1., 1., 1., 1., 1., 1., 1., 1., 1., 1., 1., 1.,
        1., 1., 1., 1., 1., 1., 1., 1., 1., 1., 1., 1., 1., 1., 1., 1., 1., 1.,
        1., 1., 1., 1., 1., 1., 1., 1., 1., 1., 1., 1., 1., 1., 1., 1., 1., 1.,
        1., 1., 1., 1., 1., 1., 1., 1., 1., 1., 1., 1., 1., 1., 1., 1., 1., 1.,
        1., 1., 1., 1., 1., 1., 1., 1., 1., 1., 1., 1., 1., 1., 1., 1., 1., 1.,
        1., 1., 1., 1., 1., 1., 1., 1., 1., 1., 1., 1., 1., 1., 1., 1., 1., 1.,
        1., 1., 1., 1., 1., 1., 1., 1., 1., 1., 1., 1., 1., 1., 1., 1., 1., 1.,
        1., 1., 1., 1., 1., 1., 1., 1., 1., 1., 1., 1., 1., 1., 1., 1., 1., 1.,
        1., 1., 1., 1., 1., 1., 1., 1., 1., 1., 1., 1., 1., 1., 1., 1., 1., 1.,
        1., 1., 1., 1., 1., 1., 1., 1., 1., 1., 1., 1., 1., 1., 1., 1., 1., 1.,
        1., 1., 1., 1., 1., 1., 1., 1., 1., 1., 1., 1., 1., 1., 1., 1., 1., 1.,
        1., 1., 1., 1., 1., 1., 1., 1., 1., 1., 1., 1., 1., 1., 1., 1., 1., 1.,
        1., 1., 1., 1., 1., 1., 1., 1., 1., 1., 1., 1., 1., 1., 1., 1., 1., 1.,
        1., 1., 1., 1., 1., 1., 1., 1., 1., 1., 1., 1., 1., 1., 1., 1., 1., 1.,
        1., 1., 1., 1., 1., 1., 1., 1., 1., 1., 1., 1., 1., 1., 1., 1., 1., 1.,
        1., 1., 1., 1., 1., 1., 1., 1., 1., 1., 1., 1., 1., 1., 1., 1., 1., 1.,
        1., 1., 1., 1., 1., 1., 1., 1., 1., 1., 1., 1., 1., 1., 1., 1., 1., 1.,
        1., 1., 1., 1., 1., 1., 1., 1., 1., 1., 1., 1., 1., 1., 1., 1., 1., 1.,
        1., 1., 1., 1., 1., 1., 1., 1., 1., 1., 1., 1., 1., 1., 1., 1., 1., 1.,
        1., 1., 1., 1., 1., 1., 1., 1., 1., 1., 1., 1., 1., 1., 1., 1., 1., 1.,
        1., 1., 1., 1., 1., 1., 1., 1., 1.], device='cuda:0')
Solution is a valid permutation matrix.
0 0
[530 531 532 533 534 535 536 537 538 539 540 541 542 543 544 545 546 547
 548 549 550 551 552 553 554 555 556 557 558 559 560 561 562 563 564 565
 566 567 568 569 570 571 572 573 574 575 576 577 578 579 580 581 582 583
 584 585 586 587 588 589 590 591 592 593 594 595 596 597 598 599 600 601
 602 603 604 605 606 607 608 609 610 611 612 613 614 615 616 617 618 619
 620 621 622 623 624 625 626 627 628 629 630 631 632 633 634 635 636 637
 638 639 640 641 642 643 644 645 646 647 648 649 650 651 652 653 654 655
 656 657 658 659 660 661 662 663 664 665 666 667 668 669 670 671 672 673
 674 675 676 677 678 679 680 681 682 683 684 685 686 687 688 689 690 691
 692 693 694 695 696 697 698 699 700 701 702 703 704 705 706 707 708 709
 710 711 712 713 714 715 716 717 718 719 720 721 722 723 724 725 726 727
 728 729]
200
Starting Optimization [N=729, Batch=200, Device=cuda]
Iter 100: Best Obj 1072714.0000, Loss 2684042.5000, Term1 3440901.7500, Term2 -756859.3125
Iter 200: Best Obj 1072714.0000, Loss 1251902.5000, Term1 2006093.5000, Term2 -754190.9375
Iter 300: Best Obj 1072714.0000, Loss 810159.7500, Term1 1563332.1250, Term2 -753172.3750
Iter 400: Best Obj 1072714.0000, Loss 613142.5625, Term1 1365747.3750, Term2 -752604.8125
Iter 500: Best Obj 1036114.0000, Loss 511173.6875, Term1 1263320.1250, Term2 -752146.4375
Iter 600: Best Obj 991840.0000, Loss 454362.3750, Term1 1205902.5000, Term2 -751540.1250
Iter 700: Best Obj 952736.0000, Loss 421389.0000, Term1 1171862.5000, Term2 -750473.5000
Iter 800: Best Obj 897938.0000, Loss 401240.6250, Term1 1149448.6250, Term2 -748208.0000
Iter 900: Best Obj 812754.0000, Loss 381883.7500, Term1 1119033.6250, Term2 -737149.8750
Iter 1000: Best Obj 633066.0000, Loss 292374.1250, Term1 924812.1250, Term2 -632438.0000
Iter 1100: Best Obj 496188.0000, Loss 215042.3438, Term1 701052.8125, Term2 -486010.4688
Iter 1200: Best Obj 443832.0000, Loss 165676.1562, Term1 498524.4688, Term2 -332848.3125
Total Time: 646.20s, FPS: 1.9
tensor([1., 1., 1., 1., 1., 1., 1., 1., 1., 1., 1., 1., 1., 1., 1., 1., 1., 1.,
        1., 1., 1., 1., 1., 1., 1., 1., 1., 1., 1., 1., 1., 1., 1., 1., 1., 1.,
        1., 1., 1., 1., 1., 1., 1., 1., 1., 1., 1., 1., 1., 1., 1., 1., 1., 1.,
        1., 1., 1., 1., 1., 1., 1., 1., 1., 1., 1., 1., 1., 1., 1., 1., 1., 1.,
        1., 1., 1., 1., 1., 1., 1., 1., 1., 1., 1., 1., 1., 1., 1., 1., 1., 1.,
        1., 1., 1., 1., 1., 1., 1., 1., 1., 1., 1., 1., 1., 1., 1., 1., 1., 1.,
        1., 1., 1., 1., 1., 1., 1., 1., 1., 1., 1., 1., 1., 1., 1., 1., 1., 1.,
        1., 1., 1., 1., 1., 1., 1., 1., 1., 1., 1., 1., 1., 1., 1., 1., 1., 1.,
        1., 1., 1., 1., 1., 1., 1., 1., 1., 1., 1., 1., 1., 1., 1., 1., 1., 1.,
        1., 1., 1., 1., 1., 1., 1., 1., 1., 1., 1., 1., 1., 1., 1., 1., 1., 1.,
        1., 1., 1., 1., 1., 1., 1., 1., 1., 1., 1., 1., 1., 1., 1., 1., 1., 1.,
        1., 1., 1., 1., 1., 1., 1., 1., 1., 1., 1., 1., 1., 1., 1., 1., 1., 1.,
        1., 1., 1., 1., 1., 1., 1., 1., 1., 1., 1., 1., 1., 1., 1., 1., 1., 1.,
        1., 1., 1., 1., 1., 1., 1., 1., 1., 1., 1., 1., 1., 1., 1., 1., 1., 1.,
        1., 1., 1., 1., 1., 1., 1., 1., 1., 1., 1., 1., 1., 1., 1., 1., 1., 1.,
        1., 1., 1., 1., 1., 1., 1., 1., 1., 1., 1., 1., 1., 1., 1., 1., 1., 1.,
        1., 1., 1., 1., 1., 1., 1., 1., 1., 1., 1., 1., 1., 1., 1., 1., 1., 1.,
        1., 1., 1., 1., 1., 1., 1., 1., 1., 1., 1., 1., 1., 1., 1., 1., 1., 1.,
        1., 1., 1., 1., 1., 1., 1., 1., 1., 1., 1., 1., 1., 1., 1., 1., 1., 1.,
        1., 1., 1., 1., 1., 1., 1., 1., 1., 1., 1., 1., 1., 1., 1., 1., 1., 1.,
        1., 1., 1., 1., 1., 1., 1., 1., 1., 1., 1., 1., 1., 1., 1., 1., 1., 1.,
        1., 1., 1., 1., 1., 1., 1., 1., 1., 1., 1., 1., 1., 1., 1., 1., 1., 1.,
        1., 1., 1., 1., 1., 1., 1., 1., 1., 1., 1., 1., 1., 1., 1., 1., 1., 1.,
        1., 1., 1., 1., 1., 1., 1., 1., 1., 1., 1., 1., 1., 1., 1., 1., 1., 1.,
        1., 1., 1., 1., 1., 1., 1., 1., 1., 1., 1., 1., 1., 1., 1., 1., 1., 1.,
        1., 1., 1., 1., 1., 1., 1., 1., 1., 1., 1., 1., 1., 1., 1., 1., 1., 1.,
        1., 1., 1., 1., 1., 1., 1., 1., 1., 1., 1., 1., 1., 1., 1., 1., 1., 1.,
        1., 1., 1., 1., 1., 1., 1., 1., 1., 1., 1., 1., 1., 1., 1., 1., 1., 1.,
        1., 1., 1., 1., 1., 1., 1., 1., 1., 1., 1., 1., 1., 1., 1., 1., 1., 1.,
        1., 1., 1., 1., 1., 1., 1., 1., 1., 1., 1., 1., 1., 1., 1., 1., 1., 1.,
        1., 1., 1., 1., 1., 1., 1., 1., 1., 1., 1., 1., 1., 1., 1., 1., 1., 1.,
        1., 1., 1., 1., 1., 1., 1., 1., 1., 1., 1., 1., 1., 1., 1., 1., 1., 1.,
        1., 1., 1., 1., 1., 1., 1., 1., 1., 1., 1., 1., 1., 1., 1., 1., 1., 1.,
        1., 1., 1., 1., 1., 1., 1., 1., 1., 1., 1., 1., 1., 1., 1., 1., 1., 1.,
        1., 1., 1., 1., 1., 1., 1., 1., 1., 1., 1., 1., 1., 1., 1., 1., 1., 1.,
        1., 1., 1., 1., 1., 1., 1., 1., 1., 1., 1., 1., 1., 1., 1., 1., 1., 1.,
        1., 1., 1., 1., 1., 1., 1., 1., 1., 1., 1., 1., 1., 1., 1., 1., 1., 1.,
        1., 1., 1., 1., 1., 1., 1., 1., 1., 1., 1., 1., 1., 1., 1., 1., 1., 1.,
        1., 1., 1., 1., 1., 1., 1., 1., 1., 1., 1., 1., 1., 1., 1., 1., 1., 1.,
        1., 1., 1., 1., 1., 1., 1., 1., 1., 1., 1., 1., 1., 1., 1., 1., 1., 1.,
        1., 1., 1., 1., 1., 1., 1., 1., 1.], device='cuda:0')
tensor([1., 1., 1., 1., 1., 1., 1., 1., 1., 1., 1., 1., 1., 1., 1., 1., 1., 1.,
        1., 1., 1., 1., 1., 1., 1., 1., 1., 1., 1., 1., 1., 1., 1., 1., 1., 1.,
        1., 1., 1., 1., 1., 1., 1., 1., 1., 1., 1., 1., 1., 1., 1., 1., 1., 1.,
        1., 1., 1., 1., 1., 1., 1., 1., 1., 1., 1., 1., 1., 1., 1., 1., 1., 1.,
        1., 1., 1., 1., 1., 1., 1., 1., 1., 1., 1., 1., 1., 1., 1., 1., 1., 1.,
        1., 1., 1., 1., 1., 1., 1., 1., 1., 1., 1., 1., 1., 1., 1., 1., 1., 1.,
        1., 1., 1., 1., 1., 1., 1., 1., 1., 1., 1., 1., 1., 1., 1., 1., 1., 1.,
        1., 1., 1., 1., 1., 1., 1., 1., 1., 1., 1., 1., 1., 1., 1., 1., 1., 1.,
        1., 1., 1., 1., 1., 1., 1., 1., 1., 1., 1., 1., 1., 1., 1., 1., 1., 1.,
        1., 1., 1., 1., 1., 1., 1., 1., 1., 1., 1., 1., 1., 1., 1., 1., 1., 1.,
        1., 1., 1., 1., 1., 1., 1., 1., 1., 1., 1., 1., 1., 1., 1., 1., 1., 1.,
        1., 1., 1., 1., 1., 1., 1., 1., 1., 1., 1., 1., 1., 1., 1., 1., 1., 1.,
        1., 1., 1., 1., 1., 1., 1., 1., 1., 1., 1., 1., 1., 1., 1., 1., 1., 1.,
        1., 1., 1., 1., 1., 1., 1., 1., 1., 1., 1., 1., 1., 1., 1., 1., 1., 1.,
        1., 1., 1., 1., 1., 1., 1., 1., 1., 1., 1., 1., 1., 1., 1., 1., 1., 1.,
        1., 1., 1., 1., 1., 1., 1., 1., 1., 1., 1., 1., 1., 1., 1., 1., 1., 1.,
        1., 1., 1., 1., 1., 1., 1., 1., 1., 1., 1., 1., 1., 1., 1., 1., 1., 1.,
        1., 1., 1., 1., 1., 1., 1., 1., 1., 1., 1., 1., 1., 1., 1., 1., 1., 1.,
        1., 1., 1., 1., 1., 1., 1., 1., 1., 1., 1., 1., 1., 1., 1., 1., 1., 1.,
        1., 1., 1., 1., 1., 1., 1., 1., 1., 1., 1., 1., 1., 1., 1., 1., 1., 1.,
        1., 1., 1., 1., 1., 1., 1., 1., 1., 1., 1., 1., 1., 1., 1., 1., 1., 1.,
        1., 1., 1., 1., 1., 1., 1., 1., 1., 1., 1., 1., 1., 1., 1., 1., 1., 1.,
        1., 1., 1., 1., 1., 1., 1., 1., 1., 1., 1., 1., 1., 1., 1., 1., 1., 1.,
        1., 1., 1., 1., 1., 1., 1., 1., 1., 1., 1., 1., 1., 1., 1., 1., 1., 1.,
        1., 1., 1., 1., 1., 1., 1., 1., 1., 1., 1., 1., 1., 1., 1., 1., 1., 1.,
        1., 1., 1., 1., 1., 1., 1., 1., 1., 1., 1., 1., 1., 1., 1., 1., 1., 1.,
        1., 1., 1., 1., 1., 1., 1., 1., 1., 1., 1., 1., 1., 1., 1., 1., 1., 1.,
        1., 1., 1., 1., 1., 1., 1., 1., 1., 1., 1., 1., 1., 1., 1., 1., 1., 1.,
        1., 1., 1., 1., 1., 1., 1., 1., 1., 1., 1., 1., 1., 1., 1., 1., 1., 1.,
        1., 1., 1., 1., 1., 1., 1., 1., 1., 1., 1., 1., 1., 1., 1., 1., 1., 1.,
        1., 1., 1., 1., 1., 1., 1., 1., 1., 1., 1., 1., 1., 1., 1., 1., 1., 1.,
        1., 1., 1., 1., 1., 1., 1., 1., 1., 1., 1., 1., 1., 1., 1., 1., 1., 1.,
        1., 1., 1., 1., 1., 1., 1., 1., 1., 1., 1., 1., 1., 1., 1., 1., 1., 1.,
        1., 1., 1., 1., 1., 1., 1., 1., 1., 1., 1., 1., 1., 1., 1., 1., 1., 1.,
        1., 1., 1., 1., 1., 1., 1., 1., 1., 1., 1., 1., 1., 1., 1., 1., 1., 1.,
        1., 1., 1., 1., 1., 1., 1., 1., 1., 1., 1., 1., 1., 1., 1., 1., 1., 1.,
        1., 1., 1., 1., 1., 1., 1., 1., 1., 1., 1., 1., 1., 1., 1., 1., 1., 1.,
        1., 1., 1., 1., 1., 1., 1., 1., 1., 1., 1., 1., 1., 1., 1., 1., 1., 1.,
        1., 1., 1., 1., 1., 1., 1., 1., 1., 1., 1., 1., 1., 1., 1., 1., 1., 1.,
        1., 1., 1., 1., 1., 1., 1., 1., 1., 1., 1., 1., 1., 1., 1., 1., 1., 1.,
        1., 1., 1., 1., 1., 1., 1., 1., 1.], device='cuda:0')
Solution is a valid permutation matrix.
[  1   2   3   4   5   6   7   8   9  10  11  12  13  14  15  16  17  18
  19  20  21  22  23  24  25  26  27  28  29  30  31  32  33  34  35  36
  37  38  39  40  41  42  43  44  45  46  47  48  49  50  51  52  53  54
  55  56  57  58  59  60  61  62  63  64  65  66  67  68  69  70  71  72
  73  74  75  76  77  78  79  80  81  82  83  84  85  86  87  88  89  90
  91  92  93  94  95  96  97  98  99 100 101 102 103 104 105 106 107 108
 109 110 111 112 113 114 115 116 117 118 119 120 121 122 123 124 125]
2000
Starting Optimization [N=125, Batch=2000, Device=cuda]
Iter 100: Best Obj 88440.0000, Loss 138431.7500, Term1 229095.1406, Term2 -90663.3828
Iter 200: Best Obj 88440.0000, Loss 65444.0625, Term1 157759.8438, Term2 -92315.7812
Iter 300: Best Obj 82038.0000, Loss 41606.7031, Term1 136011.2656, Term2 -94404.5625
Iter 400: Best Obj 69836.0000, Loss 30954.0469, Term1 124998.2422, Term2 -94044.1953
Iter 500: Best Obj 53690.0000, Loss 22172.9531, Term1 109542.6094, Term2 -87369.6562
Iter 600: Best Obj 45350.0000, Loss 10437.5234, Term1 84753.7344, Term2 -74316.2109
Iter 700: Best Obj 40166.0000, Loss 3070.8516, Term1 68246.4062, Term2 -65175.5547
Iter 800: Best Obj 38246.0000, Loss 794.5156, Term1 60864.1094, Term2 -60069.5938
Iter 900: Best Obj 37622.0000, Loss 260.0312, Term1 57994.8594, Term2 -57734.8281
Iter 1000: Best Obj 36814.0000, Loss 153.3867, Term1 56871.7812, Term2 -56718.3945
Iter 1100: Best Obj 36778.0000, Loss 173.3125, Term1 56277.0977, Term2 -56103.7852
Iter 1200: Best Obj 36700.0000, Loss 283.1523, Term1 55978.5547, Term2 -55695.4023
Total Time: 73.36s, FPS: 16.4
tensor([1., 1., 1., 1., 1., 1., 1., 1., 1., 1., 1., 1., 1., 1., 1., 1., 1., 1.,
        1., 1., 1., 1., 1., 1., 1., 1., 1., 1., 1., 1., 1., 1., 1., 1., 1., 1.,
        1., 1., 1., 1., 1., 1., 1., 1., 1., 1., 1., 1., 1., 1., 1., 1., 1., 1.,
        1., 1., 1., 1., 1., 1., 1., 1., 1., 1., 1., 1., 1., 1., 1., 1., 1., 1.,
        1., 1., 1., 1., 1., 1., 1., 1., 1., 1., 1., 1., 1., 1., 1., 1., 1., 1.,
        1., 1., 1., 1., 1., 1., 1., 1., 1., 1., 1., 1., 1., 1., 1., 1., 1., 1.,
        1., 1., 1., 1., 1., 1., 1., 1., 1., 1., 1., 1., 1., 1., 1., 1., 1.],
       device='cuda:0')
tensor([1., 1., 1., 1., 1., 1., 1., 1., 1., 1., 1., 1., 1., 1., 1., 1., 1., 1.,
        1., 1., 1., 1., 1., 1., 1., 1., 1., 1., 1., 1., 1., 1., 1., 1., 1., 1.,
        1., 1., 1., 1., 1., 1., 1., 1., 1., 1., 1., 1., 1., 1., 1., 1., 1., 1.,
        1., 1., 1., 1., 1., 1., 1., 1., 1., 1., 1., 1., 1., 1., 1., 1., 1., 1.,
        1., 1., 1., 1., 1., 1., 1., 1., 1., 1., 1., 1., 1., 1., 1., 1., 1., 1.,
        1., 1., 1., 1., 1., 1., 1., 1., 1., 1., 1., 1., 1., 1., 1., 1., 1., 1.,
        1., 1., 1., 1., 1., 1., 1., 1., 1., 1., 1., 1., 1., 1., 1., 1., 1.],
       device='cuda:0')
Solution is a valid permutation matrix.
[  1   2   3   4   5   6   7   8   9  10  11  12  13  14  15  16  17  18
  19  20  21  22  23  24  25  26  27  28  29  30  31  32  33  34  35  36
  37  38  39  40  41  42  43  44  45  46  47  48  49  50  51  52  53  54
  55  56  57  58  59  60  61  62  63  64  65  66  67  68  69  70  71  72
  73  74  75  76  77  78  79  80  81  82  83  84  85  86  87  88  89  90
  91  92  93  94  95  96  97  98  99 100 101 102 103 104 105 106 107 108
 109 110 111 112 113 114 115 116 117 118 119 120 121 122 123 124 125]
2000
Starting Optimization [N=125, Batch=2000, Device=cuda]
Iter 100: Best Obj 88440.0000, Loss 138495.9688, Term1 229095.1406, Term2 -90599.1719
Iter 200: Best Obj 88440.0000, Loss 65562.9062, Term1 157758.1875, Term2 -92195.2812
Iter 300: Best Obj 82038.0000, Loss 41763.1172, Term1 136005.2344, Term2 -94242.1172
Iter 400: Best Obj 69836.0000, Loss 31149.7891, Term1 124983.4609, Term2 -93833.6719
Iter 500: Best Obj 53690.0000, Loss 22401.8047, Term1 109469.0156, Term2 -87067.2109
Iter 600: Best Obj 45350.0000, Loss 10726.1797, Term1 84630.2422, Term2 -73904.0625
Iter 700: Best Obj 40148.0000, Loss 3464.4258, Term1 68135.1875, Term2 -64670.7617
Iter 800: Best Obj 38246.0000, Loss 1297.2070, Term1 60742.2812, Term2 -59445.0742
Iter 900: Best Obj 37610.0000, Loss 880.8438, Term1 57857.6523, Term2 -56976.8086
Iter 1000: Best Obj 37392.0000, Loss 896.2852, Term1 56726.6641, Term2 -55830.3789
Iter 1100: Best Obj 36886.0000, Loss 1040.1094, Term1 56132.5781, Term2 -55092.4688
Iter 1200: Best Obj 36724.0000, Loss 1274.3242, Term1 55836.8438, Term2 -54562.5195
Total Time: 73.67s, FPS: 16.3
tensor([1., 1., 1., 1., 1., 1., 1., 1., 1., 1., 1., 1., 1., 1., 1., 1., 1., 1.,
        1., 1., 1., 1., 1., 1., 1., 1., 1., 1., 1., 1., 1., 1., 1., 1., 1., 1.,
        1., 1., 1., 1., 1., 1., 1., 1., 1., 1., 1., 1., 1., 1., 1., 1., 1., 1.,
        1., 1., 1., 1., 1., 1., 1., 1., 1., 1., 1., 1., 1., 1., 1., 1., 1., 1.,
        1., 1., 1., 1., 1., 1., 1., 1., 1., 1., 1., 1., 1., 1., 1., 1., 1., 1.,
        1., 1., 1., 1., 1., 1., 1., 1., 1., 1., 1., 1., 1., 1., 1., 1., 1., 1.,
        1., 1., 1., 1., 1., 1., 1., 1., 1., 1., 1., 1., 1., 1., 1., 1., 1.],
       device='cuda:0')
tensor([1., 1., 1., 1., 1., 1., 1., 1., 1., 1., 1., 1., 1., 1., 1., 1., 1., 1.,
        1., 1., 1., 1., 1., 1., 1., 1., 1., 1., 1., 1., 1., 1., 1., 1., 1., 1.,
        1., 1., 1., 1., 1., 1., 1., 1., 1., 1., 1., 1., 1., 1., 1., 1., 1., 1.,
        1., 1., 1., 1., 1., 1., 1., 1., 1., 1., 1., 1., 1., 1., 1., 1., 1., 1.,
        1., 1., 1., 1., 1., 1., 1., 1., 1., 1., 1., 1., 1., 1., 1., 1., 1., 1.,
        1., 1., 1., 1., 1., 1., 1., 1., 1., 1., 1., 1., 1., 1., 1., 1., 1., 1.,
        1., 1., 1., 1., 1., 1., 1., 1., 1., 1., 1., 1., 1., 1., 1., 1., 1.],
       device='cuda:0')
Solution is a valid permutation matrix.
[  1   2   3   4   5   6   7   8   9  10  11  12  13  14  15  16  17  18
  19  20  21  22  23  24  25  26  27  28  29  30  31  32  33  34  35  36
  37  38  39  40  41  42  43  44  45  46  47  48  49  50  51  52  53  54
  55  56  57  58  59  60  61  62  63  64  65  66  67  68  69  70  71  72
  73  74  75  76  77  78  79  80  81  82  83  84  85  86  87  88  89  90
  91  92  93  94  95  96  97  98  99 100 101 102 103 104 105 106 107 108
 109 110 111 112 113 114 115 116 117 118 119 120 121 122 123 124 125]
2000
Starting Optimization [N=125, Batch=2000, Device=cuda]
Iter 100: Best Obj 88440.0000, Loss 138624.4062, Term1 229095.1562, Term2 -90470.7422
Iter 200: Best Obj 88440.0000, Loss 65800.4453, Term1 157754.8594, Term2 -91954.4141
Iter 300: Best Obj 82038.0000, Loss 42075.5156, Term1 135993.1094, Term2 -93917.5938
Iter 400: Best Obj 69836.0000, Loss 31540.5781, Term1 124953.7812, Term2 -93413.2031
Iter 500: Best Obj 53574.0000, Loss 22858.5781, Term1 109321.1406, Term2 -86462.5625
Iter 600: Best Obj 45410.0000, Loss 11303.0469, Term1 84383.7188, Term2 -73080.6719
Iter 700: Best Obj 40148.0000, Loss 4244.1992, Term1 67888.7734, Term2 -63644.5742
Iter 800: Best Obj 38226.0000, Loss 2288.3867, Term1 60455.5078, Term2 -58167.1211
Iter 900: Best Obj 37270.0000, Loss 2108.6367, Term1 57546.4102, Term2 -55437.7734
Iter 1000: Best Obj 36922.0000, Loss 2366.8008, Term1 56399.4141, Term2 -54032.6133
Iter 1100: Best Obj 36774.0000, Loss 2757.5977, Term1 55800.4023, Term2 -53042.8047
Iter 1200: Best Obj 36650.0000, Loss 3236.3203, Term1 55514.6250, Term2 -52278.3047
Total Time: 73.36s, FPS: 16.4
tensor([1., 1., 1., 1., 1., 1., 1., 1., 1., 1., 1., 1., 1., 1., 1., 1., 1., 1.,
        1., 1., 1., 1., 1., 1., 1., 1., 1., 1., 1., 1., 1., 1., 1., 1., 1., 1.,
        1., 1., 1., 1., 1., 1., 1., 1., 1., 1., 1., 1., 1., 1., 1., 1., 1., 1.,
        1., 1., 1., 1., 1., 1., 1., 1., 1., 1., 1., 1., 1., 1., 1., 1., 1., 1.,
        1., 1., 1., 1., 1., 1., 1., 1., 1., 1., 1., 1., 1., 1., 1., 1., 1., 1.,
        1., 1., 1., 1., 1., 1., 1., 1., 1., 1., 1., 1., 1., 1., 1., 1., 1., 1.,
        1., 1., 1., 1., 1., 1., 1., 1., 1., 1., 1., 1., 1., 1., 1., 1., 1.],
       device='cuda:0')
tensor([1., 1., 1., 1., 1., 1., 1., 1., 1., 1., 1., 1., 1., 1., 1., 1., 1., 1.,
        1., 1., 1., 1., 1., 1., 1., 1., 1., 1., 1., 1., 1., 1., 1., 1., 1., 1.,
        1., 1., 1., 1., 1., 1., 1., 1., 1., 1., 1., 1., 1., 1., 1., 1., 1., 1.,
        1., 1., 1., 1., 1., 1., 1., 1., 1., 1., 1., 1., 1., 1., 1., 1., 1., 1.,
        1., 1., 1., 1., 1., 1., 1., 1., 1., 1., 1., 1., 1., 1., 1., 1., 1., 1.,
        1., 1., 1., 1., 1., 1., 1., 1., 1., 1., 1., 1., 1., 1., 1., 1., 1., 1.,
        1., 1., 1., 1., 1., 1., 1., 1., 1., 1., 1., 1., 1., 1., 1., 1., 1.],
       device='cuda:0')
Solution is a valid permutation matrix.
[  1   2   3   4   5   6   7   8   9  10  11  12  13  14  15  16  17  18
  19  20  21  22  23  24  25  26  27  28  29  30  31  32  33  34  35  36
  37  38  39  40  41  42  43  44  45  46  47  48  49  50  51  52  53  54
  55  56  57  58  59  60  61  62  63  64  65  66  67  68  69  70  71  72
  73  74  75  76  77  78  79  80  81  82  83  84  85  86  87  88  89  90
  91  92  93  94  95  96  97  98  99 100 101 102 103 104 105 106 107 108
 109 110 111 112 113 114 115 116 117 118 119 120 121 122 123 124 125]
2000
Starting Optimization [N=125, Batch=2000, Device=cuda]
Iter 100: Best Obj 88440.0000, Loss 138752.8281, Term1 229095.1562, Term2 -90342.3281
Iter 200: Best Obj 88440.0000, Loss 66037.8594, Term1 157751.5312, Term2 -91713.6719
Iter 300: Best Obj 82038.0000, Loss 42387.3672, Term1 135980.9375, Term2 -93593.5703
Iter 400: Best Obj 69836.0000, Loss 31930.4844, Term1 124923.9766, Term2 -92993.4922
Iter 500: Best Obj 53574.0000, Loss 23314.2109, Term1 109172.4766, Term2 -85858.2656
Iter 600: Best Obj 45272.0000, Loss 11880.8672, Term1 84139.1953, Term2 -72258.3281
Iter 700: Best Obj 40164.0000, Loss 5026.7031, Term1 67656.5000, Term2 -62629.7969
Iter 800: Best Obj 37814.0000, Loss 3276.7070, Term1 60177.1250, Term2 -56900.4180
Iter 900: Best Obj 36880.0000, Loss 3329.0156, Term1 57231.0039, Term2 -53901.9883
Iter 1000: Best Obj 36880.0000, Loss 3831.3516, Term1 56074.4180, Term2 -52243.0664
Iter 1100: Best Obj 36854.0000, Loss 4459.7031, Term1 55452.8750, Term2 -50993.1719
Iter 1200: Best Obj 36694.0000, Loss 5167.2227, Term1 55136.8828, Term2 -49969.6602
Total Time: 73.61s, FPS: 16.3
tensor([1., 1., 1., 1., 1., 1., 1., 1., 1., 1., 1., 1., 1., 1., 1., 1., 1., 1.,
        1., 1., 1., 1., 1., 1., 1., 1., 1., 1., 1., 1., 1., 1., 1., 1., 1., 1.,
        1., 1., 1., 1., 1., 1., 1., 1., 1., 1., 1., 1., 1., 1., 1., 1., 1., 1.,
        1., 1., 1., 1., 1., 1., 1., 1., 1., 1., 1., 1., 1., 1., 1., 1., 1., 1.,
        1., 1., 1., 1., 1., 1., 1., 1., 1., 1., 1., 1., 1., 1., 1., 1., 1., 1.,
        1., 1., 1., 1., 1., 1., 1., 1., 1., 1., 1., 1., 1., 1., 1., 1., 1., 1.,
        1., 1., 1., 1., 1., 1., 1., 1., 1., 1., 1., 1., 1., 1., 1., 1., 1.],
       device='cuda:0')
tensor([1., 1., 1., 1., 1., 1., 1., 1., 1., 1., 1., 1., 1., 1., 1., 1., 1., 1.,
        1., 1., 1., 1., 1., 1., 1., 1., 1., 1., 1., 1., 1., 1., 1., 1., 1., 1.,
        1., 1., 1., 1., 1., 1., 1., 1., 1., 1., 1., 1., 1., 1., 1., 1., 1., 1.,
        1., 1., 1., 1., 1., 1., 1., 1., 1., 1., 1., 1., 1., 1., 1., 1., 1., 1.,
        1., 1., 1., 1., 1., 1., 1., 1., 1., 1., 1., 1., 1., 1., 1., 1., 1., 1.,
        1., 1., 1., 1., 1., 1., 1., 1., 1., 1., 1., 1., 1., 1., 1., 1., 1., 1.,
        1., 1., 1., 1., 1., 1., 1., 1., 1., 1., 1., 1., 1., 1., 1., 1., 1.],
       device='cuda:0')
Solution is a valid permutation matrix.
[  1   2   3   4   5   6   7   8   9  10  11  12  13  14  15  16  17  18
  19  20  21  22  23  24  25  26  27  28  29  30  31  32  33  34  35  36
  37  38  39  40  41  42  43  44  45  46  47  48  49  50  51  52  53  54
  55  56  57  58  59  60  61  62  63  64  65  66  67  68  69  70  71  72
  73  74  75  76  77  78  79  80  81  82  83  84  85  86  87  88  89  90
  91  92  93  94  95  96  97  98  99 100 101 102 103 104 105 106 107 108
 109 110 111 112 113 114 115 116 117 118 119 120 121 122 123 124 125]
2000
Starting Optimization [N=125, Batch=2000, Device=cuda]
Iter 100: Best Obj 88440.0000, Loss 138945.4375, Term1 229095.1562, Term2 -90149.7266
Iter 200: Best Obj 88440.0000, Loss 66393.6719, Term1 157746.4688, Term2 -91352.7969
Iter 300: Best Obj 82038.0000, Loss 42854.0938, Term1 135962.5625, Term2 -93108.4688
Iter 400: Best Obj 70256.0000, Loss 32513.7188, Term1 124879.0078, Term2 -92365.2891
Iter 500: Best Obj 53470.0000, Loss 23995.6016, Term1 108948.0859, Term2 -84952.4844
Iter 600: Best Obj 45136.0000, Loss 12748.9766, Term1 83767.1406, Term2 -71018.1641
Iter 700: Best Obj 40692.0000, Loss 6204.1680, Term1 67297.3125, Term2 -61093.1445
Iter 800: Best Obj 37738.0000, Loss 4764.3516, Term1 59757.9531, Term2 -54993.6016
Iter 900: Best Obj 36752.0000, Loss 5165.6719, Term1 56763.4922, Term2 -51597.8203
Iter 1000: Best Obj 36300.0000, Loss 6024.9609, Term1 55564.8828, Term2 -49539.9219
Iter 1100: Best Obj 36300.0000, Loss 6998.1953, Term1 54908.6094, Term2 -47910.4141
Iter 1200: Best Obj 36300.0000, Loss 8012.4961, Term1 54499.5781, Term2 -46487.0820
Total Time: 73.37s, FPS: 16.4
tensor([1., 1., 1., 1., 1., 1., 1., 1., 1., 1., 1., 1., 1., 1., 1., 1., 1., 1.,
        1., 1., 1., 1., 1., 1., 1., 1., 1., 1., 1., 1., 1., 1., 1., 1., 1., 1.,
        1., 1., 1., 1., 1., 1., 1., 1., 1., 1., 1., 1., 1., 1., 1., 1., 1., 1.,
        1., 1., 1., 1., 1., 1., 1., 1., 1., 1., 1., 1., 1., 1., 1., 1., 1., 1.,
        1., 1., 1., 1., 1., 1., 1., 1., 1., 1., 1., 1., 1., 1., 1., 1., 1., 1.,
        1., 1., 1., 1., 1., 1., 1., 1., 1., 1., 1., 1., 1., 1., 1., 1., 1., 1.,
        1., 1., 1., 1., 1., 1., 1., 1., 1., 1., 1., 1., 1., 1., 1., 1., 1.],
       device='cuda:0')
tensor([1., 1., 1., 1., 1., 1., 1., 1., 1., 1., 1., 1., 1., 1., 1., 1., 1., 1.,
        1., 1., 1., 1., 1., 1., 1., 1., 1., 1., 1., 1., 1., 1., 1., 1., 1., 1.,
        1., 1., 1., 1., 1., 1., 1., 1., 1., 1., 1., 1., 1., 1., 1., 1., 1., 1.,
        1., 1., 1., 1., 1., 1., 1., 1., 1., 1., 1., 1., 1., 1., 1., 1., 1., 1.,
        1., 1., 1., 1., 1., 1., 1., 1., 1., 1., 1., 1., 1., 1., 1., 1., 1., 1.,
        1., 1., 1., 1., 1., 1., 1., 1., 1., 1., 1., 1., 1., 1., 1., 1., 1., 1.,
        1., 1., 1., 1., 1., 1., 1., 1., 1., 1., 1., 1., 1., 1., 1., 1., 1.],
       device='cuda:0')
Solution is a valid permutation matrix.
[  1   2   3   4   5   6   7   8   9  10  11  12  13  14  15  16  17  18
  19  20  21  22  23  24  25  26  27  28  29  30  31  32  33  34  35  36
  37  38  39  40  41  42  43  44  45  46  47  48  49  50  51  52  53  54
  55  56  57  58  59  60  61  62  63  64  65  66  67  68  69  70  71  72
  73  74  75  76  77  78  79  80  81  82  83  84  85  86  87  88  89  90
  91  92  93  94  95  96  97  98  99 100 101 102 103 104 105 106 107 108
 109 110 111 112 113 114 115 116 117 118 119 120 121 122 123 124 125]
2000
Starting Optimization [N=125, Batch=2000, Device=cuda]
Iter 100: Best Obj 88440.0000, Loss 139266.4062, Term1 229095.1719, Term2 -89828.7734
Iter 200: Best Obj 88440.0000, Loss 66986.0078, Term1 157738.0312, Term2 -90752.0234
Iter 300: Best Obj 82372.0000, Loss 43629.2500, Term1 135931.7188, Term2 -92302.4688
Iter 400: Best Obj 70438.0000, Loss 33481.4766, Term1 124803.3984, Term2 -91321.9219
Iter 500: Best Obj 52888.0000, Loss 25126.2422, Term1 108571.0156, Term2 -83444.7734
Iter 600: Best Obj 44358.0000, Loss 14189.4844, Term1 83136.9453, Term2 -68947.4609
Iter 700: Best Obj 40680.0000, Loss 8165.2344, Term1 66685.9922, Term2 -58520.7578
Iter 800: Best Obj 37734.0000, Loss 7251.8867, Term1 59050.2109, Term2 -51798.3242
Iter 900: Best Obj 36756.0000, Loss 8227.8789, Term1 55955.9141, Term2 -47728.0352
Iter 1000: Best Obj 36336.0000, Loss 9659.7812, Term1 54664.3633, Term2 -45004.5820
Iter 1100: Best Obj 36336.0000, Loss 11156.2500, Term1 53901.6523, Term2 -42745.4023
Iter 1200: Best Obj 36336.0000, Loss 12587.9336, Term1 53347.7578, Term2 -40759.8242
Total Time: 73.63s, FPS: 16.3
tensor([1., 1., 1., 1., 1., 1., 1., 1., 1., 1., 1., 1., 1., 1., 1., 1., 1., 1.,
        1., 1., 1., 1., 1., 1., 1., 1., 1., 1., 1., 1., 1., 1., 1., 1., 1., 1.,
        1., 1., 1., 1., 1., 1., 1., 1., 1., 1., 1., 1., 1., 1., 1., 1., 1., 1.,
        1., 1., 1., 1., 1., 1., 1., 1., 1., 1., 1., 1., 1., 1., 1., 1., 1., 1.,
        1., 1., 1., 1., 1., 1., 1., 1., 1., 1., 1., 1., 1., 1., 1., 1., 1., 1.,
        1., 1., 1., 1., 1., 1., 1., 1., 1., 1., 1., 1., 1., 1., 1., 1., 1., 1.,
        1., 1., 1., 1., 1., 1., 1., 1., 1., 1., 1., 1., 1., 1., 1., 1., 1.],
       device='cuda:0')
tensor([1., 1., 1., 1., 1., 1., 1., 1., 1., 1., 1., 1., 1., 1., 1., 1., 1., 1.,
        1., 1., 1., 1., 1., 1., 1., 1., 1., 1., 1., 1., 1., 1., 1., 1., 1., 1.,
        1., 1., 1., 1., 1., 1., 1., 1., 1., 1., 1., 1., 1., 1., 1., 1., 1., 1.,
        1., 1., 1., 1., 1., 1., 1., 1., 1., 1., 1., 1., 1., 1., 1., 1., 1., 1.,
        1., 1., 1., 1., 1., 1., 1., 1., 1., 1., 1., 1., 1., 1., 1., 1., 1., 1.,
        1., 1., 1., 1., 1., 1., 1., 1., 1., 1., 1., 1., 1., 1., 1., 1., 1., 1.,
        1., 1., 1., 1., 1., 1., 1., 1., 1., 1., 1., 1., 1., 1., 1., 1., 1.],
       device='cuda:0')
Solution is a valid permutation matrix.
[  1   2   3   4   5   6   7   8   9  10  11  12  13  14  15  16  17  18
  19  20  21  22  23  24  25  26  27  28  29  30  31  32  33  34  35  36
  37  38  39  40  41  42  43  44  45  46  47  48  49  50  51  52  53  54
  55  56  57  58  59  60  61  62  63  64  65  66  67  68  69  70  71  72
  73  74  75  76  77  78  79  80  81  82  83  84  85  86  87  88  89  90
  91  92  93  94  95  96  97  98  99 100 101 102 103 104 105 106 107 108
 109 110 111 112 113 114 115 116 117 118 119 120 121 122 123 124 125]
2000
Starting Optimization [N=125, Batch=2000, Device=cuda]
Iter 100: Best Obj 88440.0000, Loss 139587.2969, Term1 229095.1719, Term2 -89507.8750
Iter 200: Best Obj 88440.0000, Loss 67577.3828, Term1 157729.4531, Term2 -90152.0703
Iter 300: Best Obj 82276.0000, Loss 44400.9609, Term1 135900.5312, Term2 -91499.5703
Iter 400: Best Obj 69920.0000, Loss 34444.0234, Term1 124727.0156, Term2 -90282.9922
Iter 500: Best Obj 52954.0000, Loss 26251.3516, Term1 108191.2812, Term2 -81939.9297
Iter 600: Best Obj 44310.0000, Loss 15636.8984, Term1 82514.5938, Term2 -66877.6953
Iter 700: Best Obj 40238.0000, Loss 10137.2656, Term1 66087.2891, Term2 -55950.0234
Iter 800: Best Obj 37724.0000, Loss 9737.2539, Term1 58336.1445, Term2 -48598.8906
Iter 900: Best Obj 36906.0000, Loss 11285.0234, Term1 55126.7148, Term2 -43841.6914
Iter 1000: Best Obj 36890.0000, Loss 13262.8672, Term1 53729.6406, Term2 -40466.7734
Iter 1100: Best Obj 36810.0000, Loss 15225.3906, Term1 52869.8750, Term2 -37644.4844
Iter 1200: Best Obj 36810.0000, Loss 16973.6367, Term1 52147.5742, Term2 -35173.9375
Total Time: 73.65s, FPS: 16.3
tensor([1., 1., 1., 1., 1., 1., 1., 1., 1., 1., 1., 1., 1., 1., 1., 1., 1., 1.,
        1., 1., 1., 1., 1., 1., 1., 1., 1., 1., 1., 1., 1., 1., 1., 1., 1., 1.,
        1., 1., 1., 1., 1., 1., 1., 1., 1., 1., 1., 1., 1., 1., 1., 1., 1., 1.,
        1., 1., 1., 1., 1., 1., 1., 1., 1., 1., 1., 1., 1., 1., 1., 1., 1., 1.,
        1., 1., 1., 1., 1., 1., 1., 1., 1., 1., 1., 1., 1., 1., 1., 1., 1., 1.,
        1., 1., 1., 1., 1., 1., 1., 1., 1., 1., 1., 1., 1., 1., 1., 1., 1., 1.,
        1., 1., 1., 1., 1., 1., 1., 1., 1., 1., 1., 1., 1., 1., 1., 1., 1.],
       device='cuda:0')
tensor([1., 1., 1., 1., 1., 1., 1., 1., 1., 1., 1., 1., 1., 1., 1., 1., 1., 1.,
        1., 1., 1., 1., 1., 1., 1., 1., 1., 1., 1., 1., 1., 1., 1., 1., 1., 1.,
        1., 1., 1., 1., 1., 1., 1., 1., 1., 1., 1., 1., 1., 1., 1., 1., 1., 1.,
        1., 1., 1., 1., 1., 1., 1., 1., 1., 1., 1., 1., 1., 1., 1., 1., 1., 1.,
        1., 1., 1., 1., 1., 1., 1., 1., 1., 1., 1., 1., 1., 1., 1., 1., 1., 1.,
        1., 1., 1., 1., 1., 1., 1., 1., 1., 1., 1., 1., 1., 1., 1., 1., 1., 1.,
        1., 1., 1., 1., 1., 1., 1., 1., 1., 1., 1., 1., 1., 1., 1., 1., 1.],
       device='cuda:0')
Solution is a valid permutation matrix.
[  1   2   3   4   5   6   7   8   9  10  11  12  13  14  15  16  17  18
  19  20  21  22  23  24  25  26  27  28  29  30  31  32  33  34  35  36
  37  38  39  40  41  42  43  44  45  46  47  48  49  50  51  52  53  54
  55  56  57  58  59  60  61  62  63  64  65  66  67  68  69  70  71  72
  73  74  75  76  77  78  79  80  81  82  83  84  85  86  87  88  89  90
  91  92  93  94  95  96  97  98  99 100 101 102 103 104 105 106 107 108
 109 110 111 112 113 114 115 116 117 118 119 120 121 122 123 124 125]
2000
Starting Optimization [N=125, Batch=2000, Device=cuda]
Iter 100: Best Obj 88440.0000, Loss 141511.2812, Term1 229095.0781, Term2 -87583.8047
Iter 200: Best Obj 88440.0000, Loss 71106.3828, Term1 157676.2969, Term2 -86569.9141
Iter 300: Best Obj 81634.0000, Loss 48961.1641, Term1 135707.3281, Term2 -86746.1641
Iter 400: Best Obj 69610.0000, Loss 40119.3984, Term1 124254.6094, Term2 -84135.2109
Iter 500: Best Obj 52444.0000, Loss 32903.8125, Term1 105864.1641, Term2 -72960.3516
Iter 600: Best Obj 43420.0000, Loss 24272.3516, Term1 78661.4219, Term2 -54389.0703
Iter 700: Best Obj 40844.0000, Loss 21946.2578, Term1 62220.1836, Term2 -40273.9258
Iter 800: Best Obj 37704.0000, Loss 24520.7227, Term1 54001.8438, Term2 -29481.1211
Iter 900: Best Obj 37202.0000, Loss 29279.5215, Term1 50317.8750, Term2 -21038.3535
Iter 1000: Best Obj 36578.0000, Loss 34053.0820, Term1 48598.5859, Term2 -14545.5049
Iter 1100: Best Obj 36466.0000, Loss 37323.6445, Term1 46632.1133, Term2 -9308.4678
Iter 1200: Best Obj 36390.0000, Loss 39326.1289, Term1 44621.2852, Term2 -5295.1572
Total Time: 73.42s, FPS: 16.3
tensor([1., 1., 1., 1., 1., 1., 1., 1., 1., 1., 1., 1., 1., 1., 1., 1., 1., 1.,
        1., 1., 1., 1., 1., 1., 1., 1., 1., 1., 1., 1., 1., 1., 1., 1., 1., 1.,
        1., 1., 1., 1., 1., 1., 1., 1., 1., 1., 1., 1., 1., 1., 1., 1., 1., 1.,
        1., 1., 1., 1., 1., 1., 1., 1., 1., 1., 1., 1., 1., 1., 1., 1., 1., 1.,
        1., 1., 1., 1., 1., 1., 1., 1., 1., 1., 1., 1., 1., 1., 1., 1., 1., 1.,
        1., 1., 1., 1., 1., 1., 1., 1., 1., 1., 1., 1., 1., 1., 1., 1., 1., 1.,
        1., 1., 1., 1., 1., 1., 1., 1., 1., 1., 1., 1., 1., 1., 1., 1., 1.],
       device='cuda:0')
tensor([1., 1., 1., 1., 1., 1., 1., 1., 1., 1., 1., 1., 1., 1., 1., 1., 1., 1.,
        1., 1., 1., 1., 1., 1., 1., 1., 1., 1., 1., 1., 1., 1., 1., 1., 1., 1.,
        1., 1., 1., 1., 1., 1., 1., 1., 1., 1., 1., 1., 1., 1., 1., 1., 1., 1.,
        1., 1., 1., 1., 1., 1., 1., 1., 1., 1., 1., 1., 1., 1., 1., 1., 1., 1.,
        1., 1., 1., 1., 1., 1., 1., 1., 1., 1., 1., 1., 1., 1., 1., 1., 1., 1.,
        1., 1., 1., 1., 1., 1., 1., 1., 1., 1., 1., 1., 1., 1., 1., 1., 1., 1.,
        1., 1., 1., 1., 1., 1., 1., 1., 1., 1., 1., 1., 1., 1., 1., 1., 1.],
       device='cuda:0')
Solution is a valid permutation matrix.
[  1   2   3   4   5   6   7   8   9  10  11  12  13  14  15  16  17  18
  19  20  21  22  23  24  25  26  27  28  29  30  31  32  33  34  35  36
  37  38  39  40  41  42  43  44  45  46  47  48  49  50  51  52  53  54
  55  56  57  58  59  60  61  62  63  64  65  66  67  68  69  70  71  72
  73  74  75  76  77  78  79  80  81  82  83  84  85  86  87  88  89  90
  91  92  93  94  95  96  97  98  99 100 101 102 103 104 105 106 107 108
 109 110 111 112 113 114 115 116 117 118 119 120 121 122 123 124 125]
2000
Starting Optimization [N=125, Batch=2000, Device=cuda]
Iter 100: Best Obj 87756.0000, Loss 74703.5781, Term1 166697.5156, Term2 -91993.9375
Iter 200: Best Obj 76904.0000, Loss 38986.5234, Term1 133468.9531, Term2 -94482.4297
Iter 300: Best Obj 55918.0000, Loss 26315.9453, Term1 116328.4062, Term2 -90012.4609
Iter 400: Best Obj 44302.0000, Loss 13428.2031, Term1 88870.0703, Term2 -75441.8672
Iter 500: Best Obj 39818.0000, Loss 4181.9531, Term1 68367.8125, Term2 -64185.8594
Iter 600: Best Obj 38326.0000, Loss 1181.2734, Term1 60224.3750, Term2 -59043.1016
Iter 700: Best Obj 37566.0000, Loss 466.4961, Term1 57655.3945, Term2 -57188.8984
Iter 800: Best Obj 37106.0000, Loss 248.4570, Term1 56685.1211, Term2 -56436.6641
Iter 900: Best Obj 37062.0000, Loss 212.5664, Term1 56180.7656, Term2 -55968.1992
Iter 1000: Best Obj 37062.0000, Loss 298.0898, Term1 55970.3164, Term2 -55672.2266
Iter 1100: Best Obj 37062.0000, Loss 451.9492, Term1 55923.4180, Term2 -55471.4688
Iter 1200: Best Obj 37062.0000, Loss 636.2461, Term1 55924.9922, Term2 -55288.7461
Total Time: 73.41s, FPS: 16.3
tensor([1., 1., 1., 1., 1., 1., 1., 1., 1., 1., 1., 1., 1., 1., 1., 1., 1., 1.,
        1., 1., 1., 1., 1., 1., 1., 1., 1., 1., 1., 1., 1., 1., 1., 1., 1., 1.,
        1., 1., 1., 1., 1., 1., 1., 1., 1., 1., 1., 1., 1., 1., 1., 1., 1., 1.,
        1., 1., 1., 1., 1., 1., 1., 1., 1., 1., 1., 1., 1., 1., 1., 1., 1., 1.,
        1., 1., 1., 1., 1., 1., 1., 1., 1., 1., 1., 1., 1., 1., 1., 1., 1., 1.,
        1., 1., 1., 1., 1., 1., 1., 1., 1., 1., 1., 1., 1., 1., 1., 1., 1., 1.,
        1., 1., 1., 1., 1., 1., 1., 1., 1., 1., 1., 1., 1., 1., 1., 1., 1.],
       device='cuda:0')
tensor([1., 1., 1., 1., 1., 1., 1., 1., 1., 1., 1., 1., 1., 1., 1., 1., 1., 1.,
        1., 1., 1., 1., 1., 1., 1., 1., 1., 1., 1., 1., 1., 1., 1., 1., 1., 1.,
        1., 1., 1., 1., 1., 1., 1., 1., 1., 1., 1., 1., 1., 1., 1., 1., 1., 1.,
        1., 1., 1., 1., 1., 1., 1., 1., 1., 1., 1., 1., 1., 1., 1., 1., 1., 1.,
        1., 1., 1., 1., 1., 1., 1., 1., 1., 1., 1., 1., 1., 1., 1., 1., 1., 1.,
        1., 1., 1., 1., 1., 1., 1., 1., 1., 1., 1., 1., 1., 1., 1., 1., 1., 1.,
        1., 1., 1., 1., 1., 1., 1., 1., 1., 1., 1., 1., 1., 1., 1., 1., 1.],
       device='cuda:0')
Solution is a valid permutation matrix.
[  1   2   3   4   5   6   7   8   9  10  11  12  13  14  15  16  17  18
  19  20  21  22  23  24  25  26  27  28  29  30  31  32  33  34  35  36
  37  38  39  40  41  42  43  44  45  46  47  48  49  50  51  52  53  54
  55  56  57  58  59  60  61  62  63  64  65  66  67  68  69  70  71  72
  73  74  75  76  77  78  79  80  81  82  83  84  85  86  87  88  89  90
  91  92  93  94  95  96  97  98  99 100 101 102 103 104 105 106 107 108
 109 110 111 112 113 114 115 116 117 118 119 120 121 122 123 124 125]
2000
Starting Optimization [N=125, Batch=2000, Device=cuda]
Iter 100: Best Obj 87756.0000, Loss 74763.9375, Term1 166696.8594, Term2 -91932.9219
Iter 200: Best Obj 76904.0000, Loss 39088.8828, Term1 133463.7188, Term2 -94374.8359
Iter 300: Best Obj 55918.0000, Loss 26458.4375, Term1 116292.6484, Term2 -89834.2109
Iter 400: Best Obj 44302.0000, Loss 13627.4141, Term1 88778.8750, Term2 -75151.4609
Iter 500: Best Obj 39868.0000, Loss 4485.0039, Term1 68274.0000, Term2 -63788.9961
Iter 600: Best Obj 38350.0000, Loss 1591.2070, Term1 60117.0664, Term2 -58525.8594
Iter 700: Best Obj 37558.0000, Loss 994.8984, Term1 57545.0039, Term2 -56550.1055
Iter 800: Best Obj 36892.0000, Loss 897.8008, Term1 56577.7031, Term2 -55679.9023
Iter 900: Best Obj 36892.0000, Loss 984.1836, Term1 56077.5469, Term2 -55093.3633
Iter 1000: Best Obj 36892.0000, Loss 1193.9336, Term1 55871.6758, Term2 -54677.7422
Iter 1100: Best Obj 36892.0000, Loss 1467.4961, Term1 55820.1289, Term2 -54352.6328
Iter 1200: Best Obj 36892.0000, Loss 1773.5664, Term1 55820.2812, Term2 -54046.7148
Total Time: 73.39s, FPS: 16.4
tensor([1., 1., 1., 1., 1., 1., 1., 1., 1., 1., 1., 1., 1., 1., 1., 1., 1., 1.,
        1., 1., 1., 1., 1., 1., 1., 1., 1., 1., 1., 1., 1., 1., 1., 1., 1., 1.,
        1., 1., 1., 1., 1., 1., 1., 1., 1., 1., 1., 1., 1., 1., 1., 1., 1., 1.,
        1., 1., 1., 1., 1., 1., 1., 1., 1., 1., 1., 1., 1., 1., 1., 1., 1., 1.,
        1., 1., 1., 1., 1., 1., 1., 1., 1., 1., 1., 1., 1., 1., 1., 1., 1., 1.,
        1., 1., 1., 1., 1., 1., 1., 1., 1., 1., 1., 1., 1., 1., 1., 1., 1., 1.,
        1., 1., 1., 1., 1., 1., 1., 1., 1., 1., 1., 1., 1., 1., 1., 1., 1.],
       device='cuda:0')
tensor([1., 1., 1., 1., 1., 1., 1., 1., 1., 1., 1., 1., 1., 1., 1., 1., 1., 1.,
        1., 1., 1., 1., 1., 1., 1., 1., 1., 1., 1., 1., 1., 1., 1., 1., 1., 1.,
        1., 1., 1., 1., 1., 1., 1., 1., 1., 1., 1., 1., 1., 1., 1., 1., 1., 1.,
        1., 1., 1., 1., 1., 1., 1., 1., 1., 1., 1., 1., 1., 1., 1., 1., 1., 1.,
        1., 1., 1., 1., 1., 1., 1., 1., 1., 1., 1., 1., 1., 1., 1., 1., 1., 1.,
        1., 1., 1., 1., 1., 1., 1., 1., 1., 1., 1., 1., 1., 1., 1., 1., 1., 1.,
        1., 1., 1., 1., 1., 1., 1., 1., 1., 1., 1., 1., 1., 1., 1., 1., 1.],
       device='cuda:0')
Solution is a valid permutation matrix.
[  1   2   3   4   5   6   7   8   9  10  11  12  13  14  15  16  17  18
  19  20  21  22  23  24  25  26  27  28  29  30  31  32  33  34  35  36
  37  38  39  40  41  42  43  44  45  46  47  48  49  50  51  52  53  54
  55  56  57  58  59  60  61  62  63  64  65  66  67  68  69  70  71  72
  73  74  75  76  77  78  79  80  81  82  83  84  85  86  87  88  89  90
  91  92  93  94  95  96  97  98  99 100 101 102 103 104 105 106 107 108
 109 110 111 112 113 114 115 116 117 118 119 120 121 122 123 124 125]
2000
Starting Optimization [N=125, Batch=2000, Device=cuda]
Iter 100: Best Obj 87756.0000, Loss 74884.6484, Term1 166695.5625, Term2 -91810.9141
Iter 200: Best Obj 76904.0000, Loss 39293.4844, Term1 133453.2500, Term2 -94159.7656
Iter 300: Best Obj 55918.0000, Loss 26743.0703, Term1 116220.7656, Term2 -89477.6953
Iter 400: Best Obj 44302.0000, Loss 14026.2422, Term1 88597.9609, Term2 -74571.7188
Iter 500: Best Obj 39866.0000, Loss 5083.2539, Term1 68078.5703, Term2 -62995.3164
Iter 600: Best Obj 37798.0000, Loss 2411.0586, Term1 59919.3320, Term2 -57508.2734
Iter 700: Best Obj 37552.0000, Loss 2048.4219, Term1 57322.9219, Term2 -55274.5000
Iter 800: Best Obj 36498.0000, Loss 2189.9883, Term1 56346.5820, Term2 -54156.5938
Iter 900: Best Obj 36498.0000, Loss 2517.9062, Term1 55846.4102, Term2 -53328.5039
Iter 1000: Best Obj 36498.0000, Loss 2964.7070, Term1 55624.3906, Term2 -52659.6836
Iter 1100: Best Obj 36498.0000, Loss 3466.2891, Term1 55536.7891, Term2 -52070.5000
Iter 1200: Best Obj 36498.0000, Loss 3994.3672, Term1 55487.4570, Term2 -51493.0898
Total Time: 73.44s, FPS: 16.3
tensor([1., 1., 1., 1., 1., 1., 1., 1., 1., 1., 1., 1., 1., 1., 1., 1., 1., 1.,
        1., 1., 1., 1., 1., 1., 1., 1., 1., 1., 1., 1., 1., 1., 1., 1., 1., 1.,
        1., 1., 1., 1., 1., 1., 1., 1., 1., 1., 1., 1., 1., 1., 1., 1., 1., 1.,
        1., 1., 1., 1., 1., 1., 1., 1., 1., 1., 1., 1., 1., 1., 1., 1., 1., 1.,
        1., 1., 1., 1., 1., 1., 1., 1., 1., 1., 1., 1., 1., 1., 1., 1., 1., 1.,
        1., 1., 1., 1., 1., 1., 1., 1., 1., 1., 1., 1., 1., 1., 1., 1., 1., 1.,
        1., 1., 1., 1., 1., 1., 1., 1., 1., 1., 1., 1., 1., 1., 1., 1., 1.],
       device='cuda:0')
tensor([1., 1., 1., 1., 1., 1., 1., 1., 1., 1., 1., 1., 1., 1., 1., 1., 1., 1.,
        1., 1., 1., 1., 1., 1., 1., 1., 1., 1., 1., 1., 1., 1., 1., 1., 1., 1.,
        1., 1., 1., 1., 1., 1., 1., 1., 1., 1., 1., 1., 1., 1., 1., 1., 1., 1.,
        1., 1., 1., 1., 1., 1., 1., 1., 1., 1., 1., 1., 1., 1., 1., 1., 1., 1.,
        1., 1., 1., 1., 1., 1., 1., 1., 1., 1., 1., 1., 1., 1., 1., 1., 1., 1.,
        1., 1., 1., 1., 1., 1., 1., 1., 1., 1., 1., 1., 1., 1., 1., 1., 1., 1.,
        1., 1., 1., 1., 1., 1., 1., 1., 1., 1., 1., 1., 1., 1., 1., 1., 1.],
       device='cuda:0')
Solution is a valid permutation matrix.
[  1   2   3   4   5   6   7   8   9  10  11  12  13  14  15  16  17  18
  19  20  21  22  23  24  25  26  27  28  29  30  31  32  33  34  35  36
  37  38  39  40  41  42  43  44  45  46  47  48  49  50  51  52  53  54
  55  56  57  58  59  60  61  62  63  64  65  66  67  68  69  70  71  72
  73  74  75  76  77  78  79  80  81  82  83  84  85  86  87  88  89  90
  91  92  93  94  95  96  97  98  99 100 101 102 103 104 105 106 107 108
 109 110 111 112 113 114 115 116 117 118 119 120 121 122 123 124 125]
2000
Starting Optimization [N=125, Batch=2000, Device=cuda]
Iter 100: Best Obj 87756.0000, Loss 75005.3281, Term1 166694.2656, Term2 -91688.9375
Iter 200: Best Obj 76904.0000, Loss 39497.8594, Term1 133442.7656, Term2 -93944.9062
Iter 300: Best Obj 55918.0000, Loss 27027.2734, Term1 116148.4297, Term2 -89121.1562
Iter 400: Best Obj 44302.0000, Loss 14425.7109, Term1 88419.2500, Term2 -73993.5391
Iter 500: Best Obj 39688.0000, Loss 5686.1133, Term1 67891.8906, Term2 -62205.7773
Iter 600: Best Obj 37834.0000, Loss 3237.8789, Term1 59717.8672, Term2 -56479.9883
Iter 700: Best Obj 37396.0000, Loss 3108.8438, Term1 57100.9727, Term2 -53992.1289
Iter 800: Best Obj 36380.0000, Loss 3490.0586, Term1 56126.1641, Term2 -52636.1055
Iter 900: Best Obj 36380.0000, Loss 4050.9297, Term1 55607.5703, Term2 -51556.6406
Iter 1000: Best Obj 36380.0000, Loss 4717.0312, Term1 55344.0586, Term2 -50627.0273
Iter 1100: Best Obj 36380.0000, Loss 5412.7969, Term1 55156.3203, Term2 -49743.5234
Iter 1200: Best Obj 36380.0000, Loss 6127.9688, Term1 55038.3711, Term2 -48910.4023
Total Time: 73.42s, FPS: 16.3
tensor([1., 1., 1., 1., 1., 1., 1., 1., 1., 1., 1., 1., 1., 1., 1., 1., 1., 1.,
        1., 1., 1., 1., 1., 1., 1., 1., 1., 1., 1., 1., 1., 1., 1., 1., 1., 1.,
        1., 1., 1., 1., 1., 1., 1., 1., 1., 1., 1., 1., 1., 1., 1., 1., 1., 1.,
        1., 1., 1., 1., 1., 1., 1., 1., 1., 1., 1., 1., 1., 1., 1., 1., 1., 1.,
        1., 1., 1., 1., 1., 1., 1., 1., 1., 1., 1., 1., 1., 1., 1., 1., 1., 1.,
        1., 1., 1., 1., 1., 1., 1., 1., 1., 1., 1., 1., 1., 1., 1., 1., 1., 1.,
        1., 1., 1., 1., 1., 1., 1., 1., 1., 1., 1., 1., 1., 1., 1., 1., 1.],
       device='cuda:0')
tensor([1., 1., 1., 1., 1., 1., 1., 1., 1., 1., 1., 1., 1., 1., 1., 1., 1., 1.,
        1., 1., 1., 1., 1., 1., 1., 1., 1., 1., 1., 1., 1., 1., 1., 1., 1., 1.,
        1., 1., 1., 1., 1., 1., 1., 1., 1., 1., 1., 1., 1., 1., 1., 1., 1., 1.,
        1., 1., 1., 1., 1., 1., 1., 1., 1., 1., 1., 1., 1., 1., 1., 1., 1., 1.,
        1., 1., 1., 1., 1., 1., 1., 1., 1., 1., 1., 1., 1., 1., 1., 1., 1., 1.,
        1., 1., 1., 1., 1., 1., 1., 1., 1., 1., 1., 1., 1., 1., 1., 1., 1., 1.,
        1., 1., 1., 1., 1., 1., 1., 1., 1., 1., 1., 1., 1., 1., 1., 1., 1.],
       device='cuda:0')
Solution is a valid permutation matrix.
[  1   2   3   4   5   6   7   8   9  10  11  12  13  14  15  16  17  18
  19  20  21  22  23  24  25  26  27  28  29  30  31  32  33  34  35  36
  37  38  39  40  41  42  43  44  45  46  47  48  49  50  51  52  53  54
  55  56  57  58  59  60  61  62  63  64  65  66  67  68  69  70  71  72
  73  74  75  76  77  78  79  80  81  82  83  84  85  86  87  88  89  90
  91  92  93  94  95  96  97  98  99 100 101 102 103 104 105 106 107 108
 109 110 111 112 113 114 115 116 117 118 119 120 121 122 123 124 125]
2000
Starting Optimization [N=125, Batch=2000, Device=cuda]
Iter 100: Best Obj 87756.0000, Loss 75186.3203, Term1 166692.3281, Term2 -91506.0078
Iter 200: Best Obj 76904.0000, Loss 39803.9766, Term1 133426.9531, Term2 -93622.9766
Iter 300: Best Obj 55918.0000, Loss 27452.7812, Term1 116039.0625, Term2 -88586.2812
Iter 400: Best Obj 44860.0000, Loss 15023.2266, Term1 88146.8203, Term2 -73123.5938
Iter 500: Best Obj 39688.0000, Loss 6583.7266, Term1 67598.8672, Term2 -61015.1406
Iter 600: Best Obj 37886.0000, Loss 4465.1836, Term1 59403.4180, Term2 -54938.2344
Iter 700: Best Obj 37124.0000, Loss 4683.0742, Term1 56754.1250, Term2 -52071.0508
Iter 800: Best Obj 36362.0000, Loss 5410.7852, Term1 55760.3711, Term2 -50349.5859
Iter 900: Best Obj 36362.0000, Loss 6290.9805, Term1 55168.9414, Term2 -48877.9609
Iter 1000: Best Obj 36362.0000, Loss 7236.8438, Term1 54773.0664, Term2 -47536.2227
Iter 1100: Best Obj 36362.0000, Loss 8184.7695, Term1 54460.0898, Term2 -46275.3203
Iter 1200: Best Obj 36362.0000, Loss 9132.9258, Term1 54183.4570, Term2 -45050.5312
Total Time: 73.38s, FPS: 16.4
tensor([1., 1., 1., 1., 1., 1., 1., 1., 1., 1., 1., 1., 1., 1., 1., 1., 1., 1.,
        1., 1., 1., 1., 1., 1., 1., 1., 1., 1., 1., 1., 1., 1., 1., 1., 1., 1.,
        1., 1., 1., 1., 1., 1., 1., 1., 1., 1., 1., 1., 1., 1., 1., 1., 1., 1.,
        1., 1., 1., 1., 1., 1., 1., 1., 1., 1., 1., 1., 1., 1., 1., 1., 1., 1.,
        1., 1., 1., 1., 1., 1., 1., 1., 1., 1., 1., 1., 1., 1., 1., 1., 1., 1.,
        1., 1., 1., 1., 1., 1., 1., 1., 1., 1., 1., 1., 1., 1., 1., 1., 1., 1.,
        1., 1., 1., 1., 1., 1., 1., 1., 1., 1., 1., 1., 1., 1., 1., 1., 1.],
       device='cuda:0')
tensor([1., 1., 1., 1., 1., 1., 1., 1., 1., 1., 1., 1., 1., 1., 1., 1., 1., 1.,
        1., 1., 1., 1., 1., 1., 1., 1., 1., 1., 1., 1., 1., 1., 1., 1., 1., 1.,
        1., 1., 1., 1., 1., 1., 1., 1., 1., 1., 1., 1., 1., 1., 1., 1., 1., 1.,
        1., 1., 1., 1., 1., 1., 1., 1., 1., 1., 1., 1., 1., 1., 1., 1., 1., 1.,
        1., 1., 1., 1., 1., 1., 1., 1., 1., 1., 1., 1., 1., 1., 1., 1., 1., 1.,
        1., 1., 1., 1., 1., 1., 1., 1., 1., 1., 1., 1., 1., 1., 1., 1., 1., 1.,
        1., 1., 1., 1., 1., 1., 1., 1., 1., 1., 1., 1., 1., 1., 1., 1., 1.],
       device='cuda:0')
Solution is a valid permutation matrix.
[  1   2   3   4   5   6   7   8   9  10  11  12  13  14  15  16  17  18
  19  20  21  22  23  24  25  26  27  28  29  30  31  32  33  34  35  36
  37  38  39  40  41  42  43  44  45  46  47  48  49  50  51  52  53  54
  55  56  57  58  59  60  61  62  63  64  65  66  67  68  69  70  71  72
  73  74  75  76  77  78  79  80  81  82  83  84  85  86  87  88  89  90
  91  92  93  94  95  96  97  98  99 100 101 102 103 104 105 106 107 108
 109 110 111 112 113 114 115 116 117 118 119 120 121 122 123 124 125]
2000
Starting Optimization [N=125, Batch=2000, Device=cuda]
Iter 100: Best Obj 87756.0000, Loss 75487.7969, Term1 166689.0625, Term2 -91201.2656
Iter 200: Best Obj 76904.0000, Loss 40313.0625, Term1 133400.4688, Term2 -93087.4062
Iter 300: Best Obj 55918.0000, Loss 28159.8906, Term1 115854.5156, Term2 -87694.6250
Iter 400: Best Obj 44250.0000, Loss 16018.8984, Term1 87689.2812, Term2 -71670.3828
Iter 500: Best Obj 39488.0000, Loss 8090.1250, Term1 67115.6719, Term2 -59025.5469
Iter 600: Best Obj 37850.0000, Loss 6515.5117, Term1 58866.1094, Term2 -52350.5977
Iter 700: Best Obj 37540.0000, Loss 7304.6250, Term1 56152.0742, Term2 -48847.4492
Iter 800: Best Obj 37026.0000, Loss 8586.0117, Term1 55077.8789, Term2 -46491.8672
Iter 900: Best Obj 37016.0000, Loss 9939.8828, Term1 54342.3125, Term2 -44402.4297
Iter 1000: Best Obj 37016.0000, Loss 11262.1367, Term1 53735.1094, Term2 -42472.9727
Iter 1100: Best Obj 37016.0000, Loss 12535.5781, Term1 53171.6289, Term2 -40636.0508
Iter 1200: Best Obj 37016.0000, Loss 13766.5781, Term1 52683.8906, Term2 -38917.3125
Total Time: 73.37s, FPS: 16.4
tensor([1., 1., 1., 1., 1., 1., 1., 1., 1., 1., 1., 1., 1., 1., 1., 1., 1., 1.,
        1., 1., 1., 1., 1., 1., 1., 1., 1., 1., 1., 1., 1., 1., 1., 1., 1., 1.,
        1., 1., 1., 1., 1., 1., 1., 1., 1., 1., 1., 1., 1., 1., 1., 1., 1., 1.,
        1., 1., 1., 1., 1., 1., 1., 1., 1., 1., 1., 1., 1., 1., 1., 1., 1., 1.,
        1., 1., 1., 1., 1., 1., 1., 1., 1., 1., 1., 1., 1., 1., 1., 1., 1., 1.,
        1., 1., 1., 1., 1., 1., 1., 1., 1., 1., 1., 1., 1., 1., 1., 1., 1., 1.,
        1., 1., 1., 1., 1., 1., 1., 1., 1., 1., 1., 1., 1., 1., 1., 1., 1.],
       device='cuda:0')
tensor([1., 1., 1., 1., 1., 1., 1., 1., 1., 1., 1., 1., 1., 1., 1., 1., 1., 1.,
        1., 1., 1., 1., 1., 1., 1., 1., 1., 1., 1., 1., 1., 1., 1., 1., 1., 1.,
        1., 1., 1., 1., 1., 1., 1., 1., 1., 1., 1., 1., 1., 1., 1., 1., 1., 1.,
        1., 1., 1., 1., 1., 1., 1., 1., 1., 1., 1., 1., 1., 1., 1., 1., 1., 1.,
        1., 1., 1., 1., 1., 1., 1., 1., 1., 1., 1., 1., 1., 1., 1., 1., 1., 1.,
        1., 1., 1., 1., 1., 1., 1., 1., 1., 1., 1., 1., 1., 1., 1., 1., 1., 1.,
        1., 1., 1., 1., 1., 1., 1., 1., 1., 1., 1., 1., 1., 1., 1., 1., 1.],
       device='cuda:0')
Solution is a valid permutation matrix.
[  1   2   3   4   5   6   7   8   9  10  11  12  13  14  15  16  17  18
  19  20  21  22  23  24  25  26  27  28  29  30  31  32  33  34  35  36
  37  38  39  40  41  42  43  44  45  46  47  48  49  50  51  52  53  54
  55  56  57  58  59  60  61  62  63  64  65  66  67  68  69  70  71  72
  73  74  75  76  77  78  79  80  81  82  83  84  85  86  87  88  89  90
  91  92  93  94  95  96  97  98  99 100 101 102 103 104 105 106 107 108
 109 110 111 112 113 114 115 116 117 118 119 120 121 122 123 124 125]
2000
Starting Optimization [N=125, Batch=2000, Device=cuda]
Iter 100: Best Obj 87756.0000, Loss 75789.1172, Term1 166685.7969, Term2 -90896.6797
Iter 200: Best Obj 76904.0000, Loss 40820.7656, Term1 133373.8125, Term2 -92553.0469
Iter 300: Best Obj 55918.0000, Loss 28864.4766, Term1 115667.2031, Term2 -86802.7266
Iter 400: Best Obj 44250.0000, Loss 17016.2578, Term1 87227.0000, Term2 -70210.7422
Iter 500: Best Obj 39488.0000, Loss 9605.3438, Term1 66624.9531, Term2 -57019.6094
Iter 600: Best Obj 38124.0000, Loss 8570.9844, Term1 58319.8984, Term2 -49748.9141
Iter 700: Best Obj 37170.0000, Loss 9925.2578, Term1 55535.9570, Term2 -45610.6992
Iter 800: Best Obj 37170.0000, Loss 11711.4727, Term1 54328.7930, Term2 -42617.3203
Iter 900: Best Obj 36950.0000, Loss 13464.9648, Term1 53437.9102, Term2 -39972.9453
Iter 1000: Best Obj 36950.0000, Loss 15048.3164, Term1 52594.6562, Term2 -37546.3398
Iter 1100: Best Obj 36950.0000, Loss 16565.0312, Term1 51867.6406, Term2 -35302.6094
Iter 1200: Best Obj 36950.0000, Loss 18105.7305, Term1 51214.0156, Term2 -33108.2852
Total Time: 73.68s, FPS: 16.3
tensor([1., 1., 1., 1., 1., 1., 1., 1., 1., 1., 1., 1., 1., 1., 1., 1., 1., 1.,
        1., 1., 1., 1., 1., 1., 1., 1., 1., 1., 1., 1., 1., 1., 1., 1., 1., 1.,
        1., 1., 1., 1., 1., 1., 1., 1., 1., 1., 1., 1., 1., 1., 1., 1., 1., 1.,
        1., 1., 1., 1., 1., 1., 1., 1., 1., 1., 1., 1., 1., 1., 1., 1., 1., 1.,
        1., 1., 1., 1., 1., 1., 1., 1., 1., 1., 1., 1., 1., 1., 1., 1., 1., 1.,
        1., 1., 1., 1., 1., 1., 1., 1., 1., 1., 1., 1., 1., 1., 1., 1., 1., 1.,
        1., 1., 1., 1., 1., 1., 1., 1., 1., 1., 1., 1., 1., 1., 1., 1., 1.],
       device='cuda:0')
tensor([1., 1., 1., 1., 1., 1., 1., 1., 1., 1., 1., 1., 1., 1., 1., 1., 1., 1.,
        1., 1., 1., 1., 1., 1., 1., 1., 1., 1., 1., 1., 1., 1., 1., 1., 1., 1.,
        1., 1., 1., 1., 1., 1., 1., 1., 1., 1., 1., 1., 1., 1., 1., 1., 1., 1.,
        1., 1., 1., 1., 1., 1., 1., 1., 1., 1., 1., 1., 1., 1., 1., 1., 1., 1.,
        1., 1., 1., 1., 1., 1., 1., 1., 1., 1., 1., 1., 1., 1., 1., 1., 1., 1.,
        1., 1., 1., 1., 1., 1., 1., 1., 1., 1., 1., 1., 1., 1., 1., 1., 1., 1.,
        1., 1., 1., 1., 1., 1., 1., 1., 1., 1., 1., 1., 1., 1., 1., 1., 1.],
       device='cuda:0')
Solution is a valid permutation matrix.
