Instance,Seed,Method,Iter,Time,Obj,Gap
nug12,0,PGD,1,0.33774900436401367,816.0,41.17647058823529
nug12,0,PGD,20,0.3460848331451416,782.0,35.294117647058826
nug12,0,PGD,40,0.3546586036682129,776.0,34.2560553633218
nug12,0,PGD,60,0.3632240295410156,746.0,29.06574394463668
nug12,0,PGD,80,0.3713212013244629,746.0,29.06574394463668
nug12,0,PGD,100,0.3794093132019043,746.0,29.06574394463668
nug12,0,PGD,120,0.3874945640563965,746.0,29.06574394463668
nug12,0,PGD,140,0.395580530166626,746.0,29.06574394463668
nug12,0,PGD,160,0.4036705493927002,746.0,29.06574394463668
nug12,0,PGD,180,0.41176366806030273,746.0,29.06574394463668
nug12,0,PGD,200,0.41985106468200684,746.0,29.06574394463668
nug12,0,PGD,220,0.42794060707092285,746.0,29.06574394463668
nug12,0,PGD,240,0.43602800369262695,746.0,29.06574394463668
nug12,0,PGD,260,0.4441239833831787,746.0,29.06574394463668
nug12,0,PGD,280,0.45221447944641113,746.0,29.06574394463668
nug12,0,PGD,300,0.4602947235107422,746.0,29.06574394463668
nug12,0,PGD,320,0.4683823585510254,746.0,29.06574394463668
nug12,0,PGD,340,0.4764740467071533,746.0,29.06574394463668
nug12,0,PGD,360,0.48456525802612305,746.0,29.06574394463668
nug12,0,PGD,380,0.4926586151123047,746.0,29.06574394463668
nug12,0,PGD,400,0.5007495880126953,746.0,29.06574394463668
nug12,0,PGD,420,0.5088412761688232,746.0,29.06574394463668
nug12,0,PGD,440,0.5169346332550049,746.0,29.06574394463668
nug12,0,PGD,460,0.5250203609466553,746.0,29.06574394463668
nug12,0,PGD,480,0.5321288108825684,746.0,29.06574394463668
nug12,0,PGD,500,0.5391635894775391,746.0,29.06574394463668
nug12,0,PGD,520,0.5461986064910889,746.0,29.06574394463668
nug12,0,PGD,540,0.5532271862030029,746.0,29.06574394463668
nug12,0,PGD,560,0.5602574348449707,746.0,29.06574394463668
nug12,0,PGD,580,0.5672919750213623,746.0,29.06574394463668
nug12,0,PGD,600,0.5743231773376465,746.0,29.06574394463668
nug12,0,PGD,620,0.581355094909668,746.0,29.06574394463668
nug12,0,PGD,640,0.588423490524292,746.0,29.06574394463668
nug12,0,PGD,660,0.5954992771148682,746.0,29.06574394463668
nug12,0,PGD,680,0.6025760173797607,746.0,29.06574394463668
nug12,0,PGD,700,0.6096572875976562,746.0,29.06574394463668
nug12,0,PGD,720,0.6167395114898682,746.0,29.06574394463668
nug12,0,PGD,740,0.6238305568695068,746.0,29.06574394463668
nug12,0,PGD,760,0.6309144496917725,746.0,29.06574394463668
nug12,0,PGD,780,0.6379947662353516,746.0,29.06574394463668
nug12,0,PGD,800,0.6450784206390381,746.0,29.06574394463668
nug12,0,PGD,820,0.6521565914154053,746.0,29.06574394463668
nug12,0,PGD,840,0.659247875213623,746.0,29.06574394463668
nug12,0,PGD,860,0.666327714920044,746.0,29.06574394463668
nug12,0,PGD,880,0.673407793045044,746.0,29.06574394463668
nug12,0,PGD,900,0.6805174350738525,746.0,29.06574394463668
nug12,0,PGD,920,0.6876037120819092,746.0,29.06574394463668
nug12,0,PGD,940,0.6946887969970703,746.0,29.06574394463668
nug12,0,PGD,960,0.7017760276794434,746.0,29.06574394463668
nug12,0,PGD,980,0.7088568210601807,746.0,29.06574394463668
nug12,0,PGD,1000,0.7159433364868164,746.0,29.06574394463668
nug12,0,SK,1,0.5383448600769043,816.0,41.17647058823529
nug12,0,SK,20,0.6723887920379639,742.0,28.373702422145332
nug12,0,SK,40,0.81302809715271,694.0,20.069204152249135
nug12,0,SK,60,0.9590380191802979,682.0,17.99307958477509
nug12,0,SK,80,1.096853494644165,688.0,19.031141868512112
nug12,0,SK,100,1.2347297668457031,688.0,19.031141868512112
nug12,0,SK,120,1.3729708194732666,626.0,8.304498269896193
nug12,0,SK,140,1.51108980178833,626.0,8.304498269896193
nug12,0,SK,160,1.6491076946258545,626.0,8.304498269896193
nug12,0,SK,180,1.787116289138794,594.0,2.768166089965398
nug12,0,SK,200,1.925152063369751,594.0,2.768166089965398
nug12,0,SK,220,2.063612461090088,586.0,1.384083044982699
nug12,0,SK,240,2.201594591140747,586.0,1.384083044982699
nug12,0,SK,260,2.339507579803467,586.0,1.384083044982699
nug12,0,SK,280,2.477411985397339,586.0,1.384083044982699
nug12,0,SK,300,2.6154656410217285,586.0,1.384083044982699
nug12,0,SK,320,2.753622531890869,586.0,1.384083044982699
nug12,0,SK,340,2.891718626022339,586.0,1.384083044982699
nug12,0,SK,360,3.0298359394073486,586.0,1.384083044982699
nug12,0,SK,380,3.1677610874176025,586.0,1.384083044982699
nug12,0,SK,400,3.305636405944824,586.0,1.384083044982699
nug12,0,SK,420,3.443574905395508,586.0,1.384083044982699
nug12,0,SK,440,3.581960916519165,586.0,1.384083044982699
nug12,0,SK,460,3.7205352783203125,586.0,1.384083044982699
nug12,0,SK,480,3.858283281326294,586.0,1.384083044982699
nug12,0,SK,500,3.996058940887451,586.0,1.384083044982699
nug12,0,SK,520,4.133908033370972,586.0,1.384083044982699
nug12,0,SK,540,4.272200584411621,586.0,1.384083044982699
nug12,0,SK,560,4.410122394561768,586.0,1.384083044982699
nug12,0,SK,580,4.548142433166504,586.0,1.384083044982699
nug12,0,SK,600,4.685961484909058,586.0,1.384083044982699
nug12,0,SK,620,4.823913097381592,586.0,1.384083044982699
nug12,0,SK,640,4.9617109298706055,586.0,1.384083044982699
nug12,0,SK,660,5.099620342254639,586.0,1.384083044982699
nug12,0,SK,680,5.237835884094238,586.0,1.384083044982699
nug12,0,SK,700,5.375522136688232,586.0,1.384083044982699
nug12,0,SK,720,5.513900279998779,586.0,1.384083044982699
nug12,0,SK,740,5.651600122451782,586.0,1.384083044982699
nug12,0,SK,760,5.789943218231201,586.0,1.384083044982699
nug12,0,SK,780,5.927552700042725,586.0,1.384083044982699
nug12,0,SK,800,6.06572413444519,586.0,1.384083044982699
nug12,0,SK,820,6.203347206115723,586.0,1.384083044982699
nug12,0,SK,840,6.34100079536438,586.0,1.384083044982699
nug12,0,SK,860,6.478963851928711,586.0,1.384083044982699
nug12,0,SK,880,6.623285293579102,586.0,1.384083044982699
nug12,0,SK,900,6.763559341430664,586.0,1.384083044982699
nug12,0,SK,920,6.9014365673065186,586.0,1.384083044982699
nug12,0,SK,940,7.03930401802063,586.0,1.384083044982699
nug12,0,SK,960,7.177139043807983,586.0,1.384083044982699
nug12,0,SK,980,7.314893960952759,586.0,1.384083044982699
nug12,0,SK,1000,7.453490734100342,586.0,1.384083044982699
nug12,1,PGD,1,0.0007588863372802734,816.0,41.17647058823529
nug12,1,PGD,20,0.007699012756347656,782.0,35.294117647058826
nug12,1,PGD,40,0.015253782272338867,776.0,34.2560553633218
nug12,1,PGD,60,0.022496700286865234,746.0,29.06574394463668
nug12,1,PGD,80,0.029596805572509766,746.0,29.06574394463668
nug12,1,PGD,100,0.03668475151062012,746.0,29.06574394463668
nug12,1,PGD,120,0.04376697540283203,746.0,29.06574394463668
nug12,1,PGD,140,0.050855159759521484,746.0,29.06574394463668
nug12,1,PGD,160,0.05794501304626465,746.0,29.06574394463668
nug12,1,PGD,180,0.06503701210021973,746.0,29.06574394463668
nug12,1,PGD,200,0.07212090492248535,746.0,29.06574394463668
nug12,1,PGD,220,0.07920694351196289,746.0,29.06574394463668
nug12,1,PGD,240,0.08629536628723145,746.0,29.06574394463668
nug12,1,PGD,260,0.09338164329528809,746.0,29.06574394463668
nug12,1,PGD,280,0.10043215751647949,746.0,29.06574394463668
nug12,1,PGD,300,0.10746455192565918,746.0,29.06574394463668
nug12,1,PGD,320,0.11449670791625977,746.0,29.06574394463668
nug12,1,PGD,340,0.12152934074401855,746.0,29.06574394463668
nug12,1,PGD,360,0.12856793403625488,746.0,29.06574394463668
nug12,1,PGD,380,0.13559579849243164,746.0,29.06574394463668
nug12,1,PGD,400,0.14263081550598145,746.0,29.06574394463668
nug12,1,PGD,420,0.1496589183807373,746.0,29.06574394463668
nug12,1,PGD,440,0.1566944122314453,746.0,29.06574394463668
nug12,1,PGD,460,0.16373229026794434,746.0,29.06574394463668
nug12,1,PGD,480,0.17076539993286133,746.0,29.06574394463668
nug12,1,PGD,500,0.1777942180633545,746.0,29.06574394463668
nug12,1,PGD,520,0.18482732772827148,746.0,29.06574394463668
nug12,1,PGD,540,0.19186043739318848,746.0,29.06574394463668
nug12,1,PGD,560,0.19889020919799805,746.0,29.06574394463668
nug12,1,PGD,580,0.20592975616455078,746.0,29.06574394463668
nug12,1,PGD,600,0.21296167373657227,746.0,29.06574394463668
nug12,1,PGD,620,0.2199995517730713,746.0,29.06574394463668
nug12,1,PGD,640,0.2270345687866211,746.0,29.06574394463668
nug12,1,PGD,660,0.23406720161437988,746.0,29.06574394463668
nug12,1,PGD,680,0.2411057949066162,746.0,29.06574394463668
nug12,1,PGD,700,0.24814558029174805,746.0,29.06574394463668
nug12,1,PGD,720,0.25518226623535156,746.0,29.06574394463668
nug12,1,PGD,740,0.26221418380737305,746.0,29.06574394463668
nug12,1,PGD,760,0.26924777030944824,746.0,29.06574394463668
nug12,1,PGD,780,0.2762789726257324,746.0,29.06574394463668
nug12,1,PGD,800,0.283308744430542,746.0,29.06574394463668
nug12,1,PGD,820,0.2903447151184082,746.0,29.06574394463668
nug12,1,PGD,840,0.2973768711090088,746.0,29.06574394463668
nug12,1,PGD,860,0.30440497398376465,746.0,29.06574394463668
nug12,1,PGD,880,0.3114440441131592,746.0,29.06574394463668
nug12,1,PGD,900,0.3184833526611328,746.0,29.06574394463668
nug12,1,PGD,920,0.3255183696746826,746.0,29.06574394463668
nug12,1,PGD,940,0.3325510025024414,746.0,29.06574394463668
nug12,1,PGD,960,0.3395862579345703,746.0,29.06574394463668
nug12,1,PGD,980,0.34662437438964844,746.0,29.06574394463668
nug12,1,PGD,1000,0.35366272926330566,746.0,29.06574394463668
nug12,1,SK,1,0.011270761489868164,816.0,41.17647058823529
nug12,1,SK,20,0.14941143989562988,742.0,28.373702422145332
nug12,1,SK,40,0.2875082492828369,694.0,20.069204152249135
nug12,1,SK,60,0.42624855041503906,682.0,17.99307958477509
nug12,1,SK,80,0.5640904903411865,688.0,19.031141868512112
nug12,1,SK,100,0.701812744140625,688.0,19.031141868512112
nug12,1,SK,120,0.8403172492980957,626.0,8.304498269896193
nug12,1,SK,140,0.9781320095062256,626.0,8.304498269896193
nug12,1,SK,160,1.1159601211547852,626.0,8.304498269896193
nug12,1,SK,180,1.2537181377410889,594.0,2.768166089965398
nug12,1,SK,200,1.4056298732757568,594.0,2.768166089965398
nug12,1,SK,220,1.5435459613800049,586.0,1.384083044982699
nug12,1,SK,240,1.6812660694122314,586.0,1.384083044982699
nug12,1,SK,260,1.825207233428955,586.0,1.384083044982699
nug12,1,SK,280,1.962942123413086,586.0,1.384083044982699
nug12,1,SK,300,2.1007723808288574,586.0,1.384083044982699
nug12,1,SK,320,2.2384796142578125,586.0,1.384083044982699
nug12,1,SK,340,2.376070976257324,586.0,1.384083044982699
nug12,1,SK,360,2.5140275955200195,586.0,1.384083044982699
nug12,1,SK,380,2.6520533561706543,586.0,1.384083044982699
nug12,1,SK,400,2.7896337509155273,586.0,1.384083044982699
nug12,1,SK,420,2.927375316619873,586.0,1.384083044982699
nug12,1,SK,440,3.0651071071624756,586.0,1.384083044982699
nug12,1,SK,460,3.2024762630462646,586.0,1.384083044982699
nug12,1,SK,480,3.3402316570281982,586.0,1.384083044982699
nug12,1,SK,500,3.477670907974243,586.0,1.384083044982699
nug12,1,SK,520,3.6153385639190674,586.0,1.384083044982699
nug12,1,SK,540,3.7529919147491455,586.0,1.384083044982699
nug12,1,SK,560,3.8907268047332764,586.0,1.384083044982699
nug12,1,SK,580,4.028470277786255,586.0,1.384083044982699
nug12,1,SK,600,4.166208505630493,586.0,1.384083044982699
nug12,1,SK,620,4.303765296936035,586.0,1.384083044982699
nug12,1,SK,640,4.443686246871948,586.0,1.384083044982699
nug12,1,SK,660,4.5814290046691895,586.0,1.384083044982699
nug12,1,SK,680,4.719231605529785,586.0,1.384083044982699
nug12,1,SK,700,4.856770038604736,586.0,1.384083044982699
nug12,1,SK,720,5.004565477371216,586.0,1.384083044982699
nug12,1,SK,740,5.142529249191284,586.0,1.384083044982699
nug12,1,SK,760,5.28084921836853,586.0,1.384083044982699
nug12,1,SK,780,5.418447732925415,586.0,1.384083044982699
nug12,1,SK,800,5.556276798248291,586.0,1.384083044982699
nug12,1,SK,820,5.693857431411743,586.0,1.384083044982699
nug12,1,SK,840,5.831727504730225,586.0,1.384083044982699
nug12,1,SK,860,5.9691078662872314,586.0,1.384083044982699
nug12,1,SK,880,6.106914281845093,586.0,1.384083044982699
nug12,1,SK,900,6.244477033615112,586.0,1.384083044982699
nug12,1,SK,920,6.382552623748779,586.0,1.384083044982699
nug12,1,SK,940,6.520580768585205,586.0,1.384083044982699
nug12,1,SK,960,6.658284664154053,586.0,1.384083044982699
nug12,1,SK,980,6.795983552932739,586.0,1.384083044982699
nug12,1,SK,1000,6.933956146240234,586.0,1.384083044982699
nug12,2,PGD,1,0.0007731914520263672,816.0,41.17647058823529
nug12,2,PGD,20,0.007652997970581055,782.0,35.294117647058826
nug12,2,PGD,40,0.014848947525024414,776.0,34.2560553633218
nug12,2,PGD,60,0.022035598754882812,746.0,29.06574394463668
nug12,2,PGD,80,0.029076099395751953,746.0,29.06574394463668
nug12,2,PGD,100,0.0361027717590332,746.0,29.06574394463668
nug12,2,PGD,120,0.04314589500427246,746.0,29.06574394463668
nug12,2,PGD,140,0.0501704216003418,746.0,29.06574394463668
nug12,2,PGD,160,0.05720019340515137,746.0,29.06574394463668
nug12,2,PGD,180,0.06423616409301758,746.0,29.06574394463668
nug12,2,PGD,200,0.07126522064208984,746.0,29.06574394463668
nug12,2,PGD,220,0.07829618453979492,746.0,29.06574394463668
nug12,2,PGD,240,0.08532595634460449,746.0,29.06574394463668
nug12,2,PGD,260,0.09235286712646484,746.0,29.06574394463668
nug12,2,PGD,280,0.09938216209411621,746.0,29.06574394463668
nug12,2,PGD,300,0.10641598701477051,746.0,29.06574394463668
nug12,2,PGD,320,0.11345100402832031,746.0,29.06574394463668
nug12,2,PGD,340,0.12047481536865234,746.0,29.06574394463668
nug12,2,PGD,360,0.12750649452209473,746.0,29.06574394463668
nug12,2,PGD,380,0.13454151153564453,746.0,29.06574394463668
nug12,2,PGD,400,0.14157438278198242,746.0,29.06574394463668
nug12,2,PGD,420,0.14860844612121582,746.0,29.06574394463668
nug12,2,PGD,440,0.1556379795074463,746.0,29.06574394463668
nug12,2,PGD,460,0.1626758575439453,746.0,29.06574394463668
nug12,2,PGD,480,0.16971206665039062,746.0,29.06574394463668
nug12,2,PGD,500,0.17674827575683594,746.0,29.06574394463668
nug12,2,PGD,520,0.18378281593322754,746.0,29.06574394463668
nug12,2,PGD,540,0.190812349319458,746.0,29.06574394463668
nug12,2,PGD,560,0.19784235954284668,746.0,29.06574394463668
nug12,2,PGD,580,0.20486879348754883,746.0,29.06574394463668
nug12,2,PGD,600,0.2118968963623047,746.0,29.06574394463668
nug12,2,PGD,620,0.21892547607421875,746.0,29.06574394463668
nug12,2,PGD,640,0.2259511947631836,746.0,29.06574394463668
nug12,2,PGD,660,0.2329845428466797,746.0,29.06574394463668
nug12,2,PGD,680,0.24000787734985352,746.0,29.06574394463668
nug12,2,PGD,700,0.24703764915466309,746.0,29.06574394463668
nug12,2,PGD,720,0.2540726661682129,746.0,29.06574394463668
nug12,2,PGD,740,0.26110363006591797,746.0,29.06574394463668
nug12,2,PGD,760,0.26813316345214844,746.0,29.06574394463668
nug12,2,PGD,780,0.27516722679138184,746.0,29.06574394463668
nug12,2,PGD,800,0.2821979522705078,746.0,29.06574394463668
nug12,2,PGD,820,0.289233922958374,746.0,29.06574394463668
nug12,2,PGD,840,0.2962679862976074,746.0,29.06574394463668
nug12,2,PGD,860,0.30330586433410645,746.0,29.06574394463668
nug12,2,PGD,880,0.3103334903717041,746.0,29.06574394463668
nug12,2,PGD,900,0.3173644542694092,746.0,29.06574394463668
nug12,2,PGD,920,0.3243906497955322,746.0,29.06574394463668
nug12,2,PGD,940,0.3314239978790283,746.0,29.06574394463668
nug12,2,PGD,960,0.3384547233581543,746.0,29.06574394463668
nug12,2,PGD,980,0.345487117767334,746.0,29.06574394463668
nug12,2,PGD,1000,0.35251545906066895,746.0,29.06574394463668
nug12,2,SK,1,0.00985574722290039,816.0,41.17647058823529
nug12,2,SK,20,0.14349722862243652,742.0,28.373702422145332
nug12,2,SK,40,0.28153061866760254,694.0,20.069204152249135
nug12,2,SK,60,0.4196279048919678,682.0,17.99307958477509
nug12,2,SK,80,0.5575287342071533,688.0,19.031141868512112
nug12,2,SK,100,0.6953608989715576,688.0,19.031141868512112
nug12,2,SK,120,0.8353707790374756,626.0,8.304498269896193
nug12,2,SK,140,0.9818994998931885,626.0,8.304498269896193
nug12,2,SK,160,1.1216797828674316,626.0,8.304498269896193
nug12,2,SK,180,1.259570598602295,594.0,2.768166089965398
nug12,2,SK,200,1.3974230289459229,594.0,2.768166089965398
nug12,2,SK,220,1.5355017185211182,586.0,1.384083044982699
nug12,2,SK,240,1.673774242401123,586.0,1.384083044982699
nug12,2,SK,260,1.811751127243042,586.0,1.384083044982699
nug12,2,SK,280,1.949718713760376,586.0,1.384083044982699
nug12,2,SK,300,2.0875229835510254,586.0,1.384083044982699
nug12,2,SK,320,2.2352750301361084,586.0,1.384083044982699
nug12,2,SK,340,2.3741419315338135,586.0,1.384083044982699
nug12,2,SK,360,2.5121936798095703,586.0,1.384083044982699
nug12,2,SK,380,2.6501383781433105,586.0,1.384083044982699
nug12,2,SK,400,2.788179397583008,586.0,1.384083044982699
nug12,2,SK,420,2.926130771636963,586.0,1.384083044982699
nug12,2,SK,440,3.064486503601074,586.0,1.384083044982699
nug12,2,SK,460,3.2025320529937744,586.0,1.384083044982699
nug12,2,SK,480,3.3405749797821045,586.0,1.384083044982699
nug12,2,SK,500,3.478555917739868,586.0,1.384083044982699
nug12,2,SK,520,3.616631507873535,586.0,1.384083044982699
nug12,2,SK,540,3.754526376724243,586.0,1.384083044982699
nug12,2,SK,560,3.8926596641540527,586.0,1.384083044982699
nug12,2,SK,580,4.030482053756714,586.0,1.384083044982699
nug12,2,SK,600,4.1687610149383545,586.0,1.384083044982699
nug12,2,SK,620,4.306686878204346,586.0,1.384083044982699
nug12,2,SK,640,4.444807767868042,586.0,1.384083044982699
nug12,2,SK,660,4.582538843154907,586.0,1.384083044982699
nug12,2,SK,680,4.7209248542785645,586.0,1.384083044982699
nug12,2,SK,700,4.868146181106567,586.0,1.384083044982699
nug12,2,SK,720,5.008072376251221,586.0,1.384083044982699
nug12,2,SK,740,5.146159648895264,586.0,1.384083044982699
nug12,2,SK,760,5.284356594085693,586.0,1.384083044982699
nug12,2,SK,780,5.422630786895752,586.0,1.384083044982699
nug12,2,SK,800,5.560976505279541,586.0,1.384083044982699
nug12,2,SK,820,5.698869228363037,586.0,1.384083044982699
nug12,2,SK,840,5.836901903152466,586.0,1.384083044982699
nug12,2,SK,860,5.974887847900391,586.0,1.384083044982699
nug12,2,SK,880,6.113145589828491,586.0,1.384083044982699
nug12,2,SK,900,6.250988483428955,586.0,1.384083044982699
nug12,2,SK,920,6.388814210891724,586.0,1.384083044982699
nug12,2,SK,940,6.527076482772827,586.0,1.384083044982699
nug12,2,SK,960,6.66506552696228,586.0,1.384083044982699
nug12,2,SK,980,6.803237199783325,586.0,1.384083044982699
nug12,2,SK,1000,6.9529829025268555,586.0,1.384083044982699
nug12,3,PGD,1,0.0009367465972900391,816.0,41.17647058823529
nug12,3,PGD,20,0.007982254028320312,782.0,35.294117647058826
nug12,3,PGD,40,0.015232563018798828,776.0,34.2560553633218
nug12,3,PGD,60,0.022484540939331055,746.0,29.06574394463668
nug12,3,PGD,80,0.02956557273864746,746.0,29.06574394463668
nug12,3,PGD,100,0.03660130500793457,746.0,29.06574394463668
nug12,3,PGD,120,0.04364204406738281,746.0,29.06574394463668
nug12,3,PGD,140,0.050681352615356445,746.0,29.06574394463668
nug12,3,PGD,160,0.057733774185180664,746.0,29.06574394463668
nug12,3,PGD,180,0.06477046012878418,746.0,29.06574394463668
nug12,3,PGD,200,0.07180452346801758,746.0,29.06574394463668
nug12,3,PGD,220,0.07885122299194336,746.0,29.06574394463668
nug12,3,PGD,240,0.08588624000549316,746.0,29.06574394463668
nug12,3,PGD,260,0.09292173385620117,746.0,29.06574394463668
nug12,3,PGD,280,0.09996318817138672,746.0,29.06574394463668
nug12,3,PGD,300,0.10699677467346191,746.0,29.06574394463668
nug12,3,PGD,320,0.11403059959411621,746.0,29.06574394463668
nug12,3,PGD,340,0.12106156349182129,746.0,29.06574394463668
nug12,3,PGD,360,0.1280972957611084,746.0,29.06574394463668
nug12,3,PGD,380,0.13517546653747559,746.0,29.06574394463668
nug12,3,PGD,400,0.1422562599182129,746.0,29.06574394463668
nug12,3,PGD,420,0.14934158325195312,746.0,29.06574394463668
nug12,3,PGD,440,0.15642309188842773,746.0,29.06574394463668
nug12,3,PGD,460,0.1635136604309082,746.0,29.06574394463668
nug12,3,PGD,480,0.17059755325317383,746.0,29.06574394463668
nug12,3,PGD,500,0.17768192291259766,746.0,29.06574394463668
nug12,3,PGD,520,0.18477082252502441,746.0,29.06574394463668
nug12,3,PGD,540,0.19185853004455566,746.0,29.06574394463668
nug12,3,PGD,560,0.19893884658813477,746.0,29.06574394463668
nug12,3,PGD,580,0.2060236930847168,746.0,29.06574394463668
nug12,3,PGD,600,0.21310830116271973,746.0,29.06574394463668
nug12,3,PGD,620,0.22019362449645996,746.0,29.06574394463668
nug12,3,PGD,640,0.2272806167602539,746.0,29.06574394463668
nug12,3,PGD,660,0.23437094688415527,746.0,29.06574394463668
nug12,3,PGD,680,0.24146199226379395,746.0,29.06574394463668
nug12,3,PGD,700,0.24854707717895508,746.0,29.06574394463668
nug12,3,PGD,720,0.2556264400482178,746.0,29.06574394463668
nug12,3,PGD,740,0.2627122402191162,746.0,29.06574394463668
nug12,3,PGD,760,0.26979970932006836,746.0,29.06574394463668
nug12,3,PGD,780,0.27689504623413086,746.0,29.06574394463668
nug12,3,PGD,800,0.283984899520874,746.0,29.06574394463668
nug12,3,PGD,820,0.291074275970459,746.0,29.06574394463668
nug12,3,PGD,840,0.29816412925720215,746.0,29.06574394463668
nug12,3,PGD,860,0.3052515983581543,746.0,29.06574394463668
nug12,3,PGD,880,0.3123462200164795,746.0,29.06574394463668
nug12,3,PGD,900,0.31943631172180176,746.0,29.06574394463668
nug12,3,PGD,920,0.326521635055542,746.0,29.06574394463668
nug12,3,PGD,940,0.33361053466796875,746.0,29.06574394463668
nug12,3,PGD,960,0.3406984806060791,746.0,29.06574394463668
nug12,3,PGD,980,0.3477799892425537,746.0,29.06574394463668
nug12,3,PGD,1000,0.35486435890197754,746.0,29.06574394463668
nug12,3,SK,1,0.00810384750366211,816.0,41.17647058823529
nug12,3,SK,20,0.14453506469726562,742.0,28.373702422145332
nug12,3,SK,40,0.2834665775299072,694.0,20.069204152249135
nug12,3,SK,60,0.4220921993255615,682.0,17.99307958477509
nug12,3,SK,80,0.5600647926330566,688.0,19.031141868512112
nug12,3,SK,100,0.6976983547210693,688.0,19.031141868512112
nug12,3,SK,120,0.8384413719177246,626.0,8.304498269896193
nug12,3,SK,140,0.9846220016479492,626.0,8.304498269896193
nug12,3,SK,160,1.1260592937469482,626.0,8.304498269896193
nug12,3,SK,180,1.2652263641357422,594.0,2.768166089965398
nug12,3,SK,200,1.4031884670257568,594.0,2.768166089965398
nug12,3,SK,220,1.5411121845245361,586.0,1.384083044982699
nug12,3,SK,240,1.6790826320648193,586.0,1.384083044982699
nug12,3,SK,260,1.8174808025360107,586.0,1.384083044982699
nug12,3,SK,280,1.9556126594543457,586.0,1.384083044982699
nug12,3,SK,300,2.093313694000244,586.0,1.384083044982699
nug12,3,SK,320,2.2314648628234863,586.0,1.384083044982699
nug12,3,SK,340,2.3690872192382812,586.0,1.384083044982699
nug12,3,SK,360,2.5070011615753174,586.0,1.384083044982699
nug12,3,SK,380,2.644491672515869,586.0,1.384083044982699
nug12,3,SK,400,2.782224416732788,586.0,1.384083044982699
nug12,3,SK,420,2.919934034347534,586.0,1.384083044982699
nug12,3,SK,440,3.057617425918579,586.0,1.384083044982699
nug12,3,SK,460,3.204939603805542,586.0,1.384083044982699
nug12,3,SK,480,3.3463692665100098,586.0,1.384083044982699
nug12,3,SK,500,3.4851083755493164,586.0,1.384083044982699
nug12,3,SK,520,3.622986316680908,586.0,1.384083044982699
nug12,3,SK,540,3.76092529296875,586.0,1.384083044982699
nug12,3,SK,560,3.8989756107330322,586.0,1.384083044982699
nug12,3,SK,580,4.036994218826294,586.0,1.384083044982699
nug12,3,SK,600,4.174703598022461,586.0,1.384083044982699
nug12,3,SK,620,4.312964916229248,586.0,1.384083044982699
nug12,3,SK,640,4.451321840286255,586.0,1.384083044982699
nug12,3,SK,660,4.58901309967041,586.0,1.384083044982699
nug12,3,SK,680,4.726922988891602,586.0,1.384083044982699
nug12,3,SK,700,4.864863872528076,586.0,1.384083044982699
nug12,3,SK,720,5.002629280090332,586.0,1.384083044982699
nug12,3,SK,740,5.14067006111145,586.0,1.384083044982699
nug12,3,SK,760,5.284140348434448,586.0,1.384083044982699
nug12,3,SK,780,5.4215147495269775,586.0,1.384083044982699
nug12,3,SK,800,5.558882236480713,586.0,1.384083044982699
nug12,3,SK,820,5.696800470352173,586.0,1.384083044982699
nug12,3,SK,840,5.834721326828003,586.0,1.384083044982699
nug12,3,SK,860,5.9721856117248535,586.0,1.384083044982699
nug12,3,SK,880,6.1100239753723145,586.0,1.384083044982699
nug12,3,SK,900,6.268341779708862,586.0,1.384083044982699
nug12,3,SK,920,6.405831336975098,586.0,1.384083044982699
nug12,3,SK,940,6.548678636550903,586.0,1.384083044982699
nug12,3,SK,960,6.69011926651001,586.0,1.384083044982699
nug12,3,SK,980,6.829123020172119,586.0,1.384083044982699
nug12,3,SK,1000,6.9667627811431885,586.0,1.384083044982699
nug12,4,PGD,1,0.0007607936859130859,816.0,41.17647058823529
nug12,4,PGD,20,0.007700443267822266,782.0,35.294117647058826
nug12,4,PGD,40,0.014943599700927734,776.0,34.2560553633218
nug12,4,PGD,60,0.022191286087036133,746.0,29.06574394463668
nug12,4,PGD,80,0.029277324676513672,746.0,29.06574394463668
nug12,4,PGD,100,0.036368608474731445,746.0,29.06574394463668
nug12,4,PGD,120,0.0434572696685791,746.0,29.06574394463668
nug12,4,PGD,140,0.05053520202636719,746.0,29.06574394463668
nug12,4,PGD,160,0.05761384963989258,746.0,29.06574394463668
nug12,4,PGD,180,0.06470012664794922,746.0,29.06574394463668
nug12,4,PGD,200,0.07181429862976074,746.0,29.06574394463668
nug12,4,PGD,220,0.07890439033508301,746.0,29.06574394463668
nug12,4,PGD,240,0.08598136901855469,746.0,29.06574394463668
nug12,4,PGD,260,0.09305810928344727,746.0,29.06574394463668
nug12,4,PGD,280,0.10013580322265625,746.0,29.06574394463668
nug12,4,PGD,300,0.10721635818481445,746.0,29.06574394463668
nug12,4,PGD,320,0.11429762840270996,746.0,29.06574394463668
nug12,4,PGD,340,0.1213843822479248,746.0,29.06574394463668
nug12,4,PGD,360,0.12846922874450684,746.0,29.06574394463668
nug12,4,PGD,380,0.13555669784545898,746.0,29.06574394463668
nug12,4,PGD,400,0.1426408290863037,746.0,29.06574394463668
nug12,4,PGD,420,0.14972901344299316,746.0,29.06574394463668
nug12,4,PGD,440,0.15681695938110352,746.0,29.06574394463668
nug12,4,PGD,460,0.1639091968536377,746.0,29.06574394463668
nug12,4,PGD,480,0.17099499702453613,746.0,29.06574394463668
nug12,4,PGD,500,0.17807531356811523,746.0,29.06574394463668
nug12,4,PGD,520,0.18516159057617188,746.0,29.06574394463668
nug12,4,PGD,540,0.1922435760498047,746.0,29.06574394463668
nug12,4,PGD,560,0.19933032989501953,746.0,29.06574394463668
nug12,4,PGD,580,0.20641398429870605,746.0,29.06574394463668
nug12,4,PGD,600,0.21349430084228516,746.0,29.06574394463668
nug12,4,PGD,620,0.2205817699432373,746.0,29.06574394463668
nug12,4,PGD,640,0.22765874862670898,746.0,29.06574394463668
nug12,4,PGD,660,0.23474884033203125,746.0,29.06574394463668
nug12,4,PGD,680,0.24183273315429688,746.0,29.06574394463668
nug12,4,PGD,700,0.2489147186279297,746.0,29.06574394463668
nug12,4,PGD,720,0.2559967041015625,746.0,29.06574394463668
nug12,4,PGD,740,0.2630758285522461,746.0,29.06574394463668
nug12,4,PGD,760,0.27015256881713867,746.0,29.06574394463668
nug12,4,PGD,780,0.27724504470825195,746.0,29.06574394463668
nug12,4,PGD,800,0.284329891204834,746.0,29.06574394463668
nug12,4,PGD,820,0.2914152145385742,746.0,29.06574394463668
nug12,4,PGD,840,0.29850053787231445,746.0,29.06574394463668
nug12,4,PGD,860,0.30558180809020996,746.0,29.06574394463668
nug12,4,PGD,880,0.3126678466796875,746.0,29.06574394463668
nug12,4,PGD,900,0.31974339485168457,746.0,29.06574394463668
nug12,4,PGD,920,0.3268313407897949,746.0,29.06574394463668
nug12,4,PGD,940,0.33391261100769043,746.0,29.06574394463668
nug12,4,PGD,960,0.341001033782959,746.0,29.06574394463668
nug12,4,PGD,980,0.34809112548828125,746.0,29.06574394463668
nug12,4,PGD,1000,0.35517191886901855,746.0,29.06574394463668
nug12,4,SK,1,0.013309717178344727,816.0,41.17647058823529
nug12,4,SK,20,0.1592240333557129,742.0,28.373702422145332
nug12,4,SK,40,0.29743003845214844,694.0,20.069204152249135
nug12,4,SK,60,0.43578028678894043,682.0,17.99307958477509
nug12,4,SK,80,0.5739021301269531,688.0,19.031141868512112
nug12,4,SK,100,0.7126424312591553,688.0,19.031141868512112
nug12,4,SK,120,0.8556387424468994,626.0,8.304498269896193
nug12,4,SK,140,0.9994063377380371,626.0,8.304498269896193
nug12,4,SK,160,1.1422514915466309,626.0,8.304498269896193
nug12,4,SK,180,1.2809863090515137,594.0,2.768166089965398
nug12,4,SK,200,1.419213056564331,594.0,2.768166089965398
nug12,4,SK,220,1.556931972503662,586.0,1.384083044982699
nug12,4,SK,240,1.6960201263427734,586.0,1.384083044982699
nug12,4,SK,260,1.833888292312622,586.0,1.384083044982699
nug12,4,SK,280,1.9718713760375977,586.0,1.384083044982699
nug12,4,SK,300,2.1095573902130127,586.0,1.384083044982699
nug12,4,SK,320,2.2470927238464355,586.0,1.384083044982699
nug12,4,SK,340,2.3848304748535156,586.0,1.384083044982699
nug12,4,SK,360,2.5224521160125732,586.0,1.384083044982699
nug12,4,SK,380,2.6602911949157715,586.0,1.384083044982699
nug12,4,SK,400,2.7981576919555664,586.0,1.384083044982699
nug12,4,SK,420,2.9360880851745605,586.0,1.384083044982699
nug12,4,SK,440,3.0732834339141846,586.0,1.384083044982699
nug12,4,SK,460,3.210836410522461,586.0,1.384083044982699
nug12,4,SK,480,3.3487164974212646,586.0,1.384083044982699
nug12,4,SK,500,3.4861793518066406,586.0,1.384083044982699
nug12,4,SK,520,3.6240172386169434,586.0,1.384083044982699
nug12,4,SK,540,3.761662244796753,586.0,1.384083044982699
nug12,4,SK,560,3.8993771076202393,586.0,1.384083044982699
nug12,4,SK,580,4.037689208984375,586.0,1.384083044982699
nug12,4,SK,600,4.175503253936768,586.0,1.384083044982699
nug12,4,SK,620,4.313260793685913,586.0,1.384083044982699
nug12,4,SK,640,4.451043605804443,586.0,1.384083044982699
nug12,4,SK,660,4.588877439498901,586.0,1.384083044982699
nug12,4,SK,680,4.726621389389038,586.0,1.384083044982699
nug12,4,SK,700,4.864345550537109,586.0,1.384083044982699
nug12,4,SK,720,5.002065896987915,586.0,1.384083044982699
nug12,4,SK,740,5.139400482177734,586.0,1.384083044982699
nug12,4,SK,760,5.277199983596802,586.0,1.384083044982699
nug12,4,SK,780,5.41487455368042,586.0,1.384083044982699
nug12,4,SK,800,5.5526533126831055,586.0,1.384083044982699
nug12,4,SK,820,5.6910717487335205,586.0,1.384083044982699
nug12,4,SK,840,5.8297576904296875,586.0,1.384083044982699
nug12,4,SK,860,5.967718601226807,586.0,1.384083044982699
nug12,4,SK,880,6.105457067489624,586.0,1.384083044982699
nug12,4,SK,900,6.243203163146973,586.0,1.384083044982699
nug12,4,SK,920,6.381170749664307,586.0,1.384083044982699
nug12,4,SK,940,6.51912260055542,586.0,1.384083044982699
nug12,4,SK,960,6.656650543212891,586.0,1.384083044982699
nug12,4,SK,980,6.7951929569244385,586.0,1.384083044982699
nug12,4,SK,1000,6.933084964752197,586.0,1.384083044982699
had12,0,PGD,1,0.0007624626159667969,1960.0,18.64406779661017
had12,0,PGD,20,0.0075588226318359375,1960.0,18.64406779661017
had12,0,PGD,40,0.014800548553466797,1948.0,17.91767554479419
had12,0,PGD,60,0.021895408630371094,1948.0,17.91767554479419
had12,0,PGD,80,0.028980493545532227,1948.0,17.91767554479419
had12,0,PGD,100,0.03606438636779785,1948.0,17.91767554479419
had12,0,PGD,120,0.0431523323059082,1948.0,17.91767554479419
had12,0,PGD,140,0.05024290084838867,1948.0,17.91767554479419
had12,0,PGD,160,0.057337045669555664,1948.0,17.91767554479419
had12,0,PGD,180,0.06442403793334961,1948.0,17.91767554479419
had12,0,PGD,200,0.07150697708129883,1948.0,17.91767554479419
had12,0,PGD,220,0.07859086990356445,1948.0,17.91767554479419
had12,0,PGD,240,0.08567523956298828,1948.0,17.91767554479419
had12,0,PGD,260,0.09276223182678223,1948.0,17.91767554479419
had12,0,PGD,280,0.09984993934631348,1948.0,17.91767554479419
had12,0,PGD,300,0.10693788528442383,1948.0,17.91767554479419
had12,0,PGD,320,0.11401844024658203,1948.0,17.91767554479419
had12,0,PGD,340,0.12110495567321777,1948.0,17.91767554479419
had12,0,PGD,360,0.12818431854248047,1948.0,17.91767554479419
had12,0,PGD,380,0.1352698802947998,1948.0,17.91767554479419
had12,0,PGD,400,0.14235305786132812,1948.0,17.91767554479419
had12,0,PGD,420,0.14943814277648926,1948.0,17.91767554479419
had12,0,PGD,440,0.15655207633972168,1948.0,17.91767554479419
had12,0,PGD,460,0.16364765167236328,1948.0,17.91767554479419
had12,0,PGD,480,0.17073822021484375,1948.0,17.91767554479419
had12,0,PGD,500,0.17783832550048828,1948.0,17.91767554479419
had12,0,PGD,520,0.18492960929870605,1948.0,17.91767554479419
had12,0,PGD,540,0.19202017784118652,1948.0,17.91767554479419
had12,0,PGD,560,0.19910717010498047,1948.0,17.91767554479419
had12,0,PGD,580,0.20619463920593262,1948.0,17.91767554479419
had12,0,PGD,600,0.21328425407409668,1948.0,17.91767554479419
had12,0,PGD,620,0.22037744522094727,1948.0,17.91767554479419
had12,0,PGD,640,0.22746634483337402,1948.0,17.91767554479419
had12,0,PGD,660,0.23455357551574707,1948.0,17.91767554479419
had12,0,PGD,680,0.24164104461669922,1948.0,17.91767554479419
had12,0,PGD,700,0.24872326850891113,1948.0,17.91767554479419
had12,0,PGD,720,0.25580620765686035,1948.0,17.91767554479419
had12,0,PGD,740,0.2628905773162842,1948.0,17.91767554479419
had12,0,PGD,760,0.2699751853942871,1948.0,17.91767554479419
had12,0,PGD,780,0.27706456184387207,1948.0,17.91767554479419
had12,0,PGD,800,0.28415822982788086,1948.0,17.91767554479419
had12,0,PGD,820,0.2912421226501465,1948.0,17.91767554479419
had12,0,PGD,840,0.29833078384399414,1948.0,17.91767554479419
had12,0,PGD,860,0.305419921875,1948.0,17.91767554479419
had12,0,PGD,880,0.31250548362731934,1948.0,17.91767554479419
had12,0,PGD,900,0.31958603858947754,1948.0,17.91767554479419
had12,0,PGD,920,0.32667064666748047,1948.0,17.91767554479419
had12,0,PGD,940,0.3337564468383789,1948.0,17.91767554479419
had12,0,PGD,960,0.3408527374267578,1948.0,17.91767554479419
had12,0,PGD,980,0.34793996810913086,1948.0,17.91767554479419
had12,0,PGD,1000,0.3550260066986084,1948.0,17.91767554479419
had12,0,SK,1,0.01388406753540039,1960.0,18.64406779661017
had12,0,SK,20,0.15637946128845215,1778.0,7.627118644067797
had12,0,SK,40,0.29439353942871094,1724.0,4.358353510895883
had12,0,SK,60,0.43193578720092773,1740.0,5.326876513317192
had12,0,SK,80,0.569922685623169,1740.0,5.326876513317192
had12,0,SK,100,0.7087128162384033,1706.0,3.2687651331719128
had12,0,SK,120,0.8544788360595703,1680.0,1.694915254237288
had12,0,SK,140,0.9927921295166016,1680.0,1.694915254237288
had12,0,SK,160,1.1311774253845215,1666.0,0.847457627118644
had12,0,SK,180,1.2771642208099365,1666.0,0.847457627118644
had12,0,SK,200,1.4459877014160156,1662.0,0.6053268765133172
had12,0,SK,220,1.5855214595794678,1662.0,0.6053268765133172
had12,0,SK,240,1.7243080139160156,1662.0,0.6053268765133172
had12,0,SK,260,1.862790822982788,1678.0,1.573849878934625
had12,0,SK,280,2.0016629695892334,1678.0,1.573849878934625
had12,0,SK,300,2.1398584842681885,1676.0,1.4527845036319613
had12,0,SK,320,2.279052734375,1676.0,1.4527845036319613
had12,0,SK,340,2.416576385498047,1670.0,1.0895883777239708
had12,0,SK,360,2.5542848110198975,1670.0,1.0895883777239708
had12,0,SK,380,2.692063331604004,1670.0,1.0895883777239708
had12,0,SK,400,2.835635185241699,1670.0,1.0895883777239708
had12,0,SK,420,2.974226713180542,1670.0,1.0895883777239708
had12,0,SK,440,3.112147569656372,1670.0,1.0895883777239708
had12,0,SK,460,3.249706745147705,1688.0,2.1791767554479415
had12,0,SK,480,3.387430429458618,1688.0,2.1791767554479415
had12,0,SK,500,3.5249228477478027,1688.0,2.1791767554479415
had12,0,SK,520,3.66260027885437,1688.0,2.1791767554479415
had12,0,SK,540,3.8002099990844727,1688.0,2.1791767554479415
had12,0,SK,560,3.9381513595581055,1688.0,2.1791767554479415
had12,0,SK,580,4.075745582580566,1688.0,2.1791767554479415
had12,0,SK,600,4.213397264480591,1688.0,2.1791767554479415
had12,0,SK,620,4.35095477104187,1688.0,2.1791767554479415
had12,0,SK,640,4.488555669784546,1688.0,2.1791767554479415
had12,0,SK,660,4.626525163650513,1688.0,2.1791767554479415
had12,0,SK,680,4.764320373535156,1688.0,2.1791767554479415
had12,0,SK,700,4.901582717895508,1688.0,2.1791767554479415
had12,0,SK,720,5.039309978485107,1688.0,2.1791767554479415
had12,0,SK,740,5.177276372909546,1688.0,2.1791767554479415
had12,0,SK,760,5.315345764160156,1688.0,2.1791767554479415
had12,0,SK,780,5.453016519546509,1688.0,2.1791767554479415
had12,0,SK,800,5.590705394744873,1688.0,2.1791767554479415
had12,0,SK,820,5.728589057922363,1688.0,2.1791767554479415
had12,0,SK,840,5.866480112075806,1688.0,2.1791767554479415
had12,0,SK,860,6.00403356552124,1688.0,2.1791767554479415
had12,0,SK,880,6.141855955123901,1678.0,1.573849878934625
had12,0,SK,900,6.27973198890686,1678.0,1.573849878934625
had12,0,SK,920,6.417646408081055,1678.0,1.573849878934625
had12,0,SK,940,6.555306434631348,1678.0,1.573849878934625
had12,0,SK,960,6.692888259887695,1678.0,1.573849878934625
had12,0,SK,980,6.830313205718994,1678.0,1.573849878934625
had12,0,SK,1000,6.968193769454956,1678.0,1.573849878934625
had12,1,PGD,1,0.0007452964782714844,1960.0,18.64406779661017
had12,1,PGD,20,0.007515907287597656,1960.0,18.64406779661017
had12,1,PGD,40,0.014749288558959961,1948.0,17.91767554479419
had12,1,PGD,60,0.02184128761291504,1948.0,17.91767554479419
had12,1,PGD,80,0.028932571411132812,1948.0,17.91767554479419
had12,1,PGD,100,0.0360112190246582,1948.0,17.91767554479419
had12,1,PGD,120,0.04309415817260742,1948.0,17.91767554479419
had12,1,PGD,140,0.05017256736755371,1948.0,17.91767554479419
had12,1,PGD,160,0.05726170539855957,1948.0,17.91767554479419
had12,1,PGD,180,0.06434249877929688,1948.0,17.91767554479419
had12,1,PGD,200,0.07142376899719238,1948.0,17.91767554479419
had12,1,PGD,220,0.0785064697265625,1948.0,17.91767554479419
had12,1,PGD,240,0.08558249473571777,1948.0,17.91767554479419
had12,1,PGD,260,0.09267258644104004,1948.0,17.91767554479419
had12,1,PGD,280,0.09975409507751465,1948.0,17.91767554479419
had12,1,PGD,300,0.10685539245605469,1948.0,17.91767554479419
had12,1,PGD,320,0.11398482322692871,1948.0,17.91767554479419
had12,1,PGD,340,0.12110376358032227,1948.0,17.91767554479419
had12,1,PGD,360,0.12821292877197266,1948.0,17.91767554479419
had12,1,PGD,380,0.13532519340515137,1948.0,17.91767554479419
had12,1,PGD,400,0.14243721961975098,1948.0,17.91767554479419
had12,1,PGD,420,0.14957356452941895,1948.0,17.91767554479419
had12,1,PGD,440,0.15670299530029297,1948.0,17.91767554479419
had12,1,PGD,460,0.1638190746307373,1948.0,17.91767554479419
had12,1,PGD,480,0.17093110084533691,1948.0,17.91767554479419
had12,1,PGD,500,0.17804479598999023,1948.0,17.91767554479419
had12,1,PGD,520,0.18515706062316895,1948.0,17.91767554479419
had12,1,PGD,540,0.19226646423339844,1948.0,17.91767554479419
had12,1,PGD,560,0.19937920570373535,1948.0,17.91767554479419
had12,1,PGD,580,0.20649313926696777,1948.0,17.91767554479419
had12,1,PGD,600,0.21360468864440918,1948.0,17.91767554479419
had12,1,PGD,620,0.22071433067321777,1948.0,17.91767554479419
had12,1,PGD,640,0.22782492637634277,1948.0,17.91767554479419
had12,1,PGD,660,0.2349379062652588,1948.0,17.91767554479419
had12,1,PGD,680,0.2420506477355957,1948.0,17.91767554479419
had12,1,PGD,700,0.2491605281829834,1948.0,17.91767554479419
had12,1,PGD,720,0.2562673091888428,1948.0,17.91767554479419
had12,1,PGD,740,0.2633798122406006,1948.0,17.91767554479419
had12,1,PGD,760,0.27048659324645996,1948.0,17.91767554479419
had12,1,PGD,780,0.27759790420532227,1948.0,17.91767554479419
had12,1,PGD,800,0.28470563888549805,1948.0,17.91767554479419
had12,1,PGD,820,0.2918217182159424,1948.0,17.91767554479419
had12,1,PGD,840,0.29894208908081055,1948.0,17.91767554479419
had12,1,PGD,860,0.30605268478393555,1948.0,17.91767554479419
had12,1,PGD,880,0.3131687641143799,1948.0,17.91767554479419
had12,1,PGD,900,0.32027459144592285,1948.0,17.91767554479419
had12,1,PGD,920,0.3273906707763672,1948.0,17.91767554479419
had12,1,PGD,940,0.334505558013916,1948.0,17.91767554479419
had12,1,PGD,960,0.3416118621826172,1948.0,17.91767554479419
had12,1,PGD,980,0.3487248420715332,1948.0,17.91767554479419
had12,1,PGD,1000,0.3558382987976074,1948.0,17.91767554479419
had12,1,SK,1,0.010811567306518555,1960.0,18.64406779661017
had12,1,SK,20,0.1452953815460205,1778.0,7.627118644067797
had12,1,SK,40,0.28362321853637695,1724.0,4.358353510895883
had12,1,SK,60,0.4219965934753418,1740.0,5.326876513317192
had12,1,SK,80,0.5600149631500244,1740.0,5.326876513317192
had12,1,SK,100,0.6980431079864502,1706.0,3.2687651331719128
had12,1,SK,120,0.8377377986907959,1680.0,1.694915254237288
had12,1,SK,140,0.9810795783996582,1680.0,1.694915254237288
had12,1,SK,160,1.1283841133117676,1666.0,0.847457627118644
had12,1,SK,180,1.2764310836791992,1666.0,0.847457627118644
had12,1,SK,200,1.4187750816345215,1662.0,0.6053268765133172
had12,1,SK,220,1.5585594177246094,1662.0,0.6053268765133172
had12,1,SK,240,1.6969881057739258,1662.0,0.6053268765133172
had12,1,SK,260,1.8349506855010986,1678.0,1.573849878934625
had12,1,SK,280,1.9727892875671387,1678.0,1.573849878934625
had12,1,SK,300,2.1144328117370605,1676.0,1.4527845036319613
had12,1,SK,320,2.2526509761810303,1676.0,1.4527845036319613
had12,1,SK,340,2.3905997276306152,1670.0,1.0895883777239708
had12,1,SK,360,2.5282883644104004,1670.0,1.0895883777239708
had12,1,SK,380,2.66581654548645,1670.0,1.0895883777239708
had12,1,SK,400,2.8077757358551025,1670.0,1.0895883777239708
had12,1,SK,420,2.9468255043029785,1670.0,1.0895883777239708
had12,1,SK,440,3.0846917629241943,1670.0,1.0895883777239708
had12,1,SK,460,3.2221760749816895,1688.0,2.1791767554479415
had12,1,SK,480,3.3600010871887207,1688.0,2.1791767554479415
had12,1,SK,500,3.499743938446045,1688.0,2.1791767554479415
had12,1,SK,520,3.6396517753601074,1688.0,2.1791767554479415
had12,1,SK,540,3.777600049972534,1688.0,2.1791767554479415
had12,1,SK,560,3.9151055812835693,1688.0,2.1791767554479415
had12,1,SK,580,4.052981853485107,1688.0,2.1791767554479415
had12,1,SK,600,4.1905882358551025,1688.0,2.1791767554479415
had12,1,SK,620,4.328351020812988,1688.0,2.1791767554479415
had12,1,SK,640,4.466076850891113,1688.0,2.1791767554479415
had12,1,SK,660,4.6047890186309814,1688.0,2.1791767554479415
had12,1,SK,680,4.743684530258179,1688.0,2.1791767554479415
had12,1,SK,700,4.8820960521698,1688.0,2.1791767554479415
had12,1,SK,720,5.01980447769165,1688.0,2.1791767554479415
had12,1,SK,740,5.157305002212524,1688.0,2.1791767554479415
had12,1,SK,760,5.294358968734741,1688.0,2.1791767554479415
had12,1,SK,780,5.432053327560425,1688.0,2.1791767554479415
had12,1,SK,800,5.569829940795898,1688.0,2.1791767554479415
had12,1,SK,820,5.707109451293945,1688.0,2.1791767554479415
had12,1,SK,840,5.846601486206055,1688.0,2.1791767554479415
had12,1,SK,860,5.984654188156128,1688.0,2.1791767554479415
had12,1,SK,880,6.122809886932373,1678.0,1.573849878934625
had12,1,SK,900,6.260618448257446,1678.0,1.573849878934625
had12,1,SK,920,6.3986053466796875,1678.0,1.573849878934625
had12,1,SK,940,6.536264419555664,1678.0,1.573849878934625
had12,1,SK,960,6.673930644989014,1678.0,1.573849878934625
had12,1,SK,980,6.811697483062744,1678.0,1.573849878934625
had12,1,SK,1000,6.950668096542358,1678.0,1.573849878934625
had12,2,PGD,1,0.0007445812225341797,1960.0,18.64406779661017
had12,2,PGD,20,0.0075452327728271484,1960.0,18.64406779661017
had12,2,PGD,40,0.014818429946899414,1948.0,17.91767554479419
had12,2,PGD,60,0.021944522857666016,1948.0,17.91767554479419
had12,2,PGD,80,0.02906012535095215,1948.0,17.91767554479419
had12,2,PGD,100,0.0361790657043457,1948.0,17.91767554479419
had12,2,PGD,120,0.043294668197631836,1948.0,17.91767554479419
had12,2,PGD,140,0.05041670799255371,1948.0,17.91767554479419
had12,2,PGD,160,0.05753779411315918,1948.0,17.91767554479419
had12,2,PGD,180,0.06465578079223633,1948.0,17.91767554479419
had12,2,PGD,200,0.07177519798278809,1948.0,17.91767554479419
had12,2,PGD,220,0.07889437675476074,1948.0,17.91767554479419
had12,2,PGD,240,0.0860142707824707,1948.0,17.91767554479419
had12,2,PGD,260,0.09312891960144043,1948.0,17.91767554479419
had12,2,PGD,280,0.10024690628051758,1948.0,17.91767554479419
had12,2,PGD,300,0.10736274719238281,1948.0,17.91767554479419
had12,2,PGD,320,0.11447477340698242,1948.0,17.91767554479419
had12,2,PGD,340,0.12159061431884766,1948.0,17.91767554479419
had12,2,PGD,360,0.12870216369628906,1948.0,17.91767554479419
had12,2,PGD,380,0.1358189582824707,1948.0,17.91767554479419
had12,2,PGD,400,0.14293122291564941,1948.0,17.91767554479419
had12,2,PGD,420,0.15005183219909668,1948.0,17.91767554479419
had12,2,PGD,440,0.15717005729675293,1948.0,17.91767554479419
had12,2,PGD,460,0.16429519653320312,1948.0,17.91767554479419
had12,2,PGD,480,0.1714186668395996,1948.0,17.91767554479419
had12,2,PGD,500,0.1785438060760498,1948.0,17.91767554479419
had12,2,PGD,520,0.18565893173217773,1948.0,17.91767554479419
had12,2,PGD,540,0.19277691841125488,1948.0,17.91767554479419
had12,2,PGD,560,0.1998910903930664,1948.0,17.91767554479419
had12,2,PGD,580,0.20700883865356445,1948.0,17.91767554479419
had12,2,PGD,600,0.21412110328674316,1948.0,17.91767554479419
had12,2,PGD,620,0.22123360633850098,1948.0,17.91767554479419
had12,2,PGD,640,0.22835183143615723,1948.0,17.91767554479419
had12,2,PGD,660,0.23546671867370605,1948.0,17.91767554479419
had12,2,PGD,680,0.24258065223693848,1948.0,17.91767554479419
had12,2,PGD,700,0.24970650672912598,1948.0,17.91767554479419
had12,2,PGD,720,0.2568216323852539,1948.0,17.91767554479419
had12,2,PGD,740,0.2639327049255371,1948.0,17.91767554479419
had12,2,PGD,760,0.271045446395874,1948.0,17.91767554479419
had12,2,PGD,780,0.2781648635864258,1948.0,17.91767554479419
had12,2,PGD,800,0.2852795124053955,1948.0,17.91767554479419
had12,2,PGD,820,0.29239559173583984,1948.0,17.91767554479419
had12,2,PGD,840,0.2995152473449707,1948.0,17.91767554479419
had12,2,PGD,860,0.3066282272338867,1948.0,17.91767554479419
had12,2,PGD,880,0.3137478828430176,1948.0,17.91767554479419
had12,2,PGD,900,0.3208653926849365,1948.0,17.91767554479419
had12,2,PGD,920,0.3279836177825928,1948.0,17.91767554479419
had12,2,PGD,940,0.33510875701904297,1948.0,17.91767554479419
had12,2,PGD,960,0.3422203063964844,1948.0,17.91767554479419
had12,2,PGD,980,0.3493344783782959,1948.0,17.91767554479419
had12,2,PGD,1000,0.35645222663879395,1948.0,17.91767554479419
had12,2,SK,1,0.00904393196105957,1960.0,18.64406779661017
had12,2,SK,20,0.1567363739013672,1778.0,7.627118644067797
had12,2,SK,40,0.295166015625,1724.0,4.358353510895883
had12,2,SK,60,0.4411766529083252,1740.0,5.326876513317192
had12,2,SK,80,0.5787320137023926,1740.0,5.326876513317192
had12,2,SK,100,0.7164335250854492,1706.0,3.2687651331719128
had12,2,SK,120,0.8568613529205322,1680.0,1.694915254237288
had12,2,SK,140,0.9946670532226562,1680.0,1.694915254237288
had12,2,SK,160,1.142143964767456,1666.0,0.847457627118644
had12,2,SK,180,1.2810020446777344,1666.0,0.847457627118644
had12,2,SK,200,1.4187917709350586,1662.0,0.6053268765133172
had12,2,SK,220,1.5636799335479736,1662.0,0.6053268765133172
had12,2,SK,240,1.7013397216796875,1662.0,0.6053268765133172
had12,2,SK,260,1.8476791381835938,1678.0,1.573849878934625
had12,2,SK,280,1.9851911067962646,1678.0,1.573849878934625
had12,2,SK,300,2.122767210006714,1676.0,1.4527845036319613
had12,2,SK,320,2.26971173286438,1676.0,1.4527845036319613
had12,2,SK,340,2.4082608222961426,1670.0,1.0895883777239708
had12,2,SK,360,2.545748233795166,1670.0,1.0895883777239708
had12,2,SK,380,2.6836185455322266,1670.0,1.0895883777239708
had12,2,SK,400,2.8213675022125244,1670.0,1.0895883777239708
had12,2,SK,420,2.959214210510254,1670.0,1.0895883777239708
had12,2,SK,440,3.0969581604003906,1670.0,1.0895883777239708
had12,2,SK,460,3.2488245964050293,1688.0,2.1791767554479415
had12,2,SK,480,3.3862481117248535,1688.0,2.1791767554479415
had12,2,SK,500,3.536134958267212,1688.0,2.1791767554479415
had12,2,SK,520,3.6848340034484863,1688.0,2.1791767554479415
had12,2,SK,540,3.8227105140686035,1688.0,2.1791767554479415
had12,2,SK,560,3.9605929851531982,1688.0,2.1791767554479415
had12,2,SK,580,4.098049163818359,1688.0,2.1791767554479415
had12,2,SK,600,4.235779285430908,1688.0,2.1791767554479415
had12,2,SK,620,4.373286247253418,1688.0,2.1791767554479415
had12,2,SK,640,4.511259317398071,1688.0,2.1791767554479415
had12,2,SK,660,4.6486899852752686,1688.0,2.1791767554479415
had12,2,SK,680,4.786223649978638,1688.0,2.1791767554479415
had12,2,SK,700,4.923669338226318,1688.0,2.1791767554479415
had12,2,SK,720,5.060973167419434,1688.0,2.1791767554479415
had12,2,SK,740,5.2038233280181885,1688.0,2.1791767554479415
had12,2,SK,760,5.345979690551758,1688.0,2.1791767554479415
had12,2,SK,780,5.483548879623413,1688.0,2.1791767554479415
had12,2,SK,800,5.621014833450317,1688.0,2.1791767554479415
had12,2,SK,820,5.758746147155762,1688.0,2.1791767554479415
had12,2,SK,840,5.89621901512146,1688.0,2.1791767554479415
had12,2,SK,860,6.033817768096924,1688.0,2.1791767554479415
had12,2,SK,880,6.171328067779541,1678.0,1.573849878934625
had12,2,SK,900,6.3124165534973145,1678.0,1.573849878934625
had12,2,SK,920,6.450194358825684,1678.0,1.573849878934625
had12,2,SK,940,6.588947534561157,1678.0,1.573849878934625
had12,2,SK,960,6.726484298706055,1678.0,1.573849878934625
had12,2,SK,980,6.8640336990356445,1678.0,1.573849878934625
had12,2,SK,1000,7.001615285873413,1678.0,1.573849878934625
had12,3,PGD,1,0.0007457733154296875,1960.0,18.64406779661017
had12,3,PGD,20,0.007542610168457031,1960.0,18.64406779661017
had12,3,PGD,40,0.014812231063842773,1948.0,17.91767554479419
had12,3,PGD,60,0.021937131881713867,1948.0,17.91767554479419
had12,3,PGD,80,0.029057025909423828,1948.0,17.91767554479419
had12,3,PGD,100,0.036174774169921875,1948.0,17.91767554479419
had12,3,PGD,120,0.04328560829162598,1948.0,17.91767554479419
had12,3,PGD,140,0.050397634506225586,1948.0,17.91767554479419
had12,3,PGD,160,0.05750322341918945,1948.0,17.91767554479419
had12,3,PGD,180,0.06461477279663086,1948.0,17.91767554479419
had12,3,PGD,200,0.07171869277954102,1948.0,17.91767554479419
had12,3,PGD,220,0.07883238792419434,1948.0,17.91767554479419
had12,3,PGD,240,0.08593964576721191,1948.0,17.91767554479419
had12,3,PGD,260,0.0930490493774414,1948.0,17.91767554479419
had12,3,PGD,280,0.10015320777893066,1948.0,17.91767554479419
had12,3,PGD,300,0.10748147964477539,1948.0,17.91767554479419
had12,3,PGD,320,0.11458992958068848,1948.0,17.91767554479419
had12,3,PGD,340,0.12170934677124023,1948.0,17.91767554479419
had12,3,PGD,360,0.12883424758911133,1948.0,17.91767554479419
had12,3,PGD,380,0.13594985008239746,1948.0,17.91767554479419
had12,3,PGD,400,0.14306020736694336,1948.0,17.91767554479419
had12,3,PGD,420,0.15018844604492188,1948.0,17.91767554479419
had12,3,PGD,440,0.15729379653930664,1948.0,17.91767554479419
had12,3,PGD,460,0.16440534591674805,1948.0,17.91767554479419
had12,3,PGD,480,0.17151379585266113,1948.0,17.91767554479419
had12,3,PGD,500,0.178635835647583,1948.0,17.91767554479419
had12,3,PGD,520,0.1857433319091797,1948.0,17.91767554479419
had12,3,PGD,540,0.1928548812866211,1948.0,17.91767554479419
had12,3,PGD,560,0.19995903968811035,1948.0,17.91767554479419
had12,3,PGD,580,0.20708131790161133,1948.0,17.91767554479419
had12,3,PGD,600,0.21419167518615723,1948.0,17.91767554479419
had12,3,PGD,620,0.22130060195922852,1948.0,17.91767554479419
had12,3,PGD,640,0.228410005569458,1948.0,17.91767554479419
had12,3,PGD,660,0.23552942276000977,1948.0,17.91767554479419
had12,3,PGD,680,0.24264025688171387,1948.0,17.91767554479419
had12,3,PGD,700,0.24974918365478516,1948.0,17.91767554479419
had12,3,PGD,720,0.2568526268005371,1948.0,17.91767554479419
had12,3,PGD,740,0.263958215713501,1948.0,17.91767554479419
had12,3,PGD,760,0.27106761932373047,1948.0,17.91767554479419
had12,3,PGD,780,0.27817773818969727,1948.0,17.91767554479419
had12,3,PGD,800,0.2852911949157715,1948.0,17.91767554479419
had12,3,PGD,820,0.2924039363861084,1948.0,17.91767554479419
had12,3,PGD,840,0.2995138168334961,1948.0,17.91767554479419
had12,3,PGD,860,0.306626558303833,1948.0,17.91767554479419
had12,3,PGD,880,0.3137392997741699,1948.0,17.91767554479419
had12,3,PGD,900,0.3208634853363037,1948.0,17.91767554479419
had12,3,PGD,920,0.32797765731811523,1948.0,17.91767554479419
had12,3,PGD,940,0.3350951671600342,1948.0,17.91767554479419
had12,3,PGD,960,0.342207670211792,1948.0,17.91767554479419
had12,3,PGD,980,0.3493163585662842,1948.0,17.91767554479419
had12,3,PGD,1000,0.3564331531524658,1948.0,17.91767554479419
had12,3,SK,1,0.013056516647338867,1960.0,18.64406779661017
had12,3,SK,20,0.15633177757263184,1778.0,7.627118644067797
had12,3,SK,40,0.2946929931640625,1724.0,4.358353510895883
had12,3,SK,60,0.43365955352783203,1740.0,5.326876513317192
had12,3,SK,80,0.5712964534759521,1740.0,5.326876513317192
had12,3,SK,100,0.7089645862579346,1706.0,3.2687651331719128
had12,3,SK,120,0.8471698760986328,1680.0,1.694915254237288
had12,3,SK,140,0.98488450050354,1680.0,1.694915254237288
had12,3,SK,160,1.1229941844940186,1666.0,0.847457627118644
had12,3,SK,180,1.2623848915100098,1666.0,0.847457627118644
had12,3,SK,200,1.40032958984375,1662.0,0.6053268765133172
had12,3,SK,220,1.538337230682373,1662.0,0.6053268765133172
had12,3,SK,240,1.6765789985656738,1662.0,0.6053268765133172
had12,3,SK,260,1.8142626285552979,1678.0,1.573849878934625
had12,3,SK,280,1.9519433975219727,1678.0,1.573849878934625
had12,3,SK,300,2.0897932052612305,1676.0,1.4527845036319613
had12,3,SK,320,2.2275428771972656,1676.0,1.4527845036319613
had12,3,SK,340,2.3648722171783447,1670.0,1.0895883777239708
had12,3,SK,360,2.502418041229248,1670.0,1.0895883777239708
had12,3,SK,380,2.640275239944458,1670.0,1.0895883777239708
had12,3,SK,400,2.7779035568237305,1670.0,1.0895883777239708
had12,3,SK,420,2.915346145629883,1670.0,1.0895883777239708
had12,3,SK,440,3.0530242919921875,1670.0,1.0895883777239708
had12,3,SK,460,3.190666913986206,1688.0,2.1791767554479415
had12,3,SK,480,3.3282456398010254,1688.0,2.1791767554479415
had12,3,SK,500,3.4657013416290283,1688.0,2.1791767554479415
had12,3,SK,520,3.6032848358154297,1688.0,2.1791767554479415
had12,3,SK,540,3.7408366203308105,1688.0,2.1791767554479415
had12,3,SK,560,3.8785476684570312,1688.0,2.1791767554479415
had12,3,SK,580,4.01591682434082,1688.0,2.1791767554479415
had12,3,SK,600,4.153788089752197,1688.0,2.1791767554479415
had12,3,SK,620,4.291369676589966,1688.0,2.1791767554479415
had12,3,SK,640,4.429262161254883,1688.0,2.1791767554479415
had12,3,SK,660,4.566875696182251,1688.0,2.1791767554479415
had12,3,SK,680,4.704513311386108,1688.0,2.1791767554479415
had12,3,SK,700,4.8420515060424805,1688.0,2.1791767554479415
had12,3,SK,720,4.979731798171997,1688.0,2.1791767554479415
had12,3,SK,740,5.117489337921143,1688.0,2.1791767554479415
had12,3,SK,760,5.255435466766357,1688.0,2.1791767554479415
had12,3,SK,780,5.392959833145142,1688.0,2.1791767554479415
had12,3,SK,800,5.5304436683654785,1688.0,2.1791767554479415
had12,3,SK,820,5.667802095413208,1688.0,2.1791767554479415
had12,3,SK,840,5.805600643157959,1688.0,2.1791767554479415
had12,3,SK,860,5.94324803352356,1688.0,2.1791767554479415
had12,3,SK,880,6.080806255340576,1678.0,1.573849878934625
had12,3,SK,900,6.218396425247192,1678.0,1.573849878934625
had12,3,SK,920,6.355909824371338,1678.0,1.573849878934625
had12,3,SK,940,6.493263244628906,1678.0,1.573849878934625
had12,3,SK,960,6.630751848220825,1678.0,1.573849878934625
had12,3,SK,980,6.768198013305664,1678.0,1.573849878934625
had12,3,SK,1000,6.905661344528198,1678.0,1.573849878934625
had12,4,PGD,1,0.0007593631744384766,1960.0,18.64406779661017
had12,4,PGD,20,0.00756525993347168,1960.0,18.64406779661017
had12,4,PGD,40,0.014842510223388672,1948.0,17.91767554479419
had12,4,PGD,60,0.021974802017211914,1948.0,17.91767554479419
had12,4,PGD,80,0.029087543487548828,1948.0,17.91767554479419
had12,4,PGD,100,0.036203861236572266,1948.0,17.91767554479419
had12,4,PGD,120,0.04331493377685547,1948.0,17.91767554479419
had12,4,PGD,140,0.05043625831604004,1948.0,17.91767554479419
had12,4,PGD,160,0.05755281448364258,1948.0,17.91767554479419
had12,4,PGD,180,0.064666748046875,1948.0,17.91767554479419
had12,4,PGD,200,0.07178211212158203,1948.0,17.91767554479419
had12,4,PGD,220,0.07890582084655762,1948.0,17.91767554479419
had12,4,PGD,240,0.08601975440979004,1948.0,17.91767554479419
had12,4,PGD,260,0.09314227104187012,1948.0,17.91767554479419
had12,4,PGD,280,0.10025835037231445,1948.0,17.91767554479419
had12,4,PGD,300,0.10737800598144531,1948.0,17.91767554479419
had12,4,PGD,320,0.11451387405395508,1948.0,17.91767554479419
had12,4,PGD,340,0.12162661552429199,1948.0,17.91767554479419
had12,4,PGD,360,0.1287388801574707,1948.0,17.91767554479419
had12,4,PGD,380,0.13585591316223145,1948.0,17.91767554479419
had12,4,PGD,400,0.14297080039978027,1948.0,17.91767554479419
had12,4,PGD,420,0.15009260177612305,1948.0,17.91767554479419
had12,4,PGD,440,0.1572110652923584,1948.0,17.91767554479419
had12,4,PGD,460,0.16433453559875488,1948.0,17.91767554479419
had12,4,PGD,480,0.17145299911499023,1948.0,17.91767554479419
had12,4,PGD,500,0.17857861518859863,1948.0,17.91767554479419
had12,4,PGD,520,0.1857004165649414,1948.0,17.91767554479419
had12,4,PGD,540,0.19281458854675293,1948.0,17.91767554479419
had12,4,PGD,560,0.19992947578430176,1948.0,17.91767554479419
had12,4,PGD,580,0.2070469856262207,1948.0,17.91767554479419
had12,4,PGD,600,0.21416473388671875,1948.0,17.91767554479419
had12,4,PGD,620,0.22127676010131836,1948.0,17.91767554479419
had12,4,PGD,640,0.22839117050170898,1948.0,17.91767554479419
had12,4,PGD,660,0.2355055809020996,1948.0,17.91767554479419
had12,4,PGD,680,0.24262213706970215,1948.0,17.91767554479419
had12,4,PGD,700,0.24974584579467773,1948.0,17.91767554479419
had12,4,PGD,720,0.2568628787994385,1948.0,17.91767554479419
had12,4,PGD,740,0.26398158073425293,1948.0,17.91767554479419
had12,4,PGD,760,0.27109289169311523,1948.0,17.91767554479419
had12,4,PGD,780,0.278214693069458,1948.0,17.91767554479419
had12,4,PGD,800,0.2853271961212158,1948.0,17.91767554479419
had12,4,PGD,820,0.2924501895904541,1948.0,17.91767554479419
had12,4,PGD,840,0.29956698417663574,1948.0,17.91767554479419
had12,4,PGD,860,0.3066871166229248,1948.0,17.91767554479419
had12,4,PGD,880,0.31380558013916016,1948.0,17.91767554479419
had12,4,PGD,900,0.32091689109802246,1948.0,17.91767554479419
had12,4,PGD,920,0.3280372619628906,1948.0,17.91767554479419
had12,4,PGD,940,0.33516550064086914,1948.0,17.91767554479419
had12,4,PGD,960,0.3423314094543457,1948.0,17.91767554479419
had12,4,PGD,980,0.34949398040771484,1948.0,17.91767554479419
had12,4,PGD,1000,0.3566579818725586,1948.0,17.91767554479419
had12,4,SK,1,0.010038614273071289,1960.0,18.64406779661017
had12,4,SK,20,0.1656343936920166,1778.0,7.627118644067797
had12,4,SK,40,0.30426621437072754,1724.0,4.358353510895883
had12,4,SK,60,0.4424450397491455,1740.0,5.326876513317192
had12,4,SK,80,0.5911703109741211,1740.0,5.326876513317192
had12,4,SK,100,0.7351582050323486,1706.0,3.2687651331719128
had12,4,SK,120,0.8747520446777344,1680.0,1.694915254237288
had12,4,SK,140,1.0124411582946777,1680.0,1.694915254237288
had12,4,SK,160,1.150484323501587,1666.0,0.847457627118644
had12,4,SK,180,1.2880923748016357,1666.0,0.847457627118644
had12,4,SK,200,1.4259207248687744,1662.0,0.6053268765133172
had12,4,SK,220,1.5634183883666992,1662.0,0.6053268765133172
had12,4,SK,240,1.7016429901123047,1662.0,0.6053268765133172
had12,4,SK,260,1.8391737937927246,1678.0,1.573849878934625
had12,4,SK,280,1.976870059967041,1678.0,1.573849878934625
had12,4,SK,300,2.114671468734741,1676.0,1.4527845036319613
had12,4,SK,320,2.2521615028381348,1676.0,1.4527845036319613
had12,4,SK,340,2.389921188354492,1670.0,1.0895883777239708
had12,4,SK,360,2.5274085998535156,1670.0,1.0895883777239708
had12,4,SK,380,2.6649889945983887,1670.0,1.0895883777239708
had12,4,SK,400,2.8025600910186768,1670.0,1.0895883777239708
had12,4,SK,420,2.9400088787078857,1670.0,1.0895883777239708
had12,4,SK,440,3.07761812210083,1670.0,1.0895883777239708
had12,4,SK,460,3.215123414993286,1688.0,2.1791767554479415
had12,4,SK,480,3.3523738384246826,1688.0,2.1791767554479415
had12,4,SK,500,3.489919424057007,1688.0,2.1791767554479415
had12,4,SK,520,3.627354383468628,1688.0,2.1791767554479415
had12,4,SK,540,3.764646530151367,1688.0,2.1791767554479415
had12,4,SK,560,3.902243137359619,1688.0,2.1791767554479415
had12,4,SK,580,4.039822340011597,1688.0,2.1791767554479415
had12,4,SK,600,4.1772236824035645,1688.0,2.1791767554479415
had12,4,SK,620,4.314734697341919,1688.0,2.1791767554479415
had12,4,SK,640,4.4524009227752686,1688.0,2.1791767554479415
had12,4,SK,660,4.589923620223999,1688.0,2.1791767554479415
had12,4,SK,680,4.727315902709961,1688.0,2.1791767554479415
had12,4,SK,700,4.864806652069092,1688.0,2.1791767554479415
had12,4,SK,720,5.002538442611694,1688.0,2.1791767554479415
had12,4,SK,740,5.139837980270386,1688.0,2.1791767554479415
had12,4,SK,760,5.277254581451416,1688.0,2.1791767554479415
had12,4,SK,780,5.414547681808472,1688.0,2.1791767554479415
had12,4,SK,800,5.55217170715332,1688.0,2.1791767554479415
had12,4,SK,820,5.689863920211792,1688.0,2.1791767554479415
had12,4,SK,840,5.827733516693115,1688.0,2.1791767554479415
had12,4,SK,860,5.96550440788269,1688.0,2.1791767554479415
had12,4,SK,880,6.103910207748413,1678.0,1.573849878934625
had12,4,SK,900,6.241257429122925,1678.0,1.573849878934625
had12,4,SK,920,6.379100561141968,1678.0,1.573849878934625
had12,4,SK,940,6.516407012939453,1678.0,1.573849878934625
had12,4,SK,960,6.653784513473511,1678.0,1.573849878934625
had12,4,SK,980,6.791054010391235,1678.0,1.573849878934625
had12,4,SK,1000,6.928432941436768,1678.0,1.573849878934625
nug20,0,PGD,1,0.003075838088989258,3424.0,33.22957198443579
nug20,0,PGD,20,0.01840806007385254,3398.0,32.217898832684824
nug20,0,PGD,40,0.033631324768066406,3288.0,27.93774319066148
nug20,0,PGD,60,0.04850935935974121,3288.0,27.93774319066148
nug20,0,PGD,80,0.06340289115905762,3288.0,27.93774319066148
nug20,0,PGD,100,0.07823514938354492,3288.0,27.93774319066148
nug20,0,PGD,120,0.09315061569213867,3288.0,27.93774319066148
nug20,0,PGD,140,0.10802626609802246,3288.0,27.93774319066148
nug20,0,PGD,160,0.12287330627441406,3288.0,27.93774319066148
nug20,0,PGD,180,0.13775944709777832,3288.0,27.93774319066148
nug20,0,PGD,200,0.15262866020202637,3288.0,27.93774319066148
nug20,0,PGD,220,0.16752886772155762,3288.0,27.93774319066148
nug20,0,PGD,240,0.18237781524658203,3288.0,27.93774319066148
nug20,0,PGD,260,0.19724321365356445,3288.0,27.93774319066148
nug20,0,PGD,280,0.21213293075561523,3288.0,27.93774319066148
nug20,0,PGD,300,0.22696208953857422,3288.0,27.93774319066148
nug20,0,PGD,320,0.2418501377105713,3288.0,27.93774319066148
nug20,0,PGD,340,0.25675225257873535,3288.0,27.93774319066148
nug20,0,PGD,360,0.27155280113220215,3288.0,27.93774319066148
nug20,0,PGD,380,0.28639769554138184,3288.0,27.93774319066148
nug20,0,PGD,400,0.301281213760376,3288.0,27.93774319066148
nug20,0,PGD,420,0.31615471839904785,3288.0,27.93774319066148
nug20,0,PGD,440,0.3310854434967041,3288.0,27.93774319066148
nug20,0,PGD,460,0.34595656394958496,3288.0,27.93774319066148
nug20,0,PGD,480,0.36078834533691406,3288.0,27.93774319066148
nug20,0,PGD,500,0.37574315071105957,3288.0,27.93774319066148
nug20,0,PGD,520,0.3906261920928955,3288.0,27.93774319066148
nug20,0,PGD,540,0.4054896831512451,3288.0,27.93774319066148
nug20,0,PGD,560,0.42041850090026855,3288.0,27.93774319066148
nug20,0,PGD,580,0.43535566329956055,3288.0,27.93774319066148
nug20,0,PGD,600,0.4502289295196533,3288.0,27.93774319066148
nug20,0,PGD,620,0.4650990962982178,3288.0,27.93774319066148
nug20,0,PGD,640,0.4799172878265381,3288.0,27.93774319066148
nug20,0,PGD,660,0.4947776794433594,3288.0,27.93774319066148
nug20,0,PGD,680,0.5096848011016846,3288.0,27.93774319066148
nug20,0,PGD,700,0.5246171951293945,3288.0,27.93774319066148
nug20,0,PGD,720,0.5395429134368896,3288.0,27.93774319066148
nug20,0,PGD,740,0.5544753074645996,3288.0,27.93774319066148
nug20,0,PGD,760,0.56931471824646,3288.0,27.93774319066148
nug20,0,PGD,780,0.5841772556304932,3288.0,27.93774319066148
nug20,0,PGD,800,0.599053144454956,3288.0,27.93774319066148
nug20,0,PGD,820,0.613940954208374,3288.0,27.93774319066148
nug20,0,PGD,840,0.6287751197814941,3288.0,27.93774319066148
nug20,0,PGD,860,0.6436944007873535,3288.0,27.93774319066148
nug20,0,PGD,880,0.6585986614227295,3288.0,27.93774319066148
nug20,0,PGD,900,0.6734833717346191,3288.0,27.93774319066148
nug20,0,PGD,920,0.6883406639099121,3288.0,27.93774319066148
nug20,0,PGD,940,0.7032070159912109,3288.0,27.93774319066148
nug20,0,PGD,960,0.7181012630462646,3288.0,27.93774319066148
nug20,0,PGD,980,0.7330658435821533,3288.0,27.93774319066148
nug20,0,PGD,1000,0.7479248046875,3288.0,27.93774319066148
nug20,0,SK,1,0.015019893646240234,3380.0,31.517509727626457
nug20,0,SK,20,0.18361330032348633,3040.0,18.28793774319066
nug20,0,SK,40,0.35901927947998047,3112.0,21.089494163424124
nug20,0,SK,60,0.5339534282684326,3096.0,20.46692607003891
nug20,0,SK,80,0.7095563411712646,2978.0,15.875486381322956
nug20,0,SK,100,0.8842751979827881,2994.0,16.49805447470817
nug20,0,SK,120,1.0601780414581299,2678.0,4.202334630350195
nug20,0,SK,140,1.235424518585205,2660.0,3.501945525291829
nug20,0,SK,160,1.4111504554748535,2660.0,3.501945525291829
nug20,0,SK,180,1.5865628719329834,2608.0,1.4785992217898831
nug20,0,SK,200,1.762040615081787,2608.0,1.4785992217898831
nug20,0,SK,220,1.936891794204712,2608.0,1.4785992217898831
nug20,0,SK,240,2.1122024059295654,2626.0,2.178988326848249
nug20,0,SK,260,2.286820888519287,2648.0,3.035019455252918
nug20,0,SK,280,2.463376045227051,2598.0,1.0894941634241244
nug20,0,SK,300,2.638688325881958,2598.0,1.0894941634241244
nug20,0,SK,320,2.814013957977295,2598.0,1.0894941634241244
nug20,0,SK,340,2.9886653423309326,2598.0,1.0894941634241244
nug20,0,SK,360,3.1641461849212646,2598.0,1.0894941634241244
nug20,0,SK,380,3.339186191558838,2598.0,1.0894941634241244
nug20,0,SK,400,3.5150930881500244,2598.0,1.0894941634241244
nug20,0,SK,420,3.6910560131073,2648.0,3.035019455252918
nug20,0,SK,440,3.866624116897583,2648.0,3.035019455252918
nug20,0,SK,460,4.041409969329834,2692.0,4.747081712062257
nug20,0,SK,480,4.21695876121521,2692.0,4.747081712062257
nug20,0,SK,500,4.392106056213379,2692.0,4.747081712062257
nug20,0,SK,520,4.5683159828186035,2692.0,4.747081712062257
nug20,0,SK,540,4.743643283843994,2692.0,4.747081712062257
nug20,0,SK,560,4.919068098068237,2692.0,4.747081712062257
nug20,0,SK,580,5.093733310699463,2690.0,4.669260700389105
nug20,0,SK,600,5.269322633743286,2690.0,4.669260700389105
nug20,0,SK,620,5.4445085525512695,2690.0,4.669260700389105
nug20,0,SK,640,5.620386838912964,2690.0,4.669260700389105
nug20,0,SK,660,5.795956611633301,2574.0,0.1556420233463035
nug20,0,SK,680,5.971874475479126,2574.0,0.1556420233463035
nug20,0,SK,700,6.146674871444702,2574.0,0.1556420233463035
nug20,0,SK,720,6.321979522705078,2574.0,0.1556420233463035
nug20,0,SK,740,6.496641397476196,2574.0,0.1556420233463035
nug20,0,SK,760,6.673013210296631,2574.0,0.1556420233463035
nug20,0,SK,780,6.84846568107605,2574.0,0.1556420233463035
nug20,0,SK,800,7.024341344833374,2574.0,0.1556420233463035
nug20,0,SK,820,7.199007987976074,2574.0,0.1556420233463035
nug20,0,SK,840,7.374552249908447,2574.0,0.1556420233463035
nug20,0,SK,860,7.549766302108765,2574.0,0.1556420233463035
nug20,0,SK,880,7.72576904296875,2574.0,0.1556420233463035
nug20,0,SK,900,7.9010655879974365,2574.0,0.1556420233463035
nug20,0,SK,920,8.077163934707642,2574.0,0.1556420233463035
nug20,0,SK,940,8.252235412597656,2574.0,0.1556420233463035
nug20,0,SK,960,8.427563190460205,2574.0,0.1556420233463035
nug20,0,SK,980,8.60230302810669,2574.0,0.1556420233463035
nug20,0,SK,1000,8.778400659561157,2574.0,0.1556420233463035
nug20,1,PGD,1,0.0012297630310058594,3424.0,33.22957198443579
nug20,1,PGD,20,0.015646696090698242,3398.0,32.217898832684824
nug20,1,PGD,40,0.030755043029785156,3288.0,27.93774319066148
nug20,1,PGD,60,0.045624494552612305,3288.0,27.93774319066148
nug20,1,PGD,80,0.06052064895629883,3288.0,27.93774319066148
nug20,1,PGD,100,0.07538056373596191,3288.0,27.93774319066148
nug20,1,PGD,120,0.0902705192565918,3288.0,27.93774319066148
nug20,1,PGD,140,0.10513472557067871,3288.0,27.93774319066148
nug20,1,PGD,160,0.11997342109680176,3288.0,27.93774319066148
nug20,1,PGD,180,0.1349189281463623,3288.0,27.93774319066148
nug20,1,PGD,200,0.1498546600341797,3288.0,27.93774319066148
nug20,1,PGD,220,0.16479158401489258,3288.0,27.93774319066148
nug20,1,PGD,240,0.17972493171691895,3288.0,27.93774319066148
nug20,1,PGD,260,0.1946721076965332,3288.0,27.93774319066148
nug20,1,PGD,280,0.2095963954925537,3288.0,27.93774319066148
nug20,1,PGD,300,0.22452878952026367,3288.0,27.93774319066148
nug20,1,PGD,320,0.2394545078277588,3288.0,27.93774319066148
nug20,1,PGD,340,0.2544364929199219,3288.0,27.93774319066148
nug20,1,PGD,360,0.26937294006347656,3288.0,27.93774319066148
nug20,1,PGD,380,0.28435826301574707,3288.0,27.93774319066148
nug20,1,PGD,400,0.2993483543395996,3288.0,27.93774319066148
nug20,1,PGD,420,0.31430912017822266,3288.0,27.93774319066148
nug20,1,PGD,440,0.3292567729949951,3288.0,27.93774319066148
nug20,1,PGD,460,0.3442203998565674,3288.0,27.93774319066148
nug20,1,PGD,480,0.3591732978820801,3288.0,27.93774319066148
nug20,1,PGD,500,0.37415122985839844,3288.0,27.93774319066148
nug20,1,PGD,520,0.3890995979309082,3288.0,27.93774319066148
nug20,1,PGD,540,0.40402817726135254,3288.0,27.93774319066148
nug20,1,PGD,560,0.4189314842224121,3288.0,27.93774319066148
nug20,1,PGD,580,0.43380141258239746,3288.0,27.93774319066148
nug20,1,PGD,600,0.44869256019592285,3288.0,27.93774319066148
nug20,1,PGD,620,0.4635756015777588,3288.0,27.93774319066148
nug20,1,PGD,640,0.47851061820983887,3288.0,27.93774319066148
nug20,1,PGD,660,0.49347400665283203,3288.0,27.93774319066148
nug20,1,PGD,680,0.5084328651428223,3288.0,27.93774319066148
nug20,1,PGD,700,0.5233900547027588,3288.0,27.93774319066148
nug20,1,PGD,720,0.5383410453796387,3288.0,27.93774319066148
nug20,1,PGD,740,0.5532886981964111,3288.0,27.93774319066148
nug20,1,PGD,760,0.5682356357574463,3288.0,27.93774319066148
nug20,1,PGD,780,0.583167552947998,3288.0,27.93774319066148
nug20,1,PGD,800,0.5981199741363525,3288.0,27.93774319066148
nug20,1,PGD,820,0.6130697727203369,3288.0,27.93774319066148
nug20,1,PGD,840,0.6280181407928467,3288.0,27.93774319066148
nug20,1,PGD,860,0.6429555416107178,3288.0,27.93774319066148
nug20,1,PGD,880,0.6578810214996338,3288.0,27.93774319066148
nug20,1,PGD,900,0.6728215217590332,3288.0,27.93774319066148
nug20,1,PGD,920,0.6877832412719727,3288.0,27.93774319066148
nug20,1,PGD,940,0.7026991844177246,3288.0,27.93774319066148
nug20,1,PGD,960,0.7176461219787598,3288.0,27.93774319066148
nug20,1,PGD,980,0.7325944900512695,3288.0,27.93774319066148
nug20,1,PGD,1000,0.7475316524505615,3288.0,27.93774319066148
nug20,1,SK,1,0.011249065399169922,3380.0,31.517509727626457
nug20,1,SK,20,0.18292689323425293,3040.0,18.28793774319066
nug20,1,SK,40,0.35879039764404297,3112.0,21.089494163424124
nug20,1,SK,60,0.533815860748291,3096.0,20.46692607003891
nug20,1,SK,80,0.7095413208007812,2978.0,15.875486381322956
nug20,1,SK,100,0.8841936588287354,2994.0,16.49805447470817
nug20,1,SK,120,1.0606532096862793,2678.0,4.202334630350195
nug20,1,SK,140,1.2365071773529053,2660.0,3.501945525291829
nug20,1,SK,160,1.4123461246490479,2660.0,3.501945525291829
nug20,1,SK,180,1.5876619815826416,2608.0,1.4785992217898831
nug20,1,SK,200,1.7637684345245361,2608.0,1.4785992217898831
nug20,1,SK,220,1.9387884140014648,2608.0,1.4785992217898831
nug20,1,SK,240,2.1145529747009277,2626.0,2.178988326848249
nug20,1,SK,260,2.2902944087982178,2648.0,3.035019455252918
nug20,1,SK,280,2.4672648906707764,2598.0,1.0894941634241244
nug20,1,SK,300,2.6431405544281006,2598.0,1.0894941634241244
nug20,1,SK,320,2.819614887237549,2598.0,1.0894941634241244
nug20,1,SK,340,2.995394468307495,2598.0,1.0894941634241244
nug20,1,SK,360,3.1720473766326904,2598.0,1.0894941634241244
nug20,1,SK,380,3.347975730895996,2598.0,1.0894941634241244
nug20,1,SK,400,3.5243537425994873,2598.0,1.0894941634241244
nug20,1,SK,420,3.7001047134399414,2648.0,3.035019455252918
nug20,1,SK,440,3.876826524734497,2648.0,3.035019455252918
nug20,1,SK,460,4.052737712860107,2692.0,4.747081712062257
nug20,1,SK,480,4.2291953563690186,2692.0,4.747081712062257
nug20,1,SK,500,4.405004024505615,2692.0,4.747081712062257
nug20,1,SK,520,4.5816590785980225,2692.0,4.747081712062257
nug20,1,SK,540,4.757626295089722,2692.0,4.747081712062257
nug20,1,SK,560,4.934075117111206,2692.0,4.747081712062257
nug20,1,SK,580,5.109829425811768,2690.0,4.669260700389105
nug20,1,SK,600,5.2864861488342285,2690.0,4.669260700389105
nug20,1,SK,620,5.462459325790405,2690.0,4.669260700389105
nug20,1,SK,640,5.638918161392212,2690.0,4.669260700389105
nug20,1,SK,660,5.815046548843384,2574.0,0.1556420233463035
nug20,1,SK,680,5.991669416427612,2574.0,0.1556420233463035
nug20,1,SK,700,6.167641878128052,2574.0,0.1556420233463035
nug20,1,SK,720,6.344104766845703,2574.0,0.1556420233463035
nug20,1,SK,740,6.519833564758301,2574.0,0.1556420233463035
nug20,1,SK,760,6.696507692337036,2574.0,0.1556420233463035
nug20,1,SK,780,6.872500658035278,2574.0,0.1556420233463035
nug20,1,SK,800,7.0489819049835205,2574.0,0.1556420233463035
nug20,1,SK,820,7.2246994972229,2574.0,0.1556420233463035
nug20,1,SK,840,7.401353120803833,2574.0,0.1556420233463035
nug20,1,SK,860,7.577422618865967,2574.0,0.1556420233463035
nug20,1,SK,880,7.7539567947387695,2574.0,0.1556420233463035
nug20,1,SK,900,7.929716110229492,2574.0,0.1556420233463035
nug20,1,SK,920,8.106368780136108,2574.0,0.1556420233463035
nug20,1,SK,940,8.2823486328125,2574.0,0.1556420233463035
nug20,1,SK,960,8.458821296691895,2574.0,0.1556420233463035
nug20,1,SK,980,8.634521484375,2574.0,0.1556420233463035
nug20,1,SK,1000,8.811234951019287,2574.0,0.1556420233463035
nug20,2,PGD,1,0.0012392997741699219,3424.0,33.22957198443579
nug20,2,PGD,20,0.015741348266601562,3398.0,32.217898832684824
nug20,2,PGD,40,0.03106069564819336,3288.0,27.93774319066148
nug20,2,PGD,60,0.04610705375671387,3288.0,27.93774319066148
nug20,2,PGD,80,0.0611724853515625,3288.0,27.93774319066148
nug20,2,PGD,100,0.07617688179016113,3288.0,27.93774319066148
nug20,2,PGD,120,0.09118294715881348,3288.0,27.93774319066148
nug20,2,PGD,140,0.10617399215698242,3288.0,27.93774319066148
nug20,2,PGD,160,0.12120413780212402,3288.0,27.93774319066148
nug20,2,PGD,180,0.1361699104309082,3288.0,27.93774319066148
nug20,2,PGD,200,0.15115141868591309,3288.0,27.93774319066148
nug20,2,PGD,220,0.16614222526550293,3288.0,27.93774319066148
nug20,2,PGD,240,0.18112897872924805,3288.0,27.93774319066148
nug20,2,PGD,260,0.1961684226989746,3288.0,27.93774319066148
nug20,2,PGD,280,0.21117615699768066,3288.0,27.93774319066148
nug20,2,PGD,300,0.22614669799804688,3288.0,27.93774319066148
nug20,2,PGD,320,0.24112701416015625,3288.0,27.93774319066148
nug20,2,PGD,340,0.25617194175720215,3288.0,27.93774319066148
nug20,2,PGD,360,0.2711939811706543,3288.0,27.93774319066148
nug20,2,PGD,380,0.2861480712890625,3288.0,27.93774319066148
nug20,2,PGD,400,0.30115222930908203,3288.0,27.93774319066148
nug20,2,PGD,420,0.31616687774658203,3288.0,27.93774319066148
nug20,2,PGD,440,0.3311498165130615,3288.0,27.93774319066148
nug20,2,PGD,460,0.34607768058776855,3288.0,27.93774319066148
nug20,2,PGD,480,0.3610098361968994,3288.0,27.93774319066148
nug20,2,PGD,500,0.3759152889251709,3288.0,27.93774319066148
nug20,2,PGD,520,0.39085817337036133,3288.0,27.93774319066148
nug20,2,PGD,540,0.40580177307128906,3288.0,27.93774319066148
nug20,2,PGD,560,0.4207026958465576,3288.0,27.93774319066148
nug20,2,PGD,580,0.4356353282928467,3288.0,27.93774319066148
nug20,2,PGD,600,0.450531005859375,3288.0,27.93774319066148
nug20,2,PGD,620,0.46542954444885254,3288.0,27.93774319066148
nug20,2,PGD,640,0.48033618927001953,3288.0,27.93774319066148
nug20,2,PGD,660,0.49530601501464844,3288.0,27.93774319066148
nug20,2,PGD,680,0.5101988315582275,3288.0,27.93774319066148
nug20,2,PGD,700,0.5251350402832031,3288.0,27.93774319066148
nug20,2,PGD,720,0.5400803089141846,3288.0,27.93774319066148
nug20,2,PGD,740,0.5549983978271484,3288.0,27.93774319066148
nug20,2,PGD,760,0.5699310302734375,3288.0,27.93774319066148
nug20,2,PGD,780,0.5848643779754639,3288.0,27.93774319066148
nug20,2,PGD,800,0.5997812747955322,3288.0,27.93774319066148
nug20,2,PGD,820,0.6147129535675049,3288.0,27.93774319066148
nug20,2,PGD,840,0.629626989364624,3288.0,27.93774319066148
nug20,2,PGD,860,0.644575834274292,3288.0,27.93774319066148
nug20,2,PGD,880,0.6594893932342529,3288.0,27.93774319066148
nug20,2,PGD,900,0.6744086742401123,3288.0,27.93774319066148
nug20,2,PGD,920,0.6893296241760254,3288.0,27.93774319066148
nug20,2,PGD,940,0.7042520046234131,3288.0,27.93774319066148
nug20,2,PGD,960,0.7191848754882812,3288.0,27.93774319066148
nug20,2,PGD,980,0.7341279983520508,3288.0,27.93774319066148
nug20,2,PGD,1000,0.7490489482879639,3288.0,27.93774319066148
nug20,2,SK,1,0.013843059539794922,3380.0,31.517509727626457
nug20,2,SK,20,0.19429516792297363,3040.0,18.28793774319066
nug20,2,SK,40,0.37046074867248535,3112.0,21.089494163424124
nug20,2,SK,60,0.5480990409851074,3096.0,20.46692607003891
nug20,2,SK,80,0.7254893779754639,2978.0,15.875486381322956
nug20,2,SK,100,0.9014320373535156,2994.0,16.49805447470817
nug20,2,SK,120,1.078752040863037,2678.0,4.202334630350195
nug20,2,SK,140,1.2556214332580566,2660.0,3.501945525291829
nug20,2,SK,160,1.4324519634246826,2660.0,3.501945525291829
nug20,2,SK,180,1.6087586879730225,2608.0,1.4785992217898831
nug20,2,SK,200,1.785719871520996,2608.0,1.4785992217898831
nug20,2,SK,220,1.9622578620910645,2608.0,1.4785992217898831
nug20,2,SK,240,2.1391425132751465,2626.0,2.178988326848249
nug20,2,SK,260,2.315101146697998,2648.0,3.035019455252918
nug20,2,SK,280,2.492379903793335,2598.0,1.0894941634241244
nug20,2,SK,300,2.66890811920166,2598.0,1.0894941634241244
nug20,2,SK,320,2.845740556716919,2598.0,1.0894941634241244
nug20,2,SK,340,3.0216734409332275,2598.0,1.0894941634241244
nug20,2,SK,360,3.1986255645751953,2598.0,1.0894941634241244
nug20,2,SK,380,3.3751380443573,2598.0,1.0894941634241244
nug20,2,SK,400,3.552009344100952,2598.0,1.0894941634241244
nug20,2,SK,420,3.7279739379882812,2648.0,3.035019455252918
nug20,2,SK,440,3.9072108268737793,2648.0,3.035019455252918
nug20,2,SK,460,4.083740234375,2692.0,4.747081712062257
nug20,2,SK,480,4.2605977058410645,2692.0,4.747081712062257
nug20,2,SK,500,4.436589479446411,2692.0,4.747081712062257
nug20,2,SK,520,4.613572597503662,2692.0,4.747081712062257
nug20,2,SK,540,4.79006028175354,2692.0,4.747081712062257
nug20,2,SK,560,4.9669389724731445,2692.0,4.747081712062257
nug20,2,SK,580,5.142884731292725,2690.0,4.669260700389105
nug20,2,SK,600,5.319871664047241,2690.0,4.669260700389105
nug20,2,SK,620,5.4963343143463135,2690.0,4.669260700389105
nug20,2,SK,640,5.673173666000366,2690.0,4.669260700389105
nug20,2,SK,660,5.849465847015381,2574.0,0.1556420233463035
nug20,2,SK,680,6.02647066116333,2574.0,0.1556420233463035
nug20,2,SK,700,6.2030346393585205,2574.0,0.1556420233463035
nug20,2,SK,720,6.379943132400513,2574.0,0.1556420233463035
nug20,2,SK,740,6.555887222290039,2574.0,0.1556420233463035
nug20,2,SK,760,6.732848405838013,2574.0,0.1556420233463035
nug20,2,SK,780,6.909353733062744,2574.0,0.1556420233463035
nug20,2,SK,800,7.086256504058838,2574.0,0.1556420233463035
nug20,2,SK,820,7.262221097946167,2574.0,0.1556420233463035
nug20,2,SK,840,7.439168453216553,2574.0,0.1556420233463035
nug20,2,SK,860,7.6158411502838135,2574.0,0.1556420233463035
nug20,2,SK,880,7.792813301086426,2574.0,0.1556420233463035
nug20,2,SK,900,7.968749523162842,2574.0,0.1556420233463035
nug20,2,SK,920,8.14571213722229,2574.0,0.1556420233463035
nug20,2,SK,940,8.32221531867981,2574.0,0.1556420233463035
nug20,2,SK,960,8.49913215637207,2574.0,0.1556420233463035
nug20,2,SK,980,8.675092458724976,2574.0,0.1556420233463035
nug20,2,SK,1000,8.852084398269653,2574.0,0.1556420233463035
nug20,3,PGD,1,0.001234292984008789,3424.0,33.22957198443579
nug20,3,PGD,20,0.015757322311401367,3398.0,32.217898832684824
nug20,3,PGD,40,0.031090736389160156,3288.0,27.93774319066148
nug20,3,PGD,60,0.04613304138183594,3288.0,27.93774319066148
nug20,3,PGD,80,0.06122326850891113,3288.0,27.93774319066148
nug20,3,PGD,100,0.07628750801086426,3288.0,27.93774319066148
nug20,3,PGD,120,0.09132695198059082,3288.0,27.93774319066148
nug20,3,PGD,140,0.10631036758422852,3288.0,27.93774319066148
nug20,3,PGD,160,0.12133073806762695,3288.0,27.93774319066148
nug20,3,PGD,180,0.13631868362426758,3288.0,27.93774319066148
nug20,3,PGD,200,0.15132951736450195,3288.0,27.93774319066148
nug20,3,PGD,220,0.1663069725036621,3288.0,27.93774319066148
nug20,3,PGD,240,0.1812899112701416,3288.0,27.93774319066148
nug20,3,PGD,260,0.19633054733276367,3288.0,27.93774319066148
nug20,3,PGD,280,0.21132206916809082,3288.0,27.93774319066148
nug20,3,PGD,300,0.22632455825805664,3288.0,27.93774319066148
nug20,3,PGD,320,0.2413029670715332,3288.0,27.93774319066148
nug20,3,PGD,340,0.25633907318115234,3288.0,27.93774319066148
nug20,3,PGD,360,0.2713491916656494,3288.0,27.93774319066148
nug20,3,PGD,380,0.28632497787475586,3288.0,27.93774319066148
nug20,3,PGD,400,0.30135512351989746,3288.0,27.93774319066148
nug20,3,PGD,420,0.31635093688964844,3288.0,27.93774319066148
nug20,3,PGD,440,0.33136892318725586,3288.0,27.93774319066148
nug20,3,PGD,460,0.3463730812072754,3288.0,27.93774319066148
nug20,3,PGD,480,0.36132097244262695,3288.0,27.93774319066148
nug20,3,PGD,500,0.3762385845184326,3288.0,27.93774319066148
nug20,3,PGD,520,0.39115405082702637,3288.0,27.93774319066148
nug20,3,PGD,540,0.4061088562011719,3288.0,27.93774319066148
nug20,3,PGD,560,0.421018123626709,3288.0,27.93774319066148
nug20,3,PGD,580,0.43593478202819824,3288.0,27.93774319066148
nug20,3,PGD,600,0.4508392810821533,3288.0,27.93774319066148
nug20,3,PGD,620,0.4657599925994873,3288.0,27.93774319066148
nug20,3,PGD,640,0.48066234588623047,3288.0,27.93774319066148
nug20,3,PGD,660,0.49562835693359375,3288.0,27.93774319066148
nug20,3,PGD,680,0.5105288028717041,3288.0,27.93774319066148
nug20,3,PGD,700,0.5254950523376465,3288.0,27.93774319066148
nug20,3,PGD,720,0.5403957366943359,3288.0,27.93774319066148
nug20,3,PGD,740,0.5553417205810547,3288.0,27.93774319066148
nug20,3,PGD,760,0.5703072547912598,3288.0,27.93774319066148
nug20,3,PGD,780,0.5852382183074951,3288.0,27.93774319066148
nug20,3,PGD,800,0.6001639366149902,3288.0,27.93774319066148
nug20,3,PGD,820,0.6151151657104492,3288.0,27.93774319066148
nug20,3,PGD,840,0.6300232410430908,3288.0,27.93774319066148
nug20,3,PGD,860,0.6449663639068604,3288.0,27.93774319066148
nug20,3,PGD,880,0.6598842144012451,3288.0,27.93774319066148
nug20,3,PGD,900,0.6748161315917969,3288.0,27.93774319066148
nug20,3,PGD,920,0.6897385120391846,3288.0,27.93774319066148
nug20,3,PGD,940,0.7046747207641602,3288.0,27.93774319066148
nug20,3,PGD,960,0.7195887565612793,3288.0,27.93774319066148
nug20,3,PGD,980,0.7345225811004639,3288.0,27.93774319066148
nug20,3,PGD,1000,0.7494556903839111,3288.0,27.93774319066148
nug20,3,SK,1,0.014594554901123047,3380.0,31.517509727626457
nug20,3,SK,20,0.18434405326843262,3040.0,18.28793774319066
nug20,3,SK,40,0.3606290817260742,3112.0,21.089494163424124
nug20,3,SK,60,0.5366101264953613,3096.0,20.46692607003891
nug20,3,SK,80,0.7134106159210205,2978.0,15.875486381322956
nug20,3,SK,100,0.889115571975708,2994.0,16.49805447470817
nug20,3,SK,120,1.0661053657531738,2678.0,4.202334630350195
nug20,3,SK,140,1.2423615455627441,2660.0,3.501945525291829
nug20,3,SK,160,1.4187278747558594,2660.0,3.501945525291829
nug20,3,SK,180,1.5948328971862793,2608.0,1.4785992217898831
nug20,3,SK,200,1.7715234756469727,2608.0,1.4785992217898831
nug20,3,SK,220,1.9475452899932861,2608.0,1.4785992217898831
nug20,3,SK,240,2.1240055561065674,2626.0,2.178988326848249
nug20,3,SK,260,2.299746036529541,2648.0,3.035019455252918
nug20,3,SK,280,2.4767444133758545,2598.0,1.0894941634241244
nug20,3,SK,300,2.6527597904205322,2598.0,1.0894941634241244
nug20,3,SK,320,2.8292038440704346,2598.0,1.0894941634241244
nug20,3,SK,340,3.0049808025360107,2598.0,1.0894941634241244
nug20,3,SK,360,3.1816751956939697,2598.0,1.0894941634241244
nug20,3,SK,380,3.357631206512451,2598.0,1.0894941634241244
nug20,3,SK,400,3.534114360809326,2598.0,1.0894941634241244
nug20,3,SK,420,3.709947109222412,2648.0,3.035019455252918
nug20,3,SK,440,3.8866517543792725,2648.0,3.035019455252918
nug20,3,SK,460,4.062605619430542,2692.0,4.747081712062257
nug20,3,SK,480,4.2390296459198,2692.0,4.747081712062257
nug20,3,SK,500,4.414802312850952,2692.0,4.747081712062257
nug20,3,SK,520,4.591488599777222,2692.0,4.747081712062257
nug20,3,SK,540,4.767411708831787,2692.0,4.747081712062257
nug20,3,SK,560,4.9438488483428955,2692.0,4.747081712062257
nug20,3,SK,580,5.119621515274048,2690.0,4.669260700389105
nug20,3,SK,600,5.296350479125977,2690.0,4.669260700389105
nug20,3,SK,620,5.472323894500732,2690.0,4.669260700389105
nug20,3,SK,640,5.648802280426025,2690.0,4.669260700389105
nug20,3,SK,660,5.824910402297974,2574.0,0.1556420233463035
nug20,3,SK,680,6.001526832580566,2574.0,0.1556420233463035
nug20,3,SK,700,6.17752480506897,2574.0,0.1556420233463035
nug20,3,SK,720,6.353968858718872,2574.0,0.1556420233463035
nug20,3,SK,740,6.529742479324341,2574.0,0.1556420233463035
nug20,3,SK,760,6.706400156021118,2574.0,0.1556420233463035
nug20,3,SK,780,6.882334470748901,2574.0,0.1556420233463035
nug20,3,SK,800,7.0587944984436035,2574.0,0.1556420233463035
nug20,3,SK,820,7.234572172164917,2574.0,0.1556420233463035
nug20,3,SK,840,7.411270380020142,2574.0,0.1556420233463035
nug20,3,SK,860,7.58720326423645,2574.0,0.1556420233463035
nug20,3,SK,880,7.7637107372283936,2574.0,0.1556420233463035
nug20,3,SK,900,7.939445734024048,2574.0,0.1556420233463035
nug20,3,SK,920,8.11613416671753,2574.0,0.1556420233463035
nug20,3,SK,940,8.292080163955688,2574.0,0.1556420233463035
nug20,3,SK,960,8.468538761138916,2574.0,0.1556420233463035
nug20,3,SK,980,8.644386529922485,2574.0,0.1556420233463035
nug20,3,SK,1000,8.821078777313232,2574.0,0.1556420233463035
nug20,4,PGD,1,0.0012323856353759766,3424.0,33.22957198443579
nug20,4,PGD,20,0.015770912170410156,3398.0,32.217898832684824
nug20,4,PGD,40,0.031017780303955078,3288.0,27.93774319066148
nug20,4,PGD,60,0.046072959899902344,3288.0,27.93774319066148
nug20,4,PGD,80,0.06110334396362305,3288.0,27.93774319066148
nug20,4,PGD,100,0.0761258602142334,3288.0,27.93774319066148
nug20,4,PGD,120,0.09113073348999023,3288.0,27.93774319066148
nug20,4,PGD,140,0.1061408519744873,3288.0,27.93774319066148
nug20,4,PGD,160,0.12111806869506836,3288.0,27.93774319066148
nug20,4,PGD,180,0.13618063926696777,3288.0,27.93774319066148
nug20,4,PGD,200,0.15119051933288574,3288.0,27.93774319066148
nug20,4,PGD,220,0.16619491577148438,3288.0,27.93774319066148
nug20,4,PGD,240,0.18117904663085938,3288.0,27.93774319066148
nug20,4,PGD,260,0.1962282657623291,3288.0,27.93774319066148
nug20,4,PGD,280,0.2112104892730713,3288.0,27.93774319066148
nug20,4,PGD,300,0.22623825073242188,3288.0,27.93774319066148
nug20,4,PGD,320,0.24120593070983887,3288.0,27.93774319066148
nug20,4,PGD,340,0.2562100887298584,3288.0,27.93774319066148
nug20,4,PGD,360,0.271167516708374,3288.0,27.93774319066148
nug20,4,PGD,380,0.28617215156555176,3288.0,27.93774319066148
nug20,4,PGD,400,0.3011627197265625,3288.0,27.93774319066148
nug20,4,PGD,420,0.31616783142089844,3288.0,27.93774319066148
nug20,4,PGD,440,0.3311333656311035,3288.0,27.93774319066148
nug20,4,PGD,460,0.3461477756500244,3288.0,27.93774319066148
nug20,4,PGD,480,0.3611114025115967,3288.0,27.93774319066148
nug20,4,PGD,500,0.3760538101196289,3288.0,27.93774319066148
nug20,4,PGD,520,0.3909873962402344,3288.0,27.93774319066148
nug20,4,PGD,540,0.40595293045043945,3288.0,27.93774319066148
nug20,4,PGD,560,0.4208652973175049,3288.0,27.93774319066148
nug20,4,PGD,580,0.435835599899292,3288.0,27.93774319066148
nug20,4,PGD,600,0.45075416564941406,3288.0,27.93774319066148
nug20,4,PGD,620,0.46570706367492676,3288.0,27.93774319066148
nug20,4,PGD,640,0.48062801361083984,3288.0,27.93774319066148
nug20,4,PGD,660,0.49556803703308105,3288.0,27.93774319066148
nug20,4,PGD,680,0.5104951858520508,3288.0,27.93774319066148
nug20,4,PGD,700,0.5254640579223633,3288.0,27.93774319066148
nug20,4,PGD,720,0.5403892993927002,3288.0,27.93774319066148
nug20,4,PGD,740,0.5553264617919922,3288.0,27.93774319066148
nug20,4,PGD,760,0.5702223777770996,3288.0,27.93774319066148
nug20,4,PGD,780,0.5851800441741943,3288.0,27.93774319066148
nug20,4,PGD,800,0.600090503692627,3288.0,27.93774319066148
nug20,4,PGD,820,0.6150412559509277,3288.0,27.93774319066148
nug20,4,PGD,840,0.629955530166626,3288.0,27.93774319066148
nug20,4,PGD,860,0.6448791027069092,3288.0,27.93774319066148
nug20,4,PGD,880,0.659801721572876,3288.0,27.93774319066148
nug20,4,PGD,900,0.6747651100158691,3288.0,27.93774319066148
nug20,4,PGD,920,0.6896564960479736,3288.0,27.93774319066148
nug20,4,PGD,940,0.7045807838439941,3288.0,27.93774319066148
nug20,4,PGD,960,0.7194778919219971,3288.0,27.93774319066148
nug20,4,PGD,980,0.7344262599945068,3288.0,27.93774319066148
nug20,4,PGD,1000,0.7493057250976562,3288.0,27.93774319066148
nug20,4,SK,1,0.01288747787475586,3380.0,31.517509727626457
nug20,4,SK,20,0.1986229419708252,3040.0,18.28793774319066
nug20,4,SK,40,0.3751862049102783,3112.0,21.089494163424124
nug20,4,SK,60,0.5513370037078857,3096.0,20.46692607003891
nug20,4,SK,80,0.7281560897827148,2978.0,15.875486381322956
nug20,4,SK,100,0.9039809703826904,2994.0,16.49805447470817
nug20,4,SK,120,1.0810058116912842,2678.0,4.202334630350195
nug20,4,SK,140,1.2573902606964111,2660.0,3.501945525291829
nug20,4,SK,160,1.433931589126587,2660.0,3.501945525291829
nug20,4,SK,180,1.6100585460662842,2608.0,1.4785992217898831
nug20,4,SK,200,1.7867586612701416,2608.0,1.4785992217898831
nug20,4,SK,220,1.9627063274383545,2608.0,1.4785992217898831
nug20,4,SK,240,2.1391563415527344,2626.0,2.178988326848249
nug20,4,SK,260,2.3149163722991943,2648.0,3.035019455252918
nug20,4,SK,280,2.4920239448547363,2598.0,1.0894941634241244
nug20,4,SK,300,2.668041467666626,2598.0,1.0894941634241244
nug20,4,SK,320,2.8445141315460205,2598.0,1.0894941634241244
nug20,4,SK,340,3.020284652709961,2598.0,1.0894941634241244
nug20,4,SK,360,3.1969780921936035,2598.0,1.0894941634241244
nug20,4,SK,380,3.3729145526885986,2598.0,1.0894941634241244
nug20,4,SK,400,3.5493311882019043,2598.0,1.0894941634241244
nug20,4,SK,420,3.725121259689331,2648.0,3.035019455252918
nug20,4,SK,440,3.9018325805664062,2648.0,3.035019455252918
nug20,4,SK,460,4.077735662460327,2692.0,4.747081712062257
nug20,4,SK,480,4.254150390625,2692.0,4.747081712062257
nug20,4,SK,500,4.429928779602051,2692.0,4.747081712062257
nug20,4,SK,520,4.606612920761108,2692.0,4.747081712062257
nug20,4,SK,540,4.782559633255005,2692.0,4.747081712062257
nug20,4,SK,560,4.959033012390137,2692.0,4.747081712062257
nug20,4,SK,580,5.134841203689575,2690.0,4.669260700389105
nug20,4,SK,600,5.311541557312012,2690.0,4.669260700389105
nug20,4,SK,620,5.487519979476929,2690.0,4.669260700389105
nug20,4,SK,640,5.6639933586120605,2690.0,4.669260700389105
nug20,4,SK,660,5.840168237686157,2574.0,0.1556420233463035
nug20,4,SK,680,6.016830205917358,2574.0,0.1556420233463035
nug20,4,SK,700,6.192801237106323,2574.0,0.1556420233463035
nug20,4,SK,720,6.369244337081909,2574.0,0.1556420233463035
nug20,4,SK,740,6.544986248016357,2574.0,0.1556420233463035
nug20,4,SK,760,6.721662759780884,2574.0,0.1556420233463035
nug20,4,SK,780,6.897616624832153,2574.0,0.1556420233463035
nug20,4,SK,800,7.074112176895142,2574.0,0.1556420233463035
nug20,4,SK,820,7.249866962432861,2574.0,0.1556420233463035
nug20,4,SK,840,7.42657732963562,2574.0,0.1556420233463035
nug20,4,SK,860,7.60254693031311,2574.0,0.1556420233463035
nug20,4,SK,880,7.779035568237305,2574.0,0.1556420233463035
nug20,4,SK,900,7.954805374145508,2574.0,0.1556420233463035
nug20,4,SK,920,8.131515264511108,2574.0,0.1556420233463035
nug20,4,SK,940,8.307498931884766,2574.0,0.1556420233463035
nug20,4,SK,960,8.484041929244995,2574.0,0.1556420233463035
nug20,4,SK,980,8.659952402114868,2574.0,0.1556420233463035
nug20,4,SK,1000,8.836662530899048,2574.0,0.1556420233463035
nug30,0,PGD,1,0.004235029220581055,8106.0,32.36446766819073
nug30,0,PGD,20,0.017735004425048828,8286.0,35.3037230568256
nug30,0,PGD,40,0.031931400299072266,8150.0,33.08295231874592
nug30,0,PGD,60,0.04612016677856445,8150.0,33.08295231874592
nug30,0,PGD,80,0.060456275939941406,8212.0,34.0953625081646
nug30,0,PGD,100,0.0747683048248291,8212.0,34.0953625081646
nug30,0,PGD,120,0.08906149864196777,8212.0,34.0953625081646
nug30,0,PGD,140,0.10336184501647949,8212.0,34.0953625081646
nug30,0,PGD,160,0.11760926246643066,8212.0,34.0953625081646
nug30,0,PGD,180,0.13190126419067383,8212.0,34.0953625081646
nug30,0,PGD,200,0.14611005783081055,8212.0,34.0953625081646
nug30,0,PGD,220,0.16036224365234375,8212.0,34.0953625081646
nug30,0,PGD,240,0.17460250854492188,8212.0,34.0953625081646
nug30,0,PGD,260,0.18884611129760742,8212.0,34.0953625081646
nug30,0,PGD,280,0.2031087875366211,8212.0,34.0953625081646
nug30,0,PGD,300,0.21736359596252441,8212.0,34.0953625081646
nug30,0,PGD,320,0.23156476020812988,8212.0,34.0953625081646
nug30,0,PGD,340,0.2458341121673584,8212.0,34.0953625081646
nug30,0,PGD,360,0.2600698471069336,8212.0,34.0953625081646
nug30,0,PGD,380,0.2743089199066162,8212.0,34.0953625081646
nug30,0,PGD,400,0.28858041763305664,8212.0,34.0953625081646
nug30,0,PGD,420,0.30286240577697754,8212.0,34.0953625081646
nug30,0,PGD,440,0.317110538482666,8212.0,34.0953625081646
nug30,0,PGD,460,0.33133959770202637,8212.0,34.0953625081646
nug30,0,PGD,480,0.3455829620361328,8212.0,34.0953625081646
nug30,0,PGD,500,0.359816312789917,8212.0,34.0953625081646
nug30,0,PGD,520,0.37404584884643555,8212.0,34.0953625081646
nug30,0,PGD,540,0.3882308006286621,8212.0,34.0953625081646
nug30,0,PGD,560,0.4024338722229004,8212.0,34.0953625081646
nug30,0,PGD,580,0.4166226387023926,8212.0,34.0953625081646
nug30,0,PGD,600,0.4308042526245117,8212.0,34.0953625081646
nug30,0,PGD,620,0.4450068473815918,8212.0,34.0953625081646
nug30,0,PGD,640,0.4591841697692871,8212.0,34.0953625081646
nug30,0,PGD,660,0.47340965270996094,8212.0,34.0953625081646
nug30,0,PGD,680,0.48759889602661133,8212.0,34.0953625081646
nug30,0,PGD,700,0.5017910003662109,8212.0,34.0953625081646
nug30,0,PGD,720,0.5159780979156494,8212.0,34.0953625081646
nug30,0,PGD,740,0.5301644802093506,8212.0,34.0953625081646
nug30,0,PGD,760,0.5444033145904541,8212.0,34.0953625081646
nug30,0,PGD,780,0.5586035251617432,8212.0,34.0953625081646
nug30,0,PGD,800,0.5727963447570801,8212.0,34.0953625081646
nug30,0,PGD,820,0.5870003700256348,8212.0,34.0953625081646
nug30,0,PGD,840,0.6011924743652344,8212.0,34.0953625081646
nug30,0,PGD,860,0.6153755187988281,8212.0,34.0953625081646
nug30,0,PGD,880,0.6295685768127441,8212.0,34.0953625081646
nug30,0,PGD,900,0.643733024597168,8212.0,34.0953625081646
nug30,0,PGD,920,0.6578991413116455,8212.0,34.0953625081646
nug30,0,PGD,940,0.6721096038818359,8212.0,34.0953625081646
nug30,0,PGD,960,0.6862838268280029,8212.0,34.0953625081646
nug30,0,PGD,980,0.7005264759063721,8212.0,34.0953625081646
nug30,0,PGD,1000,0.7147283554077148,8212.0,34.0953625081646
nug30,0,PGD,1020,0.7289812564849854,8212.0,34.0953625081646
nug30,0,PGD,1040,0.7431485652923584,8212.0,34.0953625081646
nug30,0,PGD,1060,0.757300615310669,8212.0,34.0953625081646
nug30,0,PGD,1080,0.7714986801147461,8212.0,34.0953625081646
nug30,0,PGD,1100,0.7857005596160889,8212.0,34.0953625081646
nug30,0,PGD,1120,0.7999837398529053,8212.0,34.0953625081646
nug30,0,PGD,1140,0.8141376972198486,8212.0,34.0953625081646
nug30,0,PGD,1160,0.8283810615539551,8212.0,34.0953625081646
nug30,0,PGD,1180,0.8425726890563965,8212.0,34.0953625081646
nug30,0,PGD,1200,0.8568365573883057,8212.0,34.0953625081646
nug30,0,PGD,1220,0.8710229396820068,8212.0,34.0953625081646
nug30,0,PGD,1240,0.8851902484893799,8212.0,34.0953625081646
nug30,0,PGD,1260,0.8993861675262451,8212.0,34.0953625081646
nug30,0,PGD,1280,0.9135532379150391,8212.0,34.0953625081646
nug30,0,PGD,1300,0.9277749061584473,8212.0,34.0953625081646
nug30,0,PGD,1320,0.9419538974761963,8212.0,34.0953625081646
nug30,0,PGD,1340,0.9561514854431152,8212.0,34.0953625081646
nug30,0,PGD,1360,0.9703288078308105,8212.0,34.0953625081646
nug30,0,PGD,1380,0.9845139980316162,8212.0,34.0953625081646
nug30,0,PGD,1400,0.9987373352050781,8212.0,34.0953625081646
nug30,0,PGD,1420,1.0129926204681396,8212.0,34.0953625081646
nug30,0,PGD,1440,1.0272681713104248,8212.0,34.0953625081646
nug30,0,PGD,1460,1.041529893875122,8212.0,34.0953625081646
nug30,0,PGD,1480,1.0557339191436768,8212.0,34.0953625081646
nug30,0,PGD,1500,1.0699808597564697,8212.0,34.0953625081646
nug30,0,SK,1,0.011944055557250977,8302.0,35.564990202482036
nug30,0,SK,20,0.20149874687194824,7814.0,27.59634225996081
nug30,0,SK,40,0.3935549259185791,7144.0,16.655780535597646
nug30,0,SK,60,0.5845189094543457,7084.0,15.676028739386021
nug30,0,SK,80,0.7767729759216309,6850.0,11.854996734160679
nug30,0,SK,100,0.968515157699585,6784.0,10.77726975832789
nug30,0,SK,120,1.1600115299224854,6776.0,10.646636185499673
nug30,0,SK,140,1.3518152236938477,6516.0,6.401045068582626
nug30,0,SK,160,1.5427663326263428,6684.0,9.14435009797518
nug30,0,SK,180,1.73325777053833,6670.0,8.9157413455258
nug30,0,SK,200,1.9242863655090332,6566.0,7.217504898758981
nug30,0,SK,220,2.114938974380493,6566.0,7.217504898758981
nug30,0,SK,240,2.306593418121338,6534.0,6.694970607446114
nug30,0,SK,260,2.498617649078369,6448.0,5.290659699542783
nug30,0,SK,280,2.6901590824127197,6434.0,5.062050947093403
nug30,0,SK,300,2.8819830417633057,6264.0,2.286087524493795
nug30,0,SK,320,3.072927474975586,6264.0,2.286087524493795
nug30,0,SK,340,3.2634057998657227,6264.0,2.286087524493795
nug30,0,SK,360,3.4543564319610596,6264.0,2.286087524493795
nug30,0,SK,380,3.646308183670044,6260.0,2.2207707380796866
nug30,0,SK,400,3.8372111320495605,6260.0,2.2207707380796866
nug30,0,SK,420,4.027759313583374,6260.0,2.2207707380796866
nug30,0,SK,440,4.218734264373779,6260.0,2.2207707380796866
nug30,0,SK,460,4.409226655960083,6260.0,2.2207707380796866
nug30,0,SK,480,4.600529909133911,6262.0,2.2534291312867407
nug30,0,SK,500,4.791681289672852,6262.0,2.2534291312867407
nug30,0,SK,520,4.982696771621704,6262.0,2.2534291312867407
nug30,0,SK,540,5.17316460609436,6262.0,2.2534291312867407
nug30,0,SK,560,5.364152193069458,6262.0,2.2534291312867407
nug30,0,SK,580,5.554609298706055,6262.0,2.2534291312867407
nug30,0,SK,600,5.745596408843994,6262.0,2.2534291312867407
nug30,0,SK,620,5.936635732650757,6262.0,2.2534291312867407
nug30,0,SK,640,6.128061532974243,6262.0,2.2534291312867407
nug30,0,SK,660,6.318556070327759,6408.0,4.637491835401699
nug30,0,SK,680,6.509539365768433,6408.0,4.637491835401699
nug30,0,SK,700,6.699974298477173,6360.0,3.8536903984323976
nug30,0,SK,720,6.890963792800903,6350.0,3.690398432397126
nug30,0,SK,740,7.081752061843872,6412.0,4.702808621815806
nug30,0,SK,760,7.273326396942139,6412.0,4.702808621815806
nug30,0,SK,780,7.463789939880371,6402.0,4.5395166557805355
nug30,0,SK,800,7.654776573181152,6402.0,4.5395166557805355
nug30,0,SK,820,7.845280170440674,6402.0,4.5395166557805355
nug30,0,SK,840,8.036293268203735,6402.0,4.5395166557805355
nug30,0,SK,860,8.227149486541748,6402.0,4.5395166557805355
nug30,0,SK,880,8.418716430664062,6402.0,4.5395166557805355
nug30,0,SK,900,8.609230518341064,6402.0,4.5395166557805355
nug30,0,SK,920,8.800220251083374,6402.0,4.5395166557805355
nug30,0,SK,940,8.990753173828125,6402.0,4.5395166557805355
nug30,0,SK,960,9.18177604675293,6402.0,4.5395166557805355
nug30,0,SK,980,9.372616291046143,6402.0,4.5395166557805355
nug30,0,SK,1000,9.56423044204712,6402.0,4.5395166557805355
nug30,0,SK,1020,9.75473690032959,6402.0,4.5395166557805355
nug30,0,SK,1040,9.945751667022705,6402.0,4.5395166557805355
nug30,0,SK,1060,10.136245727539062,6402.0,4.5395166557805355
nug30,0,SK,1080,10.327188730239868,6402.0,4.5395166557805355
nug30,0,SK,1100,10.518120288848877,6402.0,4.5395166557805355
nug30,0,SK,1120,10.709699630737305,6402.0,4.5395166557805355
nug30,0,SK,1140,10.900277137756348,6402.0,4.5395166557805355
nug30,0,SK,1160,11.091286659240723,6412.0,4.702808621815806
nug30,0,SK,1180,11.281766891479492,6412.0,4.702808621815806
nug30,0,SK,1200,11.472754001617432,6412.0,4.702808621815806
nug30,0,SK,1220,11.6636643409729,6412.0,4.702808621815806
nug30,0,SK,1240,11.855146408081055,6412.0,4.702808621815806
nug30,0,SK,1260,12.045700311660767,6412.0,4.702808621815806
nug30,0,SK,1280,12.236715078353882,6412.0,4.702808621815806
nug30,0,SK,1300,12.427204847335815,6350.0,3.690398432397126
nug30,0,SK,1320,12.618187665939331,6350.0,3.690398432397126
nug30,0,SK,1340,12.80920672416687,6350.0,3.690398432397126
nug30,0,SK,1360,13.000829696655273,6350.0,3.690398432397126
nug30,0,SK,1380,13.191288471221924,6350.0,3.690398432397126
nug30,0,SK,1400,13.382307529449463,6350.0,3.690398432397126
nug30,0,SK,1420,13.57278037071228,6350.0,3.690398432397126
nug30,0,SK,1440,13.763785600662231,6350.0,3.690398432397126
nug30,0,SK,1460,13.954707860946655,6350.0,3.690398432397126
nug30,0,SK,1480,14.14631724357605,6350.0,3.690398432397126
nug30,0,SK,1500,14.336712837219238,6350.0,3.690398432397126
nug30,1,PGD,1,0.0021588802337646484,8106.0,32.36446766819073
nug30,1,PGD,20,0.015655040740966797,8286.0,35.3037230568256
nug30,1,PGD,40,0.029793977737426758,8150.0,33.08295231874592
nug30,1,PGD,60,0.04408860206604004,8150.0,33.08295231874592
nug30,1,PGD,80,0.05834484100341797,8212.0,34.0953625081646
nug30,1,PGD,100,0.07261347770690918,8212.0,34.0953625081646
nug30,1,PGD,120,0.08685898780822754,8212.0,34.0953625081646
nug30,1,PGD,140,0.1011192798614502,8212.0,34.0953625081646
nug30,1,PGD,160,0.11535501480102539,8212.0,34.0953625081646
nug30,1,PGD,180,0.12959933280944824,8212.0,34.0953625081646
nug30,1,PGD,200,0.14382362365722656,8212.0,34.0953625081646
nug30,1,PGD,220,0.15805959701538086,8212.0,34.0953625081646
nug30,1,PGD,240,0.17227602005004883,8212.0,34.0953625081646
nug30,1,PGD,260,0.18651723861694336,8212.0,34.0953625081646
nug30,1,PGD,280,0.2007288932800293,8212.0,34.0953625081646
nug30,1,PGD,300,0.2149665355682373,8212.0,34.0953625081646
nug30,1,PGD,320,0.2291867733001709,8212.0,34.0953625081646
nug30,1,PGD,340,0.24343466758728027,8212.0,34.0953625081646
nug30,1,PGD,360,0.25766515731811523,8212.0,34.0953625081646
nug30,1,PGD,380,0.271899938583374,8212.0,34.0953625081646
nug30,1,PGD,400,0.28611087799072266,8212.0,34.0953625081646
nug30,1,PGD,420,0.30035400390625,8212.0,34.0953625081646
nug30,1,PGD,440,0.3145618438720703,8212.0,34.0953625081646
nug30,1,PGD,460,0.3288078308105469,8212.0,34.0953625081646
nug30,1,PGD,480,0.34302520751953125,8212.0,34.0953625081646
nug30,1,PGD,500,0.3572702407836914,8212.0,34.0953625081646
nug30,1,PGD,520,0.37150001525878906,8212.0,34.0953625081646
nug30,1,PGD,540,0.3856818675994873,8212.0,34.0953625081646
nug30,1,PGD,560,0.39984917640686035,8212.0,34.0953625081646
nug30,1,PGD,580,0.4140305519104004,8212.0,34.0953625081646
nug30,1,PGD,600,0.428194522857666,8212.0,34.0953625081646
nug30,1,PGD,620,0.4423525333404541,8212.0,34.0953625081646
nug30,1,PGD,640,0.45651769638061523,8212.0,34.0953625081646
nug30,1,PGD,660,0.47068071365356445,8212.0,34.0953625081646
nug30,1,PGD,680,0.4848601818084717,8212.0,34.0953625081646
nug30,1,PGD,700,0.4990394115447998,8212.0,34.0953625081646
nug30,1,PGD,720,0.5131924152374268,8212.0,34.0953625081646
nug30,1,PGD,740,0.527379035949707,8212.0,34.0953625081646
nug30,1,PGD,760,0.5415377616882324,8212.0,34.0953625081646
nug30,1,PGD,780,0.5557115077972412,8212.0,34.0953625081646
nug30,1,PGD,800,0.5698933601379395,8212.0,34.0953625081646
nug30,1,PGD,820,0.5840582847595215,8212.0,34.0953625081646
nug30,1,PGD,840,0.5982482433319092,8212.0,34.0953625081646
nug30,1,PGD,860,0.6124153137207031,8212.0,34.0953625081646
nug30,1,PGD,880,0.626600980758667,8212.0,34.0953625081646
nug30,1,PGD,900,0.6407616138458252,8212.0,34.0953625081646
nug30,1,PGD,920,0.6548991203308105,8212.0,34.0953625081646
nug30,1,PGD,940,0.6690859794616699,8212.0,34.0953625081646
nug30,1,PGD,960,0.6832385063171387,8212.0,34.0953625081646
nug30,1,PGD,980,0.697432279586792,8212.0,34.0953625081646
nug30,1,PGD,1000,0.7115960121154785,8212.0,34.0953625081646
nug30,1,PGD,1020,0.7257726192474365,8212.0,34.0953625081646
nug30,1,PGD,1040,0.739943265914917,8212.0,34.0953625081646
nug30,1,PGD,1060,0.7541153430938721,8212.0,34.0953625081646
nug30,1,PGD,1080,0.7682905197143555,8212.0,34.0953625081646
nug30,1,PGD,1100,0.7824625968933105,8212.0,34.0953625081646
nug30,1,PGD,1120,0.7966334819793701,8212.0,34.0953625081646
nug30,1,PGD,1140,0.8108177185058594,8212.0,34.0953625081646
nug30,1,PGD,1160,0.8249764442443848,8212.0,34.0953625081646
nug30,1,PGD,1180,0.8391482830047607,8212.0,34.0953625081646
nug30,1,PGD,1200,0.8533337116241455,8212.0,34.0953625081646
nug30,1,PGD,1220,0.867509126663208,8212.0,34.0953625081646
nug30,1,PGD,1240,0.8817613124847412,8212.0,34.0953625081646
nug30,1,PGD,1260,0.8960251808166504,8212.0,34.0953625081646
nug30,1,PGD,1280,0.910259485244751,8212.0,34.0953625081646
nug30,1,PGD,1300,0.9245343208312988,8212.0,34.0953625081646
nug30,1,PGD,1320,0.9387774467468262,8212.0,34.0953625081646
nug30,1,PGD,1340,0.953038215637207,8212.0,34.0953625081646
nug30,1,PGD,1360,0.9672489166259766,8212.0,34.0953625081646
nug30,1,PGD,1380,0.9814953804016113,8212.0,34.0953625081646
nug30,1,PGD,1400,0.9957399368286133,8212.0,34.0953625081646
nug30,1,PGD,1420,1.0100066661834717,8212.0,34.0953625081646
nug30,1,PGD,1440,1.0242342948913574,8212.0,34.0953625081646
nug30,1,PGD,1460,1.0384547710418701,8212.0,34.0953625081646
nug30,1,PGD,1480,1.052687644958496,8212.0,34.0953625081646
nug30,1,PGD,1500,1.066964864730835,8212.0,34.0953625081646
nug30,1,SK,1,0.011277914047241211,8302.0,35.564990202482036
nug30,1,SK,20,0.19440817832946777,7814.0,27.59634225996081
nug30,1,SK,40,0.38596463203430176,7144.0,16.655780535597646
nug30,1,SK,60,0.5782296657562256,7084.0,15.676028739386021
nug30,1,SK,80,0.7703976631164551,6850.0,11.854996734160679
nug30,1,SK,100,0.9631195068359375,6784.0,10.77726975832789
nug30,1,SK,120,1.153778314590454,6776.0,10.646636185499673
nug30,1,SK,140,1.3464877605438232,6516.0,6.401045068582626
nug30,1,SK,160,1.5373060703277588,6684.0,9.14435009797518
nug30,1,SK,180,1.7286162376403809,6670.0,8.9157413455258
nug30,1,SK,200,1.9190917015075684,6566.0,7.217504898758981
nug30,1,SK,220,2.1111490726470947,6566.0,7.217504898758981
nug30,1,SK,240,2.30200457572937,6534.0,6.694970607446114
nug30,1,SK,260,2.494814157485962,6448.0,5.290659699542783
nug30,1,SK,280,2.6856563091278076,6434.0,5.062050947093403
nug30,1,SK,300,2.878439426422119,6264.0,2.286087524493795
nug30,1,SK,320,3.069675922393799,6264.0,2.286087524493795
nug30,1,SK,340,3.261565685272217,6264.0,2.286087524493795
nug30,1,SK,360,3.4516749382019043,6264.0,2.286087524493795
nug30,1,SK,380,3.6444051265716553,6260.0,2.2207707380796866
nug30,1,SK,400,3.8352112770080566,6260.0,2.2207707380796866
nug30,1,SK,420,4.026523590087891,6260.0,2.2207707380796866
nug30,1,SK,440,4.217305898666382,6260.0,2.2207707380796866
nug30,1,SK,460,4.409215688705444,6260.0,2.2207707380796866
nug30,1,SK,480,4.600078344345093,6262.0,2.2534291312867407
nug30,1,SK,500,4.791405200958252,6262.0,2.2534291312867407
nug30,1,SK,520,4.981603145599365,6262.0,2.2534291312867407
nug30,1,SK,540,5.173122406005859,6262.0,2.2534291312867407
nug30,1,SK,560,5.3646557331085205,6262.0,2.2534291312867407
nug30,1,SK,580,5.556390762329102,6262.0,2.2534291312867407
nug30,1,SK,600,5.746577262878418,6262.0,2.2534291312867407
nug30,1,SK,620,5.9381208419799805,6262.0,2.2534291312867407
nug30,1,SK,640,6.1289708614349365,6262.0,2.2534291312867407
nug30,1,SK,660,6.320541143417358,6408.0,4.637491835401699
nug30,1,SK,680,6.511416912078857,6408.0,4.637491835401699
nug30,1,SK,700,6.703095436096191,6360.0,3.8536903984323976
nug30,1,SK,720,6.893902540206909,6350.0,3.690398432397126
nug30,1,SK,740,7.085304498672485,6412.0,4.702808621815806
nug30,1,SK,760,7.2754456996917725,6412.0,4.702808621815806
nug30,1,SK,780,7.467146158218384,6402.0,4.5395166557805355
nug30,1,SK,800,7.658602476119995,6402.0,4.5395166557805355
nug30,1,SK,820,7.849936485290527,6402.0,4.5395166557805355
nug30,1,SK,840,8.04006314277649,6402.0,4.5395166557805355
nug30,1,SK,860,8.231529951095581,6402.0,4.5395166557805355
nug30,1,SK,880,8.42240285873413,6402.0,4.5395166557805355
nug30,1,SK,900,8.61451244354248,6402.0,4.5395166557805355
nug30,1,SK,920,8.805153846740723,6402.0,4.5395166557805355
nug30,1,SK,940,8.9965500831604,6402.0,4.5395166557805355
nug30,1,SK,960,9.18735647201538,6402.0,4.5395166557805355
nug30,1,SK,980,9.378671407699585,6402.0,4.5395166557805355
nug30,1,SK,1000,9.569204092025757,6402.0,4.5395166557805355
nug30,1,SK,1020,9.761231422424316,6402.0,4.5395166557805355
nug30,1,SK,1040,9.952332973480225,6402.0,4.5395166557805355
nug30,1,SK,1060,10.14367961883545,6402.0,4.5395166557805355
nug30,1,SK,1080,10.333807229995728,6402.0,4.5395166557805355
nug30,1,SK,1100,10.525211811065674,6402.0,4.5395166557805355
nug30,1,SK,1120,10.716670989990234,6402.0,4.5395166557805355
nug30,1,SK,1140,10.908657312393188,6402.0,4.5395166557805355
nug30,1,SK,1160,11.098830699920654,6412.0,4.702808621815806
nug30,1,SK,1180,11.290329694747925,6412.0,4.702808621815806
nug30,1,SK,1200,11.48114275932312,6412.0,4.702808621815806
nug30,1,SK,1220,11.672507524490356,6412.0,4.702808621815806
nug30,1,SK,1240,11.863541603088379,6412.0,4.702808621815806
nug30,1,SK,1260,12.055474758148193,6412.0,4.702808621815806
nug30,1,SK,1280,12.246364831924438,6412.0,4.702808621815806
nug30,1,SK,1300,12.437780380249023,6350.0,3.690398432397126
nug30,1,SK,1320,12.62787652015686,6350.0,3.690398432397126
nug30,1,SK,1340,12.819513320922852,6350.0,3.690398432397126
nug30,1,SK,1360,13.011086702346802,6350.0,3.690398432397126
nug30,1,SK,1380,13.202725887298584,6350.0,3.690398432397126
nug30,1,SK,1400,13.392871856689453,6350.0,3.690398432397126
nug30,1,SK,1420,13.584290266036987,6350.0,3.690398432397126
nug30,1,SK,1440,13.78028154373169,6350.0,3.690398432397126
nug30,1,SK,1460,13.971871852874756,6350.0,3.690398432397126
nug30,1,SK,1480,14.16277551651001,6350.0,3.690398432397126
nug30,1,SK,1500,14.354596853256226,6350.0,3.690398432397126
nug30,2,PGD,1,0.0021677017211914062,8106.0,32.36446766819073
nug30,2,PGD,20,0.015758514404296875,8286.0,35.3037230568256
nug30,2,PGD,40,0.03003716468811035,8150.0,33.08295231874592
nug30,2,PGD,60,0.04433774948120117,8150.0,33.08295231874592
nug30,2,PGD,80,0.058715105056762695,8212.0,34.0953625081646
nug30,2,PGD,100,0.07302975654602051,8212.0,34.0953625081646
nug30,2,PGD,120,0.08742451667785645,8212.0,34.0953625081646
nug30,2,PGD,140,0.10181808471679688,8212.0,34.0953625081646
nug30,2,PGD,160,0.11614036560058594,8212.0,34.0953625081646
nug30,2,PGD,180,0.13045430183410645,8212.0,34.0953625081646
nug30,2,PGD,200,0.1447892189025879,8212.0,34.0953625081646
nug30,2,PGD,220,0.1591324806213379,8212.0,34.0953625081646
nug30,2,PGD,240,0.17351436614990234,8212.0,34.0953625081646
nug30,2,PGD,260,0.1878964900970459,8212.0,34.0953625081646
nug30,2,PGD,280,0.20222187042236328,8212.0,34.0953625081646
nug30,2,PGD,300,0.2165522575378418,8212.0,34.0953625081646
nug30,2,PGD,320,0.23090100288391113,8212.0,34.0953625081646
nug30,2,PGD,340,0.24524378776550293,8212.0,34.0953625081646
nug30,2,PGD,360,0.25963616371154785,8212.0,34.0953625081646
nug30,2,PGD,380,0.2740058898925781,8212.0,34.0953625081646
nug30,2,PGD,400,0.28832530975341797,8212.0,34.0953625081646
nug30,2,PGD,420,0.3026547431945801,8212.0,34.0953625081646
nug30,2,PGD,440,0.31701207160949707,8212.0,34.0953625081646
nug30,2,PGD,460,0.33133983612060547,8212.0,34.0953625081646
nug30,2,PGD,480,0.34571003913879395,8212.0,34.0953625081646
nug30,2,PGD,500,0.36008310317993164,8212.0,34.0953625081646
nug30,2,PGD,520,0.374347448348999,8212.0,34.0953625081646
nug30,2,PGD,540,0.38864970207214355,8212.0,34.0953625081646
nug30,2,PGD,560,0.40290260314941406,8212.0,34.0953625081646
nug30,2,PGD,580,0.41718482971191406,8212.0,34.0953625081646
nug30,2,PGD,600,0.43150901794433594,8212.0,34.0953625081646
nug30,2,PGD,620,0.44582295417785645,8212.0,34.0953625081646
nug30,2,PGD,640,0.46010565757751465,8212.0,34.0953625081646
nug30,2,PGD,660,0.4743461608886719,8212.0,34.0953625081646
nug30,2,PGD,680,0.48865294456481934,8212.0,34.0953625081646
nug30,2,PGD,700,0.5028998851776123,8212.0,34.0953625081646
nug30,2,PGD,720,0.5172100067138672,8212.0,34.0953625081646
nug30,2,PGD,740,0.5315370559692383,8212.0,34.0953625081646
nug30,2,PGD,760,0.5458128452301025,8212.0,34.0953625081646
nug30,2,PGD,780,0.5601012706756592,8212.0,34.0953625081646
nug30,2,PGD,800,0.5743608474731445,8212.0,34.0953625081646
nug30,2,PGD,820,0.5886726379394531,8212.0,34.0953625081646
nug30,2,PGD,840,0.6029829978942871,8212.0,34.0953625081646
nug30,2,PGD,860,0.6172771453857422,8212.0,34.0953625081646
nug30,2,PGD,880,0.6315762996673584,8212.0,34.0953625081646
nug30,2,PGD,900,0.6458454132080078,8212.0,34.0953625081646
nug30,2,PGD,920,0.6601355075836182,8212.0,34.0953625081646
nug30,2,PGD,940,0.6743824481964111,8212.0,34.0953625081646
nug30,2,PGD,960,0.6887164115905762,8212.0,34.0953625081646
nug30,2,PGD,980,0.7030301094055176,8212.0,34.0953625081646
nug30,2,PGD,1000,0.7172873020172119,8212.0,34.0953625081646
nug30,2,PGD,1020,0.7315855026245117,8212.0,34.0953625081646
nug30,2,PGD,1040,0.7458629608154297,8212.0,34.0953625081646
nug30,2,PGD,1060,0.7601521015167236,8212.0,34.0953625081646
nug30,2,PGD,1080,0.7744531631469727,8212.0,34.0953625081646
nug30,2,PGD,1100,0.7887802124023438,8212.0,34.0953625081646
nug30,2,PGD,1120,0.8030672073364258,8212.0,34.0953625081646
nug30,2,PGD,1140,0.8173294067382812,8212.0,34.0953625081646
nug30,2,PGD,1160,0.8316195011138916,8212.0,34.0953625081646
nug30,2,PGD,1180,0.8458991050720215,8212.0,34.0953625081646
nug30,2,PGD,1200,0.8602266311645508,8212.0,34.0953625081646
nug30,2,PGD,1220,0.87451171875,8212.0,34.0953625081646
nug30,2,PGD,1240,0.8888149261474609,8212.0,34.0953625081646
nug30,2,PGD,1260,0.9031152725219727,8212.0,34.0953625081646
nug30,2,PGD,1280,0.9173600673675537,8212.0,34.0953625081646
nug30,2,PGD,1300,0.9316530227661133,8212.0,34.0953625081646
nug30,2,PGD,1320,0.9459760189056396,8212.0,34.0953625081646
nug30,2,PGD,1340,0.960296630859375,8212.0,34.0953625081646
nug30,2,PGD,1360,0.9745609760284424,8212.0,34.0953625081646
nug30,2,PGD,1380,0.9888961315155029,8212.0,34.0953625081646
nug30,2,PGD,1400,1.0032544136047363,8212.0,34.0953625081646
nug30,2,PGD,1420,1.017618179321289,8212.0,34.0953625081646
nug30,2,PGD,1440,1.0319774150848389,8212.0,34.0953625081646
nug30,2,PGD,1460,1.0463588237762451,8212.0,34.0953625081646
nug30,2,PGD,1480,1.0606980323791504,8212.0,34.0953625081646
nug30,2,PGD,1500,1.0750467777252197,8212.0,34.0953625081646
nug30,2,SK,1,0.015183448791503906,8302.0,35.564990202482036
nug30,2,SK,20,0.20060324668884277,7814.0,27.59634225996081
nug30,2,SK,40,0.3929598331451416,7144.0,16.655780535597646
nug30,2,SK,60,0.583876371383667,7084.0,15.676028739386021
nug30,2,SK,80,0.7758502960205078,6850.0,11.854996734160679
nug30,2,SK,100,0.9676237106323242,6784.0,10.77726975832789
nug30,2,SK,120,1.1591236591339111,6776.0,10.646636185499673
nug30,2,SK,140,1.3507657051086426,6516.0,6.401045068582626
nug30,2,SK,160,1.5414376258850098,6684.0,9.14435009797518
nug30,2,SK,180,1.7323064804077148,6670.0,8.9157413455258
nug30,2,SK,200,1.923790693283081,6566.0,7.217504898758981
nug30,2,SK,220,2.1141836643218994,6566.0,7.217504898758981
nug30,2,SK,240,2.3047571182250977,6534.0,6.694970607446114
nug30,2,SK,260,2.4965877532958984,6448.0,5.290659699542783
nug30,2,SK,280,2.688690185546875,6434.0,5.062050947093403
nug30,2,SK,300,2.8811230659484863,6264.0,2.286087524493795
nug30,2,SK,320,3.0717263221740723,6264.0,2.286087524493795
nug30,2,SK,340,3.2621047496795654,6264.0,2.286087524493795
nug30,2,SK,360,3.4530608654022217,6264.0,2.286087524493795
nug30,2,SK,380,3.6448497772216797,6260.0,2.2207707380796866
nug30,2,SK,400,3.8361380100250244,6260.0,2.2207707380796866
nug30,2,SK,420,4.0271430015563965,6260.0,2.2207707380796866
nug30,2,SK,440,4.218234539031982,6260.0,2.2207707380796866
nug30,2,SK,460,4.408565521240234,6260.0,2.2207707380796866
nug30,2,SK,480,4.599167108535767,6262.0,2.2534291312867407
nug30,2,SK,500,4.78948450088501,6262.0,2.2534291312867407
nug30,2,SK,520,4.981290578842163,6262.0,2.2534291312867407
nug30,2,SK,540,5.172257900238037,6262.0,2.2534291312867407
nug30,2,SK,560,5.362860679626465,6262.0,2.2534291312867407
nug30,2,SK,580,5.553183317184448,6262.0,2.2534291312867407
nug30,2,SK,600,5.744138717651367,6262.0,2.2534291312867407
nug30,2,SK,620,5.93480920791626,6262.0,2.2534291312867407
nug30,2,SK,640,6.126039028167725,6262.0,2.2534291312867407
nug30,2,SK,660,6.316515684127808,6408.0,4.637491835401699
nug30,2,SK,680,6.5075061321258545,6408.0,4.637491835401699
nug30,2,SK,700,6.697822093963623,6360.0,3.8536903984323976
nug30,2,SK,720,6.88843846321106,6350.0,3.690398432397126
nug30,2,SK,740,7.079759120941162,6412.0,4.702808621815806
nug30,2,SK,760,7.271342039108276,6412.0,4.702808621815806
nug30,2,SK,780,7.4617390632629395,6402.0,4.5395166557805355
nug30,2,SK,800,7.652369976043701,6402.0,4.5395166557805355
nug30,2,SK,820,7.842772960662842,6402.0,4.5395166557805355
nug30,2,SK,840,8.03427505493164,6402.0,4.5395166557805355
nug30,2,SK,860,8.225279092788696,6402.0,4.5395166557805355
nug30,2,SK,880,8.41612195968628,6402.0,4.5395166557805355
nug30,2,SK,900,8.606431245803833,6402.0,4.5395166557805355
nug30,2,SK,920,8.797425031661987,6402.0,4.5395166557805355
nug30,2,SK,940,8.987802267074585,6402.0,4.5395166557805355
nug30,2,SK,960,9.179239988327026,6402.0,4.5395166557805355
nug30,2,SK,980,9.370220422744751,6402.0,4.5395166557805355
nug30,2,SK,1000,9.561244010925293,6402.0,4.5395166557805355
nug30,2,SK,1020,9.751614570617676,6402.0,4.5395166557805355
nug30,2,SK,1040,9.942218542098999,6402.0,4.5395166557805355
nug30,2,SK,1060,10.133055448532104,6402.0,4.5395166557805355
nug30,2,SK,1080,10.324689626693726,6402.0,4.5395166557805355
nug30,2,SK,1100,10.515318870544434,6402.0,4.5395166557805355
nug30,2,SK,1120,10.705932140350342,6402.0,4.5395166557805355
nug30,2,SK,1140,10.896337509155273,6402.0,4.5395166557805355
nug30,2,SK,1160,11.087368965148926,6412.0,4.702808621815806
nug30,2,SK,1180,11.278610706329346,6412.0,4.702808621815806
nug30,2,SK,1200,11.469812393188477,6412.0,4.702808621815806
nug30,2,SK,1220,11.660215854644775,6412.0,4.702808621815806
nug30,2,SK,1240,11.851183652877808,6412.0,4.702808621815806
nug30,2,SK,1260,12.04152774810791,6412.0,4.702808621815806
nug30,2,SK,1280,12.232658863067627,6412.0,4.702808621815806
nug30,2,SK,1300,12.423790216445923,6350.0,3.690398432397126
nug30,2,SK,1320,12.615063905715942,6350.0,3.690398432397126
nug30,2,SK,1340,12.805371046066284,6350.0,3.690398432397126
nug30,2,SK,1360,12.995957374572754,6350.0,3.690398432397126
nug30,2,SK,1380,13.186370849609375,6350.0,3.690398432397126
nug30,2,SK,1400,13.378283262252808,6350.0,3.690398432397126
nug30,2,SK,1420,13.569341897964478,6350.0,3.690398432397126
nug30,2,SK,1440,13.759910821914673,6350.0,3.690398432397126
nug30,2,SK,1460,13.950273275375366,6350.0,3.690398432397126
nug30,2,SK,1480,14.141273498535156,6350.0,3.690398432397126
nug30,2,SK,1500,14.332441806793213,6350.0,3.690398432397126
nug30,3,PGD,1,0.0022094249725341797,8106.0,32.36446766819073
nug30,3,PGD,20,0.015745162963867188,8286.0,35.3037230568256
nug30,3,PGD,40,0.029907941818237305,8150.0,33.08295231874592
nug30,3,PGD,60,0.04411745071411133,8150.0,33.08295231874592
nug30,3,PGD,80,0.05837273597717285,8212.0,34.0953625081646
nug30,3,PGD,100,0.07266592979431152,8212.0,34.0953625081646
nug30,3,PGD,120,0.08691692352294922,8212.0,34.0953625081646
nug30,3,PGD,140,0.10117936134338379,8212.0,34.0953625081646
nug30,3,PGD,160,0.11542081832885742,8212.0,34.0953625081646
nug30,3,PGD,180,0.12968015670776367,8212.0,34.0953625081646
nug30,3,PGD,200,0.14388799667358398,8212.0,34.0953625081646
nug30,3,PGD,220,0.15812993049621582,8212.0,34.0953625081646
nug30,3,PGD,240,0.17233705520629883,8212.0,34.0953625081646
nug30,3,PGD,260,0.18658161163330078,8212.0,34.0953625081646
nug30,3,PGD,280,0.20078492164611816,8212.0,34.0953625081646
nug30,3,PGD,300,0.215010404586792,8212.0,34.0953625081646
nug30,3,PGD,320,0.22922635078430176,8212.0,34.0953625081646
nug30,3,PGD,340,0.24347162246704102,8212.0,34.0953625081646
nug30,3,PGD,360,0.25768327713012695,8212.0,34.0953625081646
nug30,3,PGD,380,0.271944522857666,8212.0,34.0953625081646
nug30,3,PGD,400,0.28617048263549805,8212.0,34.0953625081646
nug30,3,PGD,420,0.3004283905029297,8212.0,34.0953625081646
nug30,3,PGD,440,0.3146519660949707,8212.0,34.0953625081646
nug30,3,PGD,460,0.32891011238098145,8212.0,34.0953625081646
nug30,3,PGD,480,0.3431284427642822,8212.0,34.0953625081646
nug30,3,PGD,500,0.3573777675628662,8212.0,34.0953625081646
nug30,3,PGD,520,0.37155604362487793,8212.0,34.0953625081646
nug30,3,PGD,540,0.3857455253601074,8212.0,34.0953625081646
nug30,3,PGD,560,0.39990758895874023,8212.0,34.0953625081646
nug30,3,PGD,580,0.41408348083496094,8212.0,34.0953625081646
nug30,3,PGD,600,0.42827773094177246,8212.0,34.0953625081646
nug30,3,PGD,620,0.44243550300598145,8212.0,34.0953625081646
nug30,3,PGD,640,0.4566311836242676,8212.0,34.0953625081646
nug30,3,PGD,660,0.470792293548584,8212.0,34.0953625081646
nug30,3,PGD,680,0.4849669933319092,8212.0,34.0953625081646
nug30,3,PGD,700,0.4991629123687744,8212.0,34.0953625081646
nug30,3,PGD,720,0.5133607387542725,8212.0,34.0953625081646
nug30,3,PGD,740,0.5276181697845459,8212.0,34.0953625081646
nug30,3,PGD,760,0.5417938232421875,8212.0,34.0953625081646
nug30,3,PGD,780,0.5559899806976318,8212.0,34.0953625081646
nug30,3,PGD,800,0.5701353549957275,8212.0,34.0953625081646
nug30,3,PGD,820,0.5843207836151123,8212.0,34.0953625081646
nug30,3,PGD,840,0.5984876155853271,8212.0,34.0953625081646
nug30,3,PGD,860,0.6126508712768555,8212.0,34.0953625081646
nug30,3,PGD,880,0.6268537044525146,8212.0,34.0953625081646
nug30,3,PGD,900,0.6410789489746094,8212.0,34.0953625081646
nug30,3,PGD,920,0.6553516387939453,8212.0,34.0953625081646
nug30,3,PGD,940,0.6696057319641113,8212.0,34.0953625081646
nug30,3,PGD,960,0.6838526725769043,8212.0,34.0953625081646
nug30,3,PGD,980,0.698089599609375,8212.0,34.0953625081646
nug30,3,PGD,1000,0.7123315334320068,8212.0,34.0953625081646
nug30,3,PGD,1020,0.7265374660491943,8212.0,34.0953625081646
nug30,3,PGD,1040,0.740778923034668,8212.0,34.0953625081646
nug30,3,PGD,1060,0.7549910545349121,8212.0,34.0953625081646
nug30,3,PGD,1080,0.7692255973815918,8212.0,34.0953625081646
nug30,3,PGD,1100,0.7834551334381104,8212.0,34.0953625081646
nug30,3,PGD,1120,0.7976751327514648,8212.0,34.0953625081646
nug30,3,PGD,1140,0.8119094371795654,8212.0,34.0953625081646
nug30,3,PGD,1160,0.8261663913726807,8212.0,34.0953625081646
nug30,3,PGD,1180,0.8403754234313965,8212.0,34.0953625081646
nug30,3,PGD,1200,0.8546152114868164,8212.0,34.0953625081646
nug30,3,PGD,1220,0.8688356876373291,8212.0,34.0953625081646
nug30,3,PGD,1240,0.8830647468566895,8212.0,34.0953625081646
nug30,3,PGD,1260,0.8973104953765869,8212.0,34.0953625081646
nug30,3,PGD,1280,0.9115242958068848,8212.0,34.0953625081646
nug30,3,PGD,1300,0.9256923198699951,8212.0,34.0953625081646
nug30,3,PGD,1320,0.9398572444915771,8212.0,34.0953625081646
nug30,3,PGD,1340,0.9540276527404785,8212.0,34.0953625081646
nug30,3,PGD,1360,0.9681825637817383,8212.0,34.0953625081646
nug30,3,PGD,1380,0.9823532104492188,8212.0,34.0953625081646
nug30,3,PGD,1400,0.9965100288391113,8212.0,34.0953625081646
nug30,3,PGD,1420,1.010723352432251,8212.0,34.0953625081646
nug30,3,PGD,1440,1.0249707698822021,8212.0,34.0953625081646
nug30,3,PGD,1460,1.0392422676086426,8212.0,34.0953625081646
nug30,3,PGD,1480,1.0534682273864746,8212.0,34.0953625081646
nug30,3,PGD,1500,1.0677309036254883,8212.0,34.0953625081646
nug30,3,SK,1,0.011954307556152344,8302.0,35.564990202482036
nug30,3,SK,20,0.2041029930114746,7814.0,27.59634225996081
nug30,3,SK,40,0.39550256729125977,7144.0,16.655780535597646
nug30,3,SK,60,0.587407112121582,7084.0,15.676028739386021
nug30,3,SK,80,0.7794835567474365,6850.0,11.854996734160679
nug30,3,SK,100,0.9722073078155518,6784.0,10.77726975832789
nug30,3,SK,120,1.1630115509033203,6776.0,10.646636185499673
nug30,3,SK,140,1.3563640117645264,6516.0,6.401045068582626
nug30,3,SK,160,1.5475172996520996,6684.0,9.14435009797518
nug30,3,SK,180,1.738856315612793,6670.0,8.9157413455258
nug30,3,SK,200,1.9290668964385986,6566.0,7.217504898758981
nug30,3,SK,220,2.120605707168579,6566.0,7.217504898758981
nug30,3,SK,240,2.3124165534973145,6534.0,6.694970607446114
nug30,3,SK,260,2.5057647228240967,6448.0,5.290659699542783
nug30,3,SK,280,2.6964683532714844,6434.0,5.062050947093403
nug30,3,SK,300,2.88916015625,6264.0,2.286087524493795
nug30,3,SK,320,3.0799872875213623,6264.0,2.286087524493795
nug30,3,SK,340,3.271711826324463,6264.0,2.286087524493795
nug30,3,SK,360,3.462754726409912,6264.0,2.286087524493795
nug30,3,SK,380,3.6561248302459717,6260.0,2.2207707380796866
nug30,3,SK,400,3.8469183444976807,6260.0,2.2207707380796866
nug30,3,SK,420,4.038260221481323,6260.0,2.2207707380796866
nug30,3,SK,440,4.228380918502808,6260.0,2.2207707380796866
nug30,3,SK,460,4.420290470123291,6260.0,2.2207707380796866
nug30,3,SK,480,4.611935377120972,6262.0,2.2534291312867407
nug30,3,SK,500,4.803856134414673,6262.0,2.2534291312867407
nug30,3,SK,520,4.99407172203064,6262.0,2.2534291312867407
nug30,3,SK,540,5.185450792312622,6262.0,2.2534291312867407
nug30,3,SK,560,5.376262426376343,6262.0,2.2534291312867407
nug30,3,SK,580,5.568286657333374,6262.0,2.2534291312867407
nug30,3,SK,600,5.759171962738037,6262.0,2.2534291312867407
nug30,3,SK,620,5.950786352157593,6262.0,2.2534291312867407
nug30,3,SK,640,6.141632080078125,6262.0,2.2534291312867407
nug30,3,SK,660,6.332984447479248,6408.0,4.637491835401699
nug30,3,SK,680,6.523594617843628,6408.0,4.637491835401699
nug30,3,SK,700,6.715741157531738,6360.0,3.8536903984323976
nug30,3,SK,720,6.907104969024658,6350.0,3.690398432397126
nug30,3,SK,740,7.098464488983154,6412.0,4.702808621815806
nug30,3,SK,760,7.2886528968811035,6412.0,4.702808621815806
nug30,3,SK,780,7.480022668838501,6402.0,4.5395166557805355
nug30,3,SK,800,7.671656608581543,6402.0,4.5395166557805355
nug30,3,SK,820,7.863612174987793,6402.0,4.5395166557805355
nug30,3,SK,840,8.053773641586304,6402.0,4.5395166557805355
nug30,3,SK,860,8.2451913356781,6402.0,4.5395166557805355
nug30,3,SK,880,8.435999393463135,6402.0,4.5395166557805355
nug30,3,SK,900,8.627987623214722,6402.0,4.5395166557805355
nug30,3,SK,920,8.818415880203247,6402.0,4.5395166557805355
nug30,3,SK,940,9.010454654693604,6402.0,4.5395166557805355
nug30,3,SK,960,9.201663732528687,6402.0,4.5395166557805355
nug30,3,SK,980,9.393007755279541,6402.0,4.5395166557805355
nug30,3,SK,1000,9.583180665969849,6402.0,4.5395166557805355
nug30,3,SK,1020,9.774994373321533,6402.0,4.5395166557805355
nug30,3,SK,1040,9.96632432937622,6402.0,4.5395166557805355
nug30,3,SK,1060,10.158379316329956,6402.0,4.5395166557805355
nug30,3,SK,1080,10.348878860473633,6402.0,4.5395166557805355
nug30,3,SK,1100,10.540287256240845,6402.0,4.5395166557805355
nug30,3,SK,1120,10.731110095977783,6402.0,4.5395166557805355
nug30,3,SK,1140,10.922874450683594,6402.0,4.5395166557805355
nug30,3,SK,1160,11.113646030426025,6412.0,4.702808621815806
nug30,3,SK,1180,11.305392980575562,6412.0,4.702808621815806
nug30,3,SK,1200,11.496898889541626,6412.0,4.702808621815806
nug30,3,SK,1220,11.688292264938354,6412.0,4.702808621815806
nug30,3,SK,1240,11.878450393676758,6412.0,4.702808621815806
nug30,3,SK,1260,12.070359706878662,6412.0,4.702808621815806
nug30,3,SK,1280,12.261696815490723,6412.0,4.702808621815806
nug30,3,SK,1300,12.453505754470825,6350.0,3.690398432397126
nug30,3,SK,1320,12.644262313842773,6350.0,3.690398432397126
nug30,3,SK,1340,12.835663557052612,6350.0,3.690398432397126
nug30,3,SK,1360,13.026495695114136,6350.0,3.690398432397126
nug30,3,SK,1380,13.218483924865723,6350.0,3.690398432397126
nug30,3,SK,1400,13.408994913101196,6350.0,3.690398432397126
nug30,3,SK,1420,13.601062774658203,6350.0,3.690398432397126
nug30,3,SK,1440,13.79226040840149,6350.0,3.690398432397126
nug30,3,SK,1460,13.983537197113037,6350.0,3.690398432397126
nug30,3,SK,1480,14.174059391021729,6350.0,3.690398432397126
nug30,3,SK,1500,14.366157054901123,6350.0,3.690398432397126
nug30,4,PGD,1,0.002163410186767578,8106.0,32.36446766819073
nug30,4,PGD,20,0.015740156173706055,8286.0,35.3037230568256
nug30,4,PGD,40,0.03001260757446289,8150.0,33.08295231874592
nug30,4,PGD,60,0.04430794715881348,8150.0,33.08295231874592
nug30,4,PGD,80,0.0586700439453125,8212.0,34.0953625081646
nug30,4,PGD,100,0.07301807403564453,8212.0,34.0953625081646
nug30,4,PGD,120,0.08738493919372559,8212.0,34.0953625081646
nug30,4,PGD,140,0.10175633430480957,8212.0,34.0953625081646
nug30,4,PGD,160,0.11609697341918945,8212.0,34.0953625081646
nug30,4,PGD,180,0.13043713569641113,8212.0,34.0953625081646
nug30,4,PGD,200,0.14477276802062988,8212.0,34.0953625081646
nug30,4,PGD,220,0.15910983085632324,8212.0,34.0953625081646
nug30,4,PGD,240,0.17347192764282227,8212.0,34.0953625081646
nug30,4,PGD,260,0.1878645420074463,8212.0,34.0953625081646
nug30,4,PGD,280,0.20222210884094238,8212.0,34.0953625081646
nug30,4,PGD,300,0.21656298637390137,8212.0,34.0953625081646
nug30,4,PGD,320,0.23088836669921875,8212.0,34.0953625081646
nug30,4,PGD,340,0.24522995948791504,8212.0,34.0953625081646
nug30,4,PGD,360,0.2596137523651123,8212.0,34.0953625081646
nug30,4,PGD,380,0.2739982604980469,8212.0,34.0953625081646
nug30,4,PGD,400,0.2883567810058594,8212.0,34.0953625081646
nug30,4,PGD,420,0.30268383026123047,8212.0,34.0953625081646
nug30,4,PGD,440,0.3170127868652344,8212.0,34.0953625081646
nug30,4,PGD,460,0.3313736915588379,8212.0,34.0953625081646
nug30,4,PGD,480,0.34577465057373047,8212.0,34.0953625081646
nug30,4,PGD,500,0.3601419925689697,8212.0,34.0953625081646
nug30,4,PGD,520,0.37444591522216797,8212.0,34.0953625081646
nug30,4,PGD,540,0.3887019157409668,8212.0,34.0953625081646
nug30,4,PGD,560,0.4029815196990967,8212.0,34.0953625081646
nug30,4,PGD,580,0.4172501564025879,8212.0,34.0953625081646
nug30,4,PGD,600,0.43155908584594727,8212.0,34.0953625081646
nug30,4,PGD,620,0.44589948654174805,8212.0,34.0953625081646
nug30,4,PGD,640,0.4601552486419678,8212.0,34.0953625081646
nug30,4,PGD,660,0.47442150115966797,8212.0,34.0953625081646
nug30,4,PGD,680,0.4886906147003174,8212.0,34.0953625081646
nug30,4,PGD,700,0.5029726028442383,8212.0,34.0953625081646
nug30,4,PGD,720,0.5173056125640869,8212.0,34.0953625081646
nug30,4,PGD,740,0.5316147804260254,8212.0,34.0953625081646
nug30,4,PGD,760,0.545903205871582,8212.0,34.0953625081646
nug30,4,PGD,780,0.560192346572876,8212.0,34.0953625081646
nug30,4,PGD,800,0.5744931697845459,8212.0,34.0953625081646
nug30,4,PGD,820,0.5887525081634521,8212.0,34.0953625081646
nug30,4,PGD,840,0.6030716896057129,8212.0,34.0953625081646
nug30,4,PGD,860,0.6173965930938721,8212.0,34.0953625081646
nug30,4,PGD,880,0.631666898727417,8212.0,34.0953625081646
nug30,4,PGD,900,0.6459305286407471,8212.0,34.0953625081646
nug30,4,PGD,920,0.660214900970459,8212.0,34.0953625081646
nug30,4,PGD,940,0.6744959354400635,8212.0,34.0953625081646
nug30,4,PGD,960,0.6887891292572021,8212.0,34.0953625081646
nug30,4,PGD,980,0.7031025886535645,8212.0,34.0953625081646
nug30,4,PGD,1000,0.7173833847045898,8212.0,34.0953625081646
nug30,4,PGD,1020,0.7316563129425049,8212.0,34.0953625081646
nug30,4,PGD,1040,0.7459497451782227,8212.0,34.0953625081646
nug30,4,PGD,1060,0.7602427005767822,8212.0,34.0953625081646
nug30,4,PGD,1080,0.7745604515075684,8212.0,34.0953625081646
nug30,4,PGD,1100,0.7888779640197754,8212.0,34.0953625081646
nug30,4,PGD,1120,0.8031466007232666,8212.0,34.0953625081646
nug30,4,PGD,1140,0.8174364566802979,8212.0,34.0953625081646
nug30,4,PGD,1160,0.83170485496521,8212.0,34.0953625081646
nug30,4,PGD,1180,0.8459813594818115,8212.0,34.0953625081646
nug30,4,PGD,1200,0.8603265285491943,8212.0,34.0953625081646
nug30,4,PGD,1220,0.8747119903564453,8212.0,34.0953625081646
nug30,4,PGD,1240,0.8890893459320068,8212.0,34.0953625081646
nug30,4,PGD,1260,0.9034385681152344,8212.0,34.0953625081646
nug30,4,PGD,1280,0.9177815914154053,8212.0,34.0953625081646
nug30,4,PGD,1300,0.9321417808532715,8212.0,34.0953625081646
nug30,4,PGD,1320,0.9465570449829102,8212.0,34.0953625081646
nug30,4,PGD,1340,0.9609684944152832,8212.0,34.0953625081646
nug30,4,PGD,1360,0.9753239154815674,8212.0,34.0953625081646
nug30,4,PGD,1380,0.9896936416625977,8212.0,34.0953625081646
nug30,4,PGD,1400,1.0040292739868164,8212.0,34.0953625081646
nug30,4,PGD,1420,1.0183970928192139,8212.0,34.0953625081646
nug30,4,PGD,1440,1.0328006744384766,8212.0,34.0953625081646
nug30,4,PGD,1460,1.0471928119659424,8212.0,34.0953625081646
nug30,4,PGD,1480,1.061528205871582,8212.0,34.0953625081646
nug30,4,PGD,1500,1.0759036540985107,8212.0,34.0953625081646
nug30,4,SK,1,0.012495279312133789,8302.0,35.564990202482036
nug30,4,SK,20,0.1986534595489502,7814.0,27.59634225996081
nug30,4,SK,40,0.3909904956817627,7144.0,16.655780535597646
nug30,4,SK,60,0.5819213390350342,7084.0,15.676028739386021
nug30,4,SK,80,0.7740311622619629,6850.0,11.854996734160679
nug30,4,SK,100,0.9660530090332031,6784.0,10.77726975832789
nug30,4,SK,120,1.1580994129180908,6776.0,10.646636185499673
nug30,4,SK,140,1.3504714965820312,6516.0,6.401045068582626
nug30,4,SK,160,1.5411465167999268,6684.0,9.14435009797518
nug30,4,SK,180,1.7315161228179932,6670.0,8.9157413455258
nug30,4,SK,200,1.9225413799285889,6566.0,7.217504898758981
nug30,4,SK,220,2.1135759353637695,6566.0,7.217504898758981
nug30,4,SK,240,2.304996967315674,6534.0,6.694970607446114
nug30,4,SK,260,2.4975781440734863,6448.0,5.290659699542783
nug30,4,SK,280,2.6891636848449707,6434.0,5.062050947093403
nug30,4,SK,300,2.8808367252349854,6264.0,2.286087524493795
nug30,4,SK,320,3.071402072906494,6264.0,2.286087524493795
nug30,4,SK,340,3.262547016143799,6264.0,2.286087524493795
nug30,4,SK,360,3.4543004035949707,6264.0,2.286087524493795
nug30,4,SK,380,3.646773099899292,6260.0,2.2207707380796866
nug30,4,SK,400,3.8373467922210693,6260.0,2.2207707380796866
nug30,4,SK,420,4.027768611907959,6260.0,2.2207707380796866
nug30,4,SK,440,4.218740701675415,6260.0,2.2207707380796866
nug30,4,SK,460,4.4097795486450195,6260.0,2.2207707380796866
nug30,4,SK,480,4.601036787033081,6262.0,2.2534291312867407
nug30,4,SK,500,4.791622161865234,6262.0,2.2534291312867407
nug30,4,SK,520,4.982640504837036,6262.0,2.2534291312867407
nug30,4,SK,540,5.172952651977539,6262.0,2.2534291312867407
nug30,4,SK,560,5.364056825637817,6262.0,2.2534291312867407
nug30,4,SK,580,5.555262804031372,6262.0,2.2534291312867407
nug30,4,SK,600,5.7468321323394775,6262.0,2.2534291312867407
nug30,4,SK,620,5.937331199645996,6262.0,2.2534291312867407
nug30,4,SK,640,6.12797999382019,6262.0,2.2534291312867407
nug30,4,SK,660,6.318314552307129,6408.0,4.637491835401699
nug30,4,SK,680,6.509966850280762,6408.0,4.637491835401699
nug30,4,SK,700,6.700879096984863,6360.0,3.8536903984323976
nug30,4,SK,720,6.892236709594727,6350.0,3.690398432397126
nug30,4,SK,740,7.082805156707764,6412.0,4.702808621815806
nug30,4,SK,760,7.273797035217285,6412.0,4.702808621815806
nug30,4,SK,780,7.464123964309692,6402.0,4.5395166557805355
nug30,4,SK,800,7.655559539794922,6402.0,4.5395166557805355
nug30,4,SK,820,7.846682786941528,6402.0,4.5395166557805355
nug30,4,SK,840,8.038277387619019,6402.0,4.5395166557805355
nug30,4,SK,860,8.228726625442505,6402.0,4.5395166557805355
nug30,4,SK,880,8.419388771057129,6402.0,4.5395166557805355
nug30,4,SK,900,8.609884977340698,6402.0,4.5395166557805355
nug30,4,SK,920,8.801705837249756,6402.0,4.5395166557805355
nug30,4,SK,940,8.992852926254272,6402.0,4.5395166557805355
nug30,4,SK,960,9.184146404266357,6402.0,4.5395166557805355
nug30,4,SK,980,9.374653577804565,6402.0,4.5395166557805355
nug30,4,SK,1000,9.565646648406982,6402.0,4.5395166557805355
nug30,4,SK,1020,9.75623607635498,6402.0,4.5395166557805355
nug30,4,SK,1040,9.947553157806396,6402.0,4.5395166557805355
nug30,4,SK,1060,10.13871455192566,6402.0,4.5395166557805355
nug30,4,SK,1080,10.329922437667847,6402.0,4.5395166557805355
nug30,4,SK,1100,10.520244121551514,6402.0,4.5395166557805355
nug30,4,SK,1120,10.710861921310425,6402.0,4.5395166557805355
nug30,4,SK,1140,10.902069807052612,6402.0,4.5395166557805355
nug30,4,SK,1160,11.093773126602173,6412.0,4.702808621815806
nug30,4,SK,1180,11.28413987159729,6412.0,4.702808621815806
nug30,4,SK,1200,11.474798202514648,6412.0,4.702808621815806
nug30,4,SK,1220,11.665343284606934,6412.0,4.702808621815806
nug30,4,SK,1240,11.857169389724731,6412.0,4.702808621815806
nug30,4,SK,1260,12.048277854919434,6412.0,4.702808621815806
nug30,4,SK,1280,12.239331722259521,6412.0,4.702808621815806
nug30,4,SK,1300,12.42974328994751,6350.0,3.690398432397126
nug30,4,SK,1320,12.620751857757568,6350.0,3.690398432397126
nug30,4,SK,1340,12.811574697494507,6350.0,3.690398432397126
nug30,4,SK,1360,13.003000020980835,6350.0,3.690398432397126
nug30,4,SK,1380,13.194059133529663,6350.0,3.690398432397126
nug30,4,SK,1400,13.385056018829346,6350.0,3.690398432397126
nug30,4,SK,1420,13.57543134689331,6350.0,3.690398432397126
nug30,4,SK,1440,13.766273975372314,6350.0,3.690398432397126
nug30,4,SK,1460,13.957516193389893,6350.0,3.690398432397126
nug30,4,SK,1480,14.150591611862183,6350.0,3.690398432397126
nug30,4,SK,1500,14.341171741485596,6350.0,3.690398432397126
kra30a,0,PGD,1,0.002144336700439453,139330.0,56.726659167604055
kra30a,0,PGD,20,0.016902923583984375,135480.0,52.39595050618673
kra30a,0,PGD,40,0.03244805335998535,133000.0,49.60629921259843
kra30a,0,PGD,60,0.04662680625915527,133000.0,49.60629921259843
kra30a,0,PGD,80,0.06076812744140625,133000.0,49.60629921259843
kra30a,0,PGD,100,0.07504653930664062,133000.0,49.60629921259843
kra30a,0,PGD,120,0.08928513526916504,133000.0,49.60629921259843
kra30a,0,PGD,140,0.10355043411254883,133000.0,49.60629921259843
kra30a,0,PGD,160,0.11782002449035645,133000.0,49.60629921259843
kra30a,0,PGD,180,0.13209247589111328,133000.0,49.60629921259843
kra30a,0,PGD,200,0.14635729789733887,133000.0,49.60629921259843
kra30a,0,PGD,220,0.1606283187866211,133000.0,49.60629921259843
kra30a,0,PGD,240,0.17491626739501953,133000.0,49.60629921259843
kra30a,0,PGD,260,0.18915820121765137,133000.0,49.60629921259843
kra30a,0,PGD,280,0.2034296989440918,133000.0,49.60629921259843
kra30a,0,PGD,300,0.21768689155578613,133000.0,49.60629921259843
kra30a,0,PGD,320,0.23196959495544434,133000.0,49.60629921259843
kra30a,0,PGD,340,0.24621844291687012,133000.0,49.60629921259843
kra30a,0,PGD,360,0.2604808807373047,133000.0,49.60629921259843
kra30a,0,PGD,380,0.27472686767578125,133000.0,49.60629921259843
kra30a,0,PGD,400,0.2889895439147949,133000.0,49.60629921259843
kra30a,0,PGD,420,0.3032698631286621,133000.0,49.60629921259843
kra30a,0,PGD,440,0.3175206184387207,133000.0,49.60629921259843
kra30a,0,PGD,460,0.3317699432373047,133000.0,49.60629921259843
kra30a,0,PGD,480,0.346027135848999,133000.0,49.60629921259843
kra30a,0,PGD,500,0.3603076934814453,133000.0,49.60629921259843
kra30a,0,PGD,520,0.3745536804199219,133000.0,49.60629921259843
kra30a,0,PGD,540,0.3888404369354248,133000.0,49.60629921259843
kra30a,0,PGD,560,0.40308547019958496,133000.0,49.60629921259843
kra30a,0,PGD,580,0.417339563369751,133000.0,49.60629921259843
kra30a,0,PGD,600,0.4315803050994873,133000.0,49.60629921259843
kra30a,0,PGD,620,0.44587039947509766,133000.0,49.60629921259843
kra30a,0,PGD,640,0.46010684967041016,133000.0,49.60629921259843
kra30a,0,PGD,660,0.47437357902526855,133000.0,49.60629921259843
kra30a,0,PGD,680,0.48863792419433594,133000.0,49.60629921259843
kra30a,0,PGD,700,0.5028989315032959,133000.0,49.60629921259843
kra30a,0,PGD,720,0.5171558856964111,133000.0,49.60629921259843
kra30a,0,PGD,740,0.5314254760742188,133000.0,49.60629921259843
kra30a,0,PGD,760,0.5456733703613281,133000.0,49.60629921259843
kra30a,0,PGD,780,0.5599491596221924,133000.0,49.60629921259843
kra30a,0,PGD,800,0.5742194652557373,133000.0,49.60629921259843
kra30a,0,PGD,820,0.5884687900543213,133000.0,49.60629921259843
kra30a,0,PGD,840,0.602729082107544,133000.0,49.60629921259843
kra30a,0,PGD,860,0.6169905662536621,133000.0,49.60629921259843
kra30a,0,PGD,880,0.6312637329101562,133000.0,49.60629921259843
kra30a,0,PGD,900,0.6455209255218506,133000.0,49.60629921259843
kra30a,0,PGD,920,0.6597733497619629,133000.0,49.60629921259843
kra30a,0,PGD,940,0.6740250587463379,133000.0,49.60629921259843
kra30a,0,PGD,960,0.6882913112640381,133000.0,49.60629921259843
kra30a,0,PGD,980,0.7025723457336426,133000.0,49.60629921259843
kra30a,0,PGD,1000,0.7168428897857666,133000.0,49.60629921259843
kra30a,0,PGD,1020,0.7311053276062012,133000.0,49.60629921259843
kra30a,0,PGD,1040,0.7453551292419434,133000.0,49.60629921259843
kra30a,0,PGD,1060,0.759631872177124,133000.0,49.60629921259843
kra30a,0,PGD,1080,0.7738747596740723,133000.0,49.60629921259843
kra30a,0,PGD,1100,0.7881565093994141,133000.0,49.60629921259843
kra30a,0,PGD,1120,0.8023979663848877,133000.0,49.60629921259843
kra30a,0,PGD,1140,0.8166718482971191,133000.0,49.60629921259843
kra30a,0,PGD,1160,0.8309071063995361,133000.0,49.60629921259843
kra30a,0,PGD,1180,0.8451972007751465,133000.0,49.60629921259843
kra30a,0,PGD,1200,0.859431266784668,133000.0,49.60629921259843
kra30a,0,PGD,1220,0.8736953735351562,133000.0,49.60629921259843
kra30a,0,PGD,1240,0.8879451751708984,133000.0,49.60629921259843
kra30a,0,PGD,1260,0.90220046043396,133000.0,49.60629921259843
kra30a,0,PGD,1280,0.9164433479309082,133000.0,49.60629921259843
kra30a,0,PGD,1300,0.9307076930999756,133000.0,49.60629921259843
kra30a,0,PGD,1320,0.9449639320373535,133000.0,49.60629921259843
kra30a,0,PGD,1340,0.9592149257659912,133000.0,49.60629921259843
kra30a,0,PGD,1360,0.9734876155853271,133000.0,49.60629921259843
kra30a,0,PGD,1380,0.987717866897583,133000.0,49.60629921259843
kra30a,0,PGD,1400,1.0019793510437012,133000.0,49.60629921259843
kra30a,0,PGD,1420,1.0162262916564941,133000.0,49.60629921259843
kra30a,0,PGD,1440,1.0305099487304688,133000.0,49.60629921259843
kra30a,0,PGD,1460,1.0447661876678467,133000.0,49.60629921259843
kra30a,0,PGD,1480,1.0590405464172363,133000.0,49.60629921259843
kra30a,0,PGD,1500,1.0732839107513428,133000.0,49.60629921259843
kra30a,0,SK,1,0.01328587532043457,141370.0,59.021372328458945
kra30a,0,SK,20,0.20616531372070312,118110.0,32.857142857142854
kra30a,0,SK,40,0.39773106575012207,111260.0,25.151856017997748
kra30a,0,SK,60,0.5889551639556885,111450.0,25.365579302587175
kra30a,0,SK,80,0.7800519466400146,104890.0,17.98650168728909
kra30a,0,SK,100,0.9730610847473145,100790.0,13.374578177727784
kra30a,0,SK,120,1.165372610092163,98150.0,10.404949381327334
kra30a,0,SK,140,1.3578779697418213,97750.0,9.955005624296962
kra30a,0,SK,160,1.549659013748169,95350.0,7.255343082114736
kra30a,0,SK,180,1.7423317432403564,95050.0,6.917885264341956
kra30a,0,SK,200,1.93251633644104,95850.0,7.8177727784027
kra30a,0,SK,220,2.1252400875091553,92650.0,4.21822272215973
kra30a,0,SK,240,2.3164546489715576,92650.0,4.21822272215973
kra30a,0,SK,260,2.5079898834228516,92650.0,4.21822272215973
kra30a,0,SK,280,2.6982057094573975,92650.0,4.21822272215973
kra30a,0,SK,300,2.889570951461792,92650.0,4.21822272215973
kra30a,0,SK,320,3.0819671154022217,92550.0,4.105736782902137
kra30a,0,SK,340,3.273878335952759,92550.0,4.105736782902137
kra30a,0,SK,360,3.464308738708496,92550.0,4.105736782902137
kra30a,0,SK,380,3.6555306911468506,92550.0,4.105736782902137
kra30a,0,SK,400,3.8458993434906006,92550.0,4.105736782902137
kra30a,0,SK,420,4.038098096847534,92550.0,4.105736782902137
kra30a,0,SK,440,4.229047775268555,92550.0,4.105736782902137
kra30a,0,SK,460,4.420766592025757,92550.0,4.105736782902137
kra30a,0,SK,480,4.611211061477661,92550.0,4.105736782902137
kra30a,0,SK,500,4.80249285697937,92790.0,4.37570303712036
kra30a,0,SK,520,4.99327278137207,92790.0,4.37570303712036
kra30a,0,SK,540,5.185328483581543,94550.0,6.355455568053993
kra30a,0,SK,560,5.3763744831085205,94650.0,6.467941507311586
kra30a,0,SK,580,5.5677337646484375,94750.0,6.580427446569178
kra30a,0,SK,600,5.757996559143066,94750.0,6.580427446569178
kra30a,0,SK,620,5.949349880218506,94750.0,6.580427446569178
kra30a,0,SK,640,6.140689849853516,94750.0,6.580427446569178
kra30a,0,SK,660,6.332860946655273,94750.0,6.580427446569178
kra30a,0,SK,680,6.523748159408569,94750.0,6.580427446569178
kra30a,0,SK,700,6.715062379837036,94750.0,6.580427446569178
kra30a,0,SK,720,6.905609607696533,94750.0,6.580427446569178
kra30a,0,SK,740,7.097069501876831,94750.0,6.580427446569178
kra30a,0,SK,760,7.28827428817749,94750.0,6.580427446569178
kra30a,0,SK,780,7.480349540710449,94750.0,6.580427446569178
kra30a,0,SK,800,7.671362638473511,94750.0,6.580427446569178
kra30a,0,SK,820,7.862668037414551,94750.0,6.580427446569178
kra30a,0,SK,840,8.053024768829346,94750.0,6.580427446569178
kra30a,0,SK,860,8.24469518661499,94750.0,6.580427446569178
kra30a,0,SK,880,8.435864448547363,94750.0,6.580427446569178
kra30a,0,SK,900,8.627971172332764,94750.0,6.580427446569178
kra30a,0,SK,920,8.818510293960571,94750.0,6.580427446569178
kra30a,0,SK,940,9.00981616973877,94750.0,6.580427446569178
kra30a,0,SK,960,9.200257301330566,94750.0,6.580427446569178
kra30a,0,SK,980,9.392284393310547,94750.0,6.580427446569178
kra30a,0,SK,1000,9.583365678787231,94750.0,6.580427446569178
kra30a,0,SK,1020,9.775357007980347,94750.0,6.580427446569178
kra30a,0,SK,1040,9.965913534164429,92680.0,4.251968503937007
kra30a,0,SK,1060,10.157187938690186,93080.0,4.701912260967379
kra30a,0,SK,1080,10.34804391860962,93080.0,4.701912260967379
kra30a,0,SK,1100,10.53980302810669,93080.0,4.701912260967379
kra30a,0,SK,1120,10.730817556381226,93080.0,4.701912260967379
kra30a,0,SK,1140,10.922877073287964,93080.0,4.701912260967379
kra30a,0,SK,1160,11.113209247589111,92680.0,4.251968503937007
kra30a,0,SK,1180,11.30445408821106,94750.0,6.580427446569178
kra30a,0,SK,1200,11.495464086532593,94750.0,6.580427446569178
kra30a,0,SK,1220,11.68721342086792,94750.0,6.580427446569178
kra30a,0,SK,1240,11.878309726715088,94750.0,6.580427446569178
kra30a,0,SK,1260,12.070321321487427,94750.0,6.580427446569178
kra30a,0,SK,1280,12.260697841644287,94750.0,6.580427446569178
kra30a,0,SK,1300,12.451994180679321,94750.0,6.580427446569178
kra30a,0,SK,1320,12.64266037940979,94750.0,6.580427446569178
kra30a,0,SK,1340,12.83476734161377,94750.0,6.580427446569178
kra30a,0,SK,1360,13.02582859992981,94750.0,6.580427446569178
kra30a,0,SK,1380,13.217633485794067,94750.0,6.580427446569178
kra30a,0,SK,1400,13.407906532287598,94750.0,6.580427446569178
kra30a,0,SK,1420,13.599148988723755,94750.0,6.580427446569178
kra30a,0,SK,1440,13.790398597717285,93080.0,4.701912260967379
kra30a,0,SK,1460,13.98235821723938,93080.0,4.701912260967379
kra30a,0,SK,1480,14.173308372497559,93080.0,4.701912260967379
kra30a,0,SK,1500,14.364792346954346,93080.0,4.701912260967379
kra30a,1,PGD,1,0.002172231674194336,139330.0,56.726659167604055
kra30a,1,PGD,20,0.017059326171875,135480.0,52.39595050618673
kra30a,1,PGD,40,0.03274059295654297,133000.0,49.60629921259843
kra30a,1,PGD,60,0.047040700912475586,133000.0,49.60629921259843
kra30a,1,PGD,80,0.061324119567871094,133000.0,49.60629921259843
kra30a,1,PGD,100,0.07558703422546387,133000.0,49.60629921259843
kra30a,1,PGD,120,0.08996915817260742,133000.0,49.60629921259843
kra30a,1,PGD,140,0.10434126853942871,133000.0,49.60629921259843
kra30a,1,PGD,160,0.11867737770080566,133000.0,49.60629921259843
kra30a,1,PGD,180,0.13304638862609863,133000.0,49.60629921259843
kra30a,1,PGD,200,0.14742207527160645,133000.0,49.60629921259843
kra30a,1,PGD,220,0.16178464889526367,133000.0,49.60629921259843
kra30a,1,PGD,240,0.17618513107299805,133000.0,49.60629921259843
kra30a,1,PGD,260,0.19058871269226074,133000.0,49.60629921259843
kra30a,1,PGD,280,0.20493316650390625,133000.0,49.60629921259843
kra30a,1,PGD,300,0.21929144859313965,133000.0,49.60629921259843
kra30a,1,PGD,320,0.23367047309875488,133000.0,49.60629921259843
kra30a,1,PGD,340,0.24805045127868652,133000.0,49.60629921259843
kra30a,1,PGD,360,0.2624337673187256,133000.0,49.60629921259843
kra30a,1,PGD,380,0.2768232822418213,133000.0,49.60629921259843
kra30a,1,PGD,400,0.29117369651794434,133000.0,49.60629921259843
kra30a,1,PGD,420,0.30554842948913574,133000.0,49.60629921259843
kra30a,1,PGD,440,0.3199148178100586,133000.0,49.60629921259843
kra30a,1,PGD,460,0.3343009948730469,133000.0,49.60629921259843
kra30a,1,PGD,480,0.34871387481689453,133000.0,49.60629921259843
kra30a,1,PGD,500,0.36310625076293945,133000.0,49.60629921259843
kra30a,1,PGD,520,0.37746524810791016,133000.0,49.60629921259843
kra30a,1,PGD,540,0.39183974266052246,133000.0,49.60629921259843
kra30a,1,PGD,560,0.4062075614929199,133000.0,49.60629921259843
kra30a,1,PGD,580,0.4205813407897949,133000.0,49.60629921259843
kra30a,1,PGD,600,0.43500351905822754,133000.0,49.60629921259843
kra30a,1,PGD,620,0.44940733909606934,133000.0,49.60629921259843
kra30a,1,PGD,640,0.46375370025634766,133000.0,49.60629921259843
kra30a,1,PGD,660,0.4781200885772705,133000.0,49.60629921259843
kra30a,1,PGD,680,0.49250054359436035,133000.0,49.60629921259843
kra30a,1,PGD,700,0.5068657398223877,133000.0,49.60629921259843
kra30a,1,PGD,720,0.5212829113006592,133000.0,49.60629921259843
kra30a,1,PGD,740,0.5357058048248291,133000.0,49.60629921259843
kra30a,1,PGD,760,0.5500743389129639,133000.0,49.60629921259843
kra30a,1,PGD,780,0.5644433498382568,133000.0,49.60629921259843
kra30a,1,PGD,800,0.5788040161132812,133000.0,49.60629921259843
kra30a,1,PGD,820,0.5931880474090576,133000.0,49.60629921259843
kra30a,1,PGD,840,0.6075916290283203,133000.0,49.60629921259843
kra30a,1,PGD,860,0.6220138072967529,133000.0,49.60629921259843
kra30a,1,PGD,880,0.636383056640625,133000.0,49.60629921259843
kra30a,1,PGD,900,0.6507112979888916,133000.0,49.60629921259843
kra30a,1,PGD,920,0.665064811706543,133000.0,49.60629921259843
kra30a,1,PGD,940,0.6794369220733643,133000.0,49.60629921259843
kra30a,1,PGD,960,0.693873405456543,133000.0,49.60629921259843
kra30a,1,PGD,980,0.7082931995391846,133000.0,49.60629921259843
kra30a,1,PGD,1000,0.7226393222808838,133000.0,49.60629921259843
kra30a,1,PGD,1020,0.7370021343231201,133000.0,49.60629921259843
kra30a,1,PGD,1040,0.7513427734375,133000.0,49.60629921259843
kra30a,1,PGD,1060,0.7657108306884766,133000.0,49.60629921259843
kra30a,1,PGD,1080,0.7801239490509033,133000.0,49.60629921259843
kra30a,1,PGD,1100,0.7945506572723389,133000.0,49.60629921259843
kra30a,1,PGD,1120,0.8089041709899902,133000.0,49.60629921259843
kra30a,1,PGD,1140,0.8232607841491699,133000.0,49.60629921259843
kra30a,1,PGD,1160,0.8376052379608154,133000.0,49.60629921259843
kra30a,1,PGD,1180,0.8519597053527832,133000.0,49.60629921259843
kra30a,1,PGD,1200,0.8663816452026367,133000.0,49.60629921259843
kra30a,1,PGD,1220,0.8807945251464844,133000.0,49.60629921259843
kra30a,1,PGD,1240,0.8951764106750488,133000.0,49.60629921259843
kra30a,1,PGD,1260,0.9095268249511719,133000.0,49.60629921259843
kra30a,1,PGD,1280,0.9238908290863037,133000.0,49.60629921259843
kra30a,1,PGD,1300,0.9382305145263672,133000.0,49.60629921259843
kra30a,1,PGD,1320,0.9526505470275879,133000.0,49.60629921259843
kra30a,1,PGD,1340,0.9670684337615967,133000.0,49.60629921259843
kra30a,1,PGD,1360,0.9814536571502686,133000.0,49.60629921259843
kra30a,1,PGD,1380,0.9958033561706543,133000.0,49.60629921259843
kra30a,1,PGD,1400,1.0101535320281982,133000.0,49.60629921259843
kra30a,1,PGD,1420,1.024512767791748,133000.0,49.60629921259843
kra30a,1,PGD,1440,1.0389091968536377,133000.0,49.60629921259843
kra30a,1,PGD,1460,1.0533220767974854,133000.0,49.60629921259843
kra30a,1,PGD,1480,1.067704439163208,133000.0,49.60629921259843
kra30a,1,PGD,1500,1.082085132598877,133000.0,49.60629921259843
kra30a,1,SK,1,0.014112710952758789,141370.0,59.021372328458945
kra30a,1,SK,20,0.20079898834228516,118110.0,32.857142857142854
kra30a,1,SK,40,0.3931567668914795,111260.0,25.151856017997748
kra30a,1,SK,60,0.5834827423095703,111450.0,25.365579302587175
kra30a,1,SK,80,0.7747437953948975,104890.0,17.98650168728909
kra30a,1,SK,100,0.9671006202697754,100790.0,13.374578177727784
kra30a,1,SK,120,1.1601355075836182,98150.0,10.404949381327334
kra30a,1,SK,140,1.3516318798065186,97750.0,9.955005624296962
kra30a,1,SK,160,1.5435447692871094,95350.0,7.255343082114736
kra30a,1,SK,180,1.7352533340454102,95050.0,6.917885264341956
kra30a,1,SK,200,1.926377773284912,95850.0,7.8177727784027
kra30a,1,SK,220,2.1182305812835693,92650.0,4.21822272215973
kra30a,1,SK,240,2.309492588043213,92650.0,4.21822272215973
kra30a,1,SK,260,2.500030279159546,92650.0,4.21822272215973
kra30a,1,SK,280,2.6909523010253906,92650.0,4.21822272215973
kra30a,1,SK,300,2.881504774093628,92650.0,4.21822272215973
kra30a,1,SK,320,3.07444429397583,92550.0,4.105736782902137
kra30a,1,SK,340,3.265496253967285,92550.0,4.105736782902137
kra30a,1,SK,360,3.4625964164733887,92550.0,4.105736782902137
kra30a,1,SK,380,3.6530184745788574,92550.0,4.105736782902137
kra30a,1,SK,400,3.843639373779297,92550.0,4.105736782902137
kra30a,1,SK,420,4.034695148468018,92550.0,4.105736782902137
kra30a,1,SK,440,4.22668194770813,92550.0,4.105736782902137
kra30a,1,SK,460,4.417710781097412,92550.0,4.105736782902137
kra30a,1,SK,480,4.608574151992798,92550.0,4.105736782902137
kra30a,1,SK,500,4.798957824707031,92790.0,4.37570303712036
kra30a,1,SK,520,4.990127086639404,92790.0,4.37570303712036
kra30a,1,SK,540,5.181349754333496,94550.0,6.355455568053993
kra30a,1,SK,560,5.372812271118164,94650.0,6.467941507311586
kra30a,1,SK,580,5.563673257827759,94750.0,6.580427446569178
kra30a,1,SK,600,5.754885911941528,94750.0,6.580427446569178
kra30a,1,SK,620,5.9457855224609375,94750.0,6.580427446569178
kra30a,1,SK,640,6.136918067932129,94750.0,6.580427446569178
kra30a,1,SK,660,6.327756881713867,94750.0,6.580427446569178
kra30a,1,SK,680,6.519380331039429,94750.0,6.580427446569178
kra30a,1,SK,700,6.709904909133911,94750.0,6.580427446569178
kra30a,1,SK,720,6.900540590286255,94750.0,6.580427446569178
kra30a,1,SK,740,7.091663599014282,94750.0,6.580427446569178
kra30a,1,SK,760,7.282989263534546,94750.0,6.580427446569178
kra30a,1,SK,780,7.4741082191467285,94750.0,6.580427446569178
kra30a,1,SK,800,7.665240526199341,94750.0,6.580427446569178
kra30a,1,SK,820,7.855611324310303,94750.0,6.580427446569178
kra30a,1,SK,840,8.04702091217041,94750.0,6.580427446569178
kra30a,1,SK,860,8.238059520721436,94750.0,6.580427446569178
kra30a,1,SK,880,8.429052829742432,94750.0,6.580427446569178
kra30a,1,SK,900,8.620168447494507,94750.0,6.580427446569178
kra30a,1,SK,920,8.81160044670105,94750.0,6.580427446569178
kra30a,1,SK,940,9.002594232559204,94750.0,6.580427446569178
kra30a,1,SK,960,9.193581581115723,94750.0,6.580427446569178
kra30a,1,SK,980,9.38393259048462,94750.0,6.580427446569178
kra30a,1,SK,1000,9.575530529022217,94750.0,6.580427446569178
kra30a,1,SK,1020,9.76656723022461,94750.0,6.580427446569178
kra30a,1,SK,1040,9.957537651062012,92680.0,4.251968503937007
kra30a,1,SK,1060,10.148620367050171,93080.0,4.701912260967379
kra30a,1,SK,1080,10.339839935302734,93080.0,4.701912260967379
kra30a,1,SK,1100,10.530241012573242,93080.0,4.701912260967379
kra30a,1,SK,1120,10.721530437469482,93080.0,4.701912260967379
kra30a,1,SK,1140,10.912195682525635,93080.0,4.701912260967379
kra30a,1,SK,1160,11.10387921333313,92680.0,4.251968503937007
kra30a,1,SK,1180,11.294849157333374,94750.0,6.580427446569178
kra30a,1,SK,1200,11.485431909561157,94750.0,6.580427446569178
kra30a,1,SK,1220,11.695459127426147,94750.0,6.580427446569178
kra30a,1,SK,1240,11.886488676071167,94750.0,6.580427446569178
kra30a,1,SK,1260,12.077272653579712,94750.0,6.580427446569178
kra30a,1,SK,1280,12.268643379211426,94750.0,6.580427446569178
kra30a,1,SK,1300,12.459348917007446,94750.0,6.580427446569178
kra30a,1,SK,1320,12.651078224182129,94750.0,6.580427446569178
kra30a,1,SK,1340,12.841952800750732,94750.0,6.580427446569178
kra30a,1,SK,1360,13.033125877380371,94750.0,6.580427446569178
kra30a,1,SK,1380,13.224025011062622,94750.0,6.580427446569178
kra30a,1,SK,1400,13.415051460266113,94750.0,6.580427446569178
kra30a,1,SK,1420,13.606050729751587,94750.0,6.580427446569178
kra30a,1,SK,1440,13.797344207763672,93080.0,4.701912260967379
kra30a,1,SK,1460,13.988067150115967,93080.0,4.701912260967379
kra30a,1,SK,1480,14.179659366607666,93080.0,4.701912260967379
kra30a,1,SK,1500,14.370558738708496,93080.0,4.701912260967379
kra30a,2,PGD,1,0.002187967300415039,139330.0,56.726659167604055
kra30a,2,PGD,20,0.01699542999267578,135480.0,52.39595050618673
kra30a,2,PGD,40,0.032559871673583984,133000.0,49.60629921259843
kra30a,2,PGD,60,0.046759843826293945,133000.0,49.60629921259843
kra30a,2,PGD,80,0.06094098091125488,133000.0,49.60629921259843
kra30a,2,PGD,100,0.07513785362243652,133000.0,49.60629921259843
kra30a,2,PGD,120,0.0894019603729248,133000.0,49.60629921259843
kra30a,2,PGD,140,0.10365772247314453,133000.0,49.60629921259843
kra30a,2,PGD,160,0.11791777610778809,133000.0,49.60629921259843
kra30a,2,PGD,180,0.1321852207183838,133000.0,49.60629921259843
kra30a,2,PGD,200,0.1464521884918213,133000.0,49.60629921259843
kra30a,2,PGD,220,0.16069722175598145,133000.0,49.60629921259843
kra30a,2,PGD,240,0.1749706268310547,133000.0,49.60629921259843
kra30a,2,PGD,260,0.18922877311706543,133000.0,49.60629921259843
kra30a,2,PGD,280,0.20347952842712402,133000.0,49.60629921259843
kra30a,2,PGD,300,0.21776413917541504,133000.0,49.60629921259843
kra30a,2,PGD,320,0.23200297355651855,133000.0,49.60629921259843
kra30a,2,PGD,340,0.2462620735168457,133000.0,49.60629921259843
kra30a,2,PGD,360,0.2605140209197998,133000.0,49.60629921259843
kra30a,2,PGD,380,0.2747986316680908,133000.0,49.60629921259843
kra30a,2,PGD,400,0.28907108306884766,133000.0,49.60629921259843
kra30a,2,PGD,420,0.30336523056030273,133000.0,49.60629921259843
kra30a,2,PGD,440,0.31763315200805664,133000.0,49.60629921259843
kra30a,2,PGD,460,0.33190369606018066,133000.0,49.60629921259843
kra30a,2,PGD,480,0.34617137908935547,133000.0,49.60629921259843
kra30a,2,PGD,500,0.3604459762573242,133000.0,49.60629921259843
kra30a,2,PGD,520,0.37470102310180664,133000.0,49.60629921259843
kra30a,2,PGD,540,0.38895726203918457,133000.0,49.60629921259843
kra30a,2,PGD,560,0.40321850776672363,133000.0,49.60629921259843
kra30a,2,PGD,580,0.4174668788909912,133000.0,49.60629921259843
kra30a,2,PGD,600,0.43175244331359863,133000.0,49.60629921259843
kra30a,2,PGD,620,0.44600582122802734,133000.0,49.60629921259843
kra30a,2,PGD,640,0.4602999687194824,133000.0,49.60629921259843
kra30a,2,PGD,660,0.4745519161224365,133000.0,49.60629921259843
kra30a,2,PGD,680,0.4888303279876709,133000.0,49.60629921259843
kra30a,2,PGD,700,0.5030837059020996,133000.0,49.60629921259843
kra30a,2,PGD,720,0.5173275470733643,133000.0,49.60629921259843
kra30a,2,PGD,740,0.5316061973571777,133000.0,49.60629921259843
kra30a,2,PGD,760,0.5458626747131348,133000.0,49.60629921259843
kra30a,2,PGD,780,0.5601325035095215,133000.0,49.60629921259843
kra30a,2,PGD,800,0.574378490447998,133000.0,49.60629921259843
kra30a,2,PGD,820,0.5886702537536621,133000.0,49.60629921259843
kra30a,2,PGD,840,0.6029033660888672,133000.0,49.60629921259843
kra30a,2,PGD,860,0.6171913146972656,133000.0,49.60629921259843
kra30a,2,PGD,880,0.6314260959625244,133000.0,49.60629921259843
kra30a,2,PGD,900,0.6456863880157471,133000.0,49.60629921259843
kra30a,2,PGD,920,0.659921407699585,133000.0,49.60629921259843
kra30a,2,PGD,940,0.674199104309082,133000.0,49.60629921259843
kra30a,2,PGD,960,0.6884357929229736,133000.0,49.60629921259843
kra30a,2,PGD,980,0.7027096748352051,133000.0,49.60629921259843
kra30a,2,PGD,1000,0.7169597148895264,133000.0,49.60629921259843
kra30a,2,PGD,1020,0.7312085628509521,133000.0,49.60629921259843
kra30a,2,PGD,1040,0.7454633712768555,133000.0,49.60629921259843
kra30a,2,PGD,1060,0.7597265243530273,133000.0,49.60629921259843
kra30a,2,PGD,1080,0.7739784717559814,133000.0,49.60629921259843
kra30a,2,PGD,1100,0.7882306575775146,133000.0,49.60629921259843
kra30a,2,PGD,1120,0.8025031089782715,133000.0,49.60629921259843
kra30a,2,PGD,1140,0.8167576789855957,133000.0,49.60629921259843
kra30a,2,PGD,1160,0.8310244083404541,133000.0,49.60629921259843
kra30a,2,PGD,1180,0.8452849388122559,133000.0,49.60629921259843
kra30a,2,PGD,1200,0.8595623970031738,133000.0,49.60629921259843
kra30a,2,PGD,1220,0.8738217353820801,133000.0,49.60629921259843
kra30a,2,PGD,1240,0.888092041015625,133000.0,49.60629921259843
kra30a,2,PGD,1260,0.9023537635803223,133000.0,49.60629921259843
kra30a,2,PGD,1280,0.9165947437286377,133000.0,49.60629921259843
kra30a,2,PGD,1300,0.9308500289916992,133000.0,49.60629921259843
kra30a,2,PGD,1320,0.9451298713684082,133000.0,49.60629921259843
kra30a,2,PGD,1340,0.9593794345855713,133000.0,49.60629921259843
kra30a,2,PGD,1360,0.9736249446868896,133000.0,49.60629921259843
kra30a,2,PGD,1380,0.9879097938537598,133000.0,49.60629921259843
kra30a,2,PGD,1400,1.0021522045135498,133000.0,49.60629921259843
kra30a,2,PGD,1420,1.016437292098999,133000.0,49.60629921259843
kra30a,2,PGD,1440,1.0306899547576904,133000.0,49.60629921259843
kra30a,2,PGD,1460,1.044961929321289,133000.0,49.60629921259843
kra30a,2,PGD,1480,1.0592036247253418,133000.0,49.60629921259843
kra30a,2,PGD,1500,1.0734844207763672,133000.0,49.60629921259843
kra30a,2,SK,1,0.016478538513183594,141370.0,59.021372328458945
kra30a,2,SK,20,0.203294038772583,118110.0,32.857142857142854
kra30a,2,SK,40,0.39480090141296387,111260.0,25.151856017997748
kra30a,2,SK,60,0.5862364768981934,111450.0,25.365579302587175
kra30a,2,SK,80,0.7810659408569336,104890.0,17.98650168728909
kra30a,2,SK,100,0.9745073318481445,100790.0,13.374578177727784
kra30a,2,SK,120,1.1668388843536377,98150.0,10.404949381327334
kra30a,2,SK,140,1.3591995239257812,97750.0,9.955005624296962
kra30a,2,SK,160,1.5514121055603027,95350.0,7.255343082114736
kra30a,2,SK,180,1.744659662246704,95050.0,6.917885264341956
kra30a,2,SK,200,1.9353880882263184,95850.0,7.8177727784027
kra30a,2,SK,220,2.1278982162475586,92650.0,4.21822272215973
kra30a,2,SK,240,2.319403648376465,92650.0,4.21822272215973
kra30a,2,SK,260,2.510948419570923,92650.0,4.21822272215973
kra30a,2,SK,280,2.7011327743530273,92650.0,4.21822272215973
kra30a,2,SK,300,2.89314866065979,92650.0,4.21822272215973
kra30a,2,SK,320,3.085864782333374,92550.0,4.105736782902137
kra30a,2,SK,340,3.277531385421753,92550.0,4.105736782902137
kra30a,2,SK,360,3.4683995246887207,92550.0,4.105736782902137
kra30a,2,SK,380,3.6600935459136963,92550.0,4.105736782902137
kra30a,2,SK,400,3.850940227508545,92550.0,4.105736782902137
kra30a,2,SK,420,4.042954206466675,92550.0,4.105736782902137
kra30a,2,SK,440,4.233781576156616,92550.0,4.105736782902137
kra30a,2,SK,460,4.425511598587036,92550.0,4.105736782902137
kra30a,2,SK,480,4.617017030715942,92550.0,4.105736782902137
kra30a,2,SK,500,4.80867075920105,92790.0,4.37570303712036
kra30a,2,SK,520,5.0059380531311035,92790.0,4.37570303712036
kra30a,2,SK,540,5.198752403259277,94550.0,6.355455568053993
kra30a,2,SK,560,5.400927543640137,94650.0,6.467941507311586
kra30a,2,SK,580,5.592831611633301,94750.0,6.580427446569178
kra30a,2,SK,600,5.783639669418335,94750.0,6.580427446569178
kra30a,2,SK,620,5.975027322769165,94750.0,6.580427446569178
kra30a,2,SK,640,6.1663408279418945,94750.0,6.580427446569178
kra30a,2,SK,660,6.3583619594573975,94750.0,6.580427446569178
kra30a,2,SK,680,6.548799991607666,94750.0,6.580427446569178
kra30a,2,SK,700,6.740839004516602,94750.0,6.580427446569178
kra30a,2,SK,720,6.932291746139526,94750.0,6.580427446569178
kra30a,2,SK,740,7.123703479766846,94750.0,6.580427446569178
kra30a,2,SK,760,7.3144941329956055,94750.0,6.580427446569178
kra30a,2,SK,780,7.506574392318726,94750.0,6.580427446569178
kra30a,2,SK,800,7.697702407836914,94750.0,6.580427446569178
kra30a,2,SK,820,7.889759302139282,94750.0,6.580427446569178
kra30a,2,SK,840,8.082391262054443,94750.0,6.580427446569178
kra30a,2,SK,860,8.273880243301392,94750.0,6.580427446569178
kra30a,2,SK,880,8.46529221534729,94750.0,6.580427446569178
kra30a,2,SK,900,8.657329320907593,94750.0,6.580427446569178
kra30a,2,SK,920,8.847778797149658,94750.0,6.580427446569178
kra30a,2,SK,940,9.039940595626831,94750.0,6.580427446569178
kra30a,2,SK,960,9.23143744468689,94750.0,6.580427446569178
kra30a,2,SK,980,9.422844409942627,94750.0,6.580427446569178
kra30a,2,SK,1000,9.613572359085083,94750.0,6.580427446569178
kra30a,2,SK,1020,9.80560040473938,94750.0,6.580427446569178
kra30a,2,SK,1040,9.996829986572266,92680.0,4.251968503937007
kra30a,2,SK,1060,10.188876628875732,93080.0,4.701912260967379
kra30a,2,SK,1080,10.379273653030396,93080.0,4.701912260967379
kra30a,2,SK,1100,10.570777177810669,93080.0,4.701912260967379
kra30a,2,SK,1120,10.76265573501587,93080.0,4.701912260967379
kra30a,2,SK,1140,10.954651117324829,93080.0,4.701912260967379
kra30a,2,SK,1160,11.145292520523071,92680.0,4.251968503937007
kra30a,2,SK,1180,11.337291479110718,94750.0,6.580427446569178
kra30a,2,SK,1200,11.528368949890137,94750.0,6.580427446569178
kra30a,2,SK,1220,11.719776153564453,94750.0,6.580427446569178
kra30a,2,SK,1240,11.910934686660767,94750.0,6.580427446569178
kra30a,2,SK,1260,12.103008508682251,94750.0,6.580427446569178
kra30a,2,SK,1280,12.306524276733398,94750.0,6.580427446569178
kra30a,2,SK,1300,12.497986316680908,94750.0,6.580427446569178
kra30a,2,SK,1320,12.688169002532959,94750.0,6.580427446569178
kra30a,2,SK,1340,12.880347728729248,94750.0,6.580427446569178
kra30a,2,SK,1360,13.072108030319214,94750.0,6.580427446569178
kra30a,2,SK,1380,13.264196395874023,94750.0,6.580427446569178
kra30a,2,SK,1400,13.454755067825317,94750.0,6.580427446569178
kra30a,2,SK,1420,13.646839618682861,94750.0,6.580427446569178
kra30a,2,SK,1440,13.838023900985718,93080.0,4.701912260967379
kra30a,2,SK,1460,14.029362678527832,93080.0,4.701912260967379
kra30a,2,SK,1480,14.220238208770752,93080.0,4.701912260967379
kra30a,2,SK,1500,14.412348508834839,93080.0,4.701912260967379
kra30a,3,PGD,1,0.0021979808807373047,139330.0,56.726659167604055
kra30a,3,PGD,20,0.01726388931274414,135480.0,52.39595050618673
kra30a,3,PGD,40,0.033030033111572266,133000.0,49.60629921259843
kra30a,3,PGD,60,0.04734015464782715,133000.0,49.60629921259843
kra30a,3,PGD,80,0.06165289878845215,133000.0,49.60629921259843
kra30a,3,PGD,100,0.07596254348754883,133000.0,49.60629921259843
kra30a,3,PGD,120,0.0903465747833252,133000.0,49.60629921259843
kra30a,3,PGD,140,0.10470986366271973,133000.0,49.60629921259843
kra30a,3,PGD,160,0.11907148361206055,133000.0,49.60629921259843
kra30a,3,PGD,180,0.13343000411987305,133000.0,49.60629921259843
kra30a,3,PGD,200,0.14780688285827637,133000.0,49.60629921259843
kra30a,3,PGD,220,0.16218972206115723,133000.0,49.60629921259843
kra30a,3,PGD,240,0.17659330368041992,133000.0,49.60629921259843
kra30a,3,PGD,260,0.19096946716308594,133000.0,49.60629921259843
kra30a,3,PGD,280,0.20534110069274902,133000.0,49.60629921259843
kra30a,3,PGD,300,0.21970748901367188,133000.0,49.60629921259843
kra30a,3,PGD,320,0.2340681552886963,133000.0,49.60629921259843
kra30a,3,PGD,340,0.24843835830688477,133000.0,49.60629921259843
kra30a,3,PGD,360,0.26284193992614746,133000.0,49.60629921259843
kra30a,3,PGD,380,0.2772228717803955,133000.0,49.60629921259843
kra30a,3,PGD,400,0.2915794849395752,133000.0,49.60629921259843
kra30a,3,PGD,420,0.30594611167907715,133000.0,49.60629921259843
kra30a,3,PGD,440,0.32032132148742676,133000.0,49.60629921259843
kra30a,3,PGD,460,0.3346896171569824,133000.0,49.60629921259843
kra30a,3,PGD,480,0.3491230010986328,133000.0,49.60629921259843
kra30a,3,PGD,500,0.36351609230041504,133000.0,49.60629921259843
kra30a,3,PGD,520,0.37785768508911133,133000.0,49.60629921259843
kra30a,3,PGD,540,0.39223456382751465,133000.0,49.60629921259843
kra30a,3,PGD,560,0.40660881996154785,133000.0,49.60629921259843
kra30a,3,PGD,580,0.4209873676300049,133000.0,49.60629921259843
kra30a,3,PGD,600,0.43538784980773926,133000.0,49.60629921259843
kra30a,3,PGD,620,0.449798583984375,133000.0,49.60629921259843
kra30a,3,PGD,640,0.46416568756103516,133000.0,49.60629921259843
kra30a,3,PGD,660,0.4785327911376953,133000.0,49.60629921259843
kra30a,3,PGD,680,0.4928929805755615,133000.0,49.60629921259843
kra30a,3,PGD,700,0.5072717666625977,133000.0,49.60629921259843
kra30a,3,PGD,720,0.5216882228851318,133000.0,49.60629921259843
kra30a,3,PGD,740,0.5361053943634033,133000.0,49.60629921259843
kra30a,3,PGD,760,0.5504777431488037,133000.0,49.60629921259843
kra30a,3,PGD,780,0.5648338794708252,133000.0,49.60629921259843
kra30a,3,PGD,800,0.5791957378387451,133000.0,49.60629921259843
kra30a,3,PGD,820,0.593571662902832,133000.0,49.60629921259843
kra30a,3,PGD,840,0.6079812049865723,133000.0,49.60629921259843
kra30a,3,PGD,860,0.6223938465118408,133000.0,49.60629921259843
kra30a,3,PGD,880,0.6367452144622803,133000.0,49.60629921259843
kra30a,3,PGD,900,0.6511108875274658,133000.0,49.60629921259843
kra30a,3,PGD,920,0.6654520034790039,133000.0,49.60629921259843
kra30a,3,PGD,940,0.679816722869873,133000.0,49.60629921259843
kra30a,3,PGD,960,0.6942384243011475,133000.0,49.60629921259843
kra30a,3,PGD,980,0.708665132522583,133000.0,49.60629921259843
kra30a,3,PGD,1000,0.723015546798706,133000.0,49.60629921259843
kra30a,3,PGD,1020,0.7373595237731934,133000.0,49.60629921259843
kra30a,3,PGD,1040,0.7517106533050537,133000.0,49.60629921259843
kra30a,3,PGD,1060,0.7660565376281738,133000.0,49.60629921259843
kra30a,3,PGD,1080,0.7804732322692871,133000.0,49.60629921259843
kra30a,3,PGD,1100,0.7949063777923584,133000.0,49.60629921259843
kra30a,3,PGD,1120,0.8092753887176514,133000.0,49.60629921259843
kra30a,3,PGD,1140,0.8236277103424072,133000.0,49.60629921259843
kra30a,3,PGD,1160,0.8379924297332764,133000.0,49.60629921259843
kra30a,3,PGD,1180,0.8523416519165039,133000.0,49.60629921259843
kra30a,3,PGD,1200,0.8667507171630859,133000.0,49.60629921259843
kra30a,3,PGD,1220,0.8811709880828857,133000.0,49.60629921259843
kra30a,3,PGD,1240,0.8955578804016113,133000.0,49.60629921259843
kra30a,3,PGD,1260,0.909926176071167,133000.0,49.60629921259843
kra30a,3,PGD,1280,0.9242668151855469,133000.0,49.60629921259843
kra30a,3,PGD,1300,0.9386410713195801,133000.0,49.60629921259843
kra30a,3,PGD,1320,0.9530391693115234,133000.0,49.60629921259843
kra30a,3,PGD,1340,0.9674453735351562,133000.0,49.60629921259843
kra30a,3,PGD,1360,0.9818272590637207,133000.0,49.60629921259843
kra30a,3,PGD,1380,0.9962091445922852,133000.0,49.60629921259843
kra30a,3,PGD,1400,1.0105586051940918,133000.0,49.60629921259843
kra30a,3,PGD,1420,1.0249102115631104,133000.0,49.60629921259843
kra30a,3,PGD,1440,1.0393152236938477,133000.0,49.60629921259843
kra30a,3,PGD,1460,1.053739309310913,133000.0,49.60629921259843
kra30a,3,PGD,1480,1.0681116580963135,133000.0,49.60629921259843
kra30a,3,PGD,1500,1.0824825763702393,133000.0,49.60629921259843
kra30a,3,SK,1,0.013848543167114258,141370.0,59.021372328458945
kra30a,3,SK,20,0.20941495895385742,118110.0,32.857142857142854
kra30a,3,SK,40,0.4017062187194824,111260.0,25.151856017997748
kra30a,3,SK,60,0.5919632911682129,111450.0,25.365579302587175
kra30a,3,SK,80,0.7832024097442627,104890.0,17.98650168728909
kra30a,3,SK,100,0.9755771160125732,100790.0,13.374578177727784
kra30a,3,SK,120,1.1687982082366943,98150.0,10.404949381327334
kra30a,3,SK,140,1.3603456020355225,97750.0,9.955005624296962
kra30a,3,SK,160,1.5523054599761963,95350.0,7.255343082114736
kra30a,3,SK,180,1.7440030574798584,95050.0,6.917885264341956
kra30a,3,SK,200,1.9354705810546875,95850.0,7.8177727784027
kra30a,3,SK,220,2.1272897720336914,92650.0,4.21822272215973
kra30a,3,SK,240,2.3185641765594482,92650.0,4.21822272215973
kra30a,3,SK,260,2.509455919265747,92650.0,4.21822272215973
kra30a,3,SK,280,2.700455665588379,92650.0,4.21822272215973
kra30a,3,SK,300,2.8908274173736572,92650.0,4.21822272215973
kra30a,3,SK,320,3.0836079120635986,92550.0,4.105736782902137
kra30a,3,SK,340,3.2747931480407715,92550.0,4.105736782902137
kra30a,3,SK,360,3.466090679168701,92550.0,4.105736782902137
kra30a,3,SK,380,3.656994104385376,92550.0,4.105736782902137
kra30a,3,SK,400,3.848001003265381,92550.0,4.105736782902137
kra30a,3,SK,420,4.038355827331543,92550.0,4.105736782902137
kra30a,3,SK,440,4.230154991149902,92550.0,4.105736782902137
kra30a,3,SK,460,4.421133041381836,92550.0,4.105736782902137
kra30a,3,SK,480,4.612070560455322,92550.0,4.105736782902137
kra30a,3,SK,500,4.803108215332031,92790.0,4.37570303712036
kra30a,3,SK,520,4.994339227676392,92790.0,4.37570303712036
kra30a,3,SK,540,5.185117244720459,94550.0,6.355455568053993
kra30a,3,SK,560,5.376216650009155,94650.0,6.467941507311586
kra30a,3,SK,580,5.5671141147613525,94750.0,6.580427446569178
kra30a,3,SK,600,5.758646249771118,94750.0,6.580427446569178
kra30a,3,SK,620,5.949253797531128,94750.0,6.580427446569178
kra30a,3,SK,640,6.140508651733398,94750.0,6.580427446569178
kra30a,3,SK,660,6.331240892410278,94750.0,6.580427446569178
kra30a,3,SK,680,6.522907495498657,94750.0,6.580427446569178
kra30a,3,SK,700,6.7134411334991455,94750.0,6.580427446569178
kra30a,3,SK,720,6.904725074768066,94750.0,6.580427446569178
kra30a,3,SK,740,7.09537935256958,94750.0,6.580427446569178
kra30a,3,SK,760,7.286784648895264,94750.0,6.580427446569178
kra30a,3,SK,780,7.477734088897705,94750.0,6.580427446569178
kra30a,3,SK,800,7.668515682220459,94750.0,6.580427446569178
kra30a,3,SK,820,7.859671354293823,94750.0,6.580427446569178
kra30a,3,SK,840,8.050871849060059,94750.0,6.580427446569178
kra30a,3,SK,860,8.241917371749878,94750.0,6.580427446569178
kra30a,3,SK,880,8.432880640029907,94750.0,6.580427446569178
kra30a,3,SK,900,8.623981475830078,94750.0,6.580427446569178
kra30a,3,SK,920,8.815298795700073,94750.0,6.580427446569178
kra30a,3,SK,940,9.006175994873047,94750.0,6.580427446569178
kra30a,3,SK,960,9.197266101837158,94750.0,6.580427446569178
kra30a,3,SK,980,9.388087511062622,94750.0,6.580427446569178
kra30a,3,SK,1000,9.579705715179443,94750.0,6.580427446569178
kra30a,3,SK,1020,9.770264863967896,94750.0,6.580427446569178
kra30a,3,SK,1040,9.9615159034729,92680.0,4.251968503937007
kra30a,3,SK,1060,10.15207815170288,93080.0,4.701912260967379
kra30a,3,SK,1080,10.34369945526123,93080.0,4.701912260967379
kra30a,3,SK,1100,10.534373998641968,93080.0,4.701912260967379
kra30a,3,SK,1120,10.725427627563477,93080.0,4.701912260967379
kra30a,3,SK,1140,10.91640305519104,93080.0,4.701912260967379
kra30a,3,SK,1160,11.10776972770691,92680.0,4.251968503937007
kra30a,3,SK,1180,11.298816919326782,94750.0,6.580427446569178
kra30a,3,SK,1200,11.490032434463501,94750.0,6.580427446569178
kra30a,3,SK,1220,11.68065857887268,94750.0,6.580427446569178
kra30a,3,SK,1240,11.87235164642334,94750.0,6.580427446569178
kra30a,3,SK,1260,12.06286358833313,94750.0,6.580427446569178
kra30a,3,SK,1280,12.25434136390686,94750.0,6.580427446569178
kra30a,3,SK,1300,12.4451744556427,94750.0,6.580427446569178
kra30a,3,SK,1320,12.636570692062378,94750.0,6.580427446569178
kra30a,3,SK,1340,12.827533483505249,94750.0,6.580427446569178
kra30a,3,SK,1360,13.018493413925171,94750.0,6.580427446569178
kra30a,3,SK,1380,13.209572076797485,94750.0,6.580427446569178
kra30a,3,SK,1400,13.400779962539673,94750.0,6.580427446569178
kra30a,3,SK,1420,13.591661214828491,94750.0,6.580427446569178
kra30a,3,SK,1440,13.782904624938965,93080.0,4.701912260967379
kra30a,3,SK,1460,13.973878622055054,93080.0,4.701912260967379
kra30a,3,SK,1480,14.165304183959961,93080.0,4.701912260967379
kra30a,3,SK,1500,14.356162309646606,93080.0,4.701912260967379
kra30a,4,PGD,1,0.002170562744140625,139330.0,56.726659167604055
kra30a,4,PGD,20,0.01698780059814453,135480.0,52.39595050618673
kra30a,4,PGD,40,0.03245687484741211,133000.0,49.60629921259843
kra30a,4,PGD,60,0.04662370681762695,133000.0,49.60629921259843
kra30a,4,PGD,80,0.06081676483154297,133000.0,49.60629921259843
kra30a,4,PGD,100,0.0750420093536377,133000.0,49.60629921259843
kra30a,4,PGD,120,0.08930611610412598,133000.0,49.60629921259843
kra30a,4,PGD,140,0.10356283187866211,133000.0,49.60629921259843
kra30a,4,PGD,160,0.11782288551330566,133000.0,49.60629921259843
kra30a,4,PGD,180,0.1320815086364746,133000.0,49.60629921259843
kra30a,4,PGD,200,0.14636945724487305,133000.0,49.60629921259843
kra30a,4,PGD,220,0.16062140464782715,133000.0,49.60629921259843
kra30a,4,PGD,240,0.17489123344421387,133000.0,49.60629921259843
kra30a,4,PGD,260,0.1891639232635498,133000.0,49.60629921259843
kra30a,4,PGD,280,0.20342636108398438,133000.0,49.60629921259843
kra30a,4,PGD,300,0.21766233444213867,133000.0,49.60629921259843
kra30a,4,PGD,320,0.23192334175109863,133000.0,49.60629921259843
kra30a,4,PGD,340,0.246199369430542,133000.0,49.60629921259843
kra30a,4,PGD,360,0.2604362964630127,133000.0,49.60629921259843
kra30a,4,PGD,380,0.2747178077697754,133000.0,49.60629921259843
kra30a,4,PGD,400,0.2889719009399414,133000.0,49.60629921259843
kra30a,4,PGD,420,0.3032400608062744,133000.0,49.60629921259843
kra30a,4,PGD,440,0.317490816116333,133000.0,49.60629921259843
kra30a,4,PGD,460,0.3317739963531494,133000.0,49.60629921259843
kra30a,4,PGD,480,0.3460211753845215,133000.0,49.60629921259843
kra30a,4,PGD,500,0.3602886199951172,133000.0,49.60629921259843
kra30a,4,PGD,520,0.3745284080505371,133000.0,49.60629921259843
kra30a,4,PGD,540,0.3887827396392822,133000.0,49.60629921259843
kra30a,4,PGD,560,0.403026819229126,133000.0,49.60629921259843
kra30a,4,PGD,580,0.4173095226287842,133000.0,49.60629921259843
kra30a,4,PGD,600,0.4315659999847412,133000.0,49.60629921259843
kra30a,4,PGD,620,0.44583559036254883,133000.0,49.60629921259843
kra30a,4,PGD,640,0.46010804176330566,133000.0,49.60629921259843
kra30a,4,PGD,660,0.4743664264678955,133000.0,49.60629921259843
kra30a,4,PGD,680,0.4886314868927002,133000.0,49.60629921259843
kra30a,4,PGD,700,0.5028984546661377,133000.0,49.60629921259843
kra30a,4,PGD,720,0.5171713829040527,133000.0,49.60629921259843
kra30a,4,PGD,740,0.5314311981201172,133000.0,49.60629921259843
kra30a,4,PGD,760,0.5457062721252441,133000.0,49.60629921259843
kra30a,4,PGD,780,0.559962272644043,133000.0,49.60629921259843
kra30a,4,PGD,800,0.5742285251617432,133000.0,49.60629921259843
kra30a,4,PGD,820,0.5884981155395508,133000.0,49.60629921259843
kra30a,4,PGD,840,0.6027684211730957,133000.0,49.60629921259843
kra30a,4,PGD,860,0.6170284748077393,133000.0,49.60629921259843
kra30a,4,PGD,880,0.6312754154205322,133000.0,49.60629921259843
kra30a,4,PGD,900,0.6455538272857666,133000.0,49.60629921259843
kra30a,4,PGD,920,0.6598107814788818,133000.0,49.60629921259843
kra30a,4,PGD,940,0.6740968227386475,133000.0,49.60629921259843
kra30a,4,PGD,960,0.6883549690246582,133000.0,49.60629921259843
kra30a,4,PGD,980,0.7026441097259521,133000.0,49.60629921259843
kra30a,4,PGD,1000,0.7168745994567871,133000.0,49.60629921259843
kra30a,4,PGD,1020,0.7311511039733887,133000.0,49.60629921259843
kra30a,4,PGD,1040,0.7454047203063965,133000.0,49.60629921259843
kra30a,4,PGD,1060,0.7596690654754639,133000.0,49.60629921259843
kra30a,4,PGD,1080,0.7739365100860596,133000.0,49.60629921259843
kra30a,4,PGD,1100,0.7882046699523926,133000.0,49.60629921259843
kra30a,4,PGD,1120,0.8024501800537109,133000.0,49.60629921259843
kra30a,4,PGD,1140,0.8167200088500977,133000.0,49.60629921259843
kra30a,4,PGD,1160,0.8309760093688965,133000.0,49.60629921259843
kra30a,4,PGD,1180,0.8452317714691162,133000.0,49.60629921259843
kra30a,4,PGD,1200,0.8595113754272461,133000.0,49.60629921259843
kra30a,4,PGD,1220,0.8737430572509766,133000.0,49.60629921259843
kra30a,4,PGD,1240,0.8880105018615723,133000.0,49.60629921259843
kra30a,4,PGD,1260,0.9022700786590576,133000.0,49.60629921259843
kra30a,4,PGD,1280,0.9165456295013428,133000.0,49.60629921259843
kra30a,4,PGD,1300,0.9307918548583984,133000.0,49.60629921259843
kra30a,4,PGD,1320,0.9450597763061523,133000.0,49.60629921259843
kra30a,4,PGD,1340,0.9593074321746826,133000.0,49.60629921259843
kra30a,4,PGD,1360,0.9735574722290039,133000.0,49.60629921259843
kra30a,4,PGD,1380,0.9878249168395996,133000.0,49.60629921259843
kra30a,4,PGD,1400,1.0020959377288818,133000.0,49.60629921259843
kra30a,4,PGD,1420,1.0163538455963135,133000.0,49.60629921259843
kra30a,4,PGD,1440,1.030608892440796,133000.0,49.60629921259843
kra30a,4,PGD,1460,1.0448811054229736,133000.0,49.60629921259843
kra30a,4,PGD,1480,1.059128999710083,133000.0,49.60629921259843
kra30a,4,PGD,1500,1.0733985900878906,133000.0,49.60629921259843
kra30a,4,SK,1,0.012758255004882812,141370.0,59.021372328458945
kra30a,4,SK,20,0.201951265335083,118110.0,32.857142857142854
kra30a,4,SK,40,0.3934040069580078,111260.0,25.151856017997748
kra30a,4,SK,60,0.58463454246521,111450.0,25.365579302587175
kra30a,4,SK,80,0.775841236114502,104890.0,17.98650168728909
kra30a,4,SK,100,0.9692144393920898,100790.0,13.374578177727784
kra30a,4,SK,120,1.161494255065918,98150.0,10.404949381327334
kra30a,4,SK,140,1.3539454936981201,97750.0,9.955005624296962
kra30a,4,SK,160,1.5458955764770508,95350.0,7.255343082114736
kra30a,4,SK,180,1.7392749786376953,95050.0,6.917885264341956
kra30a,4,SK,200,1.9301576614379883,95850.0,7.8177727784027
kra30a,4,SK,220,2.122515916824341,92650.0,4.21822272215973
kra30a,4,SK,240,2.3133370876312256,92650.0,4.21822272215973
kra30a,4,SK,260,2.505263328552246,92650.0,4.21822272215973
kra30a,4,SK,280,2.6960556507110596,92650.0,4.21822272215973
kra30a,4,SK,300,2.887960910797119,92650.0,4.21822272215973
kra30a,4,SK,320,3.0796542167663574,92550.0,4.105736782902137
kra30a,4,SK,340,3.271245002746582,92550.0,4.105736782902137
kra30a,4,SK,360,3.4623146057128906,92550.0,4.105736782902137
kra30a,4,SK,380,3.6542413234710693,92550.0,4.105736782902137
kra30a,4,SK,400,3.844719648361206,92550.0,4.105736782902137
kra30a,4,SK,420,4.0366504192352295,92550.0,4.105736782902137
kra30a,4,SK,440,4.227339744567871,92550.0,4.105736782902137
kra30a,4,SK,460,4.419045448303223,92550.0,4.105736782902137
kra30a,4,SK,480,4.610100269317627,92550.0,4.105736782902137
kra30a,4,SK,500,4.801375865936279,92790.0,4.37570303712036
kra30a,4,SK,520,4.992377281188965,92790.0,4.37570303712036
kra30a,4,SK,540,5.184427976608276,94550.0,6.355455568053993
kra30a,4,SK,560,5.37510871887207,94650.0,6.467941507311586
kra30a,4,SK,580,5.566986322402954,94750.0,6.580427446569178
kra30a,4,SK,600,5.757731676101685,94750.0,6.580427446569178
kra30a,4,SK,620,5.949369668960571,94750.0,6.580427446569178
kra30a,4,SK,640,6.140392303466797,94750.0,6.580427446569178
kra30a,4,SK,660,6.332015514373779,94750.0,6.580427446569178
kra30a,4,SK,680,6.522990465164185,94750.0,6.580427446569178
kra30a,4,SK,700,6.7143776416778564,94750.0,6.580427446569178
kra30a,4,SK,720,6.905282735824585,94750.0,6.580427446569178
kra30a,4,SK,740,7.097307205200195,94750.0,6.580427446569178
kra30a,4,SK,760,7.288067579269409,94750.0,6.580427446569178
kra30a,4,SK,780,7.479984998703003,94750.0,6.580427446569178
kra30a,4,SK,800,7.671021461486816,94750.0,6.580427446569178
kra30a,4,SK,820,7.862522602081299,94750.0,6.580427446569178
kra30a,4,SK,840,8.053532600402832,94750.0,6.580427446569178
kra30a,4,SK,860,8.244981050491333,94750.0,6.580427446569178
kra30a,4,SK,880,8.436029434204102,94750.0,6.580427446569178
kra30a,4,SK,900,8.627984046936035,94750.0,6.580427446569178
kra30a,4,SK,920,8.818673133850098,94750.0,6.580427446569178
kra30a,4,SK,940,9.010517835617065,94750.0,6.580427446569178
kra30a,4,SK,960,9.201261281967163,94750.0,6.580427446569178
kra30a,4,SK,980,9.393201112747192,94750.0,6.580427446569178
kra30a,4,SK,1000,9.584018468856812,94750.0,6.580427446569178
kra30a,4,SK,1020,9.775935649871826,94750.0,6.580427446569178
kra30a,4,SK,1040,9.966871738433838,92680.0,4.251968503937007
kra30a,4,SK,1060,10.158815860748291,93080.0,4.701912260967379
kra30a,4,SK,1080,10.349644422531128,93080.0,4.701912260967379
kra30a,4,SK,1100,10.541591882705688,93080.0,4.701912260967379
kra30a,4,SK,1120,10.732397556304932,93080.0,4.701912260967379
kra30a,4,SK,1140,10.924426078796387,93080.0,4.701912260967379
kra30a,4,SK,1160,11.115341424942017,92680.0,4.251968503937007
kra30a,4,SK,1180,11.307067394256592,94750.0,6.580427446569178
kra30a,4,SK,1200,11.498005628585815,94750.0,6.580427446569178
kra30a,4,SK,1220,11.689945220947266,94750.0,6.580427446569178
kra30a,4,SK,1240,11.880460023880005,94750.0,6.580427446569178
kra30a,4,SK,1260,12.072512865066528,94750.0,6.580427446569178
kra30a,4,SK,1280,12.26312780380249,94750.0,6.580427446569178
kra30a,4,SK,1300,12.45507025718689,94750.0,6.580427446569178
kra30a,4,SK,1320,12.646001100540161,94750.0,6.580427446569178
kra30a,4,SK,1340,12.837945461273193,94750.0,6.580427446569178
kra30a,4,SK,1360,13.028879165649414,94750.0,6.580427446569178
kra30a,4,SK,1380,13.220932006835938,94750.0,6.580427446569178
kra30a,4,SK,1400,13.411487102508545,94750.0,6.580427446569178
kra30a,4,SK,1420,13.603405237197876,94750.0,6.580427446569178
kra30a,4,SK,1440,13.794196128845215,93080.0,4.701912260967379
kra30a,4,SK,1460,13.986014604568481,93080.0,4.701912260967379
kra30a,4,SK,1480,14.176893472671509,93080.0,4.701912260967379
kra30a,4,SK,1500,14.368889808654785,93080.0,4.701912260967379
tho30,0,PGD,1,0.002166748046875,208172.0,38.84057197737702
tho30,0,PGD,20,0.015758991241455078,224636.0,49.821257069683064
tho30,0,PGD,40,0.03002142906188965,218126.0,45.4794045459396
tho30,0,PGD,60,0.04440498352050781,216464.0,44.370931597481594
tho30,0,PGD,80,0.05879950523376465,214568.0,43.10639206061253
tho30,0,PGD,100,0.07314491271972656,214568.0,43.10639206061253
tho30,0,PGD,120,0.08753514289855957,214568.0,43.10639206061253
tho30,0,PGD,140,0.10189485549926758,214568.0,43.10639206061253
tho30,0,PGD,160,0.1162421703338623,214568.0,43.10639206061253
tho30,0,PGD,180,0.13059139251708984,214568.0,43.10639206061253
tho30,0,PGD,200,0.14496111869812012,214568.0,43.10639206061253
tho30,0,PGD,220,0.1592848300933838,214568.0,43.10639206061253
tho30,0,PGD,240,0.17365193367004395,214568.0,43.10639206061253
tho30,0,PGD,260,0.1880326271057129,214568.0,43.10639206061253
tho30,0,PGD,280,0.20236849784851074,214568.0,43.10639206061253
tho30,0,PGD,300,0.21674251556396484,214568.0,43.10639206061253
tho30,0,PGD,320,0.23111844062805176,214568.0,43.10639206061253
tho30,0,PGD,340,0.24547266960144043,214568.0,43.10639206061253
tho30,0,PGD,360,0.2598536014556885,214568.0,43.10639206061253
tho30,0,PGD,380,0.27424049377441406,214568.0,43.10639206061253
tho30,0,PGD,400,0.2886161804199219,214568.0,43.10639206061253
tho30,0,PGD,420,0.3029756546020508,214568.0,43.10639206061253
tho30,0,PGD,440,0.3173515796661377,214568.0,43.10639206061253
tho30,0,PGD,460,0.33170366287231445,214568.0,43.10639206061253
tho30,0,PGD,480,0.3460562229156494,214568.0,43.10639206061253
tho30,0,PGD,500,0.3604397773742676,214568.0,43.10639206061253
tho30,0,PGD,520,0.374805212020874,214568.0,43.10639206061253
tho30,0,PGD,540,0.3891463279724121,214568.0,43.10639206061253
tho30,0,PGD,560,0.40348029136657715,214568.0,43.10639206061253
tho30,0,PGD,580,0.41780710220336914,214568.0,43.10639206061253
tho30,0,PGD,600,0.43216776847839355,214568.0,43.10639206061253
tho30,0,PGD,620,0.4465639591217041,214568.0,43.10639206061253
tho30,0,PGD,640,0.4609193801879883,214568.0,43.10639206061253
tho30,0,PGD,660,0.4752497673034668,214568.0,43.10639206061253
tho30,0,PGD,680,0.4895806312561035,214568.0,43.10639206061253
tho30,0,PGD,700,0.5039229393005371,214568.0,43.10639206061253
tho30,0,PGD,720,0.5183086395263672,214568.0,43.10639206061253
tho30,0,PGD,740,0.5327062606811523,214568.0,43.10639206061253
tho30,0,PGD,760,0.5470585823059082,214568.0,43.10639206061253
tho30,0,PGD,780,0.5613784790039062,214568.0,43.10639206061253
tho30,0,PGD,800,0.5757091045379639,214568.0,43.10639206061253
tho30,0,PGD,820,0.590064287185669,214568.0,43.10639206061253
tho30,0,PGD,840,0.6043870449066162,214568.0,43.10639206061253
tho30,0,PGD,860,0.6187562942504883,214568.0,43.10639206061253
tho30,0,PGD,880,0.6331074237823486,214568.0,43.10639206061253
tho30,0,PGD,900,0.6474392414093018,214568.0,43.10639206061253
tho30,0,PGD,920,0.6617844104766846,214568.0,43.10639206061253
tho30,0,PGD,940,0.6761336326599121,214568.0,43.10639206061253
tho30,0,PGD,960,0.6905083656311035,214568.0,43.10639206061253
tho30,0,PGD,980,0.7048795223236084,214568.0,43.10639206061253
tho30,0,PGD,1000,0.7192151546478271,214568.0,43.10639206061253
tho30,0,PGD,1020,0.7335505485534668,214568.0,43.10639206061253
tho30,0,PGD,1040,0.7478988170623779,214568.0,43.10639206061253
tho30,0,PGD,1060,0.7622406482696533,214568.0,43.10639206061253
tho30,0,PGD,1080,0.7766075134277344,214568.0,43.10639206061253
tho30,0,PGD,1100,0.7909896373748779,214568.0,43.10639206061253
tho30,0,PGD,1120,0.8053510189056396,214568.0,43.10639206061253
tho30,0,PGD,1140,0.8197097778320312,214568.0,43.10639206061253
tho30,0,PGD,1160,0.8340849876403809,214568.0,43.10639206061253
tho30,0,PGD,1180,0.8484537601470947,214568.0,43.10639206061253
tho30,0,PGD,1200,0.8628456592559814,214568.0,43.10639206061253
tho30,0,PGD,1220,0.8772599697113037,214568.0,43.10639206061253
tho30,0,PGD,1240,0.8916158676147461,214568.0,43.10639206061253
tho30,0,PGD,1260,0.9059221744537354,214568.0,43.10639206061253
tho30,0,PGD,1280,0.9202117919921875,214568.0,43.10639206061253
tho30,0,PGD,1300,0.9345145225524902,214568.0,43.10639206061253
tho30,0,PGD,1320,0.9488487243652344,214568.0,43.10639206061253
tho30,0,PGD,1340,0.963191032409668,214568.0,43.10639206061253
tho30,0,PGD,1360,0.9775078296661377,214568.0,43.10639206061253
tho30,0,PGD,1380,0.9917981624603271,214568.0,43.10639206061253
tho30,0,PGD,1400,1.0060951709747314,214568.0,43.10639206061253
tho30,0,PGD,1420,1.0203783512115479,214568.0,43.10639206061253
tho30,0,PGD,1440,1.034719467163086,214568.0,43.10639206061253
tho30,0,PGD,1460,1.0490224361419678,214568.0,43.10639206061253
tho30,0,PGD,1480,1.0632891654968262,214568.0,43.10639206061253
tho30,0,PGD,1500,1.0776100158691406,214568.0,43.10639206061253
tho30,0,SK,1,0.011796236038208008,217608.0,45.13392380749119
tho30,0,SK,20,0.198805570602417,184712.0,23.193896062319926
tho30,0,SK,40,0.3909933567047119,173670.0,15.829420552769182
tho30,0,SK,60,0.5813026428222656,176874.0,17.966332301782092
tho30,0,SK,80,0.7732381820678711,165946.0,10.677889232739302
tho30,0,SK,100,0.9655921459197998,160272.0,6.893607939387472
tho30,0,SK,120,1.157996416091919,158832.0,5.933198164550208
tho30,0,SK,140,1.3490431308746338,160116.0,6.789563547113435
tho30,0,SK,160,1.5399460792541504,163928.0,9.331981645502081
tho30,0,SK,180,1.7309942245483398,163030.0,8.733059438693843
tho30,0,SK,200,1.9224615097045898,158982.0,6.03324084942909
tho30,0,SK,220,2.1138556003570557,158706.0,5.849162309251947
tho30,0,SK,240,2.306281089782715,156056.0,4.081741543058372
tho30,0,SK,260,2.4980311393737793,153448.0,2.3423327286308826
tho30,0,SK,280,2.6899514198303223,152794.0,1.9061466225589585
tho30,0,SK,300,2.8809802532196045,152794.0,1.9061466225589585
tho30,0,SK,320,3.072087287902832,152794.0,1.9061466225589585
tho30,0,SK,340,3.2628912925720215,152794.0,1.9061466225589585
tho30,0,SK,360,3.455746650695801,152156.0,1.4806317362074484
tho30,0,SK,380,3.6462230682373047,152156.0,1.4806317362074484
tho30,0,SK,400,3.837491750717163,152156.0,1.4806317362074484
tho30,0,SK,420,4.0279645919799805,152156.0,1.4806317362074484
tho30,0,SK,440,4.219680309295654,152156.0,1.4806317362074484
tho30,0,SK,460,4.410359859466553,152156.0,1.4806317362074484
tho30,0,SK,480,4.602348327636719,152098.0,1.4419485647209476
tho30,0,SK,500,4.793603420257568,152098.0,1.4419485647209476
tho30,0,SK,520,4.985243082046509,152098.0,1.4419485647209476
tho30,0,SK,540,5.175742864608765,152194.0,1.5059758830434318
tho30,0,SK,560,5.367594242095947,151996.0,1.373919539003308
tho30,0,SK,580,5.558191537857056,151996.0,1.373919539003308
tho30,0,SK,600,5.749775171279907,151996.0,1.373919539003308
tho30,0,SK,620,5.940555095672607,151996.0,1.373919539003308
tho30,0,SK,640,6.1311585903167725,151996.0,1.373919539003308
tho30,0,SK,660,6.322439432144165,151996.0,1.373919539003308
tho30,0,SK,680,6.5140674114227295,151996.0,1.373919539003308
tho30,0,SK,700,6.704926252365112,151996.0,1.373919539003308
tho30,0,SK,720,6.896238088607788,151996.0,1.373919539003308
tho30,0,SK,740,7.086839437484741,151996.0,1.373919539003308
tho30,0,SK,760,7.278475999832153,152500.0,1.7100629601963506
tho30,0,SK,780,7.469048261642456,154024.0,2.7264966385657883
tho30,0,SK,800,7.660125732421875,155082.0,3.432131042578167
tho30,0,SK,820,7.851106643676758,155082.0,3.432131042578167
tho30,0,SK,840,8.042441606521606,153176.0,2.1609219933838437
tho30,0,SK,860,8.233519554138184,153176.0,2.1609219933838437
tho30,0,SK,880,8.424440622329712,153176.0,2.1609219933838437
tho30,0,SK,900,8.615512609481812,153176.0,2.1609219933838437
tho30,0,SK,920,8.806648015975952,153626.0,2.4610500480204887
tho30,0,SK,940,8.997480154037476,153626.0,2.4610500480204887
tho30,0,SK,960,9.18857455253601,153626.0,2.4610500480204887
tho30,0,SK,980,9.379501342773438,153626.0,2.4610500480204887
tho30,0,SK,1000,9.57105541229248,153626.0,2.4610500480204887
tho30,0,SK,1020,9.761781215667725,153626.0,2.4610500480204887
tho30,0,SK,1040,9.953059911727905,153626.0,2.4610500480204887
tho30,0,SK,1060,10.143667459487915,153626.0,2.4610500480204887
tho30,0,SK,1080,10.335301399230957,153626.0,2.4610500480204887
tho30,0,SK,1100,10.52596664428711,153626.0,2.4610500480204887
tho30,0,SK,1120,10.71716833114624,153626.0,2.4610500480204887
tho30,0,SK,1140,10.907983541488647,153626.0,2.4610500480204887
tho30,0,SK,1160,11.099449396133423,153626.0,2.4610500480204887
tho30,0,SK,1180,11.29036283493042,153626.0,2.4610500480204887
tho30,0,SK,1200,11.481308937072754,157242.0,4.872745704834062
tho30,0,SK,1220,11.67240047454834,157242.0,4.872745704834062
tho30,0,SK,1240,11.86341667175293,157242.0,4.872745704834062
tho30,0,SK,1260,12.054301500320435,157242.0,4.872745704834062
tho30,0,SK,1280,12.245656490325928,157242.0,4.872745704834062
tho30,0,SK,1300,12.436546564102173,157242.0,4.872745704834062
tho30,0,SK,1320,12.628018140792847,157242.0,4.872745704834062
tho30,0,SK,1340,12.819035768508911,157242.0,4.872745704834062
tho30,0,SK,1360,13.01008677482605,157242.0,4.872745704834062
tho30,0,SK,1380,13.201095581054688,157242.0,4.872745704834062
tho30,0,SK,1400,13.39234733581543,157242.0,4.872745704834062
tho30,0,SK,1420,13.583399057388306,157242.0,4.872745704834062
tho30,0,SK,1440,13.774218082427979,157242.0,4.872745704834062
tho30,0,SK,1460,13.965243339538574,157242.0,4.872745704834062
tho30,0,SK,1480,14.156442403793335,157242.0,4.872745704834062
tho30,0,SK,1500,14.347412347793579,157242.0,4.872745704834062
tho30,1,PGD,1,0.001300811767578125,208172.0,38.84057197737702
tho30,1,PGD,20,0.014802694320678711,224636.0,49.821257069683064
tho30,1,PGD,40,0.028936386108398438,218126.0,45.4794045459396
tho30,1,PGD,60,0.04314780235290527,216464.0,44.370931597481594
tho30,1,PGD,80,0.05741262435913086,214568.0,43.10639206061253
tho30,1,PGD,100,0.0717017650604248,214568.0,43.10639206061253
tho30,1,PGD,120,0.08596038818359375,214568.0,43.10639206061253
tho30,1,PGD,140,0.10023188591003418,214568.0,43.10639206061253
tho30,1,PGD,160,0.11449027061462402,214568.0,43.10639206061253
tho30,1,PGD,180,0.12872934341430664,214568.0,43.10639206061253
tho30,1,PGD,200,0.14293622970581055,214568.0,43.10639206061253
tho30,1,PGD,220,0.15719151496887207,214568.0,43.10639206061253
tho30,1,PGD,240,0.17141151428222656,214568.0,43.10639206061253
tho30,1,PGD,260,0.18563246726989746,214568.0,43.10639206061253
tho30,1,PGD,280,0.199876070022583,214568.0,43.10639206061253
tho30,1,PGD,300,0.2141425609588623,214568.0,43.10639206061253
tho30,1,PGD,320,0.2283782958984375,214568.0,43.10639206061253
tho30,1,PGD,340,0.24265217781066895,214568.0,43.10639206061253
tho30,1,PGD,360,0.2568690776824951,214568.0,43.10639206061253
tho30,1,PGD,380,0.2711000442504883,214568.0,43.10639206061253
tho30,1,PGD,400,0.2853574752807617,214568.0,43.10639206061253
tho30,1,PGD,420,0.29962730407714844,214568.0,43.10639206061253
tho30,1,PGD,440,0.31385135650634766,214568.0,43.10639206061253
tho30,1,PGD,460,0.3281283378601074,214568.0,43.10639206061253
tho30,1,PGD,480,0.34236836433410645,214568.0,43.10639206061253
tho30,1,PGD,500,0.3566102981567383,214568.0,43.10639206061253
tho30,1,PGD,520,0.3708508014678955,214568.0,43.10639206061253
tho30,1,PGD,540,0.385113000869751,214568.0,43.10639206061253
tho30,1,PGD,560,0.39932918548583984,214568.0,43.10639206061253
tho30,1,PGD,580,0.4135911464691162,214568.0,43.10639206061253
tho30,1,PGD,600,0.42781853675842285,214568.0,43.10639206061253
tho30,1,PGD,620,0.4420742988586426,214568.0,43.10639206061253
tho30,1,PGD,640,0.45633554458618164,214568.0,43.10639206061253
tho30,1,PGD,660,0.47055745124816895,214568.0,43.10639206061253
tho30,1,PGD,680,0.4847683906555176,214568.0,43.10639206061253
tho30,1,PGD,700,0.49902820587158203,214568.0,43.10639206061253
tho30,1,PGD,720,0.5132625102996826,214568.0,43.10639206061253
tho30,1,PGD,740,0.5275397300720215,214568.0,43.10639206061253
tho30,1,PGD,760,0.5417726039886475,214568.0,43.10639206061253
tho30,1,PGD,780,0.5559999942779541,214568.0,43.10639206061253
tho30,1,PGD,800,0.5702469348907471,214568.0,43.10639206061253
tho30,1,PGD,820,0.5845201015472412,214568.0,43.10639206061253
tho30,1,PGD,840,0.5987818241119385,214568.0,43.10639206061253
tho30,1,PGD,860,0.6130390167236328,214568.0,43.10639206061253
tho30,1,PGD,880,0.6273062229156494,214568.0,43.10639206061253
tho30,1,PGD,900,0.641559362411499,214568.0,43.10639206061253
tho30,1,PGD,920,0.6558148860931396,214568.0,43.10639206061253
tho30,1,PGD,940,0.6700584888458252,214568.0,43.10639206061253
tho30,1,PGD,960,0.6843290328979492,214568.0,43.10639206061253
tho30,1,PGD,980,0.6985623836517334,214568.0,43.10639206061253
tho30,1,PGD,1000,0.712834358215332,214568.0,43.10639206061253
tho30,1,PGD,1020,0.7270636558532715,214568.0,43.10639206061253
tho30,1,PGD,1040,0.7413232326507568,214568.0,43.10639206061253
tho30,1,PGD,1060,0.7555885314941406,214568.0,43.10639206061253
tho30,1,PGD,1080,0.769831657409668,214568.0,43.10639206061253
tho30,1,PGD,1100,0.784048318862915,214568.0,43.10639206061253
tho30,1,PGD,1120,0.7982933521270752,214568.0,43.10639206061253
tho30,1,PGD,1140,0.8125276565551758,214568.0,43.10639206061253
tho30,1,PGD,1160,0.8267722129821777,214568.0,43.10639206061253
tho30,1,PGD,1180,0.8410148620605469,214568.0,43.10639206061253
tho30,1,PGD,1200,0.8552517890930176,214568.0,43.10639206061253
tho30,1,PGD,1220,0.8694956302642822,214568.0,43.10639206061253
tho30,1,PGD,1240,0.8837487697601318,214568.0,43.10639206061253
tho30,1,PGD,1260,0.8979761600494385,214568.0,43.10639206061253
tho30,1,PGD,1280,0.9122076034545898,214568.0,43.10639206061253
tho30,1,PGD,1300,0.9264318943023682,214568.0,43.10639206061253
tho30,1,PGD,1320,0.9406712055206299,214568.0,43.10639206061253
tho30,1,PGD,1340,0.9549071788787842,214568.0,43.10639206061253
tho30,1,PGD,1360,0.9691519737243652,214568.0,43.10639206061253
tho30,1,PGD,1380,0.9833619594573975,214568.0,43.10639206061253
tho30,1,PGD,1400,0.9976162910461426,214568.0,43.10639206061253
tho30,1,PGD,1420,1.0118484497070312,214568.0,43.10639206061253
tho30,1,PGD,1440,1.0260851383209229,214568.0,43.10639206061253
tho30,1,PGD,1460,1.0403189659118652,214568.0,43.10639206061253
tho30,1,PGD,1480,1.054563045501709,214568.0,43.10639206061253
tho30,1,PGD,1500,1.068819284439087,214568.0,43.10639206061253
tho30,1,SK,1,0.0128326416015625,217608.0,45.13392380749119
tho30,1,SK,20,0.2001662254333496,184712.0,23.193896062319926
tho30,1,SK,40,0.3917090892791748,173670.0,15.829420552769182
tho30,1,SK,60,0.584416389465332,176874.0,17.966332301782092
tho30,1,SK,80,0.7758910655975342,165946.0,10.677889232739302
tho30,1,SK,100,0.9694545269012451,160272.0,6.893607939387472
tho30,1,SK,120,1.1617701053619385,158832.0,5.933198164550208
tho30,1,SK,140,1.3537232875823975,160116.0,6.789563547113435
tho30,1,SK,160,1.54506254196167,163928.0,9.331981645502081
tho30,1,SK,180,1.736445426940918,163030.0,8.733059438693843
tho30,1,SK,200,1.9271197319030762,158982.0,6.03324084942909
tho30,1,SK,220,2.119800567626953,158706.0,5.849162309251947
tho30,1,SK,240,2.312441110610962,156056.0,4.081741543058372
tho30,1,SK,260,2.5058488845825195,153448.0,2.3423327286308826
tho30,1,SK,280,2.6971421241760254,152794.0,1.9061466225589585
tho30,1,SK,300,2.889146327972412,152794.0,1.9061466225589585
tho30,1,SK,320,3.080038070678711,152794.0,1.9061466225589585
tho30,1,SK,340,3.2714223861694336,152794.0,1.9061466225589585
tho30,1,SK,360,3.46358323097229,152156.0,1.4806317362074484
tho30,1,SK,380,3.655691385269165,152156.0,1.4806317362074484
tho30,1,SK,400,3.8470191955566406,152156.0,1.4806317362074484
tho30,1,SK,420,4.039017915725708,152156.0,1.4806317362074484
tho30,1,SK,440,4.229323387145996,152156.0,1.4806317362074484
tho30,1,SK,460,4.420714616775513,152156.0,1.4806317362074484
tho30,1,SK,480,4.613582611083984,152098.0,1.4419485647209476
tho30,1,SK,500,4.805586576461792,152098.0,1.4419485647209476
tho30,1,SK,520,4.996387243270874,152098.0,1.4419485647209476
tho30,1,SK,540,5.188355445861816,152194.0,1.5059758830434318
tho30,1,SK,560,5.380147933959961,151996.0,1.373919539003308
tho30,1,SK,580,5.572136640548706,151996.0,1.373919539003308
tho30,1,SK,600,5.762856483459473,151996.0,1.373919539003308
tho30,1,SK,620,5.954871892929077,151996.0,1.373919539003308
tho30,1,SK,640,6.145996570587158,151996.0,1.373919539003308
tho30,1,SK,660,6.337937831878662,151996.0,1.373919539003308
tho30,1,SK,680,6.528456926345825,151996.0,1.373919539003308
tho30,1,SK,700,6.720579624176025,151996.0,1.373919539003308
tho30,1,SK,720,6.911538362503052,151996.0,1.373919539003308
tho30,1,SK,740,7.1029884815216064,151996.0,1.373919539003308
tho30,1,SK,760,7.294081211090088,152500.0,1.7100629601963506
tho30,1,SK,780,7.486105680465698,154024.0,2.7264966385657883
tho30,1,SK,800,7.677345275878906,155082.0,3.432131042578167
tho30,1,SK,820,7.870048522949219,155082.0,3.432131042578167
tho30,1,SK,840,8.077495574951172,153176.0,2.1609219933838437
tho30,1,SK,860,8.269604206085205,153176.0,2.1609219933838437
tho30,1,SK,880,8.460569620132446,153176.0,2.1609219933838437
tho30,1,SK,900,8.652586698532104,153176.0,2.1609219933838437
tho30,1,SK,920,8.843077182769775,153626.0,2.4610500480204887
tho30,1,SK,940,9.034887313842773,153626.0,2.4610500480204887
tho30,1,SK,960,9.226340055465698,153626.0,2.4610500480204887
tho30,1,SK,980,9.417689085006714,153626.0,2.4610500480204887
tho30,1,SK,1000,9.608657121658325,153626.0,2.4610500480204887
tho30,1,SK,1020,9.800691366195679,153626.0,2.4610500480204887
tho30,1,SK,1040,9.99210810661316,153626.0,2.4610500480204887
tho30,1,SK,1060,10.184174299240112,153626.0,2.4610500480204887
tho30,1,SK,1080,10.378859281539917,153626.0,2.4610500480204887
tho30,1,SK,1100,10.570918083190918,153626.0,2.4610500480204887
tho30,1,SK,1120,10.762032508850098,153626.0,2.4610500480204887
tho30,1,SK,1140,10.953762769699097,153626.0,2.4610500480204887
tho30,1,SK,1160,11.144564628601074,153626.0,2.4610500480204887
tho30,1,SK,1180,11.336089134216309,153626.0,2.4610500480204887
tho30,1,SK,1200,11.52769660949707,157242.0,4.872745704834062
tho30,1,SK,1220,11.719765663146973,157242.0,4.872745704834062
tho30,1,SK,1240,11.91006851196289,157242.0,4.872745704834062
tho30,1,SK,1260,12.102025747299194,157242.0,4.872745704834062
tho30,1,SK,1280,12.293362140655518,157242.0,4.872745704834062
tho30,1,SK,1300,12.48495888710022,157242.0,4.872745704834062
tho30,1,SK,1320,12.675833225250244,157242.0,4.872745704834062
tho30,1,SK,1340,12.867889165878296,157242.0,4.872745704834062
tho30,1,SK,1360,13.058822870254517,157242.0,4.872745704834062
tho30,1,SK,1380,13.250862121582031,157242.0,4.872745704834062
tho30,1,SK,1400,13.441334009170532,157242.0,4.872745704834062
tho30,1,SK,1420,13.633221864700317,157242.0,4.872745704834062
tho30,1,SK,1440,13.824708461761475,157242.0,4.872745704834062
tho30,1,SK,1460,14.016324520111084,157242.0,4.872745704834062
tho30,1,SK,1480,14.207233667373657,157242.0,4.872745704834062
tho30,1,SK,1500,14.398765325546265,157242.0,4.872745704834062
tho30,2,PGD,1,0.001291513442993164,208172.0,38.84057197737702
tho30,2,PGD,20,0.014877557754516602,224636.0,49.821257069683064
tho30,2,PGD,40,0.02916407585144043,218126.0,45.4794045459396
tho30,2,PGD,60,0.04346823692321777,216464.0,44.370931597481594
tho30,2,PGD,80,0.05787491798400879,214568.0,43.10639206061253
tho30,2,PGD,100,0.07221674919128418,214568.0,43.10639206061253
tho30,2,PGD,120,0.0865926742553711,214568.0,43.10639206061253
tho30,2,PGD,140,0.10095334053039551,214568.0,43.10639206061253
tho30,2,PGD,160,0.11533379554748535,214568.0,43.10639206061253
tho30,2,PGD,180,0.12970304489135742,214568.0,43.10639206061253
tho30,2,PGD,200,0.14405512809753418,214568.0,43.10639206061253
tho30,2,PGD,220,0.15840864181518555,214568.0,43.10639206061253
tho30,2,PGD,240,0.17277765274047852,214568.0,43.10639206061253
tho30,2,PGD,260,0.18715262413024902,214568.0,43.10639206061253
tho30,2,PGD,280,0.20153284072875977,214568.0,43.10639206061253
tho30,2,PGD,300,0.21590065956115723,214568.0,43.10639206061253
tho30,2,PGD,320,0.2302255630493164,214568.0,43.10639206061253
tho30,2,PGD,340,0.24457597732543945,214568.0,43.10639206061253
tho30,2,PGD,360,0.2589559555053711,214568.0,43.10639206061253
tho30,2,PGD,380,0.27333855628967285,214568.0,43.10639206061253
tho30,2,PGD,400,0.2876908779144287,214568.0,43.10639206061253
tho30,2,PGD,420,0.3020460605621338,214568.0,43.10639206061253
tho30,2,PGD,440,0.3163878917694092,214568.0,43.10639206061253
tho30,2,PGD,460,0.33072996139526367,214568.0,43.10639206061253
tho30,2,PGD,480,0.3451259136199951,214568.0,43.10639206061253
tho30,2,PGD,500,0.359513521194458,214568.0,43.10639206061253
tho30,2,PGD,520,0.37386322021484375,214568.0,43.10639206061253
tho30,2,PGD,540,0.388197660446167,214568.0,43.10639206061253
tho30,2,PGD,560,0.4025139808654785,214568.0,43.10639206061253
tho30,2,PGD,580,0.4168565273284912,214568.0,43.10639206061253
tho30,2,PGD,600,0.43118929862976074,214568.0,43.10639206061253
tho30,2,PGD,620,0.4455132484436035,214568.0,43.10639206061253
tho30,2,PGD,640,0.4598686695098877,214568.0,43.10639206061253
tho30,2,PGD,660,0.47418928146362305,214568.0,43.10639206061253
tho30,2,PGD,680,0.4885365962982178,214568.0,43.10639206061253
tho30,2,PGD,700,0.502896785736084,214568.0,43.10639206061253
tho30,2,PGD,720,0.5172882080078125,214568.0,43.10639206061253
tho30,2,PGD,740,0.5316653251647949,214568.0,43.10639206061253
tho30,2,PGD,760,0.5460183620452881,214568.0,43.10639206061253
tho30,2,PGD,780,0.5603690147399902,214568.0,43.10639206061253
tho30,2,PGD,800,0.5747146606445312,214568.0,43.10639206061253
tho30,2,PGD,820,0.5890748500823975,214568.0,43.10639206061253
tho30,2,PGD,840,0.6034548282623291,214568.0,43.10639206061253
tho30,2,PGD,860,0.6178176403045654,214568.0,43.10639206061253
tho30,2,PGD,880,0.6321473121643066,214568.0,43.10639206061253
tho30,2,PGD,900,0.646512508392334,214568.0,43.10639206061253
tho30,2,PGD,920,0.6608517169952393,214568.0,43.10639206061253
tho30,2,PGD,940,0.6752045154571533,214568.0,43.10639206061253
tho30,2,PGD,960,0.6895732879638672,214568.0,43.10639206061253
tho30,2,PGD,980,0.703932523727417,214568.0,43.10639206061253
tho30,2,PGD,1000,0.7182703018188477,214568.0,43.10639206061253
tho30,2,PGD,1020,0.7325553894042969,214568.0,43.10639206061253
tho30,2,PGD,1040,0.7468490600585938,214568.0,43.10639206061253
tho30,2,PGD,1060,0.7612154483795166,214568.0,43.10639206061253
tho30,2,PGD,1080,0.775611162185669,214568.0,43.10639206061253
tho30,2,PGD,1100,0.7899994850158691,214568.0,43.10639206061253
tho30,2,PGD,1120,0.8043696880340576,214568.0,43.10639206061253
tho30,2,PGD,1140,0.8186991214752197,214568.0,43.10639206061253
tho30,2,PGD,1160,0.8330304622650146,214568.0,43.10639206061253
tho30,2,PGD,1180,0.8473691940307617,214568.0,43.10639206061253
tho30,2,PGD,1200,0.8617677688598633,214568.0,43.10639206061253
tho30,2,PGD,1220,0.876145601272583,214568.0,43.10639206061253
tho30,2,PGD,1240,0.890496015548706,214568.0,43.10639206061253
tho30,2,PGD,1260,0.9048469066619873,214568.0,43.10639206061253
tho30,2,PGD,1280,0.9191625118255615,214568.0,43.10639206061253
tho30,2,PGD,1300,0.9334878921508789,214568.0,43.10639206061253
tho30,2,PGD,1320,0.947869062423706,214568.0,43.10639206061253
tho30,2,PGD,1340,0.9622399806976318,214568.0,43.10639206061253
tho30,2,PGD,1360,0.9765665531158447,214568.0,43.10639206061253
tho30,2,PGD,1380,0.9908843040466309,214568.0,43.10639206061253
tho30,2,PGD,1400,1.0052146911621094,214568.0,43.10639206061253
tho30,2,PGD,1420,1.0195701122283936,214568.0,43.10639206061253
tho30,2,PGD,1440,1.0339562892913818,214568.0,43.10639206061253
tho30,2,PGD,1460,1.0482759475708008,214568.0,43.10639206061253
tho30,2,PGD,1480,1.0625500679016113,214568.0,43.10639206061253
tho30,2,PGD,1500,1.0768210887908936,214568.0,43.10639206061253
tho30,2,SK,1,0.012434720993041992,217608.0,45.13392380749119
tho30,2,SK,20,0.20145678520202637,184712.0,23.193896062319926
tho30,2,SK,40,0.39376020431518555,173670.0,15.829420552769182
tho30,2,SK,60,0.5841846466064453,176874.0,17.966332301782092
tho30,2,SK,80,0.7753632068634033,165946.0,10.677889232739302
tho30,2,SK,100,0.967552900314331,160272.0,6.893607939387472
tho30,2,SK,120,1.1606292724609375,158832.0,5.933198164550208
tho30,2,SK,140,1.3515632152557373,160116.0,6.789563547113435
tho30,2,SK,160,1.5424401760101318,163928.0,9.331981645502081
tho30,2,SK,180,1.7334177494049072,163030.0,8.733059438693843
tho30,2,SK,200,1.9245355129241943,158982.0,6.03324084942909
tho30,2,SK,220,2.115725040435791,158706.0,5.849162309251947
tho30,2,SK,240,2.308445930480957,156056.0,4.081741543058372
tho30,2,SK,260,2.5006768703460693,153448.0,2.3423327286308826
tho30,2,SK,280,2.6922285556793213,152794.0,1.9061466225589585
tho30,2,SK,300,2.882838010787964,152794.0,1.9061466225589585
tho30,2,SK,320,3.075322151184082,152794.0,1.9061466225589585
tho30,2,SK,340,3.2659261226654053,152794.0,1.9061466225589585
tho30,2,SK,360,3.4590036869049072,152156.0,1.4806317362074484
tho30,2,SK,380,3.649846315383911,152156.0,1.4806317362074484
tho30,2,SK,400,3.840433359146118,152156.0,1.4806317362074484
tho30,2,SK,420,4.031065940856934,152156.0,1.4806317362074484
tho30,2,SK,440,4.222729921340942,152156.0,1.4806317362074484
tho30,2,SK,460,4.413507461547852,152156.0,1.4806317362074484
tho30,2,SK,480,4.6061179637908936,152098.0,1.4419485647209476
tho30,2,SK,500,4.796976804733276,152098.0,1.4419485647209476
tho30,2,SK,520,4.987967014312744,152098.0,1.4419485647209476
tho30,2,SK,540,5.178367376327515,152194.0,1.5059758830434318
tho30,2,SK,560,5.370136737823486,151996.0,1.373919539003308
tho30,2,SK,580,5.561396360397339,151996.0,1.373919539003308
tho30,2,SK,600,5.753015518188477,151996.0,1.373919539003308
tho30,2,SK,620,5.943496942520142,151996.0,1.373919539003308
tho30,2,SK,640,6.134137868881226,151996.0,1.373919539003308
tho30,2,SK,660,6.3246400356292725,151996.0,1.373919539003308
tho30,2,SK,680,6.516472101211548,151996.0,1.373919539003308
tho30,2,SK,700,6.707568645477295,151996.0,1.373919539003308
tho30,2,SK,720,6.89871883392334,151996.0,1.373919539003308
tho30,2,SK,740,7.0891337394714355,151996.0,1.373919539003308
tho30,2,SK,760,7.2801384925842285,152500.0,1.7100629601963506
tho30,2,SK,780,7.471127033233643,154024.0,2.7264966385657883
tho30,2,SK,800,7.662538528442383,155082.0,3.432131042578167
tho30,2,SK,820,7.853668928146362,155082.0,3.432131042578167
tho30,2,SK,840,8.044765949249268,153176.0,2.1609219933838437
tho30,2,SK,860,8.235689640045166,153176.0,2.1609219933838437
tho30,2,SK,880,8.426713466644287,153176.0,2.1609219933838437
tho30,2,SK,900,8.617095947265625,153176.0,2.1609219933838437
tho30,2,SK,920,8.808834791183472,153626.0,2.4610500480204887
tho30,2,SK,940,8.999824047088623,153626.0,2.4610500480204887
tho30,2,SK,960,9.190784931182861,153626.0,2.4610500480204887
tho30,2,SK,980,9.38192367553711,153626.0,2.4610500480204887
tho30,2,SK,1000,9.573087453842163,153626.0,2.4610500480204887
tho30,2,SK,1020,9.76340913772583,153626.0,2.4610500480204887
tho30,2,SK,1040,9.954831838607788,153626.0,2.4610500480204887
tho30,2,SK,1060,10.145768880844116,153626.0,2.4610500480204887
tho30,2,SK,1080,10.337486028671265,153626.0,2.4610500480204887
tho30,2,SK,1100,10.528289794921875,153626.0,2.4610500480204887
tho30,2,SK,1120,10.71910047531128,153626.0,2.4610500480204887
tho30,2,SK,1140,10.910107135772705,153626.0,2.4610500480204887
tho30,2,SK,1160,11.101304292678833,153626.0,2.4610500480204887
tho30,2,SK,1180,11.292070627212524,153626.0,2.4610500480204887
tho30,2,SK,1200,11.483346939086914,157242.0,4.872745704834062
tho30,2,SK,1220,11.674247980117798,157242.0,4.872745704834062
tho30,2,SK,1240,11.865309000015259,157242.0,4.872745704834062
tho30,2,SK,1260,12.056154489517212,157242.0,4.872745704834062
tho30,2,SK,1280,12.24734377861023,157242.0,4.872745704834062
tho30,2,SK,1300,12.438241481781006,157242.0,4.872745704834062
tho30,2,SK,1320,12.629852294921875,157242.0,4.872745704834062
tho30,2,SK,1340,12.820319652557373,157242.0,4.872745704834062
tho30,2,SK,1360,13.01110291481018,157242.0,4.872745704834062
tho30,2,SK,1380,13.202292680740356,157242.0,4.872745704834062
tho30,2,SK,1400,13.393796920776367,157242.0,4.872745704834062
tho30,2,SK,1420,13.584676504135132,157242.0,4.872745704834062
tho30,2,SK,1440,13.775875568389893,157242.0,4.872745704834062
tho30,2,SK,1460,13.966299295425415,157242.0,4.872745704834062
tho30,2,SK,1480,14.157553434371948,157242.0,4.872745704834062
tho30,2,SK,1500,14.348549842834473,157242.0,4.872745704834062
tho30,3,PGD,1,0.0012853145599365234,208172.0,38.84057197737702
tho30,3,PGD,20,0.014808177947998047,224636.0,49.821257069683064
tho30,3,PGD,40,0.028970718383789062,218126.0,45.4794045459396
tho30,3,PGD,60,0.04313969612121582,216464.0,44.370931597481594
tho30,3,PGD,80,0.05740070343017578,214568.0,43.10639206061253
tho30,3,PGD,100,0.07164573669433594,214568.0,43.10639206061253
tho30,3,PGD,120,0.08591890335083008,214568.0,43.10639206061253
tho30,3,PGD,140,0.10019969940185547,214568.0,43.10639206061253
tho30,3,PGD,160,0.11444687843322754,214568.0,43.10639206061253
tho30,3,PGD,180,0.12872004508972168,214568.0,43.10639206061253
tho30,3,PGD,200,0.14295482635498047,214568.0,43.10639206061253
tho30,3,PGD,220,0.15719199180603027,214568.0,43.10639206061253
tho30,3,PGD,240,0.17142677307128906,214568.0,43.10639206061253
tho30,3,PGD,260,0.18567657470703125,214568.0,43.10639206061253
tho30,3,PGD,280,0.19988799095153809,214568.0,43.10639206061253
tho30,3,PGD,300,0.21414542198181152,214568.0,43.10639206061253
tho30,3,PGD,320,0.22836947441101074,214568.0,43.10639206061253
tho30,3,PGD,340,0.2426137924194336,214568.0,43.10639206061253
tho30,3,PGD,360,0.25684022903442383,214568.0,43.10639206061253
tho30,3,PGD,380,0.27109551429748535,214568.0,43.10639206061253
tho30,3,PGD,400,0.28531765937805176,214568.0,43.10639206061253
tho30,3,PGD,420,0.29957079887390137,214568.0,43.10639206061253
tho30,3,PGD,440,0.3138000965118408,214568.0,43.10639206061253
tho30,3,PGD,460,0.328075647354126,214568.0,43.10639206061253
tho30,3,PGD,480,0.3423290252685547,214568.0,43.10639206061253
tho30,3,PGD,500,0.3565690517425537,214568.0,43.10639206061253
tho30,3,PGD,520,0.3707871437072754,214568.0,43.10639206061253
tho30,3,PGD,540,0.3850216865539551,214568.0,43.10639206061253
tho30,3,PGD,560,0.39923858642578125,214568.0,43.10639206061253
tho30,3,PGD,580,0.4134843349456787,214568.0,43.10639206061253
tho30,3,PGD,600,0.42768311500549316,214568.0,43.10639206061253
tho30,3,PGD,620,0.4419128894805908,214568.0,43.10639206061253
tho30,3,PGD,640,0.4561464786529541,214568.0,43.10639206061253
tho30,3,PGD,660,0.4703841209411621,214568.0,43.10639206061253
tho30,3,PGD,680,0.48461318016052246,214568.0,43.10639206061253
tho30,3,PGD,700,0.49886131286621094,214568.0,43.10639206061253
tho30,3,PGD,720,0.5131001472473145,214568.0,43.10639206061253
tho30,3,PGD,740,0.5273647308349609,214568.0,43.10639206061253
tho30,3,PGD,760,0.5416126251220703,214568.0,43.10639206061253
tho30,3,PGD,780,0.5558617115020752,214568.0,43.10639206061253
tho30,3,PGD,800,0.5700933933258057,214568.0,43.10639206061253
tho30,3,PGD,820,0.5843348503112793,214568.0,43.10639206061253
tho30,3,PGD,840,0.5985510349273682,214568.0,43.10639206061253
tho30,3,PGD,860,0.6127960681915283,214568.0,43.10639206061253
tho30,3,PGD,880,0.6270108222961426,214568.0,43.10639206061253
tho30,3,PGD,900,0.6412465572357178,214568.0,43.10639206061253
tho30,3,PGD,920,0.6554734706878662,214568.0,43.10639206061253
tho30,3,PGD,940,0.669731855392456,214568.0,43.10639206061253
tho30,3,PGD,960,0.6839566230773926,214568.0,43.10639206061253
tho30,3,PGD,980,0.6982219219207764,214568.0,43.10639206061253
tho30,3,PGD,1000,0.7124340534210205,214568.0,43.10639206061253
tho30,3,PGD,1020,0.7266707420349121,214568.0,43.10639206061253
tho30,3,PGD,1040,0.7409117221832275,214568.0,43.10639206061253
tho30,3,PGD,1060,0.7551536560058594,214568.0,43.10639206061253
tho30,3,PGD,1080,0.7693605422973633,214568.0,43.10639206061253
tho30,3,PGD,1100,0.7836053371429443,214568.0,43.10639206061253
tho30,3,PGD,1120,0.7977664470672607,214568.0,43.10639206061253
tho30,3,PGD,1140,0.8120079040527344,214568.0,43.10639206061253
tho30,3,PGD,1160,0.8262546062469482,214568.0,43.10639206061253
tho30,3,PGD,1180,0.8404982089996338,214568.0,43.10639206061253
tho30,3,PGD,1200,0.8547194004058838,214568.0,43.10639206061253
tho30,3,PGD,1220,0.868950366973877,214568.0,43.10639206061253
tho30,3,PGD,1240,0.8831648826599121,214568.0,43.10639206061253
tho30,3,PGD,1260,0.8974165916442871,214568.0,43.10639206061253
tho30,3,PGD,1280,0.9116287231445312,214568.0,43.10639206061253
tho30,3,PGD,1300,0.9258530139923096,214568.0,43.10639206061253
tho30,3,PGD,1320,0.940087080001831,214568.0,43.10639206061253
tho30,3,PGD,1340,0.9543073177337646,214568.0,43.10639206061253
tho30,3,PGD,1360,0.9685511589050293,214568.0,43.10639206061253
tho30,3,PGD,1380,0.9827733039855957,214568.0,43.10639206061253
tho30,3,PGD,1400,0.9969894886016846,214568.0,43.10639206061253
tho30,3,PGD,1420,1.0112268924713135,214568.0,43.10639206061253
tho30,3,PGD,1440,1.0254533290863037,214568.0,43.10639206061253
tho30,3,PGD,1460,1.039677381515503,214568.0,43.10639206061253
tho30,3,PGD,1480,1.053920030593872,214568.0,43.10639206061253
tho30,3,PGD,1500,1.0681250095367432,214568.0,43.10639206061253
tho30,3,SK,1,0.013016462326049805,217608.0,45.13392380749119
tho30,3,SK,20,0.20749378204345703,184712.0,23.193896062319926
tho30,3,SK,40,0.3990154266357422,173670.0,15.829420552769182
tho30,3,SK,60,0.5904066562652588,176874.0,17.966332301782092
tho30,3,SK,80,0.7818334102630615,165946.0,10.677889232739302
tho30,3,SK,100,0.9749586582183838,160272.0,6.893607939387472
tho30,3,SK,120,1.167220115661621,158832.0,5.933198164550208
tho30,3,SK,140,1.3586833477020264,160116.0,6.789563547113435
tho30,3,SK,160,1.54960298538208,163928.0,9.331981645502081
tho30,3,SK,180,1.740952968597412,163030.0,8.733059438693843
tho30,3,SK,200,1.9318599700927734,158982.0,6.03324084942909
tho30,3,SK,220,2.1246020793914795,158706.0,5.849162309251947
tho30,3,SK,240,2.3174338340759277,156056.0,4.081741543058372
tho30,3,SK,260,2.510183334350586,153448.0,2.3423327286308826
tho30,3,SK,280,2.7008352279663086,152794.0,1.9061466225589585
tho30,3,SK,300,2.892178535461426,152794.0,1.9061466225589585
tho30,3,SK,320,3.083941698074341,152794.0,1.9061466225589585
tho30,3,SK,340,3.275939464569092,152794.0,1.9061466225589585
tho30,3,SK,360,3.467585802078247,152156.0,1.4806317362074484
tho30,3,SK,380,3.658968687057495,152156.0,1.4806317362074484
tho30,3,SK,400,3.8497438430786133,152156.0,1.4806317362074484
tho30,3,SK,420,4.041783809661865,152156.0,1.4806317362074484
tho30,3,SK,440,4.232752084732056,152156.0,1.4806317362074484
tho30,3,SK,460,4.42475152015686,152156.0,1.4806317362074484
tho30,3,SK,480,4.616883039474487,152098.0,1.4419485647209476
tho30,3,SK,500,4.808214902877808,152098.0,1.4419485647209476
tho30,3,SK,520,4.998661994934082,152098.0,1.4419485647209476
tho30,3,SK,540,5.190972566604614,152194.0,1.5059758830434318
tho30,3,SK,560,5.383283853530884,151996.0,1.373919539003308
tho30,3,SK,580,5.575165271759033,151996.0,1.373919539003308
tho30,3,SK,600,5.765369415283203,151996.0,1.373919539003308
tho30,3,SK,620,5.956782341003418,151996.0,1.373919539003308
tho30,3,SK,640,6.1481382846832275,151996.0,1.373919539003308
tho30,3,SK,660,6.340192556381226,151996.0,1.373919539003308
tho30,3,SK,680,6.531111478805542,151996.0,1.373919539003308
tho30,3,SK,700,6.723011016845703,151996.0,1.373919539003308
tho30,3,SK,720,6.913850784301758,151996.0,1.373919539003308
tho30,3,SK,740,7.105245590209961,151996.0,1.373919539003308
tho30,3,SK,760,7.295965194702148,152500.0,1.7100629601963506
tho30,3,SK,780,7.488016366958618,154024.0,2.7264966385657883
tho30,3,SK,800,7.679162502288818,155082.0,3.432131042578167
tho30,3,SK,820,7.870526313781738,155082.0,3.432131042578167
tho30,3,SK,840,8.060704231262207,153176.0,2.1609219933838437
tho30,3,SK,860,8.2528817653656,153176.0,2.1609219933838437
tho30,3,SK,880,8.44449520111084,153176.0,2.1609219933838437
tho30,3,SK,900,8.636413097381592,153176.0,2.1609219933838437
tho30,3,SK,920,8.826852798461914,153626.0,2.4610500480204887
tho30,3,SK,940,9.018243551254272,153626.0,2.4610500480204887
tho30,3,SK,960,9.20904803276062,153626.0,2.4610500480204887
tho30,3,SK,980,9.401146411895752,153626.0,2.4610500480204887
tho30,3,SK,1000,9.592201709747314,153626.0,2.4610500480204887
tho30,3,SK,1020,9.784235715866089,153626.0,2.4610500480204887
tho30,3,SK,1040,9.975247383117676,153626.0,2.4610500480204887
tho30,3,SK,1060,10.166553020477295,153626.0,2.4610500480204887
tho30,3,SK,1080,10.356700897216797,153626.0,2.4610500480204887
tho30,3,SK,1100,10.548930406570435,153626.0,2.4610500480204887
tho30,3,SK,1120,10.740459680557251,153626.0,2.4610500480204887
tho30,3,SK,1140,10.932295322418213,153626.0,2.4610500480204887
tho30,3,SK,1160,11.122533321380615,153626.0,2.4610500480204887
tho30,3,SK,1180,11.313973426818848,153626.0,2.4610500480204887
tho30,3,SK,1200,11.50514268875122,157242.0,4.872745704834062
tho30,3,SK,1220,11.697373151779175,157242.0,4.872745704834062
tho30,3,SK,1240,11.888317108154297,157242.0,4.872745704834062
tho30,3,SK,1260,12.08019232749939,157242.0,4.872745704834062
tho30,3,SK,1280,12.271028757095337,157242.0,4.872745704834062
tho30,3,SK,1300,12.462442636489868,157242.0,4.872745704834062
tho30,3,SK,1320,12.65297245979309,157242.0,4.872745704834062
tho30,3,SK,1340,12.845122575759888,157242.0,4.872745704834062
tho30,3,SK,1360,13.036633729934692,157242.0,4.872745704834062
tho30,3,SK,1380,13.228209495544434,157242.0,4.872745704834062
tho30,3,SK,1400,13.418415784835815,157242.0,4.872745704834062
tho30,3,SK,1420,13.609812498092651,157242.0,4.872745704834062
tho30,3,SK,1440,13.8012535572052,157242.0,4.872745704834062
tho30,3,SK,1460,13.993380546569824,157242.0,4.872745704834062
tho30,3,SK,1480,14.184224367141724,157242.0,4.872745704834062
tho30,3,SK,1500,14.375784635543823,157242.0,4.872745704834062
tho30,4,PGD,1,0.0012784004211425781,208172.0,38.84057197737702
tho30,4,PGD,20,0.014853477478027344,224636.0,49.821257069683064
tho30,4,PGD,40,0.029145002365112305,218126.0,45.4794045459396
tho30,4,PGD,60,0.04351377487182617,216464.0,44.370931597481594
tho30,4,PGD,80,0.057877540588378906,214568.0,43.10639206061253
tho30,4,PGD,100,0.07221865653991699,214568.0,43.10639206061253
tho30,4,PGD,120,0.0866079330444336,214568.0,43.10639206061253
tho30,4,PGD,140,0.10098600387573242,214568.0,43.10639206061253
tho30,4,PGD,160,0.11533808708190918,214568.0,43.10639206061253
tho30,4,PGD,180,0.12967896461486816,214568.0,43.10639206061253
tho30,4,PGD,200,0.143998384475708,214568.0,43.10639206061253
tho30,4,PGD,220,0.15833830833435059,214568.0,43.10639206061253
tho30,4,PGD,240,0.17271709442138672,214568.0,43.10639206061253
tho30,4,PGD,260,0.18709778785705566,214568.0,43.10639206061253
tho30,4,PGD,280,0.20145535469055176,214568.0,43.10639206061253
tho30,4,PGD,300,0.21578526496887207,214568.0,43.10639206061253
tho30,4,PGD,320,0.23010706901550293,214568.0,43.10639206061253
tho30,4,PGD,340,0.2444608211517334,214568.0,43.10639206061253
tho30,4,PGD,360,0.2588636875152588,214568.0,43.10639206061253
tho30,4,PGD,380,0.2732386589050293,214568.0,43.10639206061253
tho30,4,PGD,400,0.2876005172729492,214568.0,43.10639206061253
tho30,4,PGD,420,0.30191826820373535,214568.0,43.10639206061253
tho30,4,PGD,440,0.31626057624816895,214568.0,43.10639206061253
tho30,4,PGD,460,0.3306152820587158,214568.0,43.10639206061253
tho30,4,PGD,480,0.34499120712280273,214568.0,43.10639206061253
tho30,4,PGD,500,0.359356164932251,214568.0,43.10639206061253
tho30,4,PGD,520,0.37366223335266113,214568.0,43.10639206061253
tho30,4,PGD,540,0.38794970512390137,214568.0,43.10639206061253
tho30,4,PGD,560,0.40224385261535645,214568.0,43.10639206061253
tho30,4,PGD,580,0.41652441024780273,214568.0,43.10639206061253
tho30,4,PGD,600,0.43084287643432617,214568.0,43.10639206061253
tho30,4,PGD,620,0.44516849517822266,214568.0,43.10639206061253
tho30,4,PGD,640,0.4594428539276123,214568.0,43.10639206061253
tho30,4,PGD,660,0.4737222194671631,214568.0,43.10639206061253
tho30,4,PGD,680,0.4879879951477051,214568.0,43.10639206061253
tho30,4,PGD,700,0.5022609233856201,214568.0,43.10639206061253
tho30,4,PGD,720,0.5165784358978271,214568.0,43.10639206061253
tho30,4,PGD,740,0.5308682918548584,214568.0,43.10639206061253
tho30,4,PGD,760,0.5451583862304688,214568.0,43.10639206061253
tho30,4,PGD,780,0.5594396591186523,214568.0,43.10639206061253
tho30,4,PGD,800,0.573721170425415,214568.0,43.10639206061253
tho30,4,PGD,820,0.5879940986633301,214568.0,43.10639206061253
tho30,4,PGD,840,0.6023240089416504,214568.0,43.10639206061253
tho30,4,PGD,860,0.616631269454956,214568.0,43.10639206061253
tho30,4,PGD,880,0.6308984756469727,214568.0,43.10639206061253
tho30,4,PGD,900,0.6451952457427979,214568.0,43.10639206061253
tho30,4,PGD,920,0.6594648361206055,214568.0,43.10639206061253
tho30,4,PGD,940,0.6737298965454102,214568.0,43.10639206061253
tho30,4,PGD,960,0.688046932220459,214568.0,43.10639206061253
tho30,4,PGD,980,0.7023730278015137,214568.0,43.10639206061253
tho30,4,PGD,1000,0.7166619300842285,214568.0,43.10639206061253
tho30,4,PGD,1020,0.7309269905090332,214568.0,43.10639206061253
tho30,4,PGD,1040,0.7452154159545898,214568.0,43.10639206061253
tho30,4,PGD,1060,0.7595024108886719,214568.0,43.10639206061253
tho30,4,PGD,1080,0.7738056182861328,214568.0,43.10639206061253
tho30,4,PGD,1100,0.7881205081939697,214568.0,43.10639206061253
tho30,4,PGD,1120,0.8023736476898193,214568.0,43.10639206061253
tho30,4,PGD,1140,0.8166689872741699,214568.0,43.10639206061253
tho30,4,PGD,1160,0.8309218883514404,214568.0,43.10639206061253
tho30,4,PGD,1180,0.8452129364013672,214568.0,43.10639206061253
tho30,4,PGD,1200,0.8595423698425293,214568.0,43.10639206061253
tho30,4,PGD,1220,0.8739054203033447,214568.0,43.10639206061253
tho30,4,PGD,1240,0.8883395195007324,214568.0,43.10639206061253
tho30,4,PGD,1260,0.9027431011199951,214568.0,43.10639206061253
tho30,4,PGD,1280,0.9171445369720459,214568.0,43.10639206061253
tho30,4,PGD,1300,0.9315555095672607,214568.0,43.10639206061253
tho30,4,PGD,1320,0.9460129737854004,214568.0,43.10639206061253
tho30,4,PGD,1340,0.9604811668395996,214568.0,43.10639206061253
tho30,4,PGD,1360,0.9748799800872803,214568.0,43.10639206061253
tho30,4,PGD,1380,0.989229679107666,214568.0,43.10639206061253
tho30,4,PGD,1400,1.0035958290100098,214568.0,43.10639206061253
tho30,4,PGD,1420,1.0179426670074463,214568.0,43.10639206061253
tho30,4,PGD,1440,1.0323388576507568,214568.0,43.10639206061253
tho30,4,PGD,1460,1.0467193126678467,214568.0,43.10639206061253
tho30,4,PGD,1480,1.0610921382904053,214568.0,43.10639206061253
tho30,4,PGD,1500,1.0754814147949219,214568.0,43.10639206061253
tho30,4,SK,1,0.014805078506469727,217608.0,45.13392380749119
tho30,4,SK,20,0.19977760314941406,184712.0,23.193896062319926
tho30,4,SK,40,0.39209961891174316,173670.0,15.829420552769182
tho30,4,SK,60,0.582399845123291,176874.0,17.966332301782092
tho30,4,SK,80,0.7735621929168701,165946.0,10.677889232739302
tho30,4,SK,100,0.9656853675842285,160272.0,6.893607939387472
tho30,4,SK,120,1.158109426498413,158832.0,5.933198164550208
tho30,4,SK,140,1.3489100933074951,160116.0,6.789563547113435
tho30,4,SK,160,1.5401642322540283,163928.0,9.331981645502081
tho30,4,SK,180,1.7306156158447266,163030.0,8.733059438693843
tho30,4,SK,200,1.9216408729553223,158982.0,6.03324084942909
tho30,4,SK,220,2.113152027130127,158706.0,5.849162309251947
tho30,4,SK,240,2.305741310119629,156056.0,4.081741543058372
tho30,4,SK,260,2.4975898265838623,153448.0,2.3423327286308826
tho30,4,SK,280,2.689344644546509,152794.0,1.9061466225589585
tho30,4,SK,300,2.879673480987549,152794.0,1.9061466225589585
tho30,4,SK,320,3.0706546306610107,152794.0,1.9061466225589585
tho30,4,SK,340,3.2618231773376465,152794.0,1.9061466225589585
tho30,4,SK,360,3.4549760818481445,152156.0,1.4806317362074484
tho30,4,SK,380,3.6453452110290527,152156.0,1.4806317362074484
tho30,4,SK,400,3.836035966873169,152156.0,1.4806317362074484
tho30,4,SK,420,4.026402235031128,152156.0,1.4806317362074484
tho30,4,SK,440,4.2179484367370605,152156.0,1.4806317362074484
tho30,4,SK,460,4.415398120880127,152156.0,1.4806317362074484
tho30,4,SK,480,4.607345342636108,152098.0,1.4419485647209476
tho30,4,SK,500,4.797755002975464,152098.0,1.4419485647209476
tho30,4,SK,520,4.988848686218262,152098.0,1.4419485647209476
tho30,4,SK,540,5.179664373397827,152194.0,1.5059758830434318
tho30,4,SK,560,5.371754169464111,151996.0,1.373919539003308
tho30,4,SK,580,5.5628416538238525,151996.0,1.373919539003308
tho30,4,SK,600,5.753828048706055,151996.0,1.373919539003308
tho30,4,SK,620,5.94420599937439,151996.0,1.373919539003308
tho30,4,SK,640,6.134832859039307,151996.0,1.373919539003308
tho30,4,SK,660,6.325885534286499,151996.0,1.373919539003308
tho30,4,SK,680,6.517621040344238,151996.0,1.373919539003308
tho30,4,SK,700,6.708503246307373,151996.0,1.373919539003308
tho30,4,SK,720,6.8990702629089355,151996.0,1.373919539003308
tho30,4,SK,740,7.0895655155181885,151996.0,1.373919539003308
tho30,4,SK,760,7.280807971954346,152500.0,1.7100629601963506
tho30,4,SK,780,7.472126007080078,154024.0,2.7264966385657883
tho30,4,SK,800,7.66340970993042,155082.0,3.432131042578167
tho30,4,SK,820,7.854003667831421,155082.0,3.432131042578167
tho30,4,SK,840,8.045045614242554,153176.0,2.1609219933838437
tho30,4,SK,860,8.23535943031311,153176.0,2.1609219933838437
tho30,4,SK,880,8.426326036453247,153176.0,2.1609219933838437
tho30,4,SK,900,8.617560863494873,153176.0,2.1609219933838437
tho30,4,SK,920,8.809253692626953,153626.0,2.4610500480204887
tho30,4,SK,940,8.99965500831604,153626.0,2.4610500480204887
tho30,4,SK,960,9.19026517868042,153626.0,2.4610500480204887
tho30,4,SK,980,9.380687475204468,153626.0,2.4610500480204887
tho30,4,SK,1000,9.57233452796936,153626.0,2.4610500480204887
tho30,4,SK,1020,9.76332688331604,153626.0,2.4610500480204887
tho30,4,SK,1040,9.954634666442871,153626.0,2.4610500480204887
tho30,4,SK,1060,10.145155906677246,153626.0,2.4610500480204887
tho30,4,SK,1080,10.336201906204224,153626.0,2.4610500480204887
tho30,4,SK,1100,10.526614904403687,153626.0,2.4610500480204887
tho30,4,SK,1120,10.717989206314087,153626.0,2.4610500480204887
tho30,4,SK,1140,10.909101247787476,153626.0,2.4610500480204887
tho30,4,SK,1160,11.10075831413269,153626.0,2.4610500480204887
tho30,4,SK,1180,11.291199207305908,153626.0,2.4610500480204887
tho30,4,SK,1200,11.481784582138062,157242.0,4.872745704834062
tho30,4,SK,1220,11.672193050384521,157242.0,4.872745704834062
tho30,4,SK,1240,11.863804340362549,157242.0,4.872745704834062
tho30,4,SK,1260,12.054945707321167,157242.0,4.872745704834062
tho30,4,SK,1280,12.246076107025146,157242.0,4.872745704834062
tho30,4,SK,1300,12.436465740203857,157242.0,4.872745704834062
tho30,4,SK,1320,12.627488851547241,157242.0,4.872745704834062
tho30,4,SK,1340,12.817986488342285,157242.0,4.872745704834062
tho30,4,SK,1360,13.009395122528076,157242.0,4.872745704834062
tho30,4,SK,1380,13.200432062149048,157242.0,4.872745704834062
tho30,4,SK,1400,13.391525030136108,157242.0,4.872745704834062
tho30,4,SK,1420,13.581854820251465,157242.0,4.872745704834062
tho30,4,SK,1440,13.772459506988525,157242.0,4.872745704834062
tho30,4,SK,1460,13.963505983352661,157242.0,4.872745704834062
tho30,4,SK,1480,14.155257940292358,157242.0,4.872745704834062
tho30,4,SK,1500,14.346129179000854,157242.0,4.872745704834062
tai40b,0,PGD,1,0.005166292190551758,1159193216.0,81.90529486666217
tai40b,0,PGD,20,0.032660484313964844,1035195520.0,62.4470741469968
tai40b,0,PGD,40,0.0591890811920166,1067250944.0,67.47734112433207
tai40b,0,PGD,60,0.08568310737609863,1122861824.0,76.2040256705903
tai40b,0,PGD,80,0.11465620994567871,1032570240.0,62.03510457547409
tai40b,0,PGD,100,0.14120244979858398,1084052992.0,70.11398655463435
tai40b,0,PGD,120,0.16768980026245117,1032570240.0,62.03510457547409
tai40b,0,PGD,140,0.19658446311950684,1032018048.0,61.94845237013284
tai40b,0,PGD,160,0.22316265106201172,1032018048.0,61.94845237013284
tai40b,0,PGD,180,0.24968361854553223,1032018048.0,61.94845237013284
tai40b,0,PGD,200,0.2762422561645508,1032018048.0,61.94845237013284
tai40b,0,PGD,220,0.30274009704589844,1032018048.0,61.94845237013284
tai40b,0,PGD,240,0.32927608489990234,1032018048.0,61.94845237013284
tai40b,0,PGD,260,0.3558354377746582,1032018048.0,61.94845237013284
tai40b,0,PGD,280,0.38237547874450684,1032018048.0,61.94845237013284
tai40b,0,PGD,300,0.40889692306518555,1090071680.0,71.05846345480839
tai40b,0,PGD,320,0.4354422092437744,1090071680.0,71.05846345480839
tai40b,0,PGD,340,0.462007999420166,1090071680.0,71.05846345480839
tai40b,0,PGD,360,0.48854684829711914,1090071680.0,71.05846345480839
tai40b,0,PGD,380,0.5151124000549316,1090071680.0,71.05846345480839
tai40b,0,PGD,400,0.5416667461395264,1090071680.0,71.05846345480839
tai40b,0,PGD,420,0.5681877136230469,1090071680.0,71.05846345480839
tai40b,0,PGD,440,0.5947308540344238,1090071680.0,71.05846345480839
tai40b,0,PGD,460,0.6212632656097412,1090071680.0,71.05846345480839
tai40b,0,PGD,480,0.6478133201599121,1090071680.0,71.05846345480839
tai40b,0,PGD,500,0.6743557453155518,1090071680.0,71.05846345480839
tai40b,0,PGD,520,0.7008814811706543,1090071680.0,71.05846345480839
tai40b,0,PGD,540,0.7274525165557861,1090071680.0,71.05846345480839
tai40b,0,PGD,560,0.7539753913879395,1090071680.0,71.05846345480839
tai40b,0,PGD,580,0.7805182933807373,1090071680.0,71.05846345480839
tai40b,0,PGD,600,0.8070662021636963,1090071680.0,71.05846345480839
tai40b,0,PGD,620,0.8335559368133545,1090071680.0,71.05846345480839
tai40b,0,PGD,640,0.8601229190826416,1090071680.0,71.05846345480839
tai40b,0,PGD,660,0.887019157409668,1090071680.0,71.05846345480839
tai40b,0,PGD,680,0.9140057563781738,1090071680.0,71.05846345480839
tai40b,0,PGD,700,0.9409151077270508,1090071680.0,71.05846345480839
tai40b,0,PGD,720,0.9677391052246094,1090071680.0,71.05846345480839
tai40b,0,PGD,740,0.9945385456085205,1090071680.0,71.05846345480839
tai40b,0,PGD,760,1.0212533473968506,1090071680.0,71.05846345480839
tai40b,0,PGD,780,1.0479536056518555,1090071680.0,71.05846345480839
tai40b,0,PGD,800,1.0747137069702148,1090071680.0,71.05846345480839
tai40b,0,PGD,820,1.101449966430664,1090071680.0,71.05846345480839
tai40b,0,PGD,840,1.1281495094299316,1090071680.0,71.05846345480839
tai40b,0,PGD,860,1.1548089981079102,1090071680.0,71.05846345480839
tai40b,0,PGD,880,1.1814370155334473,1090071680.0,71.05846345480839
tai40b,0,PGD,900,1.2080564498901367,1090071680.0,71.05846345480839
tai40b,0,PGD,920,1.2346644401550293,1090071680.0,71.05846345480839
tai40b,0,PGD,940,1.2612833976745605,1090071680.0,71.05846345480839
tai40b,0,PGD,960,1.2879104614257812,1090071680.0,71.05846345480839
tai40b,0,PGD,980,1.314530372619629,1090071680.0,71.05846345480839
tai40b,0,PGD,1000,1.3411431312561035,1090071680.0,71.05846345480839
tai40b,0,PGD,1020,1.3677587509155273,1090071680.0,71.05846345480839
tai40b,0,PGD,1040,1.3943493366241455,1090071680.0,71.05846345480839
tai40b,0,PGD,1060,1.4208781719207764,1090071680.0,71.05846345480839
tai40b,0,PGD,1080,1.4473953247070312,1090071680.0,71.05846345480839
tai40b,0,PGD,1100,1.4739162921905518,1090071680.0,71.05846345480839
tai40b,0,PGD,1120,1.5004527568817139,1090071680.0,71.05846345480839
tai40b,0,PGD,1140,1.5269877910614014,1090071680.0,71.05846345480839
tai40b,0,PGD,1160,1.5535001754760742,1090071680.0,71.05846345480839
tai40b,0,PGD,1180,1.5800342559814453,1090071680.0,71.05846345480839
tai40b,0,PGD,1200,1.6065638065338135,1090071680.0,71.05846345480839
tai40b,0,PGD,1220,1.6330854892730713,1090071680.0,71.05846345480839
tai40b,0,PGD,1240,1.659635305404663,1090071680.0,71.05846345480839
tai40b,0,PGD,1260,1.6861631870269775,1090071680.0,71.05846345480839
tai40b,0,PGD,1280,1.7127151489257812,1090071680.0,71.05846345480839
tai40b,0,PGD,1300,1.739302158355713,1090071680.0,71.05846345480839
tai40b,0,PGD,1320,1.765857458114624,1090071680.0,71.05846345480839
tai40b,0,PGD,1340,1.7923939228057861,1090071680.0,71.05846345480839
tai40b,0,PGD,1360,1.8190295696258545,1090071680.0,71.05846345480839
tai40b,0,PGD,1380,1.8456988334655762,1090071680.0,71.05846345480839
tai40b,0,PGD,1400,1.872338056564331,1090071680.0,71.05846345480839
tai40b,0,PGD,1420,1.8989784717559814,1090071680.0,71.05846345480839
tai40b,0,PGD,1440,1.9256224632263184,1090071680.0,71.05846345480839
tai40b,0,PGD,1460,1.9523208141326904,1090071680.0,71.05846345480839
tai40b,0,PGD,1480,1.9790418148040771,1090071680.0,71.05846345480839
tai40b,0,PGD,1500,2.0057601928710938,1090071680.0,71.05846345480839
tai40b,0,SK,1,0.021628379821777344,1064570688.0,67.05674449620435
tai40b,0,SK,20,0.4072737693786621,965573504.0,51.52170538630568
tai40b,0,SK,40,0.8119237422943115,932142144.0,46.275520958503144
tai40b,0,SK,60,1.217357873916626,791907584.0,24.26934577114195
tai40b,0,SK,80,1.6241085529327393,785424896.0,23.25205611149597
tai40b,0,SK,100,2.029472827911377,746516096.0,17.146329612051044
tai40b,0,SK,120,2.4365813732147217,746467840.0,17.13875708506596
tai40b,0,SK,140,2.8431429862976074,737961216.0,15.803863190172923
tai40b,0,SK,160,3.2490234375,737593728.0,15.746195484671135
tai40b,0,SK,180,3.6537981033325195,738622592.0,15.907648991053364
tai40b,0,SK,200,4.0606162548065186,734827968.0,15.312181222522089
tai40b,0,SK,220,4.46779990196228,733450880.0,15.09608299554856
tai40b,0,SK,240,4.873159646987915,732129536.0,14.888732342850904
tai40b,0,SK,260,5.278104543685913,771034880.0,20.993916512777
tai40b,0,SK,280,5.685160398483276,723996672.0,13.612490381104934
tai40b,0,SK,300,6.089962720870972,723996672.0,13.612490381104934
tai40b,0,SK,320,6.497060060501099,723741760.0,13.572488557521925
tai40b,0,SK,340,6.9028098583221436,723042240.0,13.462717045655928
tai40b,0,SK,360,7.309981107711792,722014528.0,13.301444315779975
tai40b,0,SK,380,7.717049837112427,720143104.0,13.00777288133591
tai40b,0,SK,400,8.121761560440063,720583040.0,13.07680942045456
tai40b,0,SK,420,8.527709722518921,719217664.0,12.862549087961497
tai40b,0,SK,440,8.934760570526123,719208448.0,12.861102875911296
tai40b,0,SK,460,9.339541673660278,719208448.0,12.861102875911296
tai40b,0,SK,480,9.746553659439087,718336064.0,12.724204844964781
tai40b,0,SK,500,10.1514573097229,718341632.0,12.725078598078445
tai40b,0,SK,520,10.55623984336853,718341632.0,12.725078598078445
tai40b,0,SK,540,10.961078882217407,719132544.0,12.84919171277561
tai40b,0,SK,560,11.365770816802979,719006976.0,12.829487073591611
tai40b,0,SK,580,11.770604133605957,719006976.0,12.829487073591611
tai40b,0,SK,600,12.175334453582764,719006976.0,12.829487073591611
tai40b,0,SK,620,12.58025574684143,719006976.0,12.829487073591611
tai40b,0,SK,640,12.984998941421509,719006976.0,12.829487073591611
tai40b,0,SK,660,13.389835357666016,740433344.0,16.191799529500265
tai40b,0,SK,680,13.794579029083252,740433344.0,16.191799529500265
tai40b,0,SK,700,14.199479103088379,741113664.0,16.298558099595013
tai40b,0,SK,720,14.60422158241272,741121984.0,16.299863707695888
tai40b,0,SK,740,15.009088277816772,754952832.0,18.470256398896716
tai40b,0,SK,760,15.41378378868103,748645120.0,17.480424681926092
tai40b,0,SK,780,15.818683862686157,748645120.0,17.480424681926092
tai40b,0,SK,800,16.223455905914307,748269440.0,17.4214714546019
tai40b,0,SK,820,16.628341674804688,748246976.0,17.417946312729534
tai40b,0,SK,840,17.03305196762085,748246976.0,17.417946312729534
tai40b,0,SK,860,17.437939167022705,748246976.0,17.417946312729534
tai40b,0,SK,880,17.842630624771118,748246976.0,17.417946312729534
tai40b,0,SK,900,18.247439861297607,748246976.0,17.417946312729534
tai40b,0,SK,920,18.65215015411377,748246976.0,17.417946312729534
tai40b,0,SK,940,19.056898593902588,748246976.0,17.417946312729534
tai40b,0,SK,960,19.461626529693604,748246976.0,17.417946312729534
tai40b,0,SK,980,19.86648678779602,748246976.0,17.417946312729534
tai40b,0,SK,1000,20.271166563034058,748246976.0,17.417946312729534
tai40b,0,SK,1020,20.676039457321167,748246976.0,17.417946312729534
tai40b,0,SK,1040,21.080716609954834,748246976.0,17.417946312729534
tai40b,0,SK,1060,21.48557138442993,748246976.0,17.417946312729534
tai40b,0,SK,1080,21.890318155288696,748246976.0,17.417946312729534
tai40b,0,SK,1100,22.295158624649048,748246976.0,17.417946312729534
tai40b,0,SK,1120,22.699875116348267,748246976.0,17.417946312729534
tai40b,0,SK,1140,23.10504984855652,748246976.0,17.417946312729534
tai40b,0,SK,1160,23.50970149040222,748246976.0,17.417946312729534
tai40b,0,SK,1180,23.914518356323242,747174144.0,17.249593169691135
tai40b,0,SK,1200,24.31921410560608,747174144.0,17.249593169691135
tai40b,0,SK,1220,24.724144458770752,753732992.0,18.278834165029757
tai40b,0,SK,1240,25.128862380981445,753732992.0,18.278834165029757
tai40b,0,SK,1260,25.533692836761475,749915520.0,17.67978099579069
tai40b,0,SK,1280,25.93844509124756,749915520.0,17.67978099579069
tai40b,0,SK,1300,26.34335207939148,749915520.0,17.67978099579069
tai40b,0,SK,1320,26.748080015182495,749915520.0,17.67978099579069
tai40b,0,SK,1340,27.1530122756958,749915520.0,17.67978099579069
tai40b,0,SK,1360,27.557762384414673,749915520.0,17.67978099579069
tai40b,0,SK,1380,27.962589740753174,749960000.0,17.68676097756076
tai40b,0,SK,1400,28.367339849472046,749766272.0,17.656360395088814
tai40b,0,SK,1420,28.77218508720398,749766272.0,17.656360395088814
tai40b,0,SK,1440,29.17687702178955,749766272.0,17.656360395088814
tai40b,0,SK,1460,29.581784963607788,749766272.0,17.656360395088814
tai40b,0,SK,1480,29.986503839492798,749766272.0,17.656360395088814
tai40b,0,SK,1500,30.391363382339478,749766272.0,17.656360395088814
tai40b,1,PGD,1,0.0035009384155273438,1159193216.0,81.90529486666217
tai40b,1,PGD,20,0.030842065811157227,1035195520.0,62.4470741469968
tai40b,1,PGD,40,0.057242631912231445,1067250944.0,67.47734112433207
tai40b,1,PGD,60,0.08372902870178223,1122861824.0,76.2040256705903
tai40b,1,PGD,80,0.11266827583312988,1032570240.0,62.03510457547409
tai40b,1,PGD,100,0.13929319381713867,1084052992.0,70.11398655463435
tai40b,1,PGD,120,0.1658329963684082,1032570240.0,62.03510457547409
tai40b,1,PGD,140,0.1933748722076416,1032018048.0,61.94845237013284
tai40b,1,PGD,160,0.21993136405944824,1032018048.0,61.94845237013284
tai40b,1,PGD,180,0.24646520614624023,1032018048.0,61.94845237013284
tai40b,1,PGD,200,0.2730090618133545,1032018048.0,61.94845237013284
tai40b,1,PGD,220,0.29952263832092285,1032018048.0,61.94845237013284
tai40b,1,PGD,240,0.3260784149169922,1032018048.0,61.94845237013284
tai40b,1,PGD,260,0.35260462760925293,1032018048.0,61.94845237013284
tai40b,1,PGD,280,0.3791515827178955,1032018048.0,61.94845237013284
tai40b,1,PGD,300,0.40572047233581543,1090071680.0,71.05846345480839
tai40b,1,PGD,320,0.4322636127471924,1090071680.0,71.05846345480839
tai40b,1,PGD,340,0.4588203430175781,1090071680.0,71.05846345480839
tai40b,1,PGD,360,0.48538994789123535,1090071680.0,71.05846345480839
tai40b,1,PGD,380,0.5119571685791016,1090071680.0,71.05846345480839
tai40b,1,PGD,400,0.5385034084320068,1090071680.0,71.05846345480839
tai40b,1,PGD,420,0.565039873123169,1090071680.0,71.05846345480839
tai40b,1,PGD,440,0.5916075706481934,1090071680.0,71.05846345480839
tai40b,1,PGD,460,0.618161678314209,1090071680.0,71.05846345480839
tai40b,1,PGD,480,0.6447172164916992,1090071680.0,71.05846345480839
tai40b,1,PGD,500,0.6713013648986816,1090071680.0,71.05846345480839
tai40b,1,PGD,520,0.697843074798584,1090071680.0,71.05846345480839
tai40b,1,PGD,540,0.7243824005126953,1090071680.0,71.05846345480839
tai40b,1,PGD,560,0.7509109973907471,1090071680.0,71.05846345480839
tai40b,1,PGD,580,0.7774753570556641,1090071680.0,71.05846345480839
tai40b,1,PGD,600,0.8040237426757812,1090071680.0,71.05846345480839
tai40b,1,PGD,620,0.8305106163024902,1090071680.0,71.05846345480839
tai40b,1,PGD,640,0.8571152687072754,1090071680.0,71.05846345480839
tai40b,1,PGD,660,0.8841490745544434,1090071680.0,71.05846345480839
tai40b,1,PGD,680,0.9113123416900635,1090071680.0,71.05846345480839
tai40b,1,PGD,700,0.9383692741394043,1090071680.0,71.05846345480839
tai40b,1,PGD,720,0.9652066230773926,1090071680.0,71.05846345480839
tai40b,1,PGD,740,0.991926908493042,1090071680.0,71.05846345480839
tai40b,1,PGD,760,1.0186405181884766,1090071680.0,71.05846345480839
tai40b,1,PGD,780,1.045348882675171,1090071680.0,71.05846345480839
tai40b,1,PGD,800,1.0720891952514648,1090071680.0,71.05846345480839
tai40b,1,PGD,820,1.0987732410430908,1090071680.0,71.05846345480839
tai40b,1,PGD,840,1.1254217624664307,1090071680.0,71.05846345480839
tai40b,1,PGD,860,1.1520638465881348,1090071680.0,71.05846345480839
tai40b,1,PGD,880,1.1786961555480957,1090071680.0,71.05846345480839
tai40b,1,PGD,900,1.2053413391113281,1090071680.0,71.05846345480839
tai40b,1,PGD,920,1.2319421768188477,1090071680.0,71.05846345480839
tai40b,1,PGD,940,1.2585535049438477,1090071680.0,71.05846345480839
tai40b,1,PGD,960,1.2851710319519043,1090071680.0,71.05846345480839
tai40b,1,PGD,980,1.311791181564331,1090071680.0,71.05846345480839
tai40b,1,PGD,1000,1.3384127616882324,1090071680.0,71.05846345480839
tai40b,1,PGD,1020,1.36497163772583,1090071680.0,71.05846345480839
tai40b,1,PGD,1040,1.3915414810180664,1090071680.0,71.05846345480839
tai40b,1,PGD,1060,1.4180831909179688,1090071680.0,71.05846345480839
tai40b,1,PGD,1080,1.4446163177490234,1090071680.0,71.05846345480839
tai40b,1,PGD,1100,1.4711604118347168,1090071680.0,71.05846345480839
tai40b,1,PGD,1120,1.4976882934570312,1090071680.0,71.05846345480839
tai40b,1,PGD,1140,1.5242280960083008,1090071680.0,71.05846345480839
tai40b,1,PGD,1160,1.5507619380950928,1090071680.0,71.05846345480839
tai40b,1,PGD,1180,1.5773019790649414,1090071680.0,71.05846345480839
tai40b,1,PGD,1200,1.6038460731506348,1090071680.0,71.05846345480839
tai40b,1,PGD,1220,1.6303744316101074,1090071680.0,71.05846345480839
tai40b,1,PGD,1240,1.6569514274597168,1090071680.0,71.05846345480839
tai40b,1,PGD,1260,1.6834993362426758,1090071680.0,71.05846345480839
tai40b,1,PGD,1280,1.7100539207458496,1090071680.0,71.05846345480839
tai40b,1,PGD,1300,1.7366464138031006,1090071680.0,71.05846345480839
tai40b,1,PGD,1320,1.7632179260253906,1090071680.0,71.05846345480839
tai40b,1,PGD,1340,1.7897756099700928,1090071680.0,71.05846345480839
tai40b,1,PGD,1360,1.8164095878601074,1090071680.0,71.05846345480839
tai40b,1,PGD,1380,1.8430776596069336,1090071680.0,71.05846345480839
tai40b,1,PGD,1400,1.8697929382324219,1090071680.0,71.05846345480839
tai40b,1,PGD,1420,1.896528959274292,1090071680.0,71.05846345480839
tai40b,1,PGD,1440,1.923248291015625,1090071680.0,71.05846345480839
tai40b,1,PGD,1460,1.9499485492706299,1090071680.0,71.05846345480839
tai40b,1,PGD,1480,1.9766845703125,1090071680.0,71.05846345480839
tai40b,1,PGD,1500,2.0034101009368896,1090071680.0,71.05846345480839
tai40b,1,SK,1,0.021632909774780273,1064570688.0,67.05674449620435
tai40b,1,SK,20,0.4083240032196045,965573504.0,51.52170538630568
tai40b,1,SK,40,0.8130121231079102,932142144.0,46.275520958503144
tai40b,1,SK,60,1.2184226512908936,791907584.0,24.26934577114195
tai40b,1,SK,80,1.6233360767364502,785424896.0,23.25205611149597
tai40b,1,SK,100,2.028482675552368,746516096.0,17.146329612051044
tai40b,1,SK,120,2.4339280128479004,746467840.0,17.13875708506596
tai40b,1,SK,140,2.8388943672180176,737961216.0,15.803863190172923
tai40b,1,SK,160,3.2443747520446777,737593728.0,15.746195484671135
tai40b,1,SK,180,3.6492748260498047,738622592.0,15.907648991053364
tai40b,1,SK,200,4.054398536682129,734827968.0,15.312181222522089
tai40b,1,SK,220,4.459854602813721,733450880.0,15.09608299554856
tai40b,1,SK,240,4.865094184875488,732129536.0,14.888732342850904
tai40b,1,SK,260,5.270002365112305,771034880.0,20.993916512777
tai40b,1,SK,280,5.675315618515015,723996672.0,13.612490381104934
tai40b,1,SK,300,6.080171346664429,723996672.0,13.612490381104934
tai40b,1,SK,320,6.485541105270386,723741760.0,13.572488557521925
tai40b,1,SK,340,6.890862226486206,723042240.0,13.462717045655928
tai40b,1,SK,360,7.296212911605835,722014528.0,13.301444315779975
tai40b,1,SK,380,7.7015204429626465,720143104.0,13.00777288133591
tai40b,1,SK,400,8.106361389160156,720583040.0,13.07680942045456
tai40b,1,SK,420,8.511693239212036,719217664.0,12.862549087961497
tai40b,1,SK,440,8.916993141174316,719208448.0,12.861102875911296
tai40b,1,SK,460,9.321885585784912,719208448.0,12.861102875911296
tai40b,1,SK,480,9.727168798446655,718336064.0,12.724204844964781
tai40b,1,SK,500,10.132109642028809,718341632.0,12.725078598078445
tai40b,1,SK,520,10.536735773086548,718341632.0,12.725078598078445
tai40b,1,SK,540,10.941625356674194,719132544.0,12.84919171277561
tai40b,1,SK,560,11.346271276473999,719006976.0,12.829487073591611
tai40b,1,SK,580,11.751157760620117,719006976.0,12.829487073591611
tai40b,1,SK,600,12.155905961990356,719006976.0,12.829487073591611
tai40b,1,SK,620,12.560662508010864,719006976.0,12.829487073591611
tai40b,1,SK,640,12.965428113937378,719006976.0,12.829487073591611
tai40b,1,SK,660,13.370166301727295,740433344.0,16.191799529500265
tai40b,1,SK,680,13.774961471557617,740433344.0,16.191799529500265
tai40b,1,SK,700,14.179837703704834,741113664.0,16.298558099595013
tai40b,1,SK,720,14.584451675415039,741121984.0,16.299863707695888
tai40b,1,SK,740,14.989397764205933,754952832.0,18.470256398896716
tai40b,1,SK,760,15.394000768661499,748645120.0,17.480424681926092
tai40b,1,SK,780,15.798924446105957,748645120.0,17.480424681926092
tai40b,1,SK,800,16.203633308410645,748269440.0,17.4214714546019
tai40b,1,SK,820,16.608433723449707,748246976.0,17.417946312729534
tai40b,1,SK,840,17.0131618976593,748246976.0,17.417946312729534
tai40b,1,SK,860,17.417945623397827,748246976.0,17.417946312729534
tai40b,1,SK,880,17.82257080078125,748246976.0,17.417946312729534
tai40b,1,SK,900,18.22727370262146,748246976.0,17.417946312729534
tai40b,1,SK,920,18.63193702697754,748246976.0,17.417946312729534
tai40b,1,SK,940,19.036804676055908,748246976.0,17.417946312729534
tai40b,1,SK,960,19.441494464874268,748246976.0,17.417946312729534
tai40b,1,SK,980,19.84624743461609,748246976.0,17.417946312729534
tai40b,1,SK,1000,20.250872135162354,748246976.0,17.417946312729534
tai40b,1,SK,1020,20.655673027038574,748246976.0,17.417946312729534
tai40b,1,SK,1040,21.060341835021973,748246976.0,17.417946312729534
tai40b,1,SK,1060,21.46518874168396,748246976.0,17.417946312729534
tai40b,1,SK,1080,21.86986780166626,748246976.0,17.417946312729534
tai40b,1,SK,1100,22.274566173553467,748246976.0,17.417946312729534
tai40b,1,SK,1120,22.679316997528076,748246976.0,17.417946312729534
tai40b,1,SK,1140,23.08403968811035,748246976.0,17.417946312729534
tai40b,1,SK,1160,23.4885995388031,748246976.0,17.417946312729534
tai40b,1,SK,1180,23.89326000213623,747174144.0,17.249593169691135
tai40b,1,SK,1200,24.298006296157837,747174144.0,17.249593169691135
tai40b,1,SK,1220,24.70267963409424,753732992.0,18.278834165029757
tai40b,1,SK,1240,25.10727596282959,753732992.0,18.278834165029757
tai40b,1,SK,1260,25.511775732040405,749915520.0,17.67978099579069
tai40b,1,SK,1280,25.9163658618927,749915520.0,17.67978099579069
tai40b,1,SK,1300,26.320992708206177,749915520.0,17.67978099579069
tai40b,1,SK,1320,26.725690364837646,749915520.0,17.67978099579069
tai40b,1,SK,1340,27.130427837371826,749915520.0,17.67978099579069
tai40b,1,SK,1360,27.534852981567383,749915520.0,17.67978099579069
tai40b,1,SK,1380,27.939553022384644,749960000.0,17.68676097756076
tai40b,1,SK,1400,28.344040393829346,749766272.0,17.656360395088814
tai40b,1,SK,1420,28.748838901519775,749766272.0,17.656360395088814
tai40b,1,SK,1440,29.153422355651855,749766272.0,17.656360395088814
tai40b,1,SK,1460,29.55789351463318,749766272.0,17.656360395088814
tai40b,1,SK,1480,29.962486505508423,749766272.0,17.656360395088814
tai40b,1,SK,1500,30.36725878715515,749766272.0,17.656360395088814
tai40b,2,PGD,1,0.0022215843200683594,1159193216.0,81.90529486666217
tai40b,2,PGD,20,0.027811288833618164,1035195520.0,62.4470741469968
tai40b,2,PGD,40,0.05409741401672363,1067250944.0,67.47734112433207
tai40b,2,PGD,60,0.08056521415710449,1122861824.0,76.2040256705903
tai40b,2,PGD,80,0.10777616500854492,1032570240.0,62.03510457547409
tai40b,2,PGD,100,0.13433432579040527,1084052992.0,70.11398655463435
tai40b,2,PGD,120,0.16084504127502441,1032570240.0,62.03510457547409
tai40b,2,PGD,140,0.18794631958007812,1032018048.0,61.94845237013284
tai40b,2,PGD,160,0.21448802947998047,1032018048.0,61.94845237013284
tai40b,2,PGD,180,0.2410125732421875,1032018048.0,61.94845237013284
tai40b,2,PGD,200,0.26755642890930176,1032018048.0,61.94845237013284
tai40b,2,PGD,220,0.29406189918518066,1032018048.0,61.94845237013284
tai40b,2,PGD,240,0.32058167457580566,1032018048.0,61.94845237013284
tai40b,2,PGD,260,0.347139835357666,1032018048.0,61.94845237013284
tai40b,2,PGD,280,0.3736739158630371,1032018048.0,61.94845237013284
tai40b,2,PGD,300,0.4002218246459961,1090071680.0,71.05846345480839
tai40b,2,PGD,320,0.42676687240600586,1090071680.0,71.05846345480839
tai40b,2,PGD,340,0.453291654586792,1090071680.0,71.05846345480839
tai40b,2,PGD,360,0.47985053062438965,1090071680.0,71.05846345480839
tai40b,2,PGD,380,0.5064013004302979,1090071680.0,71.05846345480839
tai40b,2,PGD,400,0.5329523086547852,1090071680.0,71.05846345480839
tai40b,2,PGD,420,0.5594639778137207,1090071680.0,71.05846345480839
tai40b,2,PGD,440,0.5860223770141602,1090071680.0,71.05846345480839
tai40b,2,PGD,460,0.6125650405883789,1090071680.0,71.05846345480839
tai40b,2,PGD,480,0.6390964984893799,1090071680.0,71.05846345480839
tai40b,2,PGD,500,0.6656508445739746,1090071680.0,71.05846345480839
tai40b,2,PGD,520,0.6921916007995605,1090071680.0,71.05846345480839
tai40b,2,PGD,540,0.7187230587005615,1090071680.0,71.05846345480839
tai40b,2,PGD,560,0.7452614307403564,1090071680.0,71.05846345480839
tai40b,2,PGD,580,0.771796464920044,1090071680.0,71.05846345480839
tai40b,2,PGD,600,0.798337459564209,1090071680.0,71.05846345480839
tai40b,2,PGD,620,0.8248016834259033,1090071680.0,71.05846345480839
tai40b,2,PGD,640,0.8513715267181396,1090071680.0,71.05846345480839
tai40b,2,PGD,660,0.8782999515533447,1090071680.0,71.05846345480839
tai40b,2,PGD,680,0.9054183959960938,1090071680.0,71.05846345480839
tai40b,2,PGD,700,0.9324212074279785,1090071680.0,71.05846345480839
tai40b,2,PGD,720,0.9592130184173584,1090071680.0,71.05846345480839
tai40b,2,PGD,740,0.9858834743499756,1090071680.0,71.05846345480839
tai40b,2,PGD,760,1.0125155448913574,1090071680.0,71.05846345480839
tai40b,2,PGD,780,1.039097547531128,1090071680.0,71.05846345480839
tai40b,2,PGD,800,1.0657780170440674,1090071680.0,71.05846345480839
tai40b,2,PGD,820,1.0924403667449951,1090071680.0,71.05846345480839
tai40b,2,PGD,840,1.1191043853759766,1090071680.0,71.05846345480839
tai40b,2,PGD,860,1.1457476615905762,1090071680.0,71.05846345480839
tai40b,2,PGD,880,1.1723525524139404,1090071680.0,71.05846345480839
tai40b,2,PGD,900,1.1989991664886475,1090071680.0,71.05846345480839
tai40b,2,PGD,920,1.2256274223327637,1090071680.0,71.05846345480839
tai40b,2,PGD,940,1.252229928970337,1090071680.0,71.05846345480839
tai40b,2,PGD,960,1.2787625789642334,1090071680.0,71.05846345480839
tai40b,2,PGD,980,1.3052914142608643,1090071680.0,71.05846345480839
tai40b,2,PGD,1000,1.3318495750427246,1090071680.0,71.05846345480839
tai40b,2,PGD,1020,1.3583869934082031,1090071680.0,71.05846345480839
tai40b,2,PGD,1040,1.3849618434906006,1090071680.0,71.05846345480839
tai40b,2,PGD,1060,1.4115245342254639,1090071680.0,71.05846345480839
tai40b,2,PGD,1080,1.4380264282226562,1090071680.0,71.05846345480839
tai40b,2,PGD,1100,1.46455717086792,1090071680.0,71.05846345480839
tai40b,2,PGD,1120,1.4911162853240967,1090071680.0,71.05846345480839
tai40b,2,PGD,1140,1.5176618099212646,1090071680.0,71.05846345480839
tai40b,2,PGD,1160,1.5441842079162598,1090071680.0,71.05846345480839
tai40b,2,PGD,1180,1.5706868171691895,1090071680.0,71.05846345480839
tai40b,2,PGD,1200,1.5972540378570557,1090071680.0,71.05846345480839
tai40b,2,PGD,1220,1.623777151107788,1090071680.0,71.05846345480839
tai40b,2,PGD,1240,1.6503088474273682,1090071680.0,71.05846345480839
tai40b,2,PGD,1260,1.6768436431884766,1090071680.0,71.05846345480839
tai40b,2,PGD,1280,1.7033605575561523,1090071680.0,71.05846345480839
tai40b,2,PGD,1300,1.729936122894287,1090071680.0,71.05846345480839
tai40b,2,PGD,1320,1.7564880847930908,1090071680.0,71.05846345480839
tai40b,2,PGD,1340,1.7830255031585693,1090071680.0,71.05846345480839
tai40b,2,PGD,1360,1.8096585273742676,1090071680.0,71.05846345480839
tai40b,2,PGD,1380,1.8363256454467773,1090071680.0,71.05846345480839
tai40b,2,PGD,1400,1.8629772663116455,1090071680.0,71.05846345480839
tai40b,2,PGD,1420,1.8896281719207764,1090071680.0,71.05846345480839
tai40b,2,PGD,1440,1.91627836227417,1090071680.0,71.05846345480839
tai40b,2,PGD,1460,1.942878007888794,1090071680.0,71.05846345480839
tai40b,2,PGD,1480,1.969520092010498,1090071680.0,71.05846345480839
tai40b,2,PGD,1500,1.9961800575256348,1090071680.0,71.05846345480839
tai40b,2,SK,1,0.021536827087402344,1064570688.0,67.05674449620435
tai40b,2,SK,20,0.40804266929626465,965573504.0,51.52170538630568
tai40b,2,SK,40,0.8126394748687744,932142144.0,46.275520958503144
tai40b,2,SK,60,1.21781325340271,791907584.0,24.26934577114195
tai40b,2,SK,80,1.624269723892212,785424896.0,23.25205611149597
tai40b,2,SK,100,2.029848575592041,746516096.0,17.146329612051044
tai40b,2,SK,120,2.43630313873291,746467840.0,17.13875708506596
tai40b,2,SK,140,2.8430545330047607,737961216.0,15.803863190172923
tai40b,2,SK,160,3.248734474182129,737593728.0,15.746195484671135
tai40b,2,SK,180,3.6529407501220703,738622592.0,15.907648991053364
tai40b,2,SK,200,4.05992865562439,734827968.0,15.312181222522089
tai40b,2,SK,220,4.466583251953125,733450880.0,15.09608299554856
tai40b,2,SK,240,4.872028350830078,732129536.0,14.888732342850904
tai40b,2,SK,260,5.276868581771851,771034880.0,20.993916512777
tai40b,2,SK,280,5.683204889297485,723996672.0,13.612490381104934
tai40b,2,SK,300,6.087977886199951,723996672.0,13.612490381104934
tai40b,2,SK,320,6.494644403457642,723741760.0,13.572488557521925
tai40b,2,SK,340,6.900269508361816,723042240.0,13.462717045655928
tai40b,2,SK,360,7.307187557220459,722014528.0,13.301444315779975
tai40b,2,SK,380,7.71380090713501,720143104.0,13.00777288133591
tai40b,2,SK,400,8.118297576904297,720583040.0,13.07680942045456
tai40b,2,SK,420,8.523851156234741,719217664.0,12.862549087961497
tai40b,2,SK,440,8.930601358413696,719208448.0,12.861102875911296
tai40b,2,SK,460,9.335323810577393,719208448.0,12.861102875911296
tai40b,2,SK,480,9.741923093795776,718336064.0,12.724204844964781
tai40b,2,SK,500,10.146600008010864,718341632.0,12.725078598078445
tai40b,2,SK,520,10.551194190979004,718341632.0,12.725078598078445
tai40b,2,SK,540,10.955532550811768,719132544.0,12.84919171277561
tai40b,2,SK,560,11.36023211479187,719006976.0,12.829487073591611
tai40b,2,SK,580,11.764723300933838,719006976.0,12.829487073591611
tai40b,2,SK,600,12.16910719871521,719006976.0,12.829487073591611
tai40b,2,SK,620,12.573773384094238,719006976.0,12.829487073591611
tai40b,2,SK,640,12.978028059005737,719006976.0,12.829487073591611
tai40b,2,SK,660,13.382736206054688,740433344.0,16.191799529500265
tai40b,2,SK,680,13.78730845451355,740433344.0,16.191799529500265
tai40b,2,SK,700,14.191514253616333,741113664.0,16.298558099595013
tai40b,2,SK,720,14.59615421295166,741121984.0,16.299863707695888
tai40b,2,SK,740,15.000815629959106,754952832.0,18.470256398896716
tai40b,2,SK,760,15.405076503753662,748645120.0,17.480424681926092
tai40b,2,SK,780,15.80963945388794,748645120.0,17.480424681926092
tai40b,2,SK,800,16.214114665985107,748269440.0,17.4214714546019
tai40b,2,SK,820,16.618696928024292,748246976.0,17.417946312729534
tai40b,2,SK,840,17.023115873336792,748246976.0,17.417946312729534
tai40b,2,SK,860,17.42757272720337,748246976.0,17.417946312729534
tai40b,2,SK,880,17.832167148590088,748246976.0,17.417946312729534
tai40b,2,SK,900,18.237220287322998,748246976.0,17.417946312729534
tai40b,2,SK,920,18.641399383544922,748246976.0,17.417946312729534
tai40b,2,SK,940,19.04599928855896,748246976.0,17.417946312729534
tai40b,2,SK,960,19.450516939163208,748246976.0,17.417946312729534
tai40b,2,SK,980,19.85497283935547,748246976.0,17.417946312729534
tai40b,2,SK,1000,20.25923180580139,748246976.0,17.417946312729534
tai40b,2,SK,1020,20.663635969161987,748246976.0,17.417946312729534
tai40b,2,SK,1040,21.068376779556274,748246976.0,17.417946312729534
tai40b,2,SK,1060,21.472692012786865,748246976.0,17.417946312729534
tai40b,2,SK,1080,21.87714958190918,748246976.0,17.417946312729534
tai40b,2,SK,1100,22.281636953353882,748246976.0,17.417946312729534
tai40b,2,SK,1120,22.68587350845337,748246976.0,17.417946312729534
tai40b,2,SK,1140,23.090582609176636,748246976.0,17.417946312729534
tai40b,2,SK,1160,23.494691610336304,748246976.0,17.417946312729534
tai40b,2,SK,1180,23.899580717086792,747174144.0,17.249593169691135
tai40b,2,SK,1200,24.303881406784058,747174144.0,17.249593169691135
tai40b,2,SK,1220,24.7082200050354,753732992.0,18.278834165029757
tai40b,2,SK,1240,25.112805128097534,753732992.0,18.278834165029757
tai40b,2,SK,1260,25.516995429992676,749915520.0,17.67978099579069
tai40b,2,SK,1280,25.92165470123291,749915520.0,17.67978099579069
tai40b,2,SK,1300,26.325915575027466,749915520.0,17.67978099579069
tai40b,2,SK,1320,26.730383157730103,749915520.0,17.67978099579069
tai40b,2,SK,1340,27.13481616973877,749915520.0,17.67978099579069
tai40b,2,SK,1360,27.53903365135193,749915520.0,17.67978099579069
tai40b,2,SK,1380,27.9437153339386,749960000.0,17.68676097756076
tai40b,2,SK,1400,28.34777808189392,749766272.0,17.656360395088814
tai40b,2,SK,1420,28.752538919448853,749766272.0,17.656360395088814
tai40b,2,SK,1440,29.156723260879517,749766272.0,17.656360395088814
tai40b,2,SK,1460,29.56119704246521,749766272.0,17.656360395088814
tai40b,2,SK,1480,29.965559482574463,749766272.0,17.656360395088814
tai40b,2,SK,1500,30.369797229766846,749766272.0,17.656360395088814
tai40b,3,PGD,1,0.00391387939453125,1159193216.0,81.90529486666217
tai40b,3,PGD,20,0.031421661376953125,1035195520.0,62.4470741469968
tai40b,3,PGD,40,0.05791807174682617,1067250944.0,67.47734112433207
tai40b,3,PGD,60,0.0844123363494873,1122861824.0,76.2040256705903
tai40b,3,PGD,80,0.1119229793548584,1032570240.0,62.03510457547409
tai40b,3,PGD,100,0.13847041130065918,1084052992.0,70.11398655463435
tai40b,3,PGD,120,0.16499757766723633,1032570240.0,62.03510457547409
tai40b,3,PGD,140,0.19383621215820312,1032018048.0,61.94845237013284
tai40b,3,PGD,160,0.22035551071166992,1032018048.0,61.94845237013284
tai40b,3,PGD,180,0.24693083763122559,1032018048.0,61.94845237013284
tai40b,3,PGD,200,0.27349185943603516,1032018048.0,61.94845237013284
tai40b,3,PGD,220,0.29998350143432617,1032018048.0,61.94845237013284
tai40b,3,PGD,240,0.3265352249145508,1032018048.0,61.94845237013284
tai40b,3,PGD,260,0.3530583381652832,1032018048.0,61.94845237013284
tai40b,3,PGD,280,0.3796112537384033,1032018048.0,61.94845237013284
tai40b,3,PGD,300,0.4061620235443115,1090071680.0,71.05846345480839
tai40b,3,PGD,320,0.432706356048584,1090071680.0,71.05846345480839
tai40b,3,PGD,340,0.45924830436706543,1090071680.0,71.05846345480839
tai40b,3,PGD,360,0.4857921600341797,1090071680.0,71.05846345480839
tai40b,3,PGD,380,0.512366533279419,1090071680.0,71.05846345480839
tai40b,3,PGD,400,0.5389227867126465,1090071680.0,71.05846345480839
tai40b,3,PGD,420,0.5654330253601074,1090071680.0,71.05846345480839
tai40b,3,PGD,440,0.5919785499572754,1090071680.0,71.05846345480839
tai40b,3,PGD,460,0.6185019016265869,1090071680.0,71.05846345480839
tai40b,3,PGD,480,0.645047664642334,1090071680.0,71.05846345480839
tai40b,3,PGD,500,0.6716067790985107,1090071680.0,71.05846345480839
tai40b,3,PGD,520,0.6981568336486816,1090071680.0,71.05846345480839
tai40b,3,PGD,540,0.7246975898742676,1090071680.0,71.05846345480839
tai40b,3,PGD,560,0.7512195110321045,1090071680.0,71.05846345480839
tai40b,3,PGD,580,0.7777729034423828,1090071680.0,71.05846345480839
tai40b,3,PGD,600,0.8042912483215332,1090071680.0,71.05846345480839
tai40b,3,PGD,620,0.8307955265045166,1090071680.0,71.05846345480839
tai40b,3,PGD,640,0.8573179244995117,1090071680.0,71.05846345480839
tai40b,3,PGD,660,0.8839120864868164,1090071680.0,71.05846345480839
tai40b,3,PGD,680,0.9106049537658691,1090071680.0,71.05846345480839
tai40b,3,PGD,700,0.9373211860656738,1090071680.0,71.05846345480839
tai40b,3,PGD,720,0.9640536308288574,1090071680.0,71.05846345480839
tai40b,3,PGD,740,0.9907126426696777,1090071680.0,71.05846345480839
tai40b,3,PGD,760,1.017338514328003,1090071680.0,71.05846345480839
tai40b,3,PGD,780,1.0439155101776123,1090071680.0,71.05846345480839
tai40b,3,PGD,800,1.0705397129058838,1090071680.0,71.05846345480839
tai40b,3,PGD,820,1.0971884727478027,1090071680.0,71.05846345480839
tai40b,3,PGD,840,1.1238253116607666,1090071680.0,71.05846345480839
tai40b,3,PGD,860,1.1504626274108887,1090071680.0,71.05846345480839
tai40b,3,PGD,880,1.1770784854888916,1090071680.0,71.05846345480839
tai40b,3,PGD,900,1.2037451267242432,1090071680.0,71.05846345480839
tai40b,3,PGD,920,1.23042893409729,1090071680.0,71.05846345480839
tai40b,3,PGD,940,1.2570710182189941,1090071680.0,71.05846345480839
tai40b,3,PGD,960,1.2836062908172607,1090071680.0,71.05846345480839
tai40b,3,PGD,980,1.3101446628570557,1090071680.0,71.05846345480839
tai40b,3,PGD,1000,1.336707353591919,1090071680.0,71.05846345480839
tai40b,3,PGD,1020,1.3632628917694092,1090071680.0,71.05846345480839
tai40b,3,PGD,1040,1.3898279666900635,1090071680.0,71.05846345480839
tai40b,3,PGD,1060,1.416386604309082,1090071680.0,71.05846345480839
tai40b,3,PGD,1080,1.4429163932800293,1090071680.0,71.05846345480839
tai40b,3,PGD,1100,1.4694187641143799,1090071680.0,71.05846345480839
tai40b,3,PGD,1120,1.4959721565246582,1090071680.0,71.05846345480839
tai40b,3,PGD,1140,1.5225350856781006,1090071680.0,71.05846345480839
tai40b,3,PGD,1160,1.5490469932556152,1090071680.0,71.05846345480839
tai40b,3,PGD,1180,1.5755674839019775,1090071680.0,71.05846345480839
tai40b,3,PGD,1200,1.6021192073822021,1090071680.0,71.05846345480839
tai40b,3,PGD,1220,1.6286592483520508,1090071680.0,71.05846345480839
tai40b,3,PGD,1240,1.6551806926727295,1090071680.0,71.05846345480839
tai40b,3,PGD,1260,1.6817317008972168,1090071680.0,71.05846345480839
tai40b,3,PGD,1280,1.7082819938659668,1090071680.0,71.05846345480839
tai40b,3,PGD,1300,1.7348272800445557,1090071680.0,71.05846345480839
tai40b,3,PGD,1320,1.7613897323608398,1090071680.0,71.05846345480839
tai40b,3,PGD,1340,1.7879188060760498,1090071680.0,71.05846345480839
tai40b,3,PGD,1360,1.814457654953003,1090071680.0,71.05846345480839
tai40b,3,PGD,1380,1.8410248756408691,1090071680.0,71.05846345480839
tai40b,3,PGD,1400,1.8675601482391357,1090071680.0,71.05846345480839
tai40b,3,PGD,1420,1.8941524028778076,1090071680.0,71.05846345480839
tai40b,3,PGD,1440,1.9207861423492432,1090071680.0,71.05846345480839
tai40b,3,PGD,1460,1.9474191665649414,1090071680.0,71.05846345480839
tai40b,3,PGD,1480,1.974059820175171,1090071680.0,71.05846345480839
tai40b,3,PGD,1500,2.0006752014160156,1090071680.0,71.05846345480839
tai40b,3,SK,1,0.02323770523071289,1064570688.0,67.05674449620435
tai40b,3,SK,20,0.409679651260376,965573504.0,51.52170538630568
tai40b,3,SK,40,0.8161828517913818,932142144.0,46.275520958503144
tai40b,3,SK,60,1.2213878631591797,791907584.0,24.26934577114195
tai40b,3,SK,80,1.6276991367340088,785424896.0,23.25205611149597
tai40b,3,SK,100,2.0342957973480225,746516096.0,17.146329612051044
tai40b,3,SK,120,2.4393093585968018,746467840.0,17.13875708506596
tai40b,3,SK,140,2.846276044845581,737961216.0,15.803863190172923
tai40b,3,SK,160,3.252681016921997,737593728.0,15.746195484671135
tai40b,3,SK,180,3.656932830810547,738622592.0,15.907648991053364
tai40b,3,SK,200,4.062533855438232,734827968.0,15.312181222522089
tai40b,3,SK,220,4.469012022018433,733450880.0,15.09608299554856
tai40b,3,SK,240,4.875756502151489,732129536.0,14.888732342850904
tai40b,3,SK,260,5.279916048049927,771034880.0,20.993916512777
tai40b,3,SK,280,5.685124397277832,723996672.0,13.612490381104934
tai40b,3,SK,300,6.089827537536621,723996672.0,13.612490381104934
tai40b,3,SK,320,6.496197700500488,723741760.0,13.572488557521925
tai40b,3,SK,340,6.903201341629028,723042240.0,13.462717045655928
tai40b,3,SK,360,7.308251619338989,722014528.0,13.301444315779975
tai40b,3,SK,380,7.714871168136597,720143104.0,13.00777288133591
tai40b,3,SK,400,8.119544982910156,720583040.0,13.07680942045456
tai40b,3,SK,420,8.526167392730713,719217664.0,12.862549087961497
tai40b,3,SK,440,8.931524515151978,719208448.0,12.861102875911296
tai40b,3,SK,460,9.335753917694092,719208448.0,12.861102875911296
tai40b,3,SK,480,9.742633581161499,718336064.0,12.724204844964781
tai40b,3,SK,500,10.146846771240234,718341632.0,12.725078598078445
tai40b,3,SK,520,10.551186084747314,718341632.0,12.725078598078445
tai40b,3,SK,540,10.955955505371094,719132544.0,12.84919171277561
tai40b,3,SK,560,11.360006332397461,719006976.0,12.829487073591611
tai40b,3,SK,580,11.76456069946289,719006976.0,12.829487073591611
tai40b,3,SK,600,12.169001340866089,719006976.0,12.829487073591611
tai40b,3,SK,620,12.573235511779785,719006976.0,12.829487073591611
tai40b,3,SK,640,12.977821350097656,719006976.0,12.829487073591611
tai40b,3,SK,660,13.382020235061646,740433344.0,16.191799529500265
tai40b,3,SK,680,13.786598443984985,740433344.0,16.191799529500265
tai40b,3,SK,700,14.191237449645996,741113664.0,16.298558099595013
tai40b,3,SK,720,14.59533166885376,741121984.0,16.299863707695888
tai40b,3,SK,740,14.999979019165039,754952832.0,18.470256398896716
tai40b,3,SK,760,15.404030561447144,748645120.0,17.480424681926092
tai40b,3,SK,780,15.808616399765015,748645120.0,17.480424681926092
tai40b,3,SK,800,16.213170766830444,748269440.0,17.4214714546019
tai40b,3,SK,820,16.61742663383484,748246976.0,17.417946312729534
tai40b,3,SK,840,17.022019863128662,748246976.0,17.417946312729534
tai40b,3,SK,860,17.426201343536377,748246976.0,17.417946312729534
tai40b,3,SK,880,17.830517768859863,748246976.0,17.417946312729534
tai40b,3,SK,900,18.234973669052124,748246976.0,17.417946312729534
tai40b,3,SK,920,18.639028310775757,748246976.0,17.417946312729534
tai40b,3,SK,940,19.043673038482666,748246976.0,17.417946312729534
tai40b,3,SK,960,19.447768926620483,748246976.0,17.417946312729534
tai40b,3,SK,980,19.85225248336792,748246976.0,17.417946312729534
tai40b,3,SK,1000,20.25667381286621,748246976.0,17.417946312729534
tai40b,3,SK,1020,20.660865783691406,748246976.0,17.417946312729534
tai40b,3,SK,1040,21.065439701080322,748246976.0,17.417946312729534
tai40b,3,SK,1060,21.46976947784424,748246976.0,17.417946312729534
tai40b,3,SK,1080,21.873961448669434,748246976.0,17.417946312729534
tai40b,3,SK,1100,22.27853488922119,748246976.0,17.417946312729534
tai40b,3,SK,1120,22.682539224624634,748246976.0,17.417946312729534
tai40b,3,SK,1140,23.08722162246704,748246976.0,17.417946312729534
tai40b,3,SK,1160,23.491342067718506,748246976.0,17.417946312729534
tai40b,3,SK,1180,23.89567804336548,747174144.0,17.249593169691135
tai40b,3,SK,1200,24.300299406051636,747174144.0,17.249593169691135
tai40b,3,SK,1220,24.70450758934021,753732992.0,18.278834165029757
tai40b,3,SK,1240,25.108853101730347,753732992.0,18.278834165029757
tai40b,3,SK,1260,25.513383388519287,749915520.0,17.67978099579069
tai40b,3,SK,1280,25.917459726333618,749915520.0,17.67978099579069
tai40b,3,SK,1300,26.32209324836731,749915520.0,17.67978099579069
tai40b,3,SK,1320,26.72621440887451,749915520.0,17.67978099579069
tai40b,3,SK,1340,27.130617141723633,749915520.0,17.67978099579069
tai40b,3,SK,1360,27.53512740135193,749915520.0,17.67978099579069
tai40b,3,SK,1380,27.9393048286438,749960000.0,17.68676097756076
tai40b,3,SK,1400,28.34375762939453,749766272.0,17.656360395088814
tai40b,3,SK,1420,28.748129844665527,749766272.0,17.656360395088814
tai40b,3,SK,1440,29.152199506759644,749766272.0,17.656360395088814
tai40b,3,SK,1460,29.556865215301514,749766272.0,17.656360395088814
tai40b,3,SK,1480,29.96090006828308,749766272.0,17.656360395088814
tai40b,3,SK,1500,30.365390062332153,749766272.0,17.656360395088814
tai40b,4,PGD,1,0.0034706592559814453,1159193216.0,81.90529486666217
tai40b,4,PGD,20,0.031005382537841797,1035195520.0,62.4470741469968
tai40b,4,PGD,40,0.057437896728515625,1067250944.0,67.47734112433207
tai40b,4,PGD,60,0.0838921070098877,1122861824.0,76.2040256705903
tai40b,4,PGD,80,0.11291837692260742,1032570240.0,62.03510457547409
tai40b,4,PGD,100,0.13938426971435547,1084052992.0,70.11398655463435
tai40b,4,PGD,120,0.1657857894897461,1032570240.0,62.03510457547409
tai40b,4,PGD,140,0.19338536262512207,1032018048.0,61.94845237013284
tai40b,4,PGD,160,0.2198176383972168,1032018048.0,61.94845237013284
tai40b,4,PGD,180,0.24626445770263672,1032018048.0,61.94845237013284
tai40b,4,PGD,200,0.2727384567260742,1032018048.0,61.94845237013284
tai40b,4,PGD,220,0.2991619110107422,1032018048.0,61.94845237013284
tai40b,4,PGD,240,0.3256087303161621,1032018048.0,61.94845237013284
tai40b,4,PGD,260,0.35208559036254883,1032018048.0,61.94845237013284
tai40b,4,PGD,280,0.37853431701660156,1032018048.0,61.94845237013284
tai40b,4,PGD,300,0.4050168991088867,1090071680.0,71.05846345480839
tai40b,4,PGD,320,0.4314870834350586,1090071680.0,71.05846345480839
tai40b,4,PGD,340,0.4579322338104248,1090071680.0,71.05846345480839
tai40b,4,PGD,360,0.48441028594970703,1090071680.0,71.05846345480839
tai40b,4,PGD,380,0.5108625888824463,1090071680.0,71.05846345480839
tai40b,4,PGD,400,0.5373392105102539,1090071680.0,71.05846345480839
tai40b,4,PGD,420,0.5637655258178711,1090071680.0,71.05846345480839
tai40b,4,PGD,440,0.5902209281921387,1090071680.0,71.05846345480839
tai40b,4,PGD,460,0.6166961193084717,1090071680.0,71.05846345480839
tai40b,4,PGD,480,0.6431450843811035,1090071680.0,71.05846345480839
tai40b,4,PGD,500,0.6696157455444336,1090071680.0,71.05846345480839
tai40b,4,PGD,520,0.6960763931274414,1090071680.0,71.05846345480839
tai40b,4,PGD,540,0.7225391864776611,1090071680.0,71.05846345480839
tai40b,4,PGD,560,0.7490074634552002,1090071680.0,71.05846345480839
tai40b,4,PGD,580,0.7754645347595215,1090071680.0,71.05846345480839
tai40b,4,PGD,600,0.8019123077392578,1090071680.0,71.05846345480839
tai40b,4,PGD,620,0.8283224105834961,1090071680.0,71.05846345480839
tai40b,4,PGD,640,0.8547623157501221,1090071680.0,71.05846345480839
tai40b,4,PGD,660,0.8814456462860107,1090071680.0,71.05846345480839
tai40b,4,PGD,680,0.9083349704742432,1090071680.0,71.05846345480839
tai40b,4,PGD,700,0.9351968765258789,1090071680.0,71.05846345480839
tai40b,4,PGD,720,0.9619235992431641,1090071680.0,71.05846345480839
tai40b,4,PGD,740,0.988595724105835,1090071680.0,71.05846345480839
tai40b,4,PGD,760,1.015244722366333,1090071680.0,71.05846345480839
tai40b,4,PGD,780,1.0418143272399902,1090071680.0,71.05846345480839
tai40b,4,PGD,800,1.068465232849121,1090071680.0,71.05846345480839
tai40b,4,PGD,820,1.0951411724090576,1090071680.0,71.05846345480839
tai40b,4,PGD,840,1.1217167377471924,1090071680.0,71.05846345480839
tai40b,4,PGD,860,1.1482739448547363,1090071680.0,71.05846345480839
tai40b,4,PGD,880,1.1747894287109375,1090071680.0,71.05846345480839
tai40b,4,PGD,900,1.201324224472046,1090071680.0,71.05846345480839
tai40b,4,PGD,920,1.2278354167938232,1090071680.0,71.05846345480839
tai40b,4,PGD,940,1.2543509006500244,1090071680.0,71.05846345480839
tai40b,4,PGD,960,1.2809033393859863,1090071680.0,71.05846345480839
tai40b,4,PGD,980,1.3074250221252441,1090071680.0,71.05846345480839
tai40b,4,PGD,1000,1.333946704864502,1090071680.0,71.05846345480839
tai40b,4,PGD,1020,1.3604488372802734,1090071680.0,71.05846345480839
tai40b,4,PGD,1040,1.386944055557251,1090071680.0,71.05846345480839
tai40b,4,PGD,1060,1.413398027420044,1090071680.0,71.05846345480839
tai40b,4,PGD,1080,1.439850091934204,1090071680.0,71.05846345480839
tai40b,4,PGD,1100,1.46628737449646,1090071680.0,71.05846345480839
tai40b,4,PGD,1120,1.492722749710083,1090071680.0,71.05846345480839
tai40b,4,PGD,1140,1.519214153289795,1090071680.0,71.05846345480839
tai40b,4,PGD,1160,1.5456476211547852,1090071680.0,71.05846345480839
tai40b,4,PGD,1180,1.5720844268798828,1090071680.0,71.05846345480839
tai40b,4,PGD,1200,1.5985534191131592,1090071680.0,71.05846345480839
tai40b,4,PGD,1220,1.6249945163726807,1090071680.0,71.05846345480839
tai40b,4,PGD,1240,1.6514341831207275,1090071680.0,71.05846345480839
tai40b,4,PGD,1260,1.677884578704834,1090071680.0,71.05846345480839
tai40b,4,PGD,1280,1.7043228149414062,1090071680.0,71.05846345480839
tai40b,4,PGD,1300,1.730804681777954,1090071680.0,71.05846345480839
tai40b,4,PGD,1320,1.7572722434997559,1090071680.0,71.05846345480839
tai40b,4,PGD,1340,1.7837321758270264,1090071680.0,71.05846345480839
tai40b,4,PGD,1360,1.8101983070373535,1090071680.0,71.05846345480839
tai40b,4,PGD,1380,1.8367650508880615,1090071680.0,71.05846345480839
tai40b,4,PGD,1400,1.8633034229278564,1090071680.0,71.05846345480839
tai40b,4,PGD,1420,1.8898799419403076,1090071680.0,71.05846345480839
tai40b,4,PGD,1440,1.9164724349975586,1090071680.0,71.05846345480839
tai40b,4,PGD,1460,1.9430768489837646,1090071680.0,71.05846345480839
tai40b,4,PGD,1480,1.9696743488311768,1090071680.0,71.05846345480839
tai40b,4,PGD,1500,1.9962847232818604,1090071680.0,71.05846345480839
tai40b,4,SK,1,0.02187967300415039,1064570688.0,67.05674449620435
tai40b,4,SK,20,0.4086437225341797,965573504.0,51.52170538630568
tai40b,4,SK,40,0.812326192855835,932142144.0,46.275520958503144
tai40b,4,SK,60,1.2168123722076416,791907584.0,24.26934577114195
tai40b,4,SK,80,1.6205813884735107,785424896.0,23.25205611149597
tai40b,4,SK,100,2.0248992443084717,746516096.0,17.146329612051044
tai40b,4,SK,120,2.429178237915039,746467840.0,17.13875708506596
tai40b,4,SK,140,2.8330726623535156,737961216.0,15.803863190172923
tai40b,4,SK,160,3.2375078201293945,737593728.0,15.746195484671135
tai40b,4,SK,180,3.6412088871002197,738622592.0,15.907648991053364
tai40b,4,SK,200,4.04538893699646,734827968.0,15.312181222522089
tai40b,4,SK,220,4.449878454208374,733450880.0,15.09608299554856
tai40b,4,SK,240,4.853876829147339,732129536.0,14.888732342850904
tai40b,4,SK,260,5.2578160762786865,771034880.0,20.993916512777
tai40b,4,SK,280,5.662222385406494,723996672.0,13.612490381104934
tai40b,4,SK,300,6.0658347606658936,723996672.0,13.612490381104934
tai40b,4,SK,320,6.470117568969727,723741760.0,13.572488557521925
tai40b,4,SK,340,6.874580383300781,723042240.0,13.462717045655928
tai40b,4,SK,360,7.2787182331085205,722014528.0,13.301444315779975
tai40b,4,SK,380,7.683194637298584,720143104.0,13.00777288133591
tai40b,4,SK,400,8.08672547340393,720583040.0,13.07680942045456
tai40b,4,SK,420,8.491239070892334,719217664.0,12.862549087961497
tai40b,4,SK,440,8.89546251296997,719208448.0,12.861102875911296
tai40b,4,SK,460,9.299240589141846,719208448.0,12.861102875911296
tai40b,4,SK,480,9.703548669815063,718336064.0,12.724204844964781
tai40b,4,SK,500,10.107261419296265,718341632.0,12.725078598078445
tai40b,4,SK,520,10.510963201522827,718341632.0,12.725078598078445
tai40b,4,SK,540,10.914859294891357,719132544.0,12.84919171277561
tai40b,4,SK,560,11.318472385406494,719006976.0,12.829487073591611
tai40b,4,SK,580,11.72234582901001,719006976.0,12.829487073591611
tai40b,4,SK,600,12.125999927520752,719006976.0,12.829487073591611
tai40b,4,SK,620,12.52971863746643,719006976.0,12.829487073591611
tai40b,4,SK,640,12.933501720428467,719006976.0,12.829487073591611
tai40b,4,SK,660,13.337174892425537,740433344.0,16.191799529500265
tai40b,4,SK,680,13.743506669998169,740433344.0,16.191799529500265
tai40b,4,SK,700,14.147298574447632,741113664.0,16.298558099595013
tai40b,4,SK,720,14.55086898803711,741121984.0,16.299863707695888
tai40b,4,SK,740,14.95467758178711,754952832.0,18.470256398896716
tai40b,4,SK,760,15.358304262161255,748645120.0,17.480424681926092
tai40b,4,SK,780,15.762103080749512,748645120.0,17.480424681926092
tai40b,4,SK,800,16.165812015533447,748269440.0,17.4214714546019
tai40b,4,SK,820,16.56951880455017,748246976.0,17.417946312729534
tai40b,4,SK,840,16.973186254501343,748246976.0,17.417946312729534
tai40b,4,SK,860,17.377047061920166,748246976.0,17.417946312729534
tai40b,4,SK,880,17.780672073364258,748246976.0,17.417946312729534
tai40b,4,SK,900,18.184464931488037,748246976.0,17.417946312729534
tai40b,4,SK,920,18.58818006515503,748246976.0,17.417946312729534
tai40b,4,SK,940,18.99178910255432,748246976.0,17.417946312729534
tai40b,4,SK,960,19.395469427108765,748246976.0,17.417946312729534
tai40b,4,SK,980,19.799227476119995,748246976.0,17.417946312729534
tai40b,4,SK,1000,20.202881336212158,748246976.0,17.417946312729534
tai40b,4,SK,1020,20.606585025787354,748246976.0,17.417946312729534
tai40b,4,SK,1040,21.010122299194336,748246976.0,17.417946312729534
tai40b,4,SK,1060,21.41384506225586,748246976.0,17.417946312729534
tai40b,4,SK,1080,21.817376613616943,748246976.0,17.417946312729534
tai40b,4,SK,1100,22.221142530441284,748246976.0,17.417946312729534
tai40b,4,SK,1120,22.6248722076416,748246976.0,17.417946312729534
tai40b,4,SK,1140,23.028510808944702,748246976.0,17.417946312729534
tai40b,4,SK,1160,23.432101488113403,748246976.0,17.417946312729534
tai40b,4,SK,1180,23.835837364196777,747174144.0,17.249593169691135
tai40b,4,SK,1200,24.23965358734131,747174144.0,17.249593169691135
tai40b,4,SK,1220,24.6430606842041,753732992.0,18.278834165029757
tai40b,4,SK,1240,25.0468807220459,753732992.0,18.278834165029757
tai40b,4,SK,1260,25.45019817352295,749915520.0,17.67978099579069
tai40b,4,SK,1280,25.8540620803833,749915520.0,17.67978099579069
tai40b,4,SK,1300,26.258004665374756,749915520.0,17.67978099579069
tai40b,4,SK,1320,26.6613667011261,749915520.0,17.67978099579069
tai40b,4,SK,1340,27.065309762954712,749915520.0,17.67978099579069
tai40b,4,SK,1360,27.46858787536621,749915520.0,17.67978099579069
tai40b,4,SK,1380,27.872523546218872,749960000.0,17.68676097756076
tai40b,4,SK,1400,28.276298761367798,749766272.0,17.656360395088814
tai40b,4,SK,1420,28.67967700958252,749766272.0,17.656360395088814
tai40b,4,SK,1440,29.083461046218872,749766272.0,17.656360395088814
tai40b,4,SK,1460,29.48689365386963,749766272.0,17.656360395088814
tai40b,4,SK,1480,29.890748500823975,749766272.0,17.656360395088814
tai40b,4,SK,1500,30.294595956802368,749766272.0,17.656360395088814
tai50b,0,PGD,1,0.006998777389526367,786045184.0,71.31829150898344
tai50b,0,PGD,20,0.04775261878967285,722898816.0,57.55556119657744
tai50b,0,PGD,40,0.0885922908782959,721935104.0,57.34552048046169
tai50b,0,PGD,60,0.13083600997924805,721173760.0,57.17958580395
tai50b,0,PGD,80,0.17308545112609863,719644416.0,56.846265777897244
tai50b,0,PGD,100,0.21169543266296387,722133312.0,57.38871984942241
tai50b,0,PGD,120,0.2521650791168213,703438016.0,53.31408618310287
tai50b,0,PGD,140,0.2908480167388916,715405824.0,55.922466033780196
tai50b,0,PGD,160,0.3295013904571533,714953216.0,55.823820267783994
tai50b,0,PGD,180,0.3681654930114746,714531392.0,55.73188386454857
tai50b,0,PGD,200,0.40689539909362793,714531392.0,55.73188386454857
tai50b,0,PGD,220,0.445631742477417,714531392.0,55.73188386454857
tai50b,0,PGD,240,0.4843907356262207,714531392.0,55.73188386454857
tai50b,0,PGD,260,0.5231263637542725,714531392.0,55.73188386454857
tai50b,0,PGD,280,0.5618371963500977,714531392.0,55.73188386454857
tai50b,0,PGD,300,0.6005871295928955,714531392.0,55.73188386454857
tai50b,0,PGD,320,0.6393165588378906,714531392.0,55.73188386454857
tai50b,0,PGD,340,0.6779866218566895,714531392.0,55.73188386454857
tai50b,0,PGD,360,0.7166426181793213,714531392.0,55.73188386454857
tai50b,0,PGD,380,0.7553024291992188,714531392.0,55.73188386454857
tai50b,0,PGD,400,0.7939715385437012,714531392.0,55.73188386454857
tai50b,0,PGD,420,0.8326883316040039,714531392.0,55.73188386454857
tai50b,0,PGD,440,0.8714137077331543,714531392.0,55.73188386454857
tai50b,0,PGD,460,0.9101614952087402,714531392.0,55.73188386454857
tai50b,0,PGD,480,0.9489026069641113,714531392.0,55.73188386454857
tai50b,0,PGD,500,0.9876542091369629,714531392.0,55.73188386454857
tai50b,0,PGD,520,1.02640962600708,714531392.0,55.73188386454857
tai50b,0,PGD,540,1.0651605129241943,714531392.0,55.73188386454857
tai50b,0,PGD,560,1.1039366722106934,714531392.0,55.73188386454857
tai50b,0,PGD,580,1.1426982879638672,714531392.0,55.73188386454857
tai50b,0,PGD,600,1.1814649105072021,714531392.0,55.73188386454857
tai50b,0,PGD,620,1.2202303409576416,714531392.0,55.73188386454857
tai50b,0,PGD,640,1.2590091228485107,714531392.0,55.73188386454857
tai50b,0,PGD,660,1.2977511882781982,714531392.0,55.73188386454857
tai50b,0,PGD,680,1.336501121520996,714531392.0,55.73188386454857
tai50b,0,PGD,700,1.3752386569976807,714531392.0,55.73188386454857
tai50b,0,PGD,720,1.4139676094055176,714531392.0,55.73188386454857
tai50b,0,PGD,740,1.4527125358581543,714531392.0,55.73188386454857
tai50b,0,PGD,760,1.491342544555664,714531392.0,55.73188386454857
tai50b,0,PGD,780,1.5299625396728516,714531392.0,55.73188386454857
tai50b,0,PGD,800,1.5687410831451416,714531392.0,55.73188386454857
tai50b,0,PGD,820,1.607470989227295,714531392.0,55.73188386454857
tai50b,0,PGD,840,1.6462032794952393,714531392.0,55.73188386454857
tai50b,0,PGD,860,1.6849777698516846,714531392.0,55.73188386454857
tai50b,0,PGD,880,1.7237071990966797,714531392.0,55.73188386454857
tai50b,0,PGD,900,1.7624311447143555,714531392.0,55.73188386454857
tai50b,0,PGD,920,1.8011744022369385,714531392.0,55.73188386454857
tai50b,0,PGD,940,1.8398268222808838,714531392.0,55.73188386454857
tai50b,0,PGD,960,1.8784666061401367,714531392.0,55.73188386454857
tai50b,0,PGD,980,1.9171504974365234,714531392.0,55.73188386454857
tai50b,0,PGD,1000,1.9559051990509033,714531392.0,55.73188386454857
tai50b,0,PGD,1020,1.9946260452270508,714531392.0,55.73188386454857
tai50b,0,PGD,1040,2.0333542823791504,714531392.0,55.73188386454857
tai50b,0,PGD,1060,2.072096347808838,714531392.0,55.73188386454857
tai50b,0,PGD,1080,2.1108343601226807,714531392.0,55.73188386454857
tai50b,0,PGD,1100,2.149569272994995,714531392.0,55.73188386454857
tai50b,0,PGD,1120,2.1883041858673096,714531392.0,55.73188386454857
tai50b,0,PGD,1140,2.2270355224609375,714531392.0,55.73188386454857
tai50b,0,PGD,1160,2.265751838684082,714531392.0,55.73188386454857
tai50b,0,PGD,1180,2.3045170307159424,714531392.0,55.73188386454857
tai50b,0,PGD,1200,2.343242883682251,714531392.0,55.73188386454857
tai50b,0,PGD,1220,2.381965160369873,714531392.0,55.73188386454857
tai50b,0,PGD,1240,2.420644998550415,714531392.0,55.73188386454857
tai50b,0,PGD,1260,2.4593300819396973,714531392.0,55.73188386454857
tai50b,0,PGD,1280,2.4980483055114746,714531392.0,55.73188386454857
tai50b,0,PGD,1300,2.5368149280548096,714531392.0,55.73188386454857
tai50b,0,PGD,1320,2.575547695159912,714531392.0,55.73188386454857
tai50b,0,PGD,1340,2.614288806915283,714531392.0,55.73188386454857
tai50b,0,PGD,1360,2.653041362762451,714531392.0,55.73188386454857
tai50b,0,PGD,1380,2.691772937774658,714531392.0,55.73188386454857
tai50b,0,PGD,1400,2.7304728031158447,714531392.0,55.73188386454857
tai50b,0,PGD,1420,2.7692272663116455,714531392.0,55.73188386454857
tai50b,0,PGD,1440,2.807973623275757,714531392.0,55.73188386454857
tai50b,0,PGD,1460,2.8467111587524414,714531392.0,55.73188386454857
tai50b,0,PGD,1480,2.8854126930236816,714531392.0,55.73188386454857
tai50b,0,PGD,1500,2.9240431785583496,714531392.0,55.73188386454857
tai50b,0,SK,1,0.031479597091674805,738363264.0,60.92603259493604
tai50b,0,SK,20,0.5961546897888184,608507968.0,32.62411317994051
tai50b,0,SK,40,1.1906657218933105,574689664.0,25.253424851912516
tai50b,0,SK,60,1.7827646732330322,545319616.0,18.85223246842628
tai50b,0,SK,80,2.377267837524414,544670208.0,18.710694206610192
tai50b,0,SK,100,2.971384048461914,517123904.0,12.706986233167438
tai50b,0,SK,120,3.56368350982666,512246272.0,11.6439079294531
tai50b,0,SK,140,4.1579132080078125,508737664.0,10.87920796007481
tai50b,0,SK,160,4.752487659454346,505907328.0,10.262337151899526
tai50b,0,SK,180,5.3447792530059814,497843392.0,8.504804930497626
tai50b,0,SK,200,5.9356443881988525,499494624.0,8.864690406400449
tai50b,0,SK,220,6.529910326004028,497723776.0,8.478734662306607
tai50b,0,SK,240,7.120754241943359,498840768.0,8.722182704434935
tai50b,0,SK,260,7.715100288391113,496412960.0,8.193042742587854
tai50b,0,SK,280,8.307490587234497,495857600.0,8.072002211700982
tai50b,0,SK,300,8.902084589004517,495496768.0,7.993358994974946
tai50b,0,SK,320,9.496571779251099,494316096.0,7.736031917613838
tai50b,0,SK,340,10.088720083236694,494131264.0,7.695747843490958
tai50b,0,SK,360,10.683441400527954,493766976.0,7.616351392691986
tai50b,0,SK,380,11.274083852767944,493766976.0,7.616351392691986
tai50b,0,SK,400,11.868852138519287,492861344.0,7.4189691936352675
tai50b,0,SK,420,12.4594407081604,492861344.0,7.4189691936352675
tai50b,0,SK,440,13.050559997558594,492865984.0,7.419980480122078
tai50b,0,SK,460,13.64291501045227,492284096.0,7.293158180286476
tai50b,0,SK,480,14.2337646484375,492284096.0,7.293158180286476
tai50b,0,SK,500,14.828045129776001,491601472.0,7.144380502102739
tai50b,0,SK,520,15.422569990158081,491562048.0,7.135788054159631
tai50b,0,SK,540,16.01313591003418,491595328.0,7.14304141930641
tai50b,0,SK,560,16.60415530204773,491605312.0,7.145217428850444
tai50b,0,SK,580,17.19470500946045,505230016.0,10.11471722238345
tai50b,0,SK,600,17.78556180000305,505230016.0,10.11471722238345
tai50b,0,SK,620,18.376200675964355,505230016.0,10.11471722238345
tai50b,0,SK,640,18.967040538787842,513311360.0,11.87604351170828
tai50b,0,SK,660,19.557729959487915,513311360.0,11.87604351170828
tai50b,0,SK,680,20.148616313934326,513311360.0,11.87604351170828
tai50b,0,SK,700,20.739654541015625,492852992.0,7.417148877959008
tai50b,0,SK,720,21.330437660217285,511334976.0,11.445291263443515
tai50b,0,SK,740,21.921433925628662,511335264.0,11.445354032949592
tai50b,0,SK,760,22.512288808822632,511335264.0,11.445354032949592
tai50b,0,SK,780,23.103231191635132,502147136.0,9.442804531767415
tai50b,0,SK,800,23.694154739379883,502147136.0,9.442804531767415
tai50b,0,SK,820,24.284892559051514,502147136.0,9.442804531767415
tai50b,0,SK,840,24.875720262527466,502147136.0,9.442804531767415
tai50b,0,SK,860,25.46634793281555,502147136.0,9.442804531767415
tai50b,0,SK,880,26.057241916656494,502147136.0,9.442804531767415
tai50b,0,SK,900,26.649688005447388,491404448.0,7.101439185555894
tai50b,0,SK,920,27.240549564361572,498225376.0,8.588058218725605
tai50b,0,SK,940,27.831154108047485,498225376.0,8.588058218725605
tai50b,0,SK,960,28.42207670211792,498225376.0,8.588058218725605
tai50b,0,SK,980,29.012707233428955,498225376.0,8.588058218725605
tai50b,0,SK,1000,29.603578805923462,498225376.0,8.588058218725605
tai50b,0,SK,1020,30.194167137145996,500348736.0,9.050843838258789
tai50b,0,SK,1040,30.785052061080933,500348736.0,9.050843838258789
tai50b,0,SK,1060,31.375821113586426,500348736.0,9.050843838258789
tai50b,0,SK,1080,31.96662473678589,500348736.0,9.050843838258789
tai50b,0,SK,1100,32.557453870773315,500348736.0,9.050843838258789
tai50b,0,SK,1120,33.14828181266785,500348736.0,9.050843838258789
tai50b,0,SK,1140,33.73925566673279,500348736.0,9.050843838258789
tai50b,0,SK,1160,34.33010935783386,500348736.0,9.050843838258789
tai50b,0,SK,1180,34.921136140823364,500559424.0,9.096763219149551
tai50b,0,SK,1200,35.5119571685791,500559424.0,9.096763219149551
tai50b,0,SK,1220,36.10297346115112,500173024.0,9.01254746516171
tai50b,0,SK,1240,36.69384527206421,500559424.0,9.096763219149551
tai50b,0,SK,1260,37.2848596572876,500559424.0,9.096763219149551
tai50b,0,SK,1280,37.875727891922,500559424.0,9.096763219149551
tai50b,0,SK,1300,38.466766119003296,500559424.0,9.096763219149551
tai50b,0,SK,1320,39.057745933532715,500559424.0,9.096763219149551
tai50b,0,SK,1340,39.64854645729065,500559424.0,9.096763219149551
tai50b,0,SK,1360,40.24008059501648,500559424.0,9.096763219149551
tai50b,0,SK,1380,40.830808877944946,500559424.0,9.096763219149551
tai50b,0,SK,1400,41.42202281951904,500559424.0,9.096763219149551
tai50b,0,SK,1420,42.01259970664978,500559424.0,9.096763219149551
tai50b,0,SK,1440,42.60371446609497,500559424.0,9.096763219149551
tai50b,0,SK,1460,43.19426774978638,500559424.0,9.096763219149551
tai50b,0,SK,1480,43.785536766052246,500559424.0,9.096763219149551
tai50b,0,SK,1500,44.37618565559387,500559424.0,9.096763219149551
tai50b,1,PGD,1,0.0033893585205078125,786045184.0,71.31829150898344
tai50b,1,PGD,20,0.04371476173400879,722898816.0,57.55556119657744
tai50b,1,PGD,40,0.08323407173156738,721935104.0,57.34552048046169
tai50b,1,PGD,60,0.12273073196411133,721173760.0,57.17958580395
tai50b,1,PGD,80,0.16359257698059082,719644416.0,56.846265777897244
tai50b,1,PGD,100,0.20231246948242188,722133312.0,57.38871984942241
tai50b,1,PGD,120,0.2428150177001953,703438016.0,53.31408618310287
tai50b,1,PGD,140,0.2814974784851074,715405824.0,55.922466033780196
tai50b,1,PGD,160,0.3202393054962158,714953216.0,55.823820267783994
tai50b,1,PGD,180,0.3589510917663574,714531392.0,55.73188386454857
tai50b,1,PGD,200,0.39764881134033203,714531392.0,55.73188386454857
tai50b,1,PGD,220,0.43639492988586426,714531392.0,55.73188386454857
tai50b,1,PGD,240,0.4751253128051758,714531392.0,55.73188386454857
tai50b,1,PGD,260,0.5138554573059082,714531392.0,55.73188386454857
tai50b,1,PGD,280,0.5525743961334229,714531392.0,55.73188386454857
tai50b,1,PGD,300,0.591292142868042,714531392.0,55.73188386454857
tai50b,1,PGD,320,0.6299819946289062,714531392.0,55.73188386454857
tai50b,1,PGD,340,0.6686885356903076,714531392.0,55.73188386454857
tai50b,1,PGD,360,0.7073473930358887,714531392.0,55.73188386454857
tai50b,1,PGD,380,0.7460873126983643,714531392.0,55.73188386454857
tai50b,1,PGD,400,0.7848303318023682,714531392.0,55.73188386454857
tai50b,1,PGD,420,0.8235325813293457,714531392.0,55.73188386454857
tai50b,1,PGD,440,0.8622212409973145,714531392.0,55.73188386454857
tai50b,1,PGD,460,0.9009799957275391,714531392.0,55.73188386454857
tai50b,1,PGD,480,0.939723014831543,714531392.0,55.73188386454857
tai50b,1,PGD,500,0.9784436225891113,714531392.0,55.73188386454857
tai50b,1,PGD,520,1.0172104835510254,714531392.0,55.73188386454857
tai50b,1,PGD,540,1.0559449195861816,714531392.0,55.73188386454857
tai50b,1,PGD,560,1.0946922302246094,714531392.0,55.73188386454857
tai50b,1,PGD,580,1.1334779262542725,714531392.0,55.73188386454857
tai50b,1,PGD,600,1.1722526550292969,714531392.0,55.73188386454857
tai50b,1,PGD,620,1.2109990119934082,714531392.0,55.73188386454857
tai50b,1,PGD,640,1.2497494220733643,714531392.0,55.73188386454857
tai50b,1,PGD,660,1.2884876728057861,714531392.0,55.73188386454857
tai50b,1,PGD,680,1.3272113800048828,714531392.0,55.73188386454857
tai50b,1,PGD,700,1.3659512996673584,714531392.0,55.73188386454857
tai50b,1,PGD,720,1.4046568870544434,714531392.0,55.73188386454857
tai50b,1,PGD,740,1.4433770179748535,714531392.0,55.73188386454857
tai50b,1,PGD,760,1.482111930847168,714531392.0,55.73188386454857
tai50b,1,PGD,780,1.5207464694976807,714531392.0,55.73188386454857
tai50b,1,PGD,800,1.5593891143798828,714531392.0,55.73188386454857
tai50b,1,PGD,820,1.598046064376831,714531392.0,55.73188386454857
tai50b,1,PGD,840,1.6366889476776123,714531392.0,55.73188386454857
tai50b,1,PGD,860,1.6753787994384766,714531392.0,55.73188386454857
tai50b,1,PGD,880,1.7140789031982422,714531392.0,55.73188386454857
tai50b,1,PGD,900,1.7528131008148193,714531392.0,55.73188386454857
tai50b,1,PGD,920,1.7915358543395996,714531392.0,55.73188386454857
tai50b,1,PGD,940,1.8302509784698486,714531392.0,55.73188386454857
tai50b,1,PGD,960,1.8690216541290283,714531392.0,55.73188386454857
tai50b,1,PGD,980,1.907763957977295,714531392.0,55.73188386454857
tai50b,1,PGD,1000,1.9464807510375977,714531392.0,55.73188386454857
tai50b,1,PGD,1020,1.9852254390716553,714531392.0,55.73188386454857
tai50b,1,PGD,1040,2.0239408016204834,714531392.0,55.73188386454857
tai50b,1,PGD,1060,2.0626678466796875,714531392.0,55.73188386454857
tai50b,1,PGD,1080,2.1013920307159424,714531392.0,55.73188386454857
tai50b,1,PGD,1100,2.1401150226593018,714531392.0,55.73188386454857
tai50b,1,PGD,1120,2.178820848464966,714531392.0,55.73188386454857
tai50b,1,PGD,1140,2.2175679206848145,714531392.0,55.73188386454857
tai50b,1,PGD,1160,2.256305456161499,714531392.0,55.73188386454857
tai50b,1,PGD,1180,2.2950332164764404,714531392.0,55.73188386454857
tai50b,1,PGD,1200,2.333779811859131,714531392.0,55.73188386454857
tai50b,1,PGD,1220,2.372504234313965,714531392.0,55.73188386454857
tai50b,1,PGD,1240,2.4112606048583984,714531392.0,55.73188386454857
tai50b,1,PGD,1260,2.450014352798462,714531392.0,55.73188386454857
tai50b,1,PGD,1280,2.488722801208496,714531392.0,55.73188386454857
tai50b,1,PGD,1300,2.5274572372436523,714531392.0,55.73188386454857
tai50b,1,PGD,1320,2.5661814212799072,714531392.0,55.73188386454857
tai50b,1,PGD,1340,2.6048882007598877,714531392.0,55.73188386454857
tai50b,1,PGD,1360,2.6435811519622803,714531392.0,55.73188386454857
tai50b,1,PGD,1380,2.6822333335876465,714531392.0,55.73188386454857
tai50b,1,PGD,1400,2.7208728790283203,714531392.0,55.73188386454857
tai50b,1,PGD,1420,2.7595224380493164,714531392.0,55.73188386454857
tai50b,1,PGD,1440,2.7982261180877686,714531392.0,55.73188386454857
tai50b,1,PGD,1460,2.8369832038879395,714531392.0,55.73188386454857
tai50b,1,PGD,1480,2.875714063644409,714531392.0,55.73188386454857
tai50b,1,PGD,1500,2.9144351482391357,714531392.0,55.73188386454857
tai50b,1,SK,1,0.03191018104553223,738363264.0,60.92603259493604
tai50b,1,SK,20,0.5966391563415527,608507968.0,32.62411317994051
tai50b,1,SK,40,1.188100814819336,574689664.0,25.253424851912516
tai50b,1,SK,60,1.7794616222381592,545319616.0,18.85223246842628
tai50b,1,SK,80,2.371121644973755,544670208.0,18.710694206610192
tai50b,1,SK,100,2.962531566619873,517123904.0,12.706986233167438
tai50b,1,SK,120,3.5542361736297607,512246272.0,11.6439079294531
tai50b,1,SK,140,4.145655632019043,508737664.0,10.87920796007481
tai50b,1,SK,160,4.737297058105469,505907328.0,10.262337151899526
tai50b,1,SK,180,5.328770160675049,497843392.0,8.504804930497626
tai50b,1,SK,200,5.919624328613281,499494624.0,8.864690406400449
tai50b,1,SK,220,6.511123418807983,497723776.0,8.478734662306607
tai50b,1,SK,240,7.102242469787598,498840768.0,8.722182704434935
tai50b,1,SK,260,7.693875551223755,496412960.0,8.193042742587854
tai50b,1,SK,280,8.285976648330688,495857600.0,8.072002211700982
tai50b,1,SK,300,8.877453804016113,495496768.0,7.993358994974946
tai50b,1,SK,320,9.469610691070557,494316096.0,7.736031917613838
tai50b,1,SK,340,10.06116795539856,494131264.0,7.695747843490958
tai50b,1,SK,360,10.653339385986328,493766976.0,7.616351392691986
tai50b,1,SK,380,11.243899822235107,493766976.0,7.616351392691986
tai50b,1,SK,400,11.836097717285156,492861344.0,7.4189691936352675
tai50b,1,SK,420,12.42660927772522,492861344.0,7.4189691936352675
tai50b,1,SK,440,13.017882823944092,492865984.0,7.419980480122078
tai50b,1,SK,460,13.609400749206543,492284096.0,7.293158180286476
tai50b,1,SK,480,14.20064902305603,492284096.0,7.293158180286476
tai50b,1,SK,500,14.792129278182983,491601472.0,7.144380502102739
tai50b,1,SK,520,15.38387131690979,491562048.0,7.135788054159631
tai50b,1,SK,540,15.974942445755005,491595328.0,7.14304141930641
tai50b,1,SK,560,16.565877437591553,491605312.0,7.145217428850444
tai50b,1,SK,580,17.156919956207275,505230016.0,10.11471722238345
tai50b,1,SK,600,17.74768614768982,505230016.0,10.11471722238345
tai50b,1,SK,620,18.33870577812195,505230016.0,10.11471722238345
tai50b,1,SK,640,18.929586172103882,513311360.0,11.87604351170828
tai50b,1,SK,660,19.520649433135986,513311360.0,11.87604351170828
tai50b,1,SK,680,20.1114981174469,513311360.0,11.87604351170828
tai50b,1,SK,700,20.702587842941284,492852992.0,7.417148877959008
tai50b,1,SK,720,21.293355226516724,511334976.0,11.445291263443515
tai50b,1,SK,740,21.884479761123657,511335264.0,11.445354032949592
tai50b,1,SK,760,22.475297212600708,511335264.0,11.445354032949592
tai50b,1,SK,780,23.066328048706055,502147136.0,9.442804531767415
tai50b,1,SK,800,23.65717577934265,502147136.0,9.442804531767415
tai50b,1,SK,820,24.24808359146118,502147136.0,9.442804531767415
tai50b,1,SK,840,24.838903427124023,502147136.0,9.442804531767415
tai50b,1,SK,860,25.42991614341736,502147136.0,9.442804531767415
tai50b,1,SK,880,26.020873546600342,502147136.0,9.442804531767415
tai50b,1,SK,900,26.612619876861572,491404448.0,7.101439185555894
tai50b,1,SK,920,27.20365619659424,498225376.0,8.588058218725605
tai50b,1,SK,940,27.794347763061523,498225376.0,8.588058218725605
tai50b,1,SK,960,28.385624170303345,498225376.0,8.588058218725605
tai50b,1,SK,980,28.97626781463623,498225376.0,8.588058218725605
tai50b,1,SK,1000,29.567570686340332,498225376.0,8.588058218725605
tai50b,1,SK,1020,30.15816378593445,500348736.0,9.050843838258789
tai50b,1,SK,1040,30.749462366104126,500348736.0,9.050843838258789
tai50b,1,SK,1060,31.340062379837036,500348736.0,9.050843838258789
tai50b,1,SK,1080,31.931291341781616,500348736.0,9.050843838258789
tai50b,1,SK,1100,32.52192497253418,500348736.0,9.050843838258789
tai50b,1,SK,1120,33.11315727233887,500348736.0,9.050843838258789
tai50b,1,SK,1140,33.7037456035614,500348736.0,9.050843838258789
tai50b,1,SK,1160,34.29508090019226,500348736.0,9.050843838258789
tai50b,1,SK,1180,34.885664224624634,500559424.0,9.096763219149551
tai50b,1,SK,1200,35.476914167404175,500559424.0,9.096763219149551
tai50b,1,SK,1220,36.06759524345398,500173024.0,9.01254746516171
tai50b,1,SK,1240,36.65881299972534,500559424.0,9.096763219149551
tai50b,1,SK,1260,37.24954175949097,500559424.0,9.096763219149551
tai50b,1,SK,1280,37.84061408042908,500559424.0,9.096763219149551
tai50b,1,SK,1300,38.431434869766235,500559424.0,9.096763219149551
tai50b,1,SK,1320,39.0223114490509,500559424.0,9.096763219149551
tai50b,1,SK,1340,39.61343860626221,500559424.0,9.096763219149551
tai50b,1,SK,1360,40.20424962043762,500559424.0,9.096763219149551
tai50b,1,SK,1380,40.79514980316162,500559424.0,9.096763219149551
tai50b,1,SK,1400,41.38597106933594,500559424.0,9.096763219149551
tai50b,1,SK,1420,41.977015018463135,500559424.0,9.096763219149551
tai50b,1,SK,1440,42.56778383255005,500559424.0,9.096763219149551
tai50b,1,SK,1460,43.15878510475159,500559424.0,9.096763219149551
tai50b,1,SK,1480,43.74968147277832,500559424.0,9.096763219149551
tai50b,1,SK,1500,44.3406183719635,500559424.0,9.096763219149551
tai50b,2,PGD,1,0.006081581115722656,786045184.0,71.31829150898344
tai50b,2,PGD,20,0.04630017280578613,722898816.0,57.55556119657744
tai50b,2,PGD,40,0.08874726295471191,721935104.0,57.34552048046169
tai50b,2,PGD,60,0.12883996963500977,721173760.0,57.17958580395
tai50b,2,PGD,80,0.17106032371520996,719644416.0,56.846265777897244
tai50b,2,PGD,100,0.2096850872039795,722133312.0,57.38871984942241
tai50b,2,PGD,120,0.2519845962524414,703438016.0,53.31408618310287
tai50b,2,PGD,140,0.29062724113464355,715405824.0,55.922466033780196
tai50b,2,PGD,160,0.3293342590332031,714953216.0,55.823820267783994
tai50b,2,PGD,180,0.368058443069458,714531392.0,55.73188386454857
tai50b,2,PGD,200,0.40679121017456055,714531392.0,55.73188386454857
tai50b,2,PGD,220,0.44555163383483887,714531392.0,55.73188386454857
tai50b,2,PGD,240,0.4842813014984131,714531392.0,55.73188386454857
tai50b,2,PGD,260,0.5230040550231934,714531392.0,55.73188386454857
tai50b,2,PGD,280,0.5617320537567139,714531392.0,55.73188386454857
tai50b,2,PGD,300,0.600398063659668,714531392.0,55.73188386454857
tai50b,2,PGD,320,0.6390421390533447,714531392.0,55.73188386454857
tai50b,2,PGD,340,0.6777303218841553,714531392.0,55.73188386454857
tai50b,2,PGD,360,0.7163887023925781,714531392.0,55.73188386454857
tai50b,2,PGD,380,0.7550435066223145,714531392.0,55.73188386454857
tai50b,2,PGD,400,0.7937228679656982,714531392.0,55.73188386454857
tai50b,2,PGD,420,0.8323590755462646,714531392.0,55.73188386454857
tai50b,2,PGD,440,0.8709921836853027,714531392.0,55.73188386454857
tai50b,2,PGD,460,0.909837007522583,714531392.0,55.73188386454857
tai50b,2,PGD,480,0.9486570358276367,714531392.0,55.73188386454857
tai50b,2,PGD,500,0.9874625205993652,714531392.0,55.73188386454857
tai50b,2,PGD,520,1.0262260437011719,714531392.0,55.73188386454857
tai50b,2,PGD,540,1.0649819374084473,714531392.0,55.73188386454857
tai50b,2,PGD,560,1.1037564277648926,714531392.0,55.73188386454857
tai50b,2,PGD,580,1.1425700187683105,714531392.0,55.73188386454857
tai50b,2,PGD,600,1.1813433170318604,714531392.0,55.73188386454857
tai50b,2,PGD,620,1.2200846672058105,714531392.0,55.73188386454857
tai50b,2,PGD,640,1.2588598728179932,714531392.0,55.73188386454857
tai50b,2,PGD,660,1.2976047992706299,714531392.0,55.73188386454857
tai50b,2,PGD,680,1.3363373279571533,714531392.0,55.73188386454857
tai50b,2,PGD,700,1.375107765197754,714531392.0,55.73188386454857
tai50b,2,PGD,720,1.4138388633728027,714531392.0,55.73188386454857
tai50b,2,PGD,740,1.4525527954101562,714531392.0,55.73188386454857
tai50b,2,PGD,760,1.4912889003753662,714531392.0,55.73188386454857
tai50b,2,PGD,780,1.529982566833496,714531392.0,55.73188386454857
tai50b,2,PGD,800,1.568718433380127,714531392.0,55.73188386454857
tai50b,2,PGD,820,1.6074819564819336,714531392.0,55.73188386454857
tai50b,2,PGD,840,1.6461443901062012,714531392.0,55.73188386454857
tai50b,2,PGD,860,1.684823751449585,714531392.0,55.73188386454857
tai50b,2,PGD,880,1.7234787940979004,714531392.0,55.73188386454857
tai50b,2,PGD,900,1.7621381282806396,714531392.0,55.73188386454857
tai50b,2,PGD,920,1.8008677959442139,714531392.0,55.73188386454857
tai50b,2,PGD,940,1.8395698070526123,714531392.0,55.73188386454857
tai50b,2,PGD,960,1.8783376216888428,714531392.0,55.73188386454857
tai50b,2,PGD,980,1.9170622825622559,714531392.0,55.73188386454857
tai50b,2,PGD,1000,1.9558019638061523,714531392.0,55.73188386454857
tai50b,2,PGD,1020,1.9945464134216309,714531392.0,55.73188386454857
tai50b,2,PGD,1040,2.033255100250244,714531392.0,55.73188386454857
tai50b,2,PGD,1060,2.071976900100708,714531392.0,55.73188386454857
tai50b,2,PGD,1080,2.110729932785034,714531392.0,55.73188386454857
tai50b,2,PGD,1100,2.1494626998901367,714531392.0,55.73188386454857
tai50b,2,PGD,1120,2.188209056854248,714531392.0,55.73188386454857
tai50b,2,PGD,1140,2.2269837856292725,714531392.0,55.73188386454857
tai50b,2,PGD,1160,2.2657277584075928,714531392.0,55.73188386454857
tai50b,2,PGD,1180,2.3044590950012207,714531392.0,55.73188386454857
tai50b,2,PGD,1200,2.343219041824341,714531392.0,55.73188386454857
tai50b,2,PGD,1220,2.381925582885742,714531392.0,55.73188386454857
tai50b,2,PGD,1240,2.4206862449645996,714531392.0,55.73188386454857
tai50b,2,PGD,1260,2.4594521522521973,714531392.0,55.73188386454857
tai50b,2,PGD,1280,2.498167037963867,714531392.0,55.73188386454857
tai50b,2,PGD,1300,2.5369038581848145,714531392.0,55.73188386454857
tai50b,2,PGD,1320,2.5756473541259766,714531392.0,55.73188386454857
tai50b,2,PGD,1340,2.6143879890441895,714531392.0,55.73188386454857
tai50b,2,PGD,1360,2.653132915496826,714531392.0,55.73188386454857
tai50b,2,PGD,1380,2.6918869018554688,714531392.0,55.73188386454857
tai50b,2,PGD,1400,2.7306125164031982,714531392.0,55.73188386454857
tai50b,2,PGD,1420,2.76932692527771,714531392.0,55.73188386454857
tai50b,2,PGD,1440,2.808014392852783,714531392.0,55.73188386454857
tai50b,2,PGD,1460,2.8466455936431885,714531392.0,55.73188386454857
tai50b,2,PGD,1480,2.885286569595337,714531392.0,55.73188386454857
tai50b,2,PGD,1500,2.923954725265503,714531392.0,55.73188386454857
tai50b,2,SK,1,0.03422236442565918,738363264.0,60.92603259493604
tai50b,2,SK,20,0.5988631248474121,608507968.0,32.62411317994051
tai50b,2,SK,40,1.1935067176818848,574689664.0,25.253424851912516
tai50b,2,SK,60,1.7856669425964355,545319616.0,18.85223246842628
tai50b,2,SK,80,2.380066156387329,544670208.0,18.710694206610192
tai50b,2,SK,100,2.9743127822875977,517123904.0,12.706986233167438
tai50b,2,SK,120,3.5665369033813477,512246272.0,11.6439079294531
tai50b,2,SK,140,4.160704612731934,508737664.0,10.87920796007481
tai50b,2,SK,160,4.755194187164307,505907328.0,10.262337151899526
tai50b,2,SK,180,5.34722113609314,497843392.0,8.504804930497626
tai50b,2,SK,200,5.938293218612671,499494624.0,8.864690406400449
tai50b,2,SK,220,6.532593011856079,497723776.0,8.478734662306607
tai50b,2,SK,240,7.123409748077393,498840768.0,8.722182704434935
tai50b,2,SK,260,7.717742681503296,496412960.0,8.193042742587854
tai50b,2,SK,280,8.31014895439148,495857600.0,8.072002211700982
tai50b,2,SK,300,8.904685497283936,495496768.0,7.993358994974946
tai50b,2,SK,320,9.499212980270386,494316096.0,7.736031917613838
tai50b,2,SK,340,10.09168553352356,494131264.0,7.695747843490958
tai50b,2,SK,360,10.686107158660889,493766976.0,7.616351392691986
tai50b,2,SK,380,11.276851892471313,493766976.0,7.616351392691986
tai50b,2,SK,400,11.871459245681763,492861344.0,7.4189691936352675
tai50b,2,SK,420,12.462053537368774,492861344.0,7.4189691936352675
tai50b,2,SK,440,13.053120136260986,492865984.0,7.419980480122078
tai50b,2,SK,460,13.645322322845459,492284096.0,7.293158180286476
tai50b,2,SK,480,14.236382246017456,492284096.0,7.293158180286476
tai50b,2,SK,500,14.830748319625854,491601472.0,7.144380502102739
tai50b,2,SK,520,15.42543625831604,491562048.0,7.135788054159631
tai50b,2,SK,540,16.015990734100342,491595328.0,7.14304141930641
tai50b,2,SK,560,16.60727572441101,491605312.0,7.145217428850444
tai50b,2,SK,580,17.197845935821533,505230016.0,10.11471722238345
tai50b,2,SK,600,17.789085149765015,505230016.0,10.11471722238345
tai50b,2,SK,620,18.379687786102295,505230016.0,10.11471722238345
tai50b,2,SK,640,18.97093963623047,513311360.0,11.87604351170828
tai50b,2,SK,660,19.561530828475952,513311360.0,11.87604351170828
tai50b,2,SK,680,20.15283489227295,513311360.0,11.87604351170828
tai50b,2,SK,700,20.743449926376343,492852992.0,7.417148877959008
tai50b,2,SK,720,21.334835052490234,511334976.0,11.445291263443515
tai50b,2,SK,740,21.925429582595825,511335264.0,11.445354032949592
tai50b,2,SK,760,22.516573190689087,511335264.0,11.445354032949592
tai50b,2,SK,780,23.10714364051819,502147136.0,9.442804531767415
tai50b,2,SK,800,23.6983699798584,502147136.0,9.442804531767415
tai50b,2,SK,820,24.289079666137695,502147136.0,9.442804531767415
tai50b,2,SK,840,24.88018536567688,502147136.0,9.442804531767415
tai50b,2,SK,860,25.47095561027527,502147136.0,9.442804531767415
tai50b,2,SK,880,26.06179642677307,502147136.0,9.442804531767415
tai50b,2,SK,900,26.65418314933777,491404448.0,7.101439185555894
tai50b,2,SK,920,27.245080709457397,498225376.0,8.588058218725605
tai50b,2,SK,940,27.83570909500122,498225376.0,8.588058218725605
tai50b,2,SK,960,28.42653775215149,498225376.0,8.588058218725605
tai50b,2,SK,980,29.01717782020569,498225376.0,8.588058218725605
tai50b,2,SK,1000,29.60826086997986,498225376.0,8.588058218725605
tai50b,2,SK,1020,30.198874950408936,500348736.0,9.050843838258789
tai50b,2,SK,1040,30.79016876220703,500348736.0,9.050843838258789
tai50b,2,SK,1060,31.380759954452515,500348736.0,9.050843838258789
tai50b,2,SK,1080,31.97202467918396,500348736.0,9.050843838258789
tai50b,2,SK,1100,32.56261372566223,500348736.0,9.050843838258789
tai50b,2,SK,1120,33.15380072593689,500348736.0,9.050843838258789
tai50b,2,SK,1140,33.74440002441406,500348736.0,9.050843838258789
tai50b,2,SK,1160,34.33563446998596,500348736.0,9.050843838258789
tai50b,2,SK,1180,34.92618417739868,500559424.0,9.096763219149551
tai50b,2,SK,1200,35.517418384552,500559424.0,9.096763219149551
tai50b,2,SK,1220,36.10798978805542,500173024.0,9.01254746516171
tai50b,2,SK,1240,36.69919013977051,500559424.0,9.096763219149551
tai50b,2,SK,1260,37.289896726608276,500559424.0,9.096763219149551
tai50b,2,SK,1280,37.88110375404358,500559424.0,9.096763219149551
tai50b,2,SK,1300,38.47190833091736,500559424.0,9.096763219149551
tai50b,2,SK,1320,39.063005685806274,500559424.0,9.096763219149551
tai50b,2,SK,1340,39.6563675403595,500559424.0,9.096763219149551
tai50b,2,SK,1360,40.247302532196045,500559424.0,9.096763219149551
tai50b,2,SK,1380,40.83833932876587,500559424.0,9.096763219149551
tai50b,2,SK,1400,41.42914938926697,500559424.0,9.096763219149551
tai50b,2,SK,1420,42.01996874809265,500559424.0,9.096763219149551
tai50b,2,SK,1440,42.6108238697052,500559424.0,9.096763219149551
tai50b,2,SK,1460,43.20174431800842,500559424.0,9.096763219149551
tai50b,2,SK,1480,43.79266142845154,500559424.0,9.096763219149551
tai50b,2,SK,1500,44.3835654258728,500559424.0,9.096763219149551
tai50b,3,PGD,1,0.003373384475708008,786045184.0,71.31829150898344
tai50b,3,PGD,20,0.043710947036743164,722898816.0,57.55556119657744
tai50b,3,PGD,40,0.08620452880859375,721935104.0,57.34552048046169
tai50b,3,PGD,60,0.12642359733581543,721173760.0,57.17958580395
tai50b,3,PGD,80,0.16869759559631348,719644416.0,56.846265777897244
tai50b,3,PGD,100,0.20731496810913086,722133312.0,57.38871984942241
tai50b,3,PGD,120,0.24967312812805176,703438016.0,53.31408618310287
tai50b,3,PGD,140,0.288318395614624,715405824.0,55.922466033780196
tai50b,3,PGD,160,0.32694578170776367,714953216.0,55.823820267783994
tai50b,3,PGD,180,0.36570310592651367,714531392.0,55.73188386454857
tai50b,3,PGD,200,0.4044489860534668,714531392.0,55.73188386454857
tai50b,3,PGD,220,0.4431924819946289,714531392.0,55.73188386454857
tai50b,3,PGD,240,0.4819624423980713,714531392.0,55.73188386454857
tai50b,3,PGD,260,0.5207419395446777,714531392.0,55.73188386454857
tai50b,3,PGD,280,0.5594913959503174,714531392.0,55.73188386454857
tai50b,3,PGD,300,0.5982730388641357,714531392.0,55.73188386454857
tai50b,3,PGD,320,0.6369915008544922,714531392.0,55.73188386454857
tai50b,3,PGD,340,0.6756792068481445,714531392.0,55.73188386454857
tai50b,3,PGD,360,0.7143580913543701,714531392.0,55.73188386454857
tai50b,3,PGD,380,0.7531163692474365,714531392.0,55.73188386454857
tai50b,3,PGD,400,0.7918493747711182,714531392.0,55.73188386454857
tai50b,3,PGD,420,0.8306026458740234,714531392.0,55.73188386454857
tai50b,3,PGD,440,0.8693397045135498,714531392.0,55.73188386454857
tai50b,3,PGD,460,0.9081153869628906,714531392.0,55.73188386454857
tai50b,3,PGD,480,0.9469058513641357,714531392.0,55.73188386454857
tai50b,3,PGD,500,0.985651969909668,714531392.0,55.73188386454857
tai50b,3,PGD,520,1.0244178771972656,714531392.0,55.73188386454857
tai50b,3,PGD,540,1.0631911754608154,714531392.0,55.73188386454857
tai50b,3,PGD,560,1.1019575595855713,714531392.0,55.73188386454857
tai50b,3,PGD,580,1.1407411098480225,714531392.0,55.73188386454857
tai50b,3,PGD,600,1.1795094013214111,714531392.0,55.73188386454857
tai50b,3,PGD,620,1.218275785446167,714531392.0,55.73188386454857
tai50b,3,PGD,640,1.2570006847381592,714531392.0,55.73188386454857
tai50b,3,PGD,660,1.2957370281219482,714531392.0,55.73188386454857
tai50b,3,PGD,680,1.3344955444335938,714531392.0,55.73188386454857
tai50b,3,PGD,700,1.3732202053070068,714531392.0,55.73188386454857
tai50b,3,PGD,720,1.4119601249694824,714531392.0,55.73188386454857
tai50b,3,PGD,740,1.4506545066833496,714531392.0,55.73188386454857
tai50b,3,PGD,760,1.4893181324005127,714531392.0,55.73188386454857
tai50b,3,PGD,780,1.5279669761657715,714531392.0,55.73188386454857
tai50b,3,PGD,800,1.5666778087615967,714531392.0,55.73188386454857
tai50b,3,PGD,820,1.6053900718688965,714531392.0,55.73188386454857
tai50b,3,PGD,840,1.6440465450286865,714531392.0,55.73188386454857
tai50b,3,PGD,860,1.6828124523162842,714531392.0,55.73188386454857
tai50b,3,PGD,880,1.721545934677124,714531392.0,55.73188386454857
tai50b,3,PGD,900,1.7603020668029785,714531392.0,55.73188386454857
tai50b,3,PGD,920,1.7990548610687256,714531392.0,55.73188386454857
tai50b,3,PGD,940,1.837822437286377,714531392.0,55.73188386454857
tai50b,3,PGD,960,1.8765621185302734,714531392.0,55.73188386454857
tai50b,3,PGD,980,1.9153156280517578,714531392.0,55.73188386454857
tai50b,3,PGD,1000,1.9540736675262451,714531392.0,55.73188386454857
tai50b,3,PGD,1020,1.992842674255371,714531392.0,55.73188386454857
tai50b,3,PGD,1040,2.031620740890503,714531392.0,55.73188386454857
tai50b,3,PGD,1060,2.070380926132202,714531392.0,55.73188386454857
tai50b,3,PGD,1080,2.109126091003418,714531392.0,55.73188386454857
tai50b,3,PGD,1100,2.147887945175171,714531392.0,55.73188386454857
tai50b,3,PGD,1120,2.186650276184082,714531392.0,55.73188386454857
tai50b,3,PGD,1140,2.225419044494629,714531392.0,55.73188386454857
tai50b,3,PGD,1160,2.26416015625,714531392.0,55.73188386454857
tai50b,3,PGD,1180,2.302906036376953,714531392.0,55.73188386454857
tai50b,3,PGD,1200,2.3416364192962646,714531392.0,55.73188386454857
tai50b,3,PGD,1220,2.3803820610046387,714531392.0,55.73188386454857
tai50b,3,PGD,1240,2.4191501140594482,714531392.0,55.73188386454857
tai50b,3,PGD,1260,2.4578773975372314,714531392.0,55.73188386454857
tai50b,3,PGD,1280,2.496636152267456,714531392.0,55.73188386454857
tai50b,3,PGD,1300,2.535395860671997,714531392.0,55.73188386454857
tai50b,3,PGD,1320,2.5740771293640137,714531392.0,55.73188386454857
tai50b,3,PGD,1340,2.6127331256866455,714531392.0,55.73188386454857
tai50b,3,PGD,1360,2.651400089263916,714531392.0,55.73188386454857
tai50b,3,PGD,1380,2.6900341510772705,714531392.0,55.73188386454857
tai50b,3,PGD,1400,2.728685140609741,714531392.0,55.73188386454857
tai50b,3,PGD,1420,2.767366647720337,714531392.0,55.73188386454857
tai50b,3,PGD,1440,2.8061070442199707,714531392.0,55.73188386454857
tai50b,3,PGD,1460,2.8448662757873535,714531392.0,55.73188386454857
tai50b,3,PGD,1480,2.883653402328491,714531392.0,55.73188386454857
tai50b,3,PGD,1500,2.922417163848877,714531392.0,55.73188386454857
tai50b,3,SK,1,0.03431415557861328,738363264.0,60.92603259493604
tai50b,3,SK,20,0.5987138748168945,608507968.0,32.62411317994051
tai50b,3,SK,40,1.193288803100586,574689664.0,25.253424851912516
tai50b,3,SK,60,1.7853257656097412,545319616.0,18.85223246842628
tai50b,3,SK,80,2.379847526550293,544670208.0,18.710694206610192
tai50b,3,SK,100,2.9740498065948486,517123904.0,12.706986233167438
tai50b,3,SK,120,3.5662691593170166,512246272.0,11.6439079294531
tai50b,3,SK,140,4.1604485511779785,508737664.0,10.87920796007481
tai50b,3,SK,160,4.754969120025635,505907328.0,10.262337151899526
tai50b,3,SK,180,5.347039699554443,497843392.0,8.504804930497626
tai50b,3,SK,200,5.938107490539551,499494624.0,8.864690406400449
tai50b,3,SK,220,6.532298564910889,497723776.0,8.478734662306607
tai50b,3,SK,240,7.123157739639282,498840768.0,8.722182704434935
tai50b,3,SK,260,7.717910051345825,496412960.0,8.193042742587854
tai50b,3,SK,280,8.310226678848267,495857600.0,8.072002211700982
tai50b,3,SK,300,8.904865741729736,495496768.0,7.993358994974946
tai50b,3,SK,320,9.499361991882324,494316096.0,7.736031917613838
tai50b,3,SK,340,10.09137511253357,494131264.0,7.695747843490958
tai50b,3,SK,360,10.686205387115479,493766976.0,7.616351392691986
tai50b,3,SK,380,11.276787996292114,493766976.0,7.616351392691986
tai50b,3,SK,400,11.871776103973389,492861344.0,7.4189691936352675
tai50b,3,SK,420,12.462361335754395,492861344.0,7.4189691936352675
tai50b,3,SK,440,13.053708791732788,492865984.0,7.419980480122078
tai50b,3,SK,460,13.645952224731445,492284096.0,7.293158180286476
tai50b,3,SK,480,14.237223386764526,492284096.0,7.293158180286476
tai50b,3,SK,500,14.831489562988281,491601472.0,7.144380502102739
tai50b,3,SK,520,15.425975561141968,491562048.0,7.135788054159631
tai50b,3,SK,540,16.01681876182556,491595328.0,7.14304141930641
tai50b,3,SK,560,16.607602834701538,491605312.0,7.145217428850444
tai50b,3,SK,580,17.198686599731445,505230016.0,10.11471722238345
tai50b,3,SK,600,17.789539337158203,505230016.0,10.11471722238345
tai50b,3,SK,620,18.38067936897278,505230016.0,10.11471722238345
tai50b,3,SK,640,18.971752882003784,513311360.0,11.87604351170828
tai50b,3,SK,660,19.562464475631714,513311360.0,11.87604351170828
tai50b,3,SK,680,20.15382218360901,513311360.0,11.87604351170828
tai50b,3,SK,700,20.744497299194336,492852992.0,7.417148877959008
tai50b,3,SK,720,21.335787057876587,511334976.0,11.445291263443515
tai50b,3,SK,740,21.9264132976532,511335264.0,11.445354032949592
tai50b,3,SK,760,22.517688989639282,511335264.0,11.445354032949592
tai50b,3,SK,780,23.10831904411316,502147136.0,9.442804531767415
tai50b,3,SK,800,23.6996169090271,502147136.0,9.442804531767415
tai50b,3,SK,820,24.29028296470642,502147136.0,9.442804531767415
tai50b,3,SK,840,24.88166308403015,502147136.0,9.442804531767415
tai50b,3,SK,860,25.472269535064697,502147136.0,9.442804531767415
tai50b,3,SK,880,26.063554763793945,502147136.0,9.442804531767415
tai50b,3,SK,900,26.655869245529175,491404448.0,7.101439185555894
tai50b,3,SK,920,27.247138261795044,498225376.0,8.588058218725605
tai50b,3,SK,940,27.837749481201172,498225376.0,8.588058218725605
tai50b,3,SK,960,28.429054737091064,498225376.0,8.588058218725605
tai50b,3,SK,980,29.019709825515747,498225376.0,8.588058218725605
tai50b,3,SK,1000,29.610992193222046,498225376.0,8.588058218725605
tai50b,3,SK,1020,30.201666831970215,500348736.0,9.050843838258789
tai50b,3,SK,1040,30.79290795326233,500348736.0,9.050843838258789
tai50b,3,SK,1060,31.383689403533936,500348736.0,9.050843838258789
tai50b,3,SK,1080,31.97498106956482,500348736.0,9.050843838258789
tai50b,3,SK,1100,32.56577730178833,500348736.0,9.050843838258789
tai50b,3,SK,1120,33.157023191452026,500348736.0,9.050843838258789
tai50b,3,SK,1140,33.74783515930176,500348736.0,9.050843838258789
tai50b,3,SK,1160,34.339120626449585,500348736.0,9.050843838258789
tai50b,3,SK,1180,34.92990207672119,500559424.0,9.096763219149551
tai50b,3,SK,1200,35.521137952804565,500559424.0,9.096763219149551
tai50b,3,SK,1220,36.112027168273926,500173024.0,9.01254746516171
tai50b,3,SK,1240,36.70292615890503,500559424.0,9.096763219149551
tai50b,3,SK,1260,37.29404854774475,500559424.0,9.096763219149551
tai50b,3,SK,1280,37.884971380233765,500559424.0,9.096763219149551
tai50b,3,SK,1300,38.47611951828003,500559424.0,9.096763219149551
tai50b,3,SK,1320,39.06696820259094,500559424.0,9.096763219149551
tai50b,3,SK,1340,39.65799927711487,500559424.0,9.096763219149551
tai50b,3,SK,1360,40.24887204170227,500559424.0,9.096763219149551
tai50b,3,SK,1380,40.83999824523926,500559424.0,9.096763219149551
tai50b,3,SK,1400,41.43086385726929,500559424.0,9.096763219149551
tai50b,3,SK,1420,42.02188181877136,500559424.0,9.096763219149551
tai50b,3,SK,1440,42.613038301467896,500559424.0,9.096763219149551
tai50b,3,SK,1460,43.20390772819519,500559424.0,9.096763219149551
tai50b,3,SK,1480,43.795132637023926,500559424.0,9.096763219149551
tai50b,3,SK,1500,44.38595461845398,500559424.0,9.096763219149551
tai50b,4,PGD,1,0.003392934799194336,786045184.0,71.31829150898344
tai50b,4,PGD,20,0.04366660118103027,722898816.0,57.55556119657744
tai50b,4,PGD,40,0.08601808547973633,721935104.0,57.34552048046169
tai50b,4,PGD,60,0.1260995864868164,721173760.0,57.17958580395
tai50b,4,PGD,80,0.16831517219543457,719644416.0,56.846265777897244
tai50b,4,PGD,100,0.20694565773010254,722133312.0,57.38871984942241
tai50b,4,PGD,120,0.24927139282226562,703438016.0,53.31408618310287
tai50b,4,PGD,140,0.2879502773284912,715405824.0,55.922466033780196
tai50b,4,PGD,160,0.3266773223876953,714953216.0,55.823820267783994
tai50b,4,PGD,180,0.3654143810272217,714531392.0,55.73188386454857
tai50b,4,PGD,200,0.40418004989624023,714531392.0,55.73188386454857
tai50b,4,PGD,220,0.44293808937072754,714531392.0,55.73188386454857
tai50b,4,PGD,240,0.48167872428894043,714531392.0,55.73188386454857
tai50b,4,PGD,260,0.5204644203186035,714531392.0,55.73188386454857
tai50b,4,PGD,280,0.559215784072876,714531392.0,55.73188386454857
tai50b,4,PGD,300,0.5979592800140381,714531392.0,55.73188386454857
tai50b,4,PGD,320,0.6367068290710449,714531392.0,55.73188386454857
tai50b,4,PGD,340,0.675419807434082,714531392.0,55.73188386454857
tai50b,4,PGD,360,0.7141604423522949,714531392.0,55.73188386454857
tai50b,4,PGD,380,0.7529280185699463,714531392.0,55.73188386454857
tai50b,4,PGD,400,0.7916684150695801,714531392.0,55.73188386454857
tai50b,4,PGD,420,0.830394983291626,714531392.0,55.73188386454857
tai50b,4,PGD,440,0.8691554069519043,714531392.0,55.73188386454857
tai50b,4,PGD,460,0.9079201221466064,714531392.0,55.73188386454857
tai50b,4,PGD,480,0.9466948509216309,714531392.0,55.73188386454857
tai50b,4,PGD,500,0.9854660034179688,714531392.0,55.73188386454857
tai50b,4,PGD,520,1.0242209434509277,714531392.0,55.73188386454857
tai50b,4,PGD,540,1.0629947185516357,714531392.0,55.73188386454857
tai50b,4,PGD,560,1.1017496585845947,714531392.0,55.73188386454857
tai50b,4,PGD,580,1.140528917312622,714531392.0,55.73188386454857
tai50b,4,PGD,600,1.179323434829712,714531392.0,55.73188386454857
tai50b,4,PGD,620,1.2180964946746826,714531392.0,55.73188386454857
tai50b,4,PGD,640,1.256838321685791,714531392.0,55.73188386454857
tai50b,4,PGD,660,1.295588731765747,714531392.0,55.73188386454857
tai50b,4,PGD,680,1.3343355655670166,714531392.0,55.73188386454857
tai50b,4,PGD,700,1.3731069564819336,714531392.0,55.73188386454857
tai50b,4,PGD,720,1.411844253540039,714531392.0,55.73188386454857
tai50b,4,PGD,740,1.4506046772003174,714531392.0,55.73188386454857
tai50b,4,PGD,760,1.4893479347229004,714531392.0,55.73188386454857
tai50b,4,PGD,780,1.5280721187591553,714531392.0,55.73188386454857
tai50b,4,PGD,800,1.5668373107910156,714531392.0,55.73188386454857
tai50b,4,PGD,820,1.6056020259857178,714531392.0,55.73188386454857
tai50b,4,PGD,840,1.6443822383880615,714531392.0,55.73188386454857
tai50b,4,PGD,860,1.6831510066986084,714531392.0,55.73188386454857
tai50b,4,PGD,880,1.7218406200408936,714531392.0,55.73188386454857
tai50b,4,PGD,900,1.760511875152588,714531392.0,55.73188386454857
tai50b,4,PGD,920,1.799156904220581,714531392.0,55.73188386454857
tai50b,4,PGD,940,1.837848424911499,714531392.0,55.73188386454857
tai50b,4,PGD,960,1.876593828201294,714531392.0,55.73188386454857
tai50b,4,PGD,980,1.9153361320495605,714531392.0,55.73188386454857
tai50b,4,PGD,1000,1.9541213512420654,714531392.0,55.73188386454857
tai50b,4,PGD,1020,1.9928925037384033,714531392.0,55.73188386454857
tai50b,4,PGD,1040,2.0316615104675293,714531392.0,55.73188386454857
tai50b,4,PGD,1060,2.0704305171966553,714531392.0,55.73188386454857
tai50b,4,PGD,1080,2.1091806888580322,714531392.0,55.73188386454857
tai50b,4,PGD,1100,2.1479501724243164,714531392.0,55.73188386454857
tai50b,4,PGD,1120,2.1867477893829346,714531392.0,55.73188386454857
tai50b,4,PGD,1140,2.225524425506592,714531392.0,55.73188386454857
tai50b,4,PGD,1160,2.264293909072876,714531392.0,55.73188386454857
tai50b,4,PGD,1180,2.303088665008545,714531392.0,55.73188386454857
tai50b,4,PGD,1200,2.341827392578125,714531392.0,55.73188386454857
tai50b,4,PGD,1220,2.380577564239502,714531392.0,55.73188386454857
tai50b,4,PGD,1240,2.419355630874634,714531392.0,55.73188386454857
tai50b,4,PGD,1260,2.458094596862793,714531392.0,55.73188386454857
tai50b,4,PGD,1280,2.496861219406128,714531392.0,55.73188386454857
tai50b,4,PGD,1300,2.53560733795166,714531392.0,55.73188386454857
tai50b,4,PGD,1320,2.574343681335449,714531392.0,55.73188386454857
tai50b,4,PGD,1340,2.613067626953125,714531392.0,55.73188386454857
tai50b,4,PGD,1360,2.6518325805664062,714531392.0,55.73188386454857
tai50b,4,PGD,1380,2.690580129623413,714531392.0,55.73188386454857
tai50b,4,PGD,1400,2.7293262481689453,714531392.0,55.73188386454857
tai50b,4,PGD,1420,2.7680857181549072,714531392.0,55.73188386454857
tai50b,4,PGD,1440,2.8067662715911865,714531392.0,55.73188386454857
tai50b,4,PGD,1460,2.845407724380493,714531392.0,55.73188386454857
tai50b,4,PGD,1480,2.884162425994873,714531392.0,55.73188386454857
tai50b,4,PGD,1500,2.922945737838745,714531392.0,55.73188386454857
tai50b,4,SK,1,0.034119606018066406,738363264.0,60.92603259493604
tai50b,4,SK,20,0.5985085964202881,608507968.0,32.62411317994051
tai50b,4,SK,40,1.1931586265563965,574689664.0,25.253424851912516
tai50b,4,SK,60,1.7851667404174805,545319616.0,18.85223246842628
tai50b,4,SK,80,2.379660129547119,544670208.0,18.710694206610192
tai50b,4,SK,100,2.9737167358398438,517123904.0,12.706986233167438
tai50b,4,SK,120,3.5657153129577637,512246272.0,11.6439079294531
tai50b,4,SK,140,4.159845352172852,508737664.0,10.87920796007481
tai50b,4,SK,160,4.754165410995483,505907328.0,10.262337151899526
tai50b,4,SK,180,5.346124887466431,497843392.0,8.504804930497626
tai50b,4,SK,200,5.9373273849487305,499494624.0,8.864690406400449
tai50b,4,SK,220,6.531466245651245,497723776.0,8.478734662306607
tai50b,4,SK,240,7.122215509414673,498840768.0,8.722182704434935
tai50b,4,SK,260,7.716906547546387,496412960.0,8.193042742587854
tai50b,4,SK,280,8.309043645858765,495857600.0,8.072002211700982
tai50b,4,SK,300,8.903621912002563,495496768.0,7.993358994974946
tai50b,4,SK,320,9.49804139137268,494316096.0,7.736031917613838
tai50b,4,SK,340,10.09053373336792,494131264.0,7.695747843490958
tai50b,4,SK,360,10.684877634048462,493766976.0,7.616351392691986
tai50b,4,SK,380,11.275885820388794,493766976.0,7.616351392691986
tai50b,4,SK,400,11.870353698730469,492861344.0,7.4189691936352675
tai50b,4,SK,420,12.461360216140747,492861344.0,7.4189691936352675
tai50b,4,SK,440,13.052180051803589,492865984.0,7.419980480122078
tai50b,4,SK,460,13.644683361053467,492284096.0,7.293158180286476
tai50b,4,SK,480,14.235450506210327,492284096.0,7.293158180286476
tai50b,4,SK,500,14.83005952835083,491601472.0,7.144380502102739
tai50b,4,SK,520,15.424429655075073,491562048.0,7.135788054159631
tai50b,4,SK,540,16.015403270721436,491595328.0,7.14304141930641
tai50b,4,SK,560,16.606215953826904,491605312.0,7.145217428850444
tai50b,4,SK,580,17.19736075401306,505230016.0,10.11471722238345
tai50b,4,SK,600,17.78815746307373,505230016.0,10.11471722238345
tai50b,4,SK,620,18.379103660583496,505230016.0,10.11471722238345
tai50b,4,SK,640,18.969960689544678,513311360.0,11.87604351170828
tai50b,4,SK,660,19.560996294021606,513311360.0,11.87604351170828
tai50b,4,SK,680,20.151806116104126,513311360.0,11.87604351170828
tai50b,4,SK,700,20.7428982257843,492852992.0,7.417148877959008
tai50b,4,SK,720,21.33374547958374,511334976.0,11.445291263443515
tai50b,4,SK,740,21.92453122138977,511335264.0,11.445354032949592
tai50b,4,SK,760,22.515551328659058,511335264.0,11.445354032949592
tai50b,4,SK,780,23.106232166290283,502147136.0,9.442804531767415
tai50b,4,SK,800,23.697051286697388,502147136.0,9.442804531767415
tai50b,4,SK,820,24.28770160675049,502147136.0,9.442804531767415
tai50b,4,SK,840,24.878793001174927,502147136.0,9.442804531767415
tai50b,4,SK,860,25.469406127929688,502147136.0,9.442804531767415
tai50b,4,SK,880,26.06064772605896,502147136.0,9.442804531767415
tai50b,4,SK,900,26.653024435043335,491404448.0,7.101439185555894
tai50b,4,SK,920,27.244074821472168,498225376.0,8.588058218725605
tai50b,4,SK,940,27.834933280944824,498225376.0,8.588058218725605
tai50b,4,SK,960,28.425819158554077,498225376.0,8.588058218725605
tai50b,4,SK,980,29.01692008972168,498225376.0,8.588058218725605
tai50b,4,SK,1000,29.607794046401978,498225376.0,8.588058218725605
tai50b,4,SK,1020,30.198721170425415,500348736.0,9.050843838258789
tai50b,4,SK,1040,30.78974151611328,500348736.0,9.050843838258789
tai50b,4,SK,1060,31.38080096244812,500348736.0,9.050843838258789
tai50b,4,SK,1080,31.97159767150879,500348736.0,9.050843838258789
tai50b,4,SK,1100,32.562782764434814,500348736.0,9.050843838258789
tai50b,4,SK,1120,33.153605699539185,500348736.0,9.050843838258789
tai50b,4,SK,1140,33.7446985244751,500348736.0,9.050843838258789
tai50b,4,SK,1160,34.3355073928833,500348736.0,9.050843838258789
tai50b,4,SK,1180,34.92647385597229,500559424.0,9.096763219149551
tai50b,4,SK,1200,35.51739859580994,500559424.0,9.096763219149551
tai50b,4,SK,1220,36.10834789276123,500173024.0,9.01254746516171
tai50b,4,SK,1240,36.6994366645813,500559424.0,9.096763219149551
tai50b,4,SK,1260,37.29004669189453,500559424.0,9.096763219149551
tai50b,4,SK,1280,37.881340980529785,500559424.0,9.096763219149551
tai50b,4,SK,1300,38.47202754020691,500559424.0,9.096763219149551
tai50b,4,SK,1320,39.06333684921265,500559424.0,9.096763219149551
tai50b,4,SK,1340,39.65392065048218,500559424.0,9.096763219149551
tai50b,4,SK,1360,40.24524641036987,500559424.0,9.096763219149551
tai50b,4,SK,1380,40.835888147354126,500559424.0,9.096763219149551
tai50b,4,SK,1400,41.42724013328552,500559424.0,9.096763219149551
tai50b,4,SK,1420,42.01792883872986,500559424.0,9.096763219149551
tai50b,4,SK,1440,42.60925269126892,500559424.0,9.096763219149551
tai50b,4,SK,1460,43.200119733810425,500559424.0,9.096763219149551
tai50b,4,SK,1480,43.79131507873535,500559424.0,9.096763219149551
tai50b,4,SK,1500,44.3821587562561,500559424.0,9.096763219149551
tai60b,0,PGD,1,0.021747827529907227,993186496.0,63.295283381788835
tai60b,0,PGD,20,0.05469560623168945,821316608.0,35.03720478447743
tai60b,0,PGD,40,0.08650088310241699,832070912.0,36.805379368331124
tai60b,0,PGD,60,0.11823010444641113,827752000.0,36.09528316607567
tai60b,0,PGD,80,0.15004181861877441,858459456.0,41.144065796174786
tai60b,0,PGD,100,0.18450045585632324,813819072.0,33.80449343498164
tai60b,0,PGD,120,0.21622490882873535,830032960.0,36.47030841166914
tai60b,0,PGD,140,0.24799442291259766,882296064.0,45.06317431597147
tai60b,0,PGD,160,0.2796802520751953,867848128.0,42.6877092719905
tai60b,0,PGD,180,0.3114736080169678,818288192.0,34.53928616505438
tai60b,0,PGD,200,0.343275785446167,818322816.0,34.54497888833906
tai60b,0,PGD,220,0.3755927085876465,804777024.0,32.31784032757597
tai60b,0,PGD,240,0.40798401832580566,804727040.0,32.309622181762045
tai60b,0,PGD,260,0.43972349166870117,804727040.0,32.309622181762045
tai60b,0,PGD,280,0.47148609161376953,819479104.0,34.73509059182215
tai60b,0,PGD,300,0.5032553672790527,819479104.0,34.73509059182215
tai60b,0,PGD,320,0.5350222587585449,847032192.0,39.265246137758375
tai60b,0,PGD,340,0.5668573379516602,846952000.0,39.252061327636916
tai60b,0,PGD,360,0.5986065864562988,846952000.0,39.252061327636916
tai60b,0,PGD,380,0.6304261684417725,846952000.0,39.252061327636916
tai60b,0,PGD,400,0.6621856689453125,831865152.0,36.771549229033056
tai60b,0,PGD,420,0.6939115524291992,831865152.0,36.771549229033056
tai60b,0,PGD,440,0.7256889343261719,831865152.0,36.771549229033056
tai60b,0,PGD,460,0.7573952674865723,831865152.0,36.771549229033056
tai60b,0,PGD,480,0.7892119884490967,831865152.0,36.771549229033056
tai60b,0,PGD,500,0.8210227489471436,831865152.0,36.771549229033056
tai60b,0,PGD,520,0.8527717590332031,831865152.0,36.771549229033056
tai60b,0,PGD,540,0.8845884799957275,831865152.0,36.771549229033056
tai60b,0,PGD,560,0.9163303375244141,831865152.0,36.771549229033056
tai60b,0,PGD,580,0.948155403137207,831859776.0,36.770665331147825
tai60b,0,PGD,600,0.9798941612243652,819479104.0,34.73509059182215
tai60b,0,PGD,620,1.011674165725708,828670336.0,36.246271865543136
tai60b,0,PGD,640,1.0434961318969727,821555072.0,35.07641196924403
tai60b,0,PGD,660,1.075265884399414,824864320.0,35.62050373057685
tai60b,0,PGD,680,1.1070959568023682,824864320.0,35.62050373057685
tai60b,0,PGD,700,1.1388580799102783,821483584.0,35.06465823188915
tai60b,0,PGD,720,1.1707444190979004,816543680.0,34.252461301294915
tai60b,0,PGD,740,1.2025408744812012,805095168.0,32.370148141713045
tai60b,0,PGD,760,1.234262466430664,805095168.0,32.370148141713045
tai60b,0,PGD,780,1.2660679817199707,805095168.0,32.370148141713045
tai60b,0,PGD,800,1.2977721691131592,805095168.0,32.370148141713045
tai60b,0,PGD,820,1.3295824527740479,805095168.0,32.370148141713045
tai60b,0,PGD,840,1.3613331317901611,805095168.0,32.370148141713045
tai60b,0,PGD,860,1.3930861949920654,805095168.0,32.370148141713045
tai60b,0,PGD,880,1.4248578548431396,805095168.0,32.370148141713045
tai60b,0,PGD,900,1.4565801620483398,805095168.0,32.370148141713045
tai60b,0,PGD,920,1.4883673191070557,805095168.0,32.370148141713045
tai60b,0,PGD,940,1.5201013088226318,805095168.0,32.370148141713045
tai60b,0,PGD,960,1.5518665313720703,805095168.0,32.370148141713045
tai60b,0,PGD,980,1.5836732387542725,805095168.0,32.370148141713045
tai60b,0,PGD,1000,1.6154022216796875,805095168.0,32.370148141713045
tai60b,0,PGD,1020,1.647226095199585,805095168.0,32.370148141713045
tai60b,0,PGD,1040,1.6789402961730957,805095168.0,32.370148141713045
tai60b,0,PGD,1060,1.7107200622558594,805095168.0,32.370148141713045
tai60b,0,PGD,1080,1.7424867153167725,841110720.0,38.291664184951266
tai60b,0,PGD,1100,1.7741999626159668,841110720.0,38.291664184951266
tai60b,0,PGD,1120,1.8060126304626465,841110720.0,38.291664184951266
tai60b,0,PGD,1140,1.8377528190612793,841110720.0,38.291664184951266
tai60b,0,PGD,1160,1.869574785232544,841110720.0,38.291664184951266
tai60b,0,PGD,1180,1.9013371467590332,841110720.0,38.291664184951266
tai60b,0,PGD,1200,1.9330759048461914,841110720.0,38.291664184951266
tai60b,0,PGD,1220,1.964836597442627,841110720.0,38.291664184951266
tai60b,0,PGD,1240,1.9965496063232422,841110720.0,38.291664184951266
tai60b,0,PGD,1260,2.028341054916382,841110720.0,38.291664184951266
tai60b,0,PGD,1280,2.0600745677948,841110720.0,38.291664184951266
tai60b,0,PGD,1300,2.091890335083008,841110720.0,38.291664184951266
tai60b,0,PGD,1320,2.1237151622772217,841110720.0,38.291664184951266
tai60b,0,PGD,1340,2.1554765701293945,841110720.0,38.291664184951266
tai60b,0,PGD,1360,2.1872658729553223,841110720.0,38.291664184951266
tai60b,0,PGD,1380,2.2189691066741943,841110720.0,38.291664184951266
tai60b,0,PGD,1400,2.2507429122924805,841082816.0,38.287076334023126
tai60b,0,PGD,1420,2.282489776611328,841082816.0,38.287076334023126
tai60b,0,PGD,1440,2.314234972000122,841082816.0,38.287076334023126
tai60b,0,PGD,1460,2.3460302352905273,841082816.0,38.287076334023126
tai60b,0,PGD,1480,2.3777804374694824,841082816.0,38.287076334023126
tai60b,0,PGD,1500,2.40956449508667,841082816.0,38.287076334023126
tai60b,0,PGD,1520,2.4413199424743652,841082816.0,38.287076334023126
tai60b,0,PGD,1540,2.4730727672576904,841082816.0,38.287076334023126
tai60b,0,PGD,1560,2.5048773288726807,841082816.0,38.287076334023126
tai60b,0,PGD,1580,2.5366058349609375,841082816.0,38.287076334023126
tai60b,0,PGD,1600,2.5684092044830322,841082816.0,38.287076334023126
tai60b,0,PGD,1620,2.600179433822632,841082816.0,38.287076334023126
tai60b,0,PGD,1640,2.63199782371521,841082816.0,38.287076334023126
tai60b,0,PGD,1660,2.6638076305389404,841082816.0,38.287076334023126
tai60b,0,PGD,1680,2.695553779602051,841082816.0,38.287076334023126
tai60b,0,PGD,1700,2.72737455368042,841082816.0,38.287076334023126
tai60b,0,PGD,1720,2.7591757774353027,841082816.0,38.287076334023126
tai60b,0,PGD,1740,2.7909250259399414,841082816.0,38.287076334023126
tai60b,0,PGD,1760,2.822720527648926,841082816.0,38.287076334023126
tai60b,0,PGD,1780,2.8544869422912598,841082816.0,38.287076334023126
tai60b,0,PGD,1800,2.8863160610198975,841082816.0,38.287076334023126
tai60b,0,PGD,1820,2.918088436126709,841082816.0,38.287076334023126
tai60b,0,PGD,1840,2.949906349182129,841082816.0,38.287076334023126
tai60b,0,PGD,1860,2.9816701412200928,841082816.0,38.287076334023126
tai60b,0,PGD,1880,3.0134055614471436,841082816.0,38.287076334023126
tai60b,0,PGD,1900,3.0452041625976562,841082816.0,38.287076334023126
tai60b,0,PGD,1920,3.0769388675689697,841082816.0,38.287076334023126
tai60b,0,PGD,1940,3.1087746620178223,841082816.0,38.287076334023126
tai60b,0,PGD,1960,3.1405653953552246,841082816.0,38.287076334023126
tai60b,0,PGD,1980,3.1723315715789795,841082816.0,38.287076334023126
tai60b,0,PGD,2000,3.2041211128234863,841082816.0,38.287076334023126
tai60b,0,SK,1,0.03421616554260254,1015134592.0,66.90389120161436
tai60b,0,SK,20,0.4586026668548584,836475712.0,37.52959689156263
tai60b,0,SK,40,0.9031941890716553,806294976.0,32.56741520902901
tai60b,0,SK,60,1.348017930984497,774878080.0,27.401989625860196
tai60b,0,SK,80,1.7945568561553955,723803072.0,19.00446515419528
tai60b,0,SK,100,2.239258050918579,690034560.0,13.452397381798445
tai60b,0,SK,120,2.683651924133301,671005184.0,10.323672455499597
tai60b,0,SK,140,3.1283578872680664,662307904.0,8.893704561281709
tai60b,0,SK,160,3.5729808807373047,658506880.0,8.268757188637425
tai60b,0,SK,180,4.017706632614136,658047744.0,8.193268100200623
tai60b,0,SK,200,4.462587833404541,655567488.0,7.785475497290141
tai60b,0,SK,220,4.909084320068359,643151872.0,5.744155421710427
tai60b,0,SK,240,5.353988885879517,643062528.0,5.729465880665295
tai60b,0,SK,260,5.7984302043914795,640270144.0,5.270354587441698
tai60b,0,SK,280,6.243448257446289,639976320.0,5.222045358975938
tai60b,0,SK,300,6.687895774841309,637926528.0,4.885027722447659
tai60b,0,SK,320,7.132897853851318,637842944.0,4.871285214850996
tai60b,0,SK,340,7.5768139362335205,638539328.0,4.985781558770822
tai60b,0,SK,360,8.021284580230713,638326208.0,4.950741321177492
tai60b,0,SK,380,8.465239524841309,638028608.0,4.901811259673293
tai60b,0,SK,400,8.910094738006592,637563328.0,4.825312002224792
tai60b,0,SK,420,9.354620456695557,637016000.0,4.735322779432552
tai60b,0,SK,440,9.799518823623657,636671488.0,4.678679656620272
tai60b,0,SK,460,10.243509531021118,636671488.0,4.678679656620272
tai60b,0,SK,480,10.68774676322937,636671488.0,4.678679656620272
tai60b,0,SK,500,11.132386207580566,636612224.0,4.668935734694919
tai60b,0,SK,520,11.577215194702148,636464512.0,4.644649588038641
tai60b,0,SK,540,12.021246671676636,636464512.0,4.644649588038641
tai60b,0,SK,560,12.465481758117676,637161536.0,4.759251157897187
tai60b,0,SK,580,12.909584045410156,665659456.0,9.44475175716384
tai60b,0,SK,600,13.353702068328857,649437440.0,6.777600411054607
tai60b,0,SK,620,13.79784345626831,650823680.0,7.00551979431933
tai60b,0,SK,640,14.241977453231812,676851712.0,11.284932450882742
tai60b,0,SK,660,14.686010360717773,685847168.0,12.763925109949678
tai60b,0,SK,680,15.130104303359985,657293312.0,8.06922776363901
tai60b,0,SK,700,15.574206352233887,685938432.0,12.778930328810967
tai60b,0,SK,720,16.018341541290283,685938432.0,12.778930328810967
tai60b,0,SK,740,16.462462902069092,685952000.0,12.781161118711804
tai60b,0,SK,760,16.906514406204224,685952000.0,12.781161118711804
tai60b,0,SK,780,17.350626945495605,685952000.0,12.781161118711804
tai60b,0,SK,800,17.79480814933777,683951488.0,12.452245879464865
tai60b,0,SK,820,18.238811016082764,683951488.0,12.452245879464865
tai60b,0,SK,840,18.68287444114685,684195456.0,12.492358007304436
tai60b,0,SK,860,19.126866102218628,669157888.0,10.019948305981917
tai60b,0,SK,880,19.57113289833069,669157888.0,10.019948305981917
tai60b,0,SK,900,20.01507258415222,669157888.0,10.019948305981917
tai60b,0,SK,920,20.459444761276245,669157888.0,10.019948305981917
tai60b,0,SK,940,20.90322709083557,669443456.0,10.066900119838204
tai60b,0,SK,960,21.34766435623169,682341312.0,12.187507940242465
tai60b,0,SK,980,21.791415452957153,682341312.0,12.187507940242465
tai60b,0,SK,1000,22.23574995994568,682341312.0,12.187507940242465
tai60b,0,SK,1020,22.67949604988098,682315136.0,12.183204199348872
tai60b,0,SK,1040,23.124002695083618,682315136.0,12.183204199348872
tai60b,0,SK,1060,23.56781816482544,682315136.0,12.183204199348872
tai60b,0,SK,1080,24.012025117874146,682315136.0,12.183204199348872
tai60b,0,SK,1100,24.456092596054077,682315136.0,12.183204199348872
tai60b,0,SK,1120,24.90019679069519,682315136.0,12.183204199348872
tai60b,0,SK,1140,25.344215154647827,682315136.0,12.183204199348872
tai60b,0,SK,1160,25.788325548171997,682315136.0,12.183204199348872
tai60b,0,SK,1180,26.232391119003296,682315136.0,12.183204199348872
tai60b,0,SK,1200,26.67654776573181,682315136.0,12.183204199348872
tai60b,0,SK,1220,27.12058401107788,682315136.0,12.183204199348872
tai60b,0,SK,1240,27.564579010009766,682315136.0,12.183204199348872
tai60b,0,SK,1260,28.008768320083618,682315136.0,12.183204199348872
tai60b,0,SK,1280,28.452800035476685,682315136.0,12.183204199348872
tai60b,0,SK,1300,28.896982192993164,682315136.0,12.183204199348872
tai60b,0,SK,1320,29.340940952301025,682315136.0,12.183204199348872
tai60b,0,SK,1340,29.785096645355225,682315136.0,12.183204199348872
tai60b,0,SK,1360,30.229358434677124,682315136.0,12.183204199348872
tai60b,0,SK,1380,30.673256158828735,682315136.0,12.183204199348872
tai60b,0,SK,1400,31.11756205558777,682315136.0,12.183204199348872
tai60b,0,SK,1420,31.561380863189697,682315136.0,12.183204199348872
tai60b,0,SK,1440,32.005754232406616,682315136.0,12.183204199348872
tai60b,0,SK,1460,32.44955563545227,682315136.0,12.183204199348872
tai60b,0,SK,1480,32.89394450187683,682315136.0,12.183204199348872
tai60b,0,SK,1500,33.33768033981323,682315136.0,12.183204199348872
tai60b,0,SK,1520,33.782121896743774,682315136.0,12.183204199348872
tai60b,0,SK,1540,34.225839614868164,682315136.0,12.183204199348872
tai60b,0,SK,1560,34.67031669616699,682315136.0,12.183204199348872
tai60b,0,SK,1580,35.114004135131836,682315136.0,12.183204199348872
tai60b,0,SK,1600,35.558528423309326,682315136.0,12.183204199348872
tai60b,0,SK,1620,36.00234818458557,682315136.0,12.183204199348872
tai60b,0,SK,1640,36.44667148590088,682107840.0,12.149121517797882
tai60b,0,SK,1660,36.89067339897156,682107840.0,12.149121517797882
tai60b,0,SK,1680,37.33491277694702,682107840.0,12.149121517797882
tai60b,0,SK,1700,37.7789089679718,682107840.0,12.149121517797882
tai60b,0,SK,1720,38.22309398651123,681836736.0,12.104547810156637
tai60b,0,SK,1740,38.6671245098114,681836736.0,12.104547810156637
tai60b,0,SK,1760,39.111390352249146,681836736.0,12.104547810156637
tai60b,0,SK,1780,39.55533480644226,681836736.0,12.104547810156637
tai60b,0,SK,1800,39.99954652786255,681836736.0,12.104547810156637
tai60b,0,SK,1820,40.44359564781189,681836736.0,12.104547810156637
tai60b,0,SK,1840,40.887815713882446,681836736.0,12.104547810156637
tai60b,0,SK,1860,41.33181142807007,681836736.0,12.104547810156637
tai60b,0,SK,1880,41.77601099014282,681836736.0,12.104547810156637
tai60b,0,SK,1900,42.22002911567688,681836736.0,12.104547810156637
tai60b,0,SK,1920,42.66433119773865,681836736.0,12.104547810156637
tai60b,0,SK,1940,43.11049127578735,681836736.0,12.104547810156637
tai60b,0,SK,1960,43.55475354194641,681836736.0,12.104547810156637
tai60b,0,SK,1980,43.99857831001282,681836736.0,12.104547810156637
tai60b,0,SK,2000,44.44304847717285,682044032.0,12.138630491707625
tai60b,1,PGD,1,0.008196830749511719,993186496.0,63.295283381788835
tai60b,1,PGD,20,0.041105031967163086,821316608.0,35.03720478447743
tai60b,1,PGD,40,0.07290124893188477,832070912.0,36.805379368331124
tai60b,1,PGD,60,0.10461187362670898,827752000.0,36.09528316607567
tai60b,1,PGD,80,0.13638067245483398,858459456.0,41.144065796174786
tai60b,1,PGD,100,0.17083144187927246,813819072.0,33.80449343498164
tai60b,1,PGD,120,0.2025918960571289,830032960.0,36.47030841166914
tai60b,1,PGD,140,0.2343769073486328,882296064.0,45.06317431597147
tai60b,1,PGD,160,0.26612353324890137,867848128.0,42.6877092719905
tai60b,1,PGD,180,0.2978799343109131,818288192.0,34.53928616505438
tai60b,1,PGD,200,0.32965803146362305,818322816.0,34.54497888833906
tai60b,1,PGD,220,0.36196064949035645,804777024.0,32.31784032757597
tai60b,1,PGD,240,0.3943612575531006,804727040.0,32.309622181762045
tai60b,1,PGD,260,0.4261467456817627,804727040.0,32.309622181762045
tai60b,1,PGD,280,0.4578578472137451,819479104.0,34.73509059182215
tai60b,1,PGD,300,0.48970532417297363,819479104.0,34.73509059182215
tai60b,1,PGD,320,0.5214250087738037,847032192.0,39.265246137758375
tai60b,1,PGD,340,0.5531947612762451,846952000.0,39.252061327636916
tai60b,1,PGD,360,0.5849499702453613,846952000.0,39.252061327636916
tai60b,1,PGD,380,0.6167550086975098,846952000.0,39.252061327636916
tai60b,1,PGD,400,0.6485798358917236,831865152.0,36.771549229033056
tai60b,1,PGD,420,0.6802895069122314,831865152.0,36.771549229033056
tai60b,1,PGD,440,0.7121500968933105,831865152.0,36.771549229033056
tai60b,1,PGD,460,0.743903636932373,831865152.0,36.771549229033056
tai60b,1,PGD,480,0.7756791114807129,831865152.0,36.771549229033056
tai60b,1,PGD,500,0.8074178695678711,831865152.0,36.771549229033056
tai60b,1,PGD,520,0.8391354084014893,831865152.0,36.771549229033056
tai60b,1,PGD,540,0.8709831237792969,831865152.0,36.771549229033056
tai60b,1,PGD,560,0.9027750492095947,831865152.0,36.771549229033056
tai60b,1,PGD,580,0.9346191883087158,831859776.0,36.770665331147825
tai60b,1,PGD,600,0.9663901329040527,819479104.0,34.73509059182215
tai60b,1,PGD,620,0.9981515407562256,828670336.0,36.246271865543136
tai60b,1,PGD,640,1.0299601554870605,821555072.0,35.07641196924403
tai60b,1,PGD,660,1.0616786479949951,824864320.0,35.62050373057685
tai60b,1,PGD,680,1.0935206413269043,824864320.0,35.62050373057685
tai60b,1,PGD,700,1.125260829925537,821483584.0,35.06465823188915
tai60b,1,PGD,720,1.1570162773132324,816543680.0,34.252461301294915
tai60b,1,PGD,740,1.1888370513916016,805095168.0,32.370148141713045
tai60b,1,PGD,760,1.2205727100372314,805095168.0,32.370148141713045
tai60b,1,PGD,780,1.2524232864379883,805095168.0,32.370148141713045
tai60b,1,PGD,800,1.2841613292694092,805095168.0,32.370148141713045
tai60b,1,PGD,820,1.3159420490264893,805095168.0,32.370148141713045
tai60b,1,PGD,840,1.3477187156677246,805095168.0,32.370148141713045
tai60b,1,PGD,860,1.3794200420379639,805095168.0,32.370148141713045
tai60b,1,PGD,880,1.4112098217010498,805095168.0,32.370148141713045
tai60b,1,PGD,900,1.442960262298584,805095168.0,32.370148141713045
tai60b,1,PGD,920,1.4747281074523926,805095168.0,32.370148141713045
tai60b,1,PGD,940,1.5064873695373535,805095168.0,32.370148141713045
tai60b,1,PGD,960,1.5382018089294434,805095168.0,32.370148141713045
tai60b,1,PGD,980,1.569965124130249,805095168.0,32.370148141713045
tai60b,1,PGD,1000,1.6016855239868164,805095168.0,32.370148141713045
tai60b,1,PGD,1020,1.6335501670837402,805095168.0,32.370148141713045
tai60b,1,PGD,1040,1.6653475761413574,805095168.0,32.370148141713045
tai60b,1,PGD,1060,1.6971070766448975,805095168.0,32.370148141713045
tai60b,1,PGD,1080,1.7289001941680908,841110720.0,38.291664184951266
tai60b,1,PGD,1100,1.7606229782104492,841110720.0,38.291664184951266
tai60b,1,PGD,1120,1.792424201965332,841110720.0,38.291664184951266
tai60b,1,PGD,1140,1.8241560459136963,841110720.0,38.291664184951266
tai60b,1,PGD,1160,1.8559134006500244,841110720.0,38.291664184951266
tai60b,1,PGD,1180,1.8876981735229492,841110720.0,38.291664184951266
tai60b,1,PGD,1200,1.919445276260376,841110720.0,38.291664184951266
tai60b,1,PGD,1220,1.951261043548584,841110720.0,38.291664184951266
tai60b,1,PGD,1240,1.9830012321472168,841110720.0,38.291664184951266
tai60b,1,PGD,1260,2.0148844718933105,841110720.0,38.291664184951266
tai60b,1,PGD,1280,2.0466601848602295,841110720.0,38.291664184951266
tai60b,1,PGD,1300,2.078383684158325,841110720.0,38.291664184951266
tai60b,1,PGD,1320,2.1102240085601807,841110720.0,38.291664184951266
tai60b,1,PGD,1340,2.1419498920440674,841110720.0,38.291664184951266
tai60b,1,PGD,1360,2.1737406253814697,841110720.0,38.291664184951266
tai60b,1,PGD,1380,2.205498218536377,841110720.0,38.291664184951266
tai60b,1,PGD,1400,2.2372710704803467,841082816.0,38.287076334023126
tai60b,1,PGD,1420,2.2691104412078857,841082816.0,38.287076334023126
tai60b,1,PGD,1440,2.3008370399475098,841082816.0,38.287076334023126
tai60b,1,PGD,1460,2.332620859146118,841082816.0,38.287076334023126
tai60b,1,PGD,1480,2.364335060119629,841082816.0,38.287076334023126
tai60b,1,PGD,1500,2.3960959911346436,841082816.0,38.287076334023126
tai60b,1,PGD,1520,2.4279279708862305,841082816.0,38.287076334023126
tai60b,1,PGD,1540,2.4596781730651855,841082816.0,38.287076334023126
tai60b,1,PGD,1560,2.491494655609131,841082816.0,38.287076334023126
tai60b,1,PGD,1580,2.523261070251465,841082816.0,38.287076334023126
tai60b,1,PGD,1600,2.5550596714019775,841082816.0,38.287076334023126
tai60b,1,PGD,1620,2.5868353843688965,841082816.0,38.287076334023126
tai60b,1,PGD,1640,2.6185402870178223,841082816.0,38.287076334023126
tai60b,1,PGD,1660,2.650371551513672,841082816.0,38.287076334023126
tai60b,1,PGD,1680,2.6820952892303467,841082816.0,38.287076334023126
tai60b,1,PGD,1700,2.71390962600708,841082816.0,38.287076334023126
tai60b,1,PGD,1720,2.745694875717163,841082816.0,38.287076334023126
tai60b,1,PGD,1740,2.7774174213409424,841082816.0,38.287076334023126
tai60b,1,PGD,1760,2.809279203414917,841082816.0,38.287076334023126
tai60b,1,PGD,1780,2.8410098552703857,841082816.0,38.287076334023126
tai60b,1,PGD,1800,2.8727951049804688,841082816.0,38.287076334023126
tai60b,1,PGD,1820,2.904568672180176,841082816.0,38.287076334023126
tai60b,1,PGD,1840,2.9363410472869873,841082816.0,38.287076334023126
tai60b,1,PGD,1860,2.9681663513183594,841082816.0,38.287076334023126
tai60b,1,PGD,1880,2.9999234676361084,841082816.0,38.287076334023126
tai60b,1,PGD,1900,3.0317814350128174,841082816.0,38.287076334023126
tai60b,1,PGD,1920,3.063523530960083,841082816.0,38.287076334023126
tai60b,1,PGD,1940,3.095292806625366,841082816.0,38.287076334023126
tai60b,1,PGD,1960,3.127105712890625,841082816.0,38.287076334023126
tai60b,1,PGD,1980,3.1588311195373535,841082816.0,38.287076334023126
tai60b,1,PGD,2000,3.1905925273895264,841082816.0,38.287076334023126
tai60b,1,SK,1,0.034102439880371094,1015134592.0,66.90389120161436
tai60b,1,SK,20,0.45857930183410645,836475712.0,37.52959689156263
tai60b,1,SK,40,0.9049086570739746,806294976.0,32.56741520902901
tai60b,1,SK,60,1.349985122680664,774878080.0,27.401989625860196
tai60b,1,SK,80,1.794084072113037,723803072.0,19.00446515419528
tai60b,1,SK,100,2.2391164302825928,690034560.0,13.452397381798445
tai60b,1,SK,120,2.68339467048645,671005184.0,10.323672455499597
tai60b,1,SK,140,3.1284432411193848,662307904.0,8.893704561281709
tai60b,1,SK,160,3.5731210708618164,658506880.0,8.268757188637425
tai60b,1,SK,180,4.017865180969238,658047744.0,8.193268100200623
tai60b,1,SK,200,4.46259880065918,655567488.0,7.785475497290141
tai60b,1,SK,220,4.907327651977539,643151872.0,5.744155421710427
tai60b,1,SK,240,5.3522114753723145,643062528.0,5.729465880665295
tai60b,1,SK,260,5.7969489097595215,640270144.0,5.270354587441698
tai60b,1,SK,280,6.241764307022095,639976320.0,5.222045358975938
tai60b,1,SK,300,6.6865668296813965,637926528.0,4.885027722447659
tai60b,1,SK,320,7.1314496994018555,637842944.0,4.871285214850996
tai60b,1,SK,340,7.575623273849487,638539328.0,4.985781558770822
tai60b,1,SK,360,8.019843339920044,638326208.0,4.950741321177492
tai60b,1,SK,380,8.464102029800415,638028608.0,4.901811259673293
tai60b,1,SK,400,8.90887451171875,637563328.0,4.825312002224792
tai60b,1,SK,420,9.353885173797607,637016000.0,4.735322779432552
tai60b,1,SK,440,9.798545360565186,636671488.0,4.678679656620272
tai60b,1,SK,460,10.242834568023682,636671488.0,4.678679656620272
tai60b,1,SK,480,10.686851501464844,636671488.0,4.678679656620272
tai60b,1,SK,500,11.131839990615845,636612224.0,4.668935734694919
tai60b,1,SK,520,11.576483964920044,636464512.0,4.644649588038641
tai60b,1,SK,540,12.02077317237854,636464512.0,4.644649588038641
tai60b,1,SK,560,12.46489953994751,637161536.0,4.759251157897187
tai60b,1,SK,580,12.909226655960083,665659456.0,9.44475175716384
tai60b,1,SK,600,13.353458166122437,649437440.0,6.777600411054607
tai60b,1,SK,620,13.797668933868408,650823680.0,7.00551979431933
tai60b,1,SK,640,14.241787195205688,676851712.0,11.284932450882742
tai60b,1,SK,660,14.686089277267456,685847168.0,12.763925109949678
tai60b,1,SK,680,15.130241394042969,657293312.0,8.06922776363901
tai60b,1,SK,700,15.574458360671997,685938432.0,12.778930328810967
tai60b,1,SK,720,16.01866912841797,685938432.0,12.778930328810967
tai60b,1,SK,740,16.463003396987915,685952000.0,12.781161118711804
tai60b,1,SK,760,16.90714740753174,685952000.0,12.781161118711804
tai60b,1,SK,780,17.351433992385864,685952000.0,12.781161118711804
tai60b,1,SK,800,17.795469522476196,683951488.0,12.452245879464865
tai60b,1,SK,820,18.239843130111694,683951488.0,12.452245879464865
tai60b,1,SK,840,18.683825254440308,684195456.0,12.492358007304436
tai60b,1,SK,860,19.128161430358887,669157888.0,10.019948305981917
tai60b,1,SK,880,19.572266101837158,669157888.0,10.019948305981917
tai60b,1,SK,900,20.016557693481445,669157888.0,10.019948305981917
tai60b,1,SK,920,20.460587978363037,669157888.0,10.019948305981917
tai60b,1,SK,940,20.904876470565796,669443456.0,10.066900119838204
tai60b,1,SK,960,21.349013566970825,682341312.0,12.187507940242465
tai60b,1,SK,980,21.793258666992188,682341312.0,12.187507940242465
tai60b,1,SK,1000,22.237433195114136,682341312.0,12.187507940242465
tai60b,1,SK,1020,22.681633949279785,682315136.0,12.183204199348872
tai60b,1,SK,1040,23.125770807266235,682315136.0,12.183204199348872
tai60b,1,SK,1060,23.57003664970398,682315136.0,12.183204199348872
tai60b,1,SK,1080,24.014150142669678,682315136.0,12.183204199348872
tai60b,1,SK,1100,24.45837712287903,682315136.0,12.183204199348872
tai60b,1,SK,1120,24.90246057510376,682315136.0,12.183204199348872
tai60b,1,SK,1140,25.3466796875,682315136.0,12.183204199348872
tai60b,1,SK,1160,25.79086709022522,682315136.0,12.183204199348872
tai60b,1,SK,1180,26.235128164291382,682315136.0,12.183204199348872
tai60b,1,SK,1200,26.67919659614563,682315136.0,12.183204199348872
tai60b,1,SK,1220,27.123469829559326,682315136.0,12.183204199348872
tai60b,1,SK,1240,27.567636013031006,682315136.0,12.183204199348872
tai60b,1,SK,1260,28.011936902999878,682315136.0,12.183204199348872
tai60b,1,SK,1280,28.456064701080322,682315136.0,12.183204199348872
tai60b,1,SK,1300,28.90037250518799,682315136.0,12.183204199348872
tai60b,1,SK,1320,29.344568729400635,682315136.0,12.183204199348872
tai60b,1,SK,1340,29.788827896118164,682315136.0,12.183204199348872
tai60b,1,SK,1360,30.233013153076172,682315136.0,12.183204199348872
tai60b,1,SK,1380,30.677335739135742,682315136.0,12.183204199348872
tai60b,1,SK,1400,31.12151551246643,682315136.0,12.183204199348872
tai60b,1,SK,1420,31.56581425666809,682315136.0,12.183204199348872
tai60b,1,SK,1440,32.00996112823486,682315136.0,12.183204199348872
tai60b,1,SK,1460,32.45436644554138,682315136.0,12.183204199348872
tai60b,1,SK,1480,32.89852976799011,682315136.0,12.183204199348872
tai60b,1,SK,1500,33.34284281730652,682315136.0,12.183204199348872
tai60b,1,SK,1520,33.78707814216614,682315136.0,12.183204199348872
tai60b,1,SK,1540,34.231377601623535,682315136.0,12.183204199348872
tai60b,1,SK,1560,34.67565393447876,682315136.0,12.183204199348872
tai60b,1,SK,1580,35.119969844818115,682315136.0,12.183204199348872
tai60b,1,SK,1600,35.56413197517395,682315136.0,12.183204199348872
tai60b,1,SK,1620,36.008522033691406,682315136.0,12.183204199348872
tai60b,1,SK,1640,36.45266246795654,682107840.0,12.149121517797882
tai60b,1,SK,1660,36.89687633514404,682107840.0,12.149121517797882
tai60b,1,SK,1680,37.34105324745178,682107840.0,12.149121517797882
tai60b,1,SK,1700,37.78536105155945,682107840.0,12.149121517797882
tai60b,1,SK,1720,38.22955274581909,681836736.0,12.104547810156637
tai60b,1,SK,1740,38.67383623123169,681836736.0,12.104547810156637
tai60b,1,SK,1760,39.11810803413391,681836736.0,12.104547810156637
tai60b,1,SK,1780,39.56245684623718,681836736.0,12.104547810156637
tai60b,1,SK,1800,40.00665497779846,681836736.0,12.104547810156637
tai60b,1,SK,1820,40.45101523399353,681836736.0,12.104547810156637
tai60b,1,SK,1840,40.895262479782104,681836736.0,12.104547810156637
tai60b,1,SK,1860,41.33975672721863,681836736.0,12.104547810156637
tai60b,1,SK,1880,41.78401827812195,681836736.0,12.104547810156637
tai60b,1,SK,1900,42.228434562683105,681836736.0,12.104547810156637
tai60b,1,SK,1920,42.672847747802734,681836736.0,12.104547810156637
tai60b,1,SK,1940,43.11731767654419,681836736.0,12.104547810156637
tai60b,1,SK,1960,43.5615451335907,681836736.0,12.104547810156637
tai60b,1,SK,1980,44.00598955154419,681836736.0,12.104547810156637
tai60b,1,SK,2000,44.45036792755127,682044032.0,12.138630491707625
tai60b,2,PGD,1,0.008186817169189453,993186496.0,63.295283381788835
tai60b,2,PGD,20,0.04114794731140137,821316608.0,35.03720478447743
tai60b,2,PGD,40,0.07278299331665039,832070912.0,36.805379368331124
tai60b,2,PGD,60,0.10461688041687012,827752000.0,36.09528316607567
tai60b,2,PGD,80,0.1363525390625,858459456.0,41.144065796174786
tai60b,2,PGD,100,0.17069673538208008,813819072.0,33.80449343498164
tai60b,2,PGD,120,0.20255684852600098,830032960.0,36.47030841166914
tai60b,2,PGD,140,0.23427462577819824,882296064.0,45.06317431597147
tai60b,2,PGD,160,0.26610374450683594,867848128.0,42.6877092719905
tai60b,2,PGD,180,0.2978992462158203,818288192.0,34.53928616505438
tai60b,2,PGD,200,0.3296163082122803,818322816.0,34.54497888833906
tai60b,2,PGD,220,0.3620576858520508,804777024.0,32.31784032757597
tai60b,2,PGD,240,0.3944435119628906,804727040.0,32.309622181762045
tai60b,2,PGD,260,0.4262721538543701,804727040.0,32.309622181762045
tai60b,2,PGD,280,0.4580700397491455,819479104.0,34.73509059182215
tai60b,2,PGD,300,0.48981523513793945,819479104.0,34.73509059182215
tai60b,2,PGD,320,0.521582841873169,847032192.0,39.265246137758375
tai60b,2,PGD,340,0.553307294845581,846952000.0,39.252061327636916
tai60b,2,PGD,360,0.5851106643676758,846952000.0,39.252061327636916
tai60b,2,PGD,380,0.616875171661377,846952000.0,39.252061327636916
tai60b,2,PGD,400,0.648571252822876,831865152.0,36.771549229033056
tai60b,2,PGD,420,0.6804206371307373,831865152.0,36.771549229033056
tai60b,2,PGD,440,0.7122068405151367,831865152.0,36.771549229033056
tai60b,2,PGD,460,0.7440335750579834,831865152.0,36.771549229033056
tai60b,2,PGD,480,0.7758381366729736,831865152.0,36.771549229033056
tai60b,2,PGD,500,0.8075821399688721,831865152.0,36.771549229033056
tai60b,2,PGD,520,0.8394215106964111,831865152.0,36.771549229033056
tai60b,2,PGD,540,0.8712196350097656,831865152.0,36.771549229033056
tai60b,2,PGD,560,0.9030120372772217,831865152.0,36.771549229033056
tai60b,2,PGD,580,0.934739351272583,831859776.0,36.770665331147825
tai60b,2,PGD,600,0.9665029048919678,819479104.0,34.73509059182215
tai60b,2,PGD,620,0.9983720779418945,828670336.0,36.246271865543136
tai60b,2,PGD,640,1.0301432609558105,821555072.0,35.07641196924403
tai60b,2,PGD,660,1.0620677471160889,824864320.0,35.62050373057685
tai60b,2,PGD,680,1.0938477516174316,824864320.0,35.62050373057685
tai60b,2,PGD,700,1.1256165504455566,821483584.0,35.06465823188915
tai60b,2,PGD,720,1.1573848724365234,816543680.0,34.252461301294915
tai60b,2,PGD,740,1.1890981197357178,805095168.0,32.370148141713045
tai60b,2,PGD,760,1.220935583114624,805095168.0,32.370148141713045
tai60b,2,PGD,780,1.2526967525482178,805095168.0,32.370148141713045
tai60b,2,PGD,800,1.284510612487793,805095168.0,32.370148141713045
tai60b,2,PGD,820,1.3162996768951416,805095168.0,32.370148141713045
tai60b,2,PGD,840,1.3480281829833984,805095168.0,32.370148141713045
tai60b,2,PGD,860,1.3798644542694092,805095168.0,32.370148141713045
tai60b,2,PGD,880,1.411607265472412,805095168.0,32.370148141713045
tai60b,2,PGD,900,1.443439245223999,805095168.0,32.370148141713045
tai60b,2,PGD,920,1.4751887321472168,805095168.0,32.370148141713045
tai60b,2,PGD,940,1.5068762302398682,805095168.0,32.370148141713045
tai60b,2,PGD,960,1.538733959197998,805095168.0,32.370148141713045
tai60b,2,PGD,980,1.5704922676086426,805095168.0,32.370148141713045
tai60b,2,PGD,1000,1.602341890335083,805095168.0,32.370148141713045
tai60b,2,PGD,1020,1.6340901851654053,805095168.0,32.370148141713045
tai60b,2,PGD,1040,1.6658062934875488,805095168.0,32.370148141713045
tai60b,2,PGD,1060,1.697568655014038,805095168.0,32.370148141713045
tai60b,2,PGD,1080,1.7292451858520508,841110720.0,38.291664184951266
tai60b,2,PGD,1100,1.7610740661621094,841110720.0,38.291664184951266
tai60b,2,PGD,1120,1.7928757667541504,841110720.0,38.291664184951266
tai60b,2,PGD,1140,1.8247320652008057,841110720.0,38.291664184951266
tai60b,2,PGD,1160,1.856529712677002,841110720.0,38.291664184951266
tai60b,2,PGD,1180,1.8882496356964111,841110720.0,38.291664184951266
tai60b,2,PGD,1200,1.9201078414916992,841110720.0,38.291664184951266
tai60b,2,PGD,1220,1.9518146514892578,841110720.0,38.291664184951266
tai60b,2,PGD,1240,1.9836242198944092,841110720.0,38.291664184951266
tai60b,2,PGD,1260,2.015371561050415,841110720.0,38.291664184951266
tai60b,2,PGD,1280,2.047048330307007,841110720.0,38.291664184951266
tai60b,2,PGD,1300,2.0789096355438232,841110720.0,38.291664184951266
tai60b,2,PGD,1320,2.1106505393981934,841110720.0,38.291664184951266
tai60b,2,PGD,1340,2.1425297260284424,841110720.0,38.291664184951266
tai60b,2,PGD,1360,2.1743128299713135,841110720.0,38.291664184951266
tai60b,2,PGD,1380,2.2060742378234863,841110720.0,38.291664184951266
tai60b,2,PGD,1400,2.2378458976745605,841082816.0,38.287076334023126
tai60b,2,PGD,1420,2.269524335861206,841082816.0,38.287076334023126
tai60b,2,PGD,1440,2.3013522624969482,841082816.0,38.287076334023126
tai60b,2,PGD,1460,2.3331310749053955,841082816.0,38.287076334023126
tai60b,2,PGD,1480,2.364967107772827,841082816.0,38.287076334023126
tai60b,2,PGD,1500,2.396759510040283,841082816.0,38.287076334023126
tai60b,2,PGD,1520,2.428513526916504,841082816.0,38.287076334023126
tai60b,2,PGD,1540,2.460395097732544,841082816.0,38.287076334023126
tai60b,2,PGD,1560,2.492183208465576,841082816.0,38.287076334023126
tai60b,2,PGD,1580,2.5240304470062256,841082816.0,38.287076334023126
tai60b,2,PGD,1600,2.5558300018310547,841082816.0,38.287076334023126
tai60b,2,PGD,1620,2.5875842571258545,841082816.0,38.287076334023126
tai60b,2,PGD,1640,2.619429588317871,841082816.0,38.287076334023126
tai60b,2,PGD,1660,2.651183605194092,841082816.0,38.287076334023126
tai60b,2,PGD,1680,2.683037519454956,841082816.0,38.287076334023126
tai60b,2,PGD,1700,2.7148170471191406,841082816.0,38.287076334023126
tai60b,2,PGD,1720,2.74655818939209,841082816.0,38.287076334023126
tai60b,2,PGD,1740,2.7784054279327393,841082816.0,38.287076334023126
tai60b,2,PGD,1760,2.8101754188537598,841082816.0,38.287076334023126
tai60b,2,PGD,1780,2.842024803161621,841082816.0,38.287076334023126
tai60b,2,PGD,1800,2.873786211013794,841082816.0,38.287076334023126
tai60b,2,PGD,1820,2.905550718307495,841082816.0,38.287076334023126
tai60b,2,PGD,1840,2.937382698059082,841082816.0,38.287076334023126
tai60b,2,PGD,1860,2.9691238403320312,841082816.0,38.287076334023126
tai60b,2,PGD,1880,3.0010011196136475,841082816.0,38.287076334023126
tai60b,2,PGD,1900,3.032759189605713,841082816.0,38.287076334023126
tai60b,2,PGD,1920,3.064610719680786,841082816.0,38.287076334023126
tai60b,2,PGD,1940,3.096369981765747,841082816.0,38.287076334023126
tai60b,2,PGD,1960,3.1280717849731445,841082816.0,38.287076334023126
tai60b,2,PGD,1980,3.159919500350952,841082816.0,38.287076334023126
tai60b,2,PGD,2000,3.191664457321167,841082816.0,38.287076334023126
tai60b,2,SK,1,0.03402209281921387,1015134592.0,66.90389120161436
tai60b,2,SK,20,0.4582960605621338,836475712.0,37.52959689156263
tai60b,2,SK,40,0.9049146175384521,806294976.0,32.56741520902901
tai60b,2,SK,60,1.3500823974609375,774878080.0,27.401989625860196
tai60b,2,SK,80,1.794717788696289,723803072.0,19.00446515419528
tai60b,2,SK,100,2.2394704818725586,690034560.0,13.452397381798445
tai60b,2,SK,120,2.6842832565307617,671005184.0,10.323672455499597
tai60b,2,SK,140,3.1289830207824707,662307904.0,8.893704561281709
tai60b,2,SK,160,3.5739402770996094,658506880.0,8.268757188637425
tai60b,2,SK,180,4.018513917922974,658047744.0,8.193268100200623
tai60b,2,SK,200,4.4635748863220215,655567488.0,7.785475497290141
tai60b,2,SK,220,4.908251762390137,643151872.0,5.744155421710427
tai60b,2,SK,240,5.353325128555298,643062528.0,5.729465880665295
tai60b,2,SK,260,5.798060178756714,640270144.0,5.270354587441698
tai60b,2,SK,280,6.243272304534912,639976320.0,5.222045358975938
tai60b,2,SK,300,6.688087463378906,637926528.0,4.885027722447659
tai60b,2,SK,320,7.133314609527588,637842944.0,4.871285214850996
tai60b,2,SK,340,7.577487230300903,638539328.0,4.985781558770822
tai60b,2,SK,360,8.022358179092407,638326208.0,4.950741321177492
tai60b,2,SK,380,8.46649694442749,638028608.0,4.901811259673293
tai60b,2,SK,400,8.911598920822144,637563328.0,4.825312002224792
tai60b,2,SK,420,9.356298446655273,637016000.0,4.735322779432552
tai60b,2,SK,440,9.801492929458618,636671488.0,4.678679656620272
tai60b,2,SK,460,10.245579481124878,636671488.0,4.678679656620272
tai60b,2,SK,480,10.690119504928589,636671488.0,4.678679656620272
tai60b,2,SK,500,11.134830713272095,636612224.0,4.668935734694919
tai60b,2,SK,520,11.579992294311523,636464512.0,4.644649588038641
tai60b,2,SK,540,12.024226903915405,636464512.0,4.644649588038641
tai60b,2,SK,560,12.468811988830566,637161536.0,4.759251157897187
tai60b,2,SK,580,12.912875413894653,665659456.0,9.44475175716384
tai60b,2,SK,600,13.357461929321289,649437440.0,6.777600411054607
tai60b,2,SK,620,13.801646947860718,650823680.0,7.00551979431933
tai60b,2,SK,640,14.246150016784668,676851712.0,11.284932450882742
tai60b,2,SK,660,14.690335035324097,685847168.0,12.763925109949678
tai60b,2,SK,680,15.134949922561646,657293312.0,8.06922776363901
tai60b,2,SK,700,15.579007625579834,685938432.0,12.778930328810967
tai60b,2,SK,720,16.02359414100647,685938432.0,12.778930328810967
tai60b,2,SK,740,16.467647075653076,685952000.0,12.781161118711804
tai60b,2,SK,760,16.912091970443726,685952000.0,12.781161118711804
tai60b,2,SK,780,17.356180667877197,685952000.0,12.781161118711804
tai60b,2,SK,800,17.80069613456726,683951488.0,12.452245879464865
tai60b,2,SK,820,18.244681358337402,683951488.0,12.452245879464865
tai60b,2,SK,840,18.689197063446045,684195456.0,12.492358007304436
tai60b,2,SK,860,19.133294820785522,669157888.0,10.019948305981917
tai60b,2,SK,880,19.577610731124878,669157888.0,10.019948305981917
tai60b,2,SK,900,20.02171492576599,669157888.0,10.019948305981917
tai60b,2,SK,920,20.466200828552246,669157888.0,10.019948305981917
tai60b,2,SK,940,20.910274744033813,669443456.0,10.066900119838204
tai60b,2,SK,960,21.35478949546814,682341312.0,12.187507940242465
tai60b,2,SK,980,21.79894495010376,682341312.0,12.187507940242465
tai60b,2,SK,1000,22.243483781814575,682341312.0,12.187507940242465
tai60b,2,SK,1020,22.687519073486328,682315136.0,12.183204199348872
tai60b,2,SK,1040,23.13199472427368,682315136.0,12.183204199348872
tai60b,2,SK,1060,23.57612705230713,682315136.0,12.183204199348872
tai60b,2,SK,1080,24.02067756652832,682315136.0,12.183204199348872
tai60b,2,SK,1100,24.464780807495117,682315136.0,12.183204199348872
tai60b,2,SK,1120,24.909213304519653,682315136.0,12.183204199348872
tai60b,2,SK,1140,25.35336422920227,682315136.0,12.183204199348872
tai60b,2,SK,1160,25.797845125198364,682315136.0,12.183204199348872
tai60b,2,SK,1180,26.241899967193604,682315136.0,12.183204199348872
tai60b,2,SK,1200,26.686315298080444,682315136.0,12.183204199348872
tai60b,2,SK,1220,27.13041615486145,682315136.0,12.183204199348872
tai60b,2,SK,1240,27.574971437454224,682315136.0,12.183204199348872
tai60b,2,SK,1260,28.019059419631958,682315136.0,12.183204199348872
tai60b,2,SK,1280,28.463553428649902,682315136.0,12.183204199348872
tai60b,2,SK,1300,28.907710552215576,682315136.0,12.183204199348872
tai60b,2,SK,1320,29.35225486755371,682315136.0,12.183204199348872
tai60b,2,SK,1340,29.79629397392273,682315136.0,12.183204199348872
tai60b,2,SK,1360,30.24077582359314,682315136.0,12.183204199348872
tai60b,2,SK,1380,30.684837102890015,682315136.0,12.183204199348872
tai60b,2,SK,1400,31.12940764427185,682315136.0,12.183204199348872
tai60b,2,SK,1420,31.573529958724976,682315136.0,12.183204199348872
tai60b,2,SK,1440,32.018043756484985,682315136.0,12.183204199348872
tai60b,2,SK,1460,32.46217632293701,682315136.0,12.183204199348872
tai60b,2,SK,1480,32.90660047531128,682315136.0,12.183204199348872
tai60b,2,SK,1500,33.35063314437866,682315136.0,12.183204199348872
tai60b,2,SK,1520,33.79513216018677,682315136.0,12.183204199348872
tai60b,2,SK,1540,34.23927927017212,682315136.0,12.183204199348872
tai60b,2,SK,1560,34.68380618095398,682315136.0,12.183204199348872
tai60b,2,SK,1580,35.127840518951416,682315136.0,12.183204199348872
tai60b,2,SK,1600,35.572351932525635,682315136.0,12.183204199348872
tai60b,2,SK,1620,36.016441345214844,682315136.0,12.183204199348872
tai60b,2,SK,1640,36.46098566055298,682107840.0,12.149121517797882
tai60b,2,SK,1660,36.905144929885864,682107840.0,12.149121517797882
tai60b,2,SK,1680,37.349599838256836,682107840.0,12.149121517797882
tai60b,2,SK,1700,37.79367113113403,682107840.0,12.149121517797882
tai60b,2,SK,1720,38.238194942474365,681836736.0,12.104547810156637
tai60b,2,SK,1740,38.68224048614502,681836736.0,12.104547810156637
tai60b,2,SK,1760,39.12681460380554,681836736.0,12.104547810156637
tai60b,2,SK,1780,39.570934772491455,681836736.0,12.104547810156637
tai60b,2,SK,1800,40.01543974876404,681836736.0,12.104547810156637
tai60b,2,SK,1820,40.459563970565796,681836736.0,12.104547810156637
tai60b,2,SK,1840,40.90404534339905,681836736.0,12.104547810156637
tai60b,2,SK,1860,41.3481822013855,681836736.0,12.104547810156637
tai60b,2,SK,1880,41.79281830787659,681836736.0,12.104547810156637
tai60b,2,SK,1900,42.236896991729736,681836736.0,12.104547810156637
tai60b,2,SK,1920,42.68134832382202,681836736.0,12.104547810156637
tai60b,2,SK,1940,43.12548470497131,681836736.0,12.104547810156637
tai60b,2,SK,1960,43.57002592086792,681836736.0,12.104547810156637
tai60b,2,SK,1980,44.01414513587952,681836736.0,12.104547810156637
tai60b,2,SK,2000,44.45878052711487,682044032.0,12.138630491707625
tai60b,3,PGD,1,0.008176803588867188,993186496.0,63.295283381788835
tai60b,3,PGD,20,0.0410764217376709,821316608.0,35.03720478447743
tai60b,3,PGD,40,0.0727689266204834,832070912.0,36.805379368331124
tai60b,3,PGD,60,0.1045994758605957,827752000.0,36.09528316607567
tai60b,3,PGD,80,0.1362934112548828,858459456.0,41.144065796174786
tai60b,3,PGD,100,0.1706395149230957,813819072.0,33.80449343498164
tai60b,3,PGD,120,0.20249319076538086,830032960.0,36.47030841166914
tai60b,3,PGD,140,0.23425626754760742,882296064.0,45.06317431597147
tai60b,3,PGD,160,0.2661323547363281,867848128.0,42.6877092719905
tai60b,3,PGD,180,0.29795336723327637,818288192.0,34.53928616505438
tai60b,3,PGD,200,0.32964611053466797,818322816.0,34.54497888833906
tai60b,3,PGD,220,0.36208200454711914,804777024.0,32.31784032757597
tai60b,3,PGD,240,0.3944060802459717,804727040.0,32.309622181762045
tai60b,3,PGD,260,0.42622828483581543,804727040.0,32.309622181762045
tai60b,3,PGD,280,0.4579780101776123,819479104.0,34.73509059182215
tai60b,3,PGD,300,0.48975372314453125,819479104.0,34.73509059182215
tai60b,3,PGD,320,0.5216193199157715,847032192.0,39.265246137758375
tai60b,3,PGD,340,0.5533573627471924,846952000.0,39.252061327636916
tai60b,3,PGD,360,0.5851988792419434,846952000.0,39.252061327636916
tai60b,3,PGD,380,0.616981029510498,846952000.0,39.252061327636916
tai60b,3,PGD,400,0.6486988067626953,831865152.0,36.771549229033056
tai60b,3,PGD,420,0.6805543899536133,831865152.0,36.771549229033056
tai60b,3,PGD,440,0.7123222351074219,831865152.0,36.771549229033056
tai60b,3,PGD,460,0.7441740036010742,831865152.0,36.771549229033056
tai60b,3,PGD,480,0.7759406566619873,831865152.0,36.771549229033056
tai60b,3,PGD,500,0.8076956272125244,831865152.0,36.771549229033056
tai60b,3,PGD,520,0.8395717144012451,831865152.0,36.771549229033056
tai60b,3,PGD,540,0.87131667137146,831865152.0,36.771549229033056
tai60b,3,PGD,560,0.9032196998596191,831865152.0,36.771549229033056
tai60b,3,PGD,580,0.9350221157073975,831859776.0,36.770665331147825
tai60b,3,PGD,600,0.9668140411376953,819479104.0,34.73509059182215
tai60b,3,PGD,620,0.9985988140106201,828670336.0,36.246271865543136
tai60b,3,PGD,640,1.0303213596343994,821555072.0,35.07641196924403
tai60b,3,PGD,660,1.0622007846832275,824864320.0,35.62050373057685
tai60b,3,PGD,680,1.0939836502075195,824864320.0,35.62050373057685
tai60b,3,PGD,700,1.1257586479187012,821483584.0,35.06465823188915
tai60b,3,PGD,720,1.15751051902771,816543680.0,34.252461301294915
tai60b,3,PGD,740,1.18923020362854,805095168.0,32.370148141713045
tai60b,3,PGD,760,1.2210941314697266,805095168.0,32.370148141713045
tai60b,3,PGD,780,1.2528655529022217,805095168.0,32.370148141713045
tai60b,3,PGD,800,1.2846474647521973,805095168.0,32.370148141713045
tai60b,3,PGD,820,1.3164019584655762,805095168.0,32.370148141713045
tai60b,3,PGD,840,1.3481214046478271,805095168.0,32.370148141713045
tai60b,3,PGD,860,1.3799858093261719,805095168.0,32.370148141713045
tai60b,3,PGD,880,1.4117352962493896,805095168.0,32.370148141713045
tai60b,3,PGD,900,1.4435744285583496,805095168.0,32.370148141713045
tai60b,3,PGD,920,1.4753532409667969,805095168.0,32.370148141713045
tai60b,3,PGD,940,1.5071401596069336,805095168.0,32.370148141713045
tai60b,3,PGD,960,1.5389058589935303,805095168.0,32.370148141713045
tai60b,3,PGD,980,1.570631504058838,805095168.0,32.370148141713045
tai60b,3,PGD,1000,1.6024975776672363,805095168.0,32.370148141713045
tai60b,3,PGD,1020,1.6343097686767578,805095168.0,32.370148141713045
tai60b,3,PGD,1040,1.6661021709442139,805095168.0,32.370148141713045
tai60b,3,PGD,1060,1.6979045867919922,805095168.0,32.370148141713045
tai60b,3,PGD,1080,1.7296035289764404,841110720.0,38.291664184951266
tai60b,3,PGD,1100,1.76145601272583,841110720.0,38.291664184951266
tai60b,3,PGD,1120,1.7932429313659668,841110720.0,38.291664184951266
tai60b,3,PGD,1140,1.8250832557678223,841110720.0,38.291664184951266
tai60b,3,PGD,1160,1.8568181991577148,841110720.0,38.291664184951266
tai60b,3,PGD,1180,1.8885202407836914,841110720.0,38.291664184951266
tai60b,3,PGD,1200,1.9203972816467285,841110720.0,38.291664184951266
tai60b,3,PGD,1220,1.9521484375,841110720.0,38.291664184951266
tai60b,3,PGD,1240,1.9839847087860107,841110720.0,38.291664184951266
tai60b,3,PGD,1260,2.015737533569336,841110720.0,38.291664184951266
tai60b,3,PGD,1280,2.047412157058716,841110720.0,38.291664184951266
tai60b,3,PGD,1300,2.07924222946167,841110720.0,38.291664184951266
tai60b,3,PGD,1320,2.1109824180603027,841110720.0,38.291664184951266
tai60b,3,PGD,1340,2.142744541168213,841110720.0,38.291664184951266
tai60b,3,PGD,1360,2.174482583999634,841110720.0,38.291664184951266
tai60b,3,PGD,1380,2.2062785625457764,841110720.0,38.291664184951266
tai60b,3,PGD,1400,2.2381110191345215,841082816.0,38.287076334023126
tai60b,3,PGD,1420,2.269801616668701,841082816.0,38.287076334023126
tai60b,3,PGD,1440,2.301665782928467,841082816.0,38.287076334023126
tai60b,3,PGD,1460,2.3334484100341797,841082816.0,38.287076334023126
tai60b,3,PGD,1480,2.3652865886688232,841082816.0,38.287076334023126
tai60b,3,PGD,1500,2.397043228149414,841082816.0,38.287076334023126
tai60b,3,PGD,1520,2.4287562370300293,841082816.0,38.287076334023126
tai60b,3,PGD,1540,2.4605984687805176,841082816.0,38.287076334023126
tai60b,3,PGD,1560,2.4923439025878906,841082816.0,38.287076334023126
tai60b,3,PGD,1580,2.5242011547088623,841082816.0,38.287076334023126
tai60b,3,PGD,1600,2.5559823513031006,841082816.0,38.287076334023126
tai60b,3,PGD,1620,2.5877106189727783,841082816.0,38.287076334023126
tai60b,3,PGD,1640,2.6195738315582275,841082816.0,38.287076334023126
tai60b,3,PGD,1660,2.6513023376464844,841082816.0,38.287076334023126
tai60b,3,PGD,1680,2.6831650733947754,841082816.0,38.287076334023126
tai60b,3,PGD,1700,2.715008497238159,841082816.0,38.287076334023126
tai60b,3,PGD,1720,2.7468271255493164,841082816.0,38.287076334023126
tai60b,3,PGD,1740,2.778613328933716,841082816.0,38.287076334023126
tai60b,3,PGD,1760,2.810314178466797,841082816.0,38.287076334023126
tai60b,3,PGD,1780,2.8421390056610107,841082816.0,38.287076334023126
tai60b,3,PGD,1800,2.8739171028137207,841082816.0,38.287076334023126
tai60b,3,PGD,1820,2.9056997299194336,841082816.0,38.287076334023126
tai60b,3,PGD,1840,2.937485694885254,841082816.0,38.287076334023126
tai60b,3,PGD,1860,2.9692206382751465,841082816.0,38.287076334023126
tai60b,3,PGD,1880,3.001098871231079,841082816.0,38.287076334023126
tai60b,3,PGD,1900,3.0328686237335205,841082816.0,38.287076334023126
tai60b,3,PGD,1920,3.0647521018981934,841082816.0,38.287076334023126
tai60b,3,PGD,1940,3.0965206623077393,841082816.0,38.287076334023126
tai60b,3,PGD,1960,3.128209114074707,841082816.0,38.287076334023126
tai60b,3,PGD,1980,3.160046100616455,841082816.0,38.287076334023126
tai60b,3,PGD,2000,3.191805601119995,841082816.0,38.287076334023126
tai60b,3,SK,1,0.033998966217041016,1015134592.0,66.90389120161436
tai60b,3,SK,20,0.4586622714996338,836475712.0,37.52959689156263
tai60b,3,SK,40,0.9050412178039551,806294976.0,32.56741520902901
tai60b,3,SK,60,1.350435733795166,774878080.0,27.401989625860196
tai60b,3,SK,80,1.7945778369903564,723803072.0,19.00446515419528
tai60b,3,SK,100,2.2400596141815186,690034560.0,13.452397381798445
tai60b,3,SK,120,2.6845993995666504,671005184.0,10.323672455499597
tai60b,3,SK,140,3.129744529724121,662307904.0,8.893704561281709
tai60b,3,SK,160,3.57452130317688,658506880.0,8.268757188637425
tai60b,3,SK,180,4.019452810287476,658047744.0,8.193268100200623
tai60b,3,SK,200,4.46432089805603,655567488.0,7.785475497290141
tai60b,3,SK,220,4.9094648361206055,643151872.0,5.744155421710427
tai60b,3,SK,240,5.354214668273926,643062528.0,5.729465880665295
tai60b,3,SK,260,5.799397706985474,640270144.0,5.270354587441698
tai60b,3,SK,280,6.244217395782471,639976320.0,5.222045358975938
tai60b,3,SK,300,6.689295053482056,637926528.0,4.885027722447659
tai60b,3,SK,320,7.134031057357788,637842944.0,4.871285214850996
tai60b,3,SK,340,7.57859992980957,638539328.0,4.985781558770822
tai60b,3,SK,360,8.022910594940186,638326208.0,4.950741321177492
tai60b,3,SK,380,8.467544794082642,638028608.0,4.901811259673293
tai60b,3,SK,400,8.912414312362671,637563328.0,4.825312002224792
tai60b,3,SK,420,9.357627630233765,637016000.0,4.735322779432552
tai60b,3,SK,440,9.802513360977173,636671488.0,4.678679656620272
tai60b,3,SK,460,10.247106790542603,636671488.0,4.678679656620272
tai60b,3,SK,480,10.691342830657959,636671488.0,4.678679656620272
tai60b,3,SK,500,11.136535406112671,636612224.0,4.668935734694919
tai60b,3,SK,520,11.58133339881897,636464512.0,4.644649588038641
tai60b,3,SK,540,12.025899410247803,636464512.0,4.644649588038641
tai60b,3,SK,560,12.470115423202515,637161536.0,4.759251157897187
tai60b,3,SK,580,12.914764642715454,665659456.0,9.44475175716384
tai60b,3,SK,600,13.358901262283325,649437440.0,6.777600411054607
tai60b,3,SK,620,13.803475379943848,650823680.0,7.00551979431933
tai60b,3,SK,640,14.247639894485474,676851712.0,11.284932450882742
tai60b,3,SK,660,14.692105293273926,685847168.0,12.763925109949678
tai60b,3,SK,680,15.1363046169281,657293312.0,8.06922776363901
tai60b,3,SK,700,15.580849647521973,685938432.0,12.778930328810967
tai60b,3,SK,720,16.025053024291992,685938432.0,12.778930328810967
tai60b,3,SK,740,16.469660758972168,685952000.0,12.781161118711804
tai60b,3,SK,760,16.91384983062744,685952000.0,12.781161118711804
tai60b,3,SK,780,17.358357429504395,685952000.0,12.781161118711804
tai60b,3,SK,800,17.802615880966187,683951488.0,12.452245879464865
tai60b,3,SK,820,18.247025728225708,683951488.0,12.452245879464865
tai60b,3,SK,840,18.69113302230835,684195456.0,12.492358007304436
tai60b,3,SK,860,19.13571548461914,669157888.0,10.019948305981917
tai60b,3,SK,880,19.579827308654785,669157888.0,10.019948305981917
tai60b,3,SK,900,20.02455425262451,669157888.0,10.019948305981917
tai60b,3,SK,920,20.468749284744263,669157888.0,10.019948305981917
tai60b,3,SK,940,20.91317653656006,669443456.0,10.066900119838204
tai60b,3,SK,960,21.357211112976074,682341312.0,12.187507940242465
tai60b,3,SK,980,21.80167531967163,682341312.0,12.187507940242465
tai60b,3,SK,1000,22.24583601951599,682341312.0,12.187507940242465
tai60b,3,SK,1020,22.690240144729614,682315136.0,12.183204199348872
tai60b,3,SK,1040,23.134448289871216,682315136.0,12.183204199348872
tai60b,3,SK,1060,23.578801155090332,682315136.0,12.183204199348872
tai60b,3,SK,1080,24.022986888885498,682315136.0,12.183204199348872
tai60b,3,SK,1100,24.467437982559204,682315136.0,12.183204199348872
tai60b,3,SK,1120,24.91153073310852,682315136.0,12.183204199348872
tai60b,3,SK,1140,25.355971813201904,682315136.0,12.183204199348872
tai60b,3,SK,1160,25.800145387649536,682315136.0,12.183204199348872
tai60b,3,SK,1180,26.24459719657898,682315136.0,12.183204199348872
tai60b,3,SK,1200,26.688793420791626,682315136.0,12.183204199348872
tai60b,3,SK,1220,27.133208751678467,682315136.0,12.183204199348872
tai60b,3,SK,1240,27.577303409576416,682315136.0,12.183204199348872
tai60b,3,SK,1260,28.02182102203369,682315136.0,12.183204199348872
tai60b,3,SK,1280,28.46595597267151,682315136.0,12.183204199348872
tai60b,3,SK,1300,28.910404920578003,682315136.0,12.183204199348872
tai60b,3,SK,1320,29.354532718658447,682315136.0,12.183204199348872
tai60b,3,SK,1340,29.799097537994385,682315136.0,12.183204199348872
tai60b,3,SK,1360,30.243252754211426,682315136.0,12.183204199348872
tai60b,3,SK,1380,30.687713384628296,682315136.0,12.183204199348872
tai60b,3,SK,1400,31.131869792938232,682315136.0,12.183204199348872
tai60b,3,SK,1420,31.576374292373657,682315136.0,12.183204199348872
tai60b,3,SK,1440,32.02048683166504,682315136.0,12.183204199348872
tai60b,3,SK,1460,32.464923620224,682315136.0,12.183204199348872
tai60b,3,SK,1480,32.90907835960388,682315136.0,12.183204199348872
tai60b,3,SK,1500,33.35360527038574,682315136.0,12.183204199348872
tai60b,3,SK,1520,33.79775667190552,682315136.0,12.183204199348872
tai60b,3,SK,1540,34.24227833747864,682315136.0,12.183204199348872
tai60b,3,SK,1560,34.686524629592896,682315136.0,12.183204199348872
tai60b,3,SK,1580,35.1310179233551,682315136.0,12.183204199348872
tai60b,3,SK,1600,35.57518029212952,682315136.0,12.183204199348872
tai60b,3,SK,1620,36.01959848403931,682315136.0,12.183204199348872
tai60b,3,SK,1640,36.463664531707764,682107840.0,12.149121517797882
tai60b,3,SK,1660,36.90818405151367,682107840.0,12.149121517797882
tai60b,3,SK,1680,37.35222911834717,682107840.0,12.149121517797882
tai60b,3,SK,1700,37.796783447265625,682107840.0,12.149121517797882
tai60b,3,SK,1720,38.24105429649353,681836736.0,12.104547810156637
tai60b,3,SK,1740,38.68548083305359,681836736.0,12.104547810156637
tai60b,3,SK,1760,39.129640102386475,681836736.0,12.104547810156637
tai60b,3,SK,1780,39.57400941848755,681836736.0,12.104547810156637
tai60b,3,SK,1800,40.01820731163025,681836736.0,12.104547810156637
tai60b,3,SK,1820,40.46262502670288,681836736.0,12.104547810156637
tai60b,3,SK,1840,40.90671968460083,681836736.0,12.104547810156637
tai60b,3,SK,1860,41.351171016693115,681836736.0,12.104547810156637
tai60b,3,SK,1880,41.795320987701416,681836736.0,12.104547810156637
tai60b,3,SK,1900,42.23977971076965,681836736.0,12.104547810156637
tai60b,3,SK,1920,42.68385553359985,681836736.0,12.104547810156637
tai60b,3,SK,1940,43.128350019454956,681836736.0,12.104547810156637
tai60b,3,SK,1960,43.572482109069824,681836736.0,12.104547810156637
tai60b,3,SK,1980,44.01700043678284,681836736.0,12.104547810156637
tai60b,3,SK,2000,44.46108150482178,682044032.0,12.138630491707625
tai60b,4,PGD,1,0.008176565170288086,993186496.0,63.295283381788835
tai60b,4,PGD,20,0.04102587699890137,821316608.0,35.03720478447743
tai60b,4,PGD,40,0.07271289825439453,832070912.0,36.805379368331124
tai60b,4,PGD,60,0.10449910163879395,827752000.0,36.09528316607567
tai60b,4,PGD,80,0.13628482818603516,858459456.0,41.144065796174786
tai60b,4,PGD,100,0.17059993743896484,813819072.0,33.80449343498164
tai60b,4,PGD,120,0.202345609664917,830032960.0,36.47030841166914
tai60b,4,PGD,140,0.23402976989746094,882296064.0,45.06317431597147
tai60b,4,PGD,160,0.26576852798461914,867848128.0,42.6877092719905
tai60b,4,PGD,180,0.297637939453125,818288192.0,34.53928616505438
tai60b,4,PGD,200,0.32939839363098145,818322816.0,34.54497888833906
tai60b,4,PGD,220,0.3617868423461914,804777024.0,32.31784032757597
tai60b,4,PGD,240,0.3941495418548584,804727040.0,32.309622181762045
tai60b,4,PGD,260,0.42586326599121094,804727040.0,32.309622181762045
tai60b,4,PGD,280,0.4577157497406006,819479104.0,34.73509059182215
tai60b,4,PGD,300,0.48945140838623047,819479104.0,34.73509059182215
tai60b,4,PGD,320,0.5212216377258301,847032192.0,39.265246137758375
tai60b,4,PGD,340,0.5529804229736328,846952000.0,39.252061327636916
tai60b,4,PGD,360,0.5847387313842773,846952000.0,39.252061327636916
tai60b,4,PGD,380,0.6165440082550049,846952000.0,39.252061327636916
tai60b,4,PGD,400,0.6482720375061035,831865152.0,36.771549229033056
tai60b,4,PGD,420,0.6801295280456543,831865152.0,36.771549229033056
tai60b,4,PGD,440,0.7118651866912842,831865152.0,36.771549229033056
tai60b,4,PGD,460,0.7436685562133789,831865152.0,36.771549229033056
tai60b,4,PGD,480,0.7754538059234619,831865152.0,36.771549229033056
tai60b,4,PGD,500,0.8071742057800293,831865152.0,36.771549229033056
tai60b,4,PGD,520,0.8390030860900879,831865152.0,36.771549229033056
tai60b,4,PGD,540,0.8707401752471924,831865152.0,36.771549229033056
tai60b,4,PGD,560,0.9026064872741699,831865152.0,36.771549229033056
tai60b,4,PGD,580,0.934370756149292,831859776.0,36.770665331147825
tai60b,4,PGD,600,0.9660868644714355,819479104.0,34.73509059182215
tai60b,4,PGD,620,0.9979617595672607,828670336.0,36.246271865543136
tai60b,4,PGD,640,1.0297491550445557,821555072.0,35.07641196924403
tai60b,4,PGD,660,1.0616600513458252,824864320.0,35.62050373057685
tai60b,4,PGD,680,1.0934665203094482,824864320.0,35.62050373057685
tai60b,4,PGD,700,1.1251847743988037,821483584.0,35.06465823188915
tai60b,4,PGD,720,1.1570169925689697,816543680.0,34.252461301294915
tai60b,4,PGD,740,1.1887454986572266,805095168.0,32.370148141713045
tai60b,4,PGD,760,1.2205970287322998,805095168.0,32.370148141713045
tai60b,4,PGD,780,1.2523820400238037,805095168.0,32.370148141713045
tai60b,4,PGD,800,1.2841081619262695,805095168.0,32.370148141713045
tai60b,4,PGD,820,1.315903902053833,805095168.0,32.370148141713045
tai60b,4,PGD,840,1.3476040363311768,805095168.0,32.370148141713045
tai60b,4,PGD,860,1.379472017288208,805095168.0,32.370148141713045
tai60b,4,PGD,880,1.4112682342529297,805095168.0,32.370148141713045
tai60b,4,PGD,900,1.4430406093597412,805095168.0,32.370148141713045
tai60b,4,PGD,920,1.4747917652130127,805095168.0,32.370148141713045
tai60b,4,PGD,940,1.506476879119873,805095168.0,32.370148141713045
tai60b,4,PGD,960,1.5383241176605225,805095168.0,32.370148141713045
tai60b,4,PGD,980,1.5700571537017822,805095168.0,32.370148141713045
tai60b,4,PGD,1000,1.6018173694610596,805095168.0,32.370148141713045
tai60b,4,PGD,1020,1.6336076259613037,805095168.0,32.370148141713045
tai60b,4,PGD,1040,1.665320634841919,805095168.0,32.370148141713045
tai60b,4,PGD,1060,1.697134256362915,805095168.0,32.370148141713045
tai60b,4,PGD,1080,1.728837251663208,841110720.0,38.291664184951266
tai60b,4,PGD,1100,1.7605996131896973,841110720.0,38.291664184951266
tai60b,4,PGD,1120,1.7923600673675537,841110720.0,38.291664184951266
tai60b,4,PGD,1140,1.8241286277770996,841110720.0,38.291664184951266
tai60b,4,PGD,1160,1.8559086322784424,841110720.0,38.291664184951266
tai60b,4,PGD,1180,1.887610673904419,841110720.0,38.291664184951266
tai60b,4,PGD,1200,1.9194707870483398,841110720.0,38.291664184951266
tai60b,4,PGD,1220,1.951230764389038,841110720.0,38.291664184951266
tai60b,4,PGD,1240,1.9829902648925781,841110720.0,38.291664184951266
tai60b,4,PGD,1260,2.0147342681884766,841110720.0,38.291664184951266
tai60b,4,PGD,1280,2.0464394092559814,841110720.0,38.291664184951266
tai60b,4,PGD,1300,2.0783400535583496,841110720.0,38.291664184951266
tai60b,4,PGD,1320,2.1100809574127197,841110720.0,38.291664184951266
tai60b,4,PGD,1340,2.141874313354492,841110720.0,38.291664184951266
tai60b,4,PGD,1360,2.1735925674438477,841110720.0,38.291664184951266
tai60b,4,PGD,1380,2.2052998542785645,841110720.0,38.291664184951266
tai60b,4,PGD,1400,2.2371246814727783,841082816.0,38.287076334023126
tai60b,4,PGD,1420,2.2688369750976562,841082816.0,38.287076334023126
tai60b,4,PGD,1440,2.3007233142852783,841082816.0,38.287076334023126
tai60b,4,PGD,1460,2.332526683807373,841082816.0,38.287076334023126
tai60b,4,PGD,1480,2.3643293380737305,841082816.0,38.287076334023126
tai60b,4,PGD,1500,2.3961408138275146,841082816.0,38.287076334023126
tai60b,4,PGD,1520,2.4278757572174072,841082816.0,38.287076334023126
tai60b,4,PGD,1540,2.459764003753662,841082816.0,38.287076334023126
tai60b,4,PGD,1560,2.491536855697632,841082816.0,38.287076334023126
tai60b,4,PGD,1580,2.523315668106079,841082816.0,38.287076334023126
tai60b,4,PGD,1600,2.555088520050049,841082816.0,38.287076334023126
tai60b,4,PGD,1620,2.5868239402770996,841082816.0,38.287076334023126
tai60b,4,PGD,1640,2.618633508682251,841082816.0,38.287076334023126
tai60b,4,PGD,1660,2.650387763977051,841082816.0,38.287076334023126
tai60b,4,PGD,1680,2.6822640895843506,841082816.0,38.287076334023126
tai60b,4,PGD,1700,2.714066505432129,841082816.0,38.287076334023126
tai60b,4,PGD,1720,2.745828866958618,841082816.0,38.287076334023126
tai60b,4,PGD,1740,2.7776875495910645,841082816.0,38.287076334023126
tai60b,4,PGD,1760,2.8094642162323,841082816.0,38.287076334023126
tai60b,4,PGD,1780,2.8412256240844727,841082816.0,38.287076334023126
tai60b,4,PGD,1800,2.8729493618011475,841082816.0,38.287076334023126
tai60b,4,PGD,1820,2.904682159423828,841082816.0,38.287076334023126
tai60b,4,PGD,1840,2.936539649963379,841082816.0,38.287076334023126
tai60b,4,PGD,1860,2.968226432800293,841082816.0,38.287076334023126
tai60b,4,PGD,1880,3.000000476837158,841082816.0,38.287076334023126
tai60b,4,PGD,1900,3.0316929817199707,841082816.0,38.287076334023126
tai60b,4,PGD,1920,3.0634360313415527,841082816.0,38.287076334023126
tai60b,4,PGD,1940,3.095223903656006,841082816.0,38.287076334023126
tai60b,4,PGD,1960,3.1269516944885254,841082816.0,38.287076334023126
tai60b,4,PGD,1980,3.1587634086608887,841082816.0,38.287076334023126
tai60b,4,PGD,2000,3.190455198287964,841082816.0,38.287076334023126
tai60b,4,SK,1,0.032633304595947266,1015134592.0,66.90389120161436
tai60b,4,SK,20,0.4569566249847412,836475712.0,37.52959689156263
tai60b,4,SK,40,0.9034790992736816,806294976.0,32.56741520902901
tai60b,4,SK,60,1.348548173904419,774878080.0,27.401989625860196
tai60b,4,SK,80,1.7930383682250977,723803072.0,19.00446515419528
tai60b,4,SK,100,2.2378692626953125,690034560.0,13.452397381798445
tai60b,4,SK,120,2.682396650314331,671005184.0,10.323672455499597
tai60b,4,SK,140,3.127215623855591,662307904.0,8.893704561281709
tai60b,4,SK,160,3.5720489025115967,658506880.0,8.268757188637425
tai60b,4,SK,180,4.016769886016846,658047744.0,8.193268100200623
tai60b,4,SK,200,4.461609840393066,655567488.0,7.785475497290141
tai60b,4,SK,220,4.906259059906006,643151872.0,5.744155421710427
tai60b,4,SK,240,5.351332426071167,643062528.0,5.729465880665295
tai60b,4,SK,260,5.795835733413696,640270144.0,5.270354587441698
tai60b,4,SK,280,6.240860939025879,639976320.0,5.222045358975938
tai60b,4,SK,300,6.685473918914795,637926528.0,4.885027722447659
tai60b,4,SK,320,7.130504846572876,637842944.0,4.871285214850996
tai60b,4,SK,340,7.574470043182373,638539328.0,4.985781558770822
tai60b,4,SK,360,8.018787860870361,638326208.0,4.950741321177492
tai60b,4,SK,380,8.462878465652466,638028608.0,4.901811259673293
tai60b,4,SK,400,8.907777547836304,637563328.0,4.825312002224792
tai60b,4,SK,420,9.352432012557983,637016000.0,4.735322779432552
tai60b,4,SK,440,9.797474384307861,636671488.0,4.678679656620272
tai60b,4,SK,460,10.241472959518433,636671488.0,4.678679656620272
tai60b,4,SK,480,10.685873746871948,636671488.0,4.678679656620272
tai60b,4,SK,500,11.130518436431885,636612224.0,4.668935734694919
tai60b,4,SK,520,11.575569152832031,636464512.0,4.644649588038641
tai60b,4,SK,540,12.019571542739868,636464512.0,4.644649588038641
tai60b,4,SK,560,12.464048147201538,637161536.0,4.759251157897187
tai60b,4,SK,580,12.907975912094116,665659456.0,9.44475175716384
tai60b,4,SK,600,13.352387189865112,649437440.0,6.777600411054607
tai60b,4,SK,620,13.79646897315979,650823680.0,7.00551979431933
tai60b,4,SK,640,14.240886211395264,676851712.0,11.284932450882742
tai60b,4,SK,660,14.684837818145752,685847168.0,12.763925109949678
tai60b,4,SK,680,15.129227638244629,657293312.0,8.06922776363901
tai60b,4,SK,700,15.573171854019165,685938432.0,12.778930328810967
tai60b,4,SK,720,16.01758098602295,685938432.0,12.778930328810967
tai60b,4,SK,740,16.461514472961426,685952000.0,12.781161118711804
tai60b,4,SK,760,16.905882120132446,685952000.0,12.781161118711804
tai60b,4,SK,780,17.349852323532104,685952000.0,12.781161118711804
tai60b,4,SK,800,17.79426860809326,683951488.0,12.452245879464865
tai60b,4,SK,820,18.238187074661255,683951488.0,12.452245879464865
tai60b,4,SK,840,18.682629346847534,684195456.0,12.492358007304436
tai60b,4,SK,860,19.126603364944458,669157888.0,10.019948305981917
tai60b,4,SK,880,19.570929288864136,669157888.0,10.019948305981917
tai60b,4,SK,900,20.01486873626709,669157888.0,10.019948305981917
tai60b,4,SK,920,20.45928406715393,669157888.0,10.019948305981917
tai60b,4,SK,940,20.903189182281494,669443456.0,10.066900119838204
tai60b,4,SK,960,21.347618103027344,682341312.0,12.187507940242465
tai60b,4,SK,980,21.791538953781128,682341312.0,12.187507940242465
tai60b,4,SK,1000,22.235873460769653,682341312.0,12.187507940242465
tai60b,4,SK,1020,22.679927110671997,682315136.0,12.183204199348872
tai60b,4,SK,1040,23.124252319335938,682315136.0,12.183204199348872
tai60b,4,SK,1060,23.56810760498047,682315136.0,12.183204199348872
tai60b,4,SK,1080,24.01242470741272,682315136.0,12.183204199348872
tai60b,4,SK,1100,24.456417322158813,682315136.0,12.183204199348872
tai60b,4,SK,1120,24.900782108306885,682315136.0,12.183204199348872
tai60b,4,SK,1140,25.344752311706543,682315136.0,12.183204199348872
tai60b,4,SK,1160,25.789026498794556,682315136.0,12.183204199348872
tai60b,4,SK,1180,26.233052730560303,682315136.0,12.183204199348872
tai60b,4,SK,1200,26.67729878425598,682315136.0,12.183204199348872
tai60b,4,SK,1220,27.12122893333435,682315136.0,12.183204199348872
tai60b,4,SK,1240,27.56543731689453,682315136.0,12.183204199348872
tai60b,4,SK,1260,28.00940227508545,682315136.0,12.183204199348872
tai60b,4,SK,1280,28.453611850738525,682315136.0,12.183204199348872
tai60b,4,SK,1300,28.89766240119934,682315136.0,12.183204199348872
tai60b,4,SK,1320,29.34207272529602,682315136.0,12.183204199348872
tai60b,4,SK,1340,29.786004066467285,682315136.0,12.183204199348872
tai60b,4,SK,1360,30.230478525161743,682315136.0,12.183204199348872
tai60b,4,SK,1380,30.67438530921936,682315136.0,12.183204199348872
tai60b,4,SK,1400,31.118804454803467,682315136.0,12.183204199348872
tai60b,4,SK,1420,31.562752962112427,682315136.0,12.183204199348872
tai60b,4,SK,1440,32.00711703300476,682315136.0,12.183204199348872
tai60b,4,SK,1460,32.45129084587097,682315136.0,12.183204199348872
tai60b,4,SK,1480,32.8956298828125,682315136.0,12.183204199348872
tai60b,4,SK,1500,33.339632987976074,682315136.0,12.183204199348872
tai60b,4,SK,1520,33.78397345542908,682315136.0,12.183204199348872
tai60b,4,SK,1540,34.22790026664734,682315136.0,12.183204199348872
tai60b,4,SK,1560,34.67227578163147,682315136.0,12.183204199348872
tai60b,4,SK,1580,35.11630082130432,682315136.0,12.183204199348872
tai60b,4,SK,1600,35.56068754196167,682315136.0,12.183204199348872
tai60b,4,SK,1620,36.00466060638428,682315136.0,12.183204199348872
tai60b,4,SK,1640,36.44905757904053,682107840.0,12.149121517797882
tai60b,4,SK,1660,36.893049001693726,682107840.0,12.149121517797882
tai60b,4,SK,1680,37.337454080581665,682107840.0,12.149121517797882
tai60b,4,SK,1700,37.78145170211792,682107840.0,12.149121517797882
tai60b,4,SK,1720,38.22575116157532,681836736.0,12.104547810156637
tai60b,4,SK,1740,38.6697518825531,681836736.0,12.104547810156637
tai60b,4,SK,1760,39.11422038078308,681836736.0,12.104547810156637
tai60b,4,SK,1780,39.55812907218933,681836736.0,12.104547810156637
tai60b,4,SK,1800,40.00248599052429,681836736.0,12.104547810156637
tai60b,4,SK,1820,40.446508169174194,681836736.0,12.104547810156637
tai60b,4,SK,1840,40.890859842300415,681836736.0,12.104547810156637
tai60b,4,SK,1860,41.33487892150879,681836736.0,12.104547810156637
tai60b,4,SK,1880,41.779242753982544,681836736.0,12.104547810156637
tai60b,4,SK,1900,42.22318434715271,681836736.0,12.104547810156637
tai60b,4,SK,1920,42.667558670043945,681836736.0,12.104547810156637
tai60b,4,SK,1940,43.11153984069824,681836736.0,12.104547810156637
tai60b,4,SK,1960,43.55596423149109,681836736.0,12.104547810156637
tai60b,4,SK,1980,44.0000262260437,681836736.0,12.104547810156637
tai60b,4,SK,2000,44.44445300102234,682044032.0,12.138630491707625
tai80b,0,PGD,1,0.009581804275512695,1174461696.0,43.50441210059723
tai80b,0,PGD,20,0.03473401069641113,1161253120.0,41.890490641922376
tai80b,0,PGD,40,0.06082892417907715,1140597888.0,39.36668170455415
tai80b,0,PGD,60,0.08549380302429199,1139176064.0,39.19295273755129
tai80b,0,PGD,80,0.10965228080749512,1150152704.0,40.53415975639636
tai80b,0,PGD,100,0.13424444198608398,1130056960.0,38.07871319882374
tai80b,0,PGD,120,0.15838027000427246,1130254592.0,38.1028613375573
tai80b,0,PGD,140,0.18300819396972656,1124593280.0,37.41112038674978
tai80b,0,PGD,160,0.20720362663269043,1126216960.0,37.609513612031684
tai80b,0,PGD,180,0.2313387393951416,1125543680.0,37.527247284480815
tai80b,0,PGD,200,0.2554917335510254,1125836032.0,37.56296901302192
tai80b,0,PGD,220,0.2796645164489746,1125137920.0,37.47766852814312
tai80b,0,PGD,240,0.30385875701904297,1125191680.0,37.48423732235821
tai80b,0,PGD,260,0.328000545501709,1125191680.0,37.48423732235821
tai80b,0,PGD,280,0.3521299362182617,1125191680.0,37.48423732235821
tai80b,0,PGD,300,0.3762519359588623,1124820224.0,37.438850082329196
tai80b,0,PGD,320,0.40048933029174805,1124803584.0,37.436816884119764
tai80b,0,PGD,340,0.4246835708618164,1124803584.0,37.436816884119764
tai80b,0,PGD,360,0.4488232135772705,1124803584.0,37.436816884119764
tai80b,0,PGD,380,0.4729599952697754,1124803584.0,37.436816884119764
tai80b,0,PGD,400,0.4970729351043701,1124820224.0,37.438850082329196
tai80b,0,PGD,420,0.5212817192077637,1124820224.0,37.438850082329196
tai80b,0,PGD,440,0.5454673767089844,1124803584.0,37.436816884119764
tai80b,0,PGD,460,0.5696132183074951,1124820224.0,37.438850082329196
tai80b,0,PGD,480,0.5937440395355225,1124803584.0,37.436816884119764
tai80b,0,PGD,500,0.6178836822509766,1124820224.0,37.438850082329196
tai80b,0,PGD,520,0.6421024799346924,1124803584.0,37.436816884119764
tai80b,0,PGD,540,0.6662881374359131,1125022592.0,37.463576900553136
tai80b,0,PGD,560,0.6904268264770508,1125022592.0,37.463576900553136
tai80b,0,PGD,580,0.7145862579345703,1125022592.0,37.463576900553136
tai80b,0,PGD,600,0.7387516498565674,1125029888.0,37.46446837976804
tai80b,0,PGD,620,0.7629642486572266,1125022592.0,37.463576900553136
tai80b,0,PGD,640,0.7870917320251465,1125022592.0,37.463576900553136
tai80b,0,PGD,660,0.8112337589263916,1125022592.0,37.463576900553136
tai80b,0,PGD,680,0.8353619575500488,1125022592.0,37.463576900553136
tai80b,0,PGD,700,0.8595330715179443,1125022592.0,37.463576900553136
tai80b,0,PGD,720,0.8836855888366699,1125029888.0,37.46446837976804
tai80b,0,PGD,740,0.9078211784362793,1125022592.0,37.463576900553136
tai80b,0,PGD,760,0.931969165802002,1125022592.0,37.463576900553136
tai80b,0,PGD,780,0.9561357498168945,1125022592.0,37.463576900553136
tai80b,0,PGD,800,0.9803862571716309,1125029888.0,37.46446837976804
tai80b,0,PGD,820,1.0045957565307617,1125029888.0,37.46446837976804
tai80b,0,PGD,840,1.028719186782837,1125029888.0,37.46446837976804
tai80b,0,PGD,860,1.05283522605896,1125022592.0,37.463576900553136
tai80b,0,PGD,880,1.076944351196289,1125029888.0,37.46446837976804
tai80b,0,PGD,900,1.1011273860931396,1125022592.0,37.463576900553136
tai80b,0,PGD,920,1.1252617835998535,1125029888.0,37.46446837976804
tai80b,0,PGD,940,1.149397850036621,1125022592.0,37.463576900553136
tai80b,0,PGD,960,1.173539161682129,1125022592.0,37.463576900553136
tai80b,0,PGD,980,1.1976749897003174,1125029888.0,37.46446837976804
tai80b,0,PGD,1000,1.2218835353851318,1125029888.0,37.46446837976804
tai80b,0,PGD,1020,1.2460405826568604,1125022592.0,37.463576900553136
tai80b,0,PGD,1040,1.2701704502105713,1125029888.0,37.46446837976804
tai80b,0,PGD,1060,1.294323444366455,1125022592.0,37.463576900553136
tai80b,0,PGD,1080,1.3184847831726074,1125022592.0,37.463576900553136
tai80b,0,PGD,1100,1.3426849842071533,1125022592.0,37.463576900553136
tai80b,0,PGD,1120,1.366830825805664,1125029888.0,37.46446837976804
tai80b,0,PGD,1140,1.3909695148468018,1125022592.0,37.463576900553136
tai80b,0,PGD,1160,1.4150960445404053,1125029888.0,37.46446837976804
tai80b,0,PGD,1180,1.4392402172088623,1125022592.0,37.463576900553136
tai80b,0,PGD,1200,1.463402271270752,1125022592.0,37.463576900553136
tai80b,0,PGD,1220,1.4875459671020508,1125022592.0,37.463576900553136
tai80b,0,PGD,1240,1.511685848236084,1125029888.0,37.46446837976804
tai80b,0,PGD,1260,1.535834789276123,1125022592.0,37.463576900553136
tai80b,0,PGD,1280,1.5600545406341553,1125029888.0,37.46446837976804
tai80b,0,PGD,1300,1.5842506885528564,1125022592.0,37.463576900553136
tai80b,0,PGD,1320,1.608386516571045,1125022592.0,37.463576900553136
tai80b,0,PGD,1340,1.6325263977050781,1125029888.0,37.46446837976804
tai80b,0,PGD,1360,1.6566517353057861,1125022592.0,37.463576900553136
tai80b,0,PGD,1380,1.680877685546875,1125022592.0,37.463576900553136
tai80b,0,PGD,1400,1.7050421237945557,1125022592.0,37.463576900553136
tai80b,0,PGD,1420,1.729219675064087,1125029888.0,37.46446837976804
tai80b,0,PGD,1440,1.753366470336914,1125029888.0,37.46446837976804
tai80b,0,PGD,1460,1.7775094509124756,1125022592.0,37.463576900553136
tai80b,0,PGD,1480,1.8017187118530273,1125022592.0,37.463576900553136
tai80b,0,PGD,1500,1.8258585929870605,1125029888.0,37.46446837976804
tai80b,0,PGD,1520,1.8499910831451416,1125029888.0,37.46446837976804
tai80b,0,PGD,1540,1.8741004467010498,1125029888.0,37.46446837976804
tai80b,0,PGD,1560,1.8982326984405518,1125022592.0,37.463576900553136
tai80b,0,PGD,1580,1.9224445819854736,1125022592.0,37.463576900553136
tai80b,0,PGD,1600,1.9465904235839844,1125029888.0,37.46446837976804
tai80b,0,PGD,1620,1.9707117080688477,1125029888.0,37.46446837976804
tai80b,0,PGD,1640,1.9948515892028809,1125022592.0,37.463576900553136
tai80b,0,PGD,1660,2.019009828567505,1125029888.0,37.46446837976804
tai80b,0,PGD,1680,2.043229341506958,1125029888.0,37.46446837976804
tai80b,0,PGD,1700,2.067401170730591,1125029888.0,37.46446837976804
tai80b,0,PGD,1720,2.091536521911621,1125022592.0,37.463576900553136
tai80b,0,PGD,1740,2.1156511306762695,1124853632.0,37.442932118734284
tai80b,0,PGD,1760,2.1398632526397705,1125022592.0,37.463576900553136
tai80b,0,PGD,1780,2.164064645767212,1125022592.0,37.463576900553136
tai80b,0,PGD,1800,2.1882057189941406,1125022592.0,37.463576900553136
tai80b,0,PGD,1820,2.212381362915039,1125022592.0,37.463576900553136
tai80b,0,PGD,1840,2.2365055084228516,1125022592.0,37.463576900553136
tai80b,0,PGD,1860,2.2607181072235107,1125022592.0,37.463576900553136
tai80b,0,PGD,1880,2.2848968505859375,1125022592.0,37.463576900553136
tai80b,0,PGD,1900,2.3090479373931885,1125022592.0,37.463576900553136
tai80b,0,PGD,1920,2.3331902027130127,1125022592.0,37.463576900553136
tai80b,0,PGD,1940,2.3573553562164307,1125022592.0,37.463576900553136
tai80b,0,PGD,1960,2.3815605640411377,1124853632.0,37.442932118734284
tai80b,0,PGD,1980,2.405688762664795,1124853632.0,37.442932118734284
tai80b,0,PGD,2000,2.4297919273376465,1124853632.0,37.442932118734284
tai80b,0,PGD,2020,2.4539103507995605,1124853632.0,37.442932118734284
tai80b,0,PGD,2040,2.4780406951904297,1124853632.0,37.442932118734284
tai80b,0,PGD,2060,2.502256393432617,1124853632.0,37.442932118734284
tai80b,0,PGD,2080,2.526409387588501,1124795648.0,37.43584720497372
tai80b,0,PGD,2100,2.5505738258361816,1124853632.0,37.442932118734284
tai80b,0,PGD,2120,2.5747430324554443,1124853632.0,37.442932118734284
tai80b,0,PGD,2140,2.5989034175872803,1124853632.0,37.442932118734284
tai80b,0,PGD,2160,2.6230628490448,1124853632.0,37.442932118734284
tai80b,0,PGD,2180,2.6471903324127197,1124795648.0,37.43584720497372
tai80b,0,PGD,2200,2.671308755874634,1124853632.0,37.442932118734284
tai80b,0,PGD,2220,2.6954526901245117,1124853632.0,37.442932118734284
tai80b,0,PGD,2240,2.7196731567382812,1124795648.0,37.43584720497372
tai80b,0,PGD,2260,2.7438642978668213,1124795648.0,37.43584720497372
tai80b,0,PGD,2280,2.7679998874664307,1124795648.0,37.43584720497372
tai80b,0,PGD,2300,2.7921345233917236,1124795648.0,37.43584720497372
tai80b,0,PGD,2320,2.8163092136383057,1124853632.0,37.442932118734284
tai80b,0,PGD,2340,2.8405392169952393,1124795648.0,37.43584720497372
tai80b,0,PGD,2360,2.864670753479004,1124853632.0,37.442932118734284
tai80b,0,PGD,2380,2.8888134956359863,1124853632.0,37.442932118734284
tai80b,0,PGD,2400,2.9129257202148438,1124853632.0,37.442932118734284
tai80b,0,PGD,2420,2.9370408058166504,1124795648.0,37.43584720497372
tai80b,0,PGD,2440,2.9612505435943604,1124853632.0,37.442932118734284
tai80b,0,PGD,2460,2.985417604446411,1124795648.0,37.43584720497372
tai80b,0,PGD,2480,3.009552240371704,1124853632.0,37.442932118734284
tai80b,0,PGD,2500,3.033719062805176,1124853632.0,37.442932118734284
tai80b,0,SK,1,0.023468732833862305,1168902016.0,42.82508929885347
tai80b,0,SK,20,0.3013041019439697,1095718144.0,33.88294281389449
tai80b,0,SK,40,0.5938851833343506,1048531072.0,28.117277531517708
tai80b,0,SK,60,0.8861384391784668,967937216.0,18.26972442391922
tai80b,0,SK,80,1.1789088249206543,926639488.0,13.223662727812298
tai80b,0,SK,100,1.4711177349090576,918577536.0,12.238593835328611
tai80b,0,SK,120,1.7640538215637207,897513856.0,9.664877701911937
tai80b,0,SK,140,2.0564072132110596,891389184.0,8.91652000096484
tai80b,0,SK,160,2.349287986755371,878634112.0,7.358011013490132
tai80b,0,SK,180,2.6416878700256348,873305216.0,6.706887106912573
tai80b,0,SK,200,2.934631586074829,867576448.0,6.006903883363737
tai80b,0,SK,220,3.2265255451202393,868201664.0,6.083297396086597
tai80b,0,SK,240,3.5187177658081055,890597888.0,8.819833606113225
tai80b,0,SK,260,3.8106460571289062,874197120.0,6.815866530938141
tai80b,0,SK,280,4.102854013442993,873799296.0,6.767257453746485
tai80b,0,SK,300,4.394761800765991,872896640.0,6.656964270877899
tai80b,0,SK,320,4.687416315078735,860337152.0,5.122353182357133
tai80b,0,SK,340,4.979790925979614,859260928.0,4.9908521781655475
tai80b,0,SK,360,5.271970510482788,861966656.0,5.321458027012341
tai80b,0,SK,380,5.563927412033081,869188352.0,6.203858229912814
tai80b,0,SK,400,5.85615611076355,869149824.0,6.1991505940586675
tai80b,0,SK,420,6.148062705993652,874711808.0,6.878754915554502
tai80b,0,SK,440,6.440301179885864,874627968.0,6.86851072457621
tai80b,0,SK,460,6.732154846191406,874627968.0,6.86851072457621
tai80b,0,SK,480,7.024344205856323,874571904.0,6.861660410609045
tai80b,0,SK,500,7.316288948059082,874577152.0,6.862301650044328
tai80b,0,SK,520,7.608410835266113,874605568.0,6.865773726986589
tai80b,0,SK,540,7.900301456451416,874709376.0,6.878457755816202
tai80b,0,SK,560,8.192472457885742,876161280.0,7.055862119582276
tai80b,0,SK,580,8.484413146972656,875955712.0,7.030744301702676
tai80b,0,SK,600,8.776728630065918,875955712.0,7.030744301702676
tai80b,0,SK,620,9.068662166595459,885947904.0,8.251664186480502
tai80b,0,SK,640,9.360796213150024,896017664.0,9.482061902911527
tai80b,0,SK,660,9.652745008468628,915328768.0,11.841635344916309
tai80b,0,SK,680,9.944982528686523,886393920.0,8.306161718486399
tai80b,0,SK,700,10.236824989318848,886393920.0,8.306161718486399
tai80b,0,SK,720,10.528928756713867,879930112.0,7.51636587403245
tai80b,0,SK,740,10.820903062820435,879532928.0,7.467834996771925
tai80b,0,SK,760,11.113070726394653,879551744.0,7.4701340747472065
tai80b,0,SK,780,11.404922246932983,877328384.0,7.198467513994608
tai80b,0,SK,800,11.697033166885376,882162688.0,7.78915851379335
tai80b,0,SK,820,11.98889970779419,880029568.0,7.528518143330364
tai80b,0,SK,840,12.28113341331482,887682368.0,8.463593819841359
tai80b,0,SK,860,12.573051929473877,887682368.0,8.463593819841359
tai80b,0,SK,880,12.865190982818604,892915264.0,9.102987736749116
tai80b,0,SK,900,13.157215595245361,890165760.0,8.767033012612893
tai80b,0,SK,920,13.44930648803711,886402176.0,8.307170497598001
tai80b,0,SK,940,13.741151094436646,885886080.0,8.24411007313315
tai80b,0,SK,960,14.033313989639282,885905664.0,8.246502991025789
tai80b,0,SK,980,14.325046300888062,885905664.0,8.246502991025789
tai80b,0,SK,1000,14.617209434509277,885905664.0,8.246502991025789
tai80b,0,SK,1020,14.909109115600586,886257664.0,8.289512953148394
tai80b,0,SK,1040,15.201130628585815,912950528.0,11.551044400829763
tai80b,0,SK,1060,15.49301290512085,912950528.0,11.551044400829763
tai80b,0,SK,1080,15.785086631774902,912950528.0,11.551044400829763
tai80b,0,SK,1100,16.07700800895691,912950528.0,11.551044400829763
tai80b,0,SK,1120,16.36918306350708,912947584.0,11.550684681146556
tai80b,0,SK,1140,16.661000728607178,912947584.0,11.550684681146556
tai80b,0,SK,1160,16.953031539916992,912947584.0,11.550684681146556
tai80b,0,SK,1180,17.244842052459717,912947584.0,11.550684681146556
tai80b,0,SK,1200,17.536969423294067,911786432.0,11.408806546093754
tai80b,0,SK,1220,17.828864574432373,878529472.0,7.345225324750048
tai80b,0,SK,1240,18.121020555496216,912199296.0,11.459253321667012
tai80b,0,SK,1260,18.412855625152588,913526528.0,11.621424338848572
tai80b,0,SK,1280,18.704853534698486,913508608.0,11.619234740776875
tai80b,0,SK,1300,18.99665403366089,915164736.0,11.821592702567173
tai80b,0,SK,1320,19.288784980773926,915164736.0,11.821592702567173
tai80b,0,SK,1340,19.58064913749695,915079232.0,11.811145191767938
tai80b,0,SK,1360,19.872776985168457,915079232.0,11.811145191767938
tai80b,0,SK,1380,20.16460418701172,915079232.0,11.811145191767938
tai80b,0,SK,1400,20.45671010017395,915079232.0,11.811145191767938
tai80b,0,SK,1420,20.74854063987732,915173632.0,11.822679681609909
tai80b,0,SK,1440,21.040661573410034,915173632.0,11.822679681609909
tai80b,0,SK,1460,21.332605361938477,915173632.0,11.822679681609909
tai80b,0,SK,1480,21.624714851379395,915173632.0,11.822679681609909
tai80b,0,SK,1500,21.916643142700195,915173632.0,11.822679681609909
tai80b,0,SK,1520,22.20873236656189,915079232.0,11.811145191767938
tai80b,0,SK,1540,22.50064730644226,915079232.0,11.811145191767938
tai80b,0,SK,1560,22.79290533065796,915079232.0,11.811145191767938
tai80b,0,SK,1580,23.084673166275024,915079232.0,11.811145191767938
tai80b,0,SK,1600,23.37684416770935,915079232.0,11.811145191767938
tai80b,0,SK,1620,23.668760299682617,915079232.0,11.811145191767938
tai80b,0,SK,1640,23.960804224014282,915079232.0,11.811145191767938
tai80b,0,SK,1660,24.252607583999634,915079232.0,11.811145191767938
tai80b,0,SK,1680,24.54466485977173,915079232.0,11.811145191767938
tai80b,0,SK,1700,24.83648371696472,915079232.0,11.811145191767938
tai80b,0,SK,1720,25.128506422042847,915079232.0,11.811145191767938
tai80b,0,SK,1740,25.420328378677368,915079232.0,11.811145191767938
tai80b,0,SK,1760,25.71251678466797,915079232.0,11.811145191767938
tai80b,0,SK,1780,26.004384756088257,915079232.0,11.811145191767938
tai80b,0,SK,1800,26.296409130096436,915079232.0,11.811145191767938
tai80b,0,SK,1820,26.588191032409668,915079232.0,11.811145191767938
tai80b,0,SK,1840,26.880293607711792,915079232.0,11.811145191767938
tai80b,0,SK,1860,27.172118663787842,915079232.0,11.811145191767938
tai80b,0,SK,1880,27.464247465133667,915079232.0,11.811145191767938
tai80b,0,SK,1900,27.7560031414032,915079232.0,11.811145191767938
tai80b,0,SK,1920,28.048118829727173,915079232.0,11.811145191767938
tai80b,0,SK,1940,28.339978456497192,915079232.0,11.811145191767938
tai80b,0,SK,1960,28.632108449935913,915079232.0,11.811145191767938
tai80b,0,SK,1980,28.923993825912476,915079232.0,11.811145191767938
tai80b,0,SK,2000,29.216049432754517,915079232.0,11.811145191767938
tai80b,0,SK,2020,29.50791311264038,915079232.0,11.811145191767938
tai80b,0,SK,2040,29.800005197525024,915079232.0,11.811145191767938
tai80b,0,SK,2060,30.091890573501587,915079232.0,11.811145191767938
tai80b,0,SK,2080,30.38394808769226,915079232.0,11.811145191767938
tai80b,0,SK,2100,30.675835609436035,915079232.0,11.811145191767938
tai80b,0,SK,2120,30.967880487442017,915079232.0,11.811145191767938
tai80b,0,SK,2140,31.259655237197876,915079232.0,11.811145191767938
tai80b,0,SK,2160,31.551716804504395,915079232.0,11.811145191767938
tai80b,0,SK,2180,31.843605279922485,915079232.0,11.811145191767938
tai80b,0,SK,2200,32.13568639755249,915079232.0,11.811145191767938
tai80b,0,SK,2220,32.42755603790283,886347776.0,8.300523503451782
tai80b,0,SK,2240,32.71969437599182,909581184.0,11.139353043392191
tai80b,0,SK,2260,33.01169228553772,902258496.0,10.244612891359086
tai80b,0,SK,2280,33.30382251739502,896289920.0,9.515328153615084
tai80b,0,SK,2300,33.59567093849182,896289920.0,9.515328153615084
tai80b,0,SK,2320,33.88783502578735,896365952.0,9.524618305433567
tai80b,0,SK,2340,34.17968559265137,896365952.0,9.524618305433567
tai80b,0,SK,2360,34.47181010246277,902312064.0,10.251158225594835
tai80b,0,SK,2380,34.76361417770386,902312064.0,10.251158225594835
tai80b,0,SK,2400,35.05570697784424,902312064.0,10.251158225594835
tai80b,0,SK,2420,35.347639322280884,902312064.0,10.251158225594835
tai80b,0,SK,2440,35.63974976539612,902312064.0,10.251158225594835
tai80b,0,SK,2460,35.93154430389404,902312064.0,10.251158225594835
tai80b,0,SK,2480,36.22363352775574,902312064.0,10.251158225594835
tai80b,0,SK,2500,36.51541519165039,902312064.0,10.251158225594835
tai80b,1,PGD,1,0.007170915603637695,1174461696.0,43.50441210059723
tai80b,1,PGD,20,0.030857086181640625,1161253120.0,41.890490641922376
tai80b,1,PGD,40,0.05544567108154297,1140597888.0,39.36668170455415
tai80b,1,PGD,60,0.08005952835083008,1139176064.0,39.19295273755129
tai80b,1,PGD,80,0.10428142547607422,1150152704.0,40.53415975639636
tai80b,1,PGD,100,0.12884855270385742,1130056960.0,38.07871319882374
tai80b,1,PGD,120,0.15295839309692383,1130254592.0,38.1028613375573
tai80b,1,PGD,140,0.17753100395202637,1124593280.0,37.41112038674978
tai80b,1,PGD,160,0.20175814628601074,1126216960.0,37.609513612031684
tai80b,1,PGD,180,0.2259364128112793,1125543680.0,37.527247284480815
tai80b,1,PGD,200,0.25003623962402344,1125836032.0,37.56296901302192
tai80b,1,PGD,220,0.2741515636444092,1125137920.0,37.47766852814312
tai80b,1,PGD,240,0.2982649803161621,1125191680.0,37.48423732235821
tai80b,1,PGD,260,0.32246875762939453,1125191680.0,37.48423732235821
tai80b,1,PGD,280,0.3466014862060547,1125191680.0,37.48423732235821
tai80b,1,PGD,300,0.3707239627838135,1124820224.0,37.438850082329196
tai80b,1,PGD,320,0.3948345184326172,1124803584.0,37.436816884119764
tai80b,1,PGD,340,0.41896486282348633,1124803584.0,37.436816884119764
tai80b,1,PGD,360,0.4431722164154053,1124803584.0,37.436816884119764
tai80b,1,PGD,380,0.4673306941986084,1124803584.0,37.436816884119764
tai80b,1,PGD,400,0.491485595703125,1124820224.0,37.438850082329196
tai80b,1,PGD,420,0.5156192779541016,1124820224.0,37.438850082329196
tai80b,1,PGD,440,0.5397779941558838,1124803584.0,37.436816884119764
tai80b,1,PGD,460,0.5639808177947998,1124820224.0,37.438850082329196
tai80b,1,PGD,480,0.5881147384643555,1124803584.0,37.436816884119764
tai80b,1,PGD,500,0.6122331619262695,1124820224.0,37.438850082329196
tai80b,1,PGD,520,0.6363523006439209,1124803584.0,37.436816884119764
tai80b,1,PGD,540,0.6604866981506348,1125022592.0,37.463576900553136
tai80b,1,PGD,560,0.6846041679382324,1125022592.0,37.463576900553136
tai80b,1,PGD,580,0.7087531089782715,1125022592.0,37.463576900553136
tai80b,1,PGD,600,0.7328476905822754,1125029888.0,37.46446837976804
tai80b,1,PGD,620,0.7569990158081055,1125022592.0,37.463576900553136
tai80b,1,PGD,640,0.7811994552612305,1125022592.0,37.463576900553136
tai80b,1,PGD,660,0.8053889274597168,1125022592.0,37.463576900553136
tai80b,1,PGD,680,0.8295361995697021,1125022592.0,37.463576900553136
tai80b,1,PGD,700,0.8536500930786133,1125022592.0,37.463576900553136
tai80b,1,PGD,720,0.877774715423584,1125029888.0,37.46446837976804
tai80b,1,PGD,740,0.9019789695739746,1125022592.0,37.463576900553136
tai80b,1,PGD,760,0.926123857498169,1125022592.0,37.463576900553136
tai80b,1,PGD,780,0.9502289295196533,1125022592.0,37.463576900553136
tai80b,1,PGD,800,0.9743332862854004,1125029888.0,37.46446837976804
tai80b,1,PGD,820,0.9984614849090576,1125029888.0,37.46446837976804
tai80b,1,PGD,840,1.0226402282714844,1125029888.0,37.46446837976804
tai80b,1,PGD,860,1.046797275543213,1125022592.0,37.463576900553136
tai80b,1,PGD,880,1.0709025859832764,1125029888.0,37.46446837976804
tai80b,1,PGD,900,1.0950143337249756,1125022592.0,37.463576900553136
tai80b,1,PGD,920,1.1191613674163818,1125029888.0,37.46446837976804
tai80b,1,PGD,940,1.143392562866211,1125022592.0,37.463576900553136
tai80b,1,PGD,960,1.1675126552581787,1125022592.0,37.463576900553136
tai80b,1,PGD,980,1.1916544437408447,1125029888.0,37.46446837976804
tai80b,1,PGD,1000,1.215759515762329,1125029888.0,37.46446837976804
tai80b,1,PGD,1020,1.2399158477783203,1125022592.0,37.463576900553136
tai80b,1,PGD,1040,1.2640504837036133,1125029888.0,37.46446837976804
tai80b,1,PGD,1060,1.2881531715393066,1125022592.0,37.463576900553136
tai80b,1,PGD,1080,1.3122429847717285,1125022592.0,37.463576900553136
tai80b,1,PGD,1100,1.3363757133483887,1125022592.0,37.463576900553136
tai80b,1,PGD,1120,1.3605718612670898,1125029888.0,37.46446837976804
tai80b,1,PGD,1140,1.3847453594207764,1125022592.0,37.463576900553136
tai80b,1,PGD,1160,1.4088666439056396,1125029888.0,37.46446837976804
tai80b,1,PGD,1180,1.4329962730407715,1125022592.0,37.463576900553136
tai80b,1,PGD,1200,1.4571278095245361,1125022592.0,37.463576900553136
tai80b,1,PGD,1220,1.4813547134399414,1125022592.0,37.463576900553136
tai80b,1,PGD,1240,1.5054924488067627,1125029888.0,37.46446837976804
tai80b,1,PGD,1260,1.529615879058838,1125022592.0,37.463576900553136
tai80b,1,PGD,1280,1.5537242889404297,1125029888.0,37.46446837976804
tai80b,1,PGD,1300,1.5778777599334717,1125022592.0,37.463576900553136
tai80b,1,PGD,1320,1.602065086364746,1125022592.0,37.463576900553136
tai80b,1,PGD,1340,1.6262099742889404,1125029888.0,37.46446837976804
tai80b,1,PGD,1360,1.6502964496612549,1125022592.0,37.463576900553136
tai80b,1,PGD,1380,1.6744492053985596,1125022592.0,37.463576900553136
tai80b,1,PGD,1400,1.6985657215118408,1125022592.0,37.463576900553136
tai80b,1,PGD,1420,1.722776174545288,1125029888.0,37.46446837976804
tai80b,1,PGD,1440,1.7469394207000732,1125029888.0,37.46446837976804
tai80b,1,PGD,1460,1.7710754871368408,1125022592.0,37.463576900553136
tai80b,1,PGD,1480,1.7951791286468506,1125022592.0,37.463576900553136
tai80b,1,PGD,1500,1.819329023361206,1125029888.0,37.46446837976804
tai80b,1,PGD,1520,1.8435242176055908,1125029888.0,37.46446837976804
tai80b,1,PGD,1540,1.86765718460083,1125029888.0,37.46446837976804
tai80b,1,PGD,1560,1.8917772769927979,1125022592.0,37.463576900553136
tai80b,1,PGD,1580,1.9159131050109863,1125022592.0,37.463576900553136
tai80b,1,PGD,1600,1.9400510787963867,1125029888.0,37.46446837976804
tai80b,1,PGD,1620,1.9641783237457275,1125029888.0,37.46446837976804
tai80b,1,PGD,1640,1.9883005619049072,1125022592.0,37.463576900553136
tai80b,1,PGD,1660,2.0124311447143555,1125029888.0,37.46446837976804
tai80b,1,PGD,1680,2.036530017852783,1125029888.0,37.46446837976804
tai80b,1,PGD,1700,2.060750961303711,1125029888.0,37.46446837976804
tai80b,1,PGD,1720,2.0849225521087646,1125022592.0,37.463576900553136
tai80b,1,PGD,1740,2.1091091632843018,1124853632.0,37.442932118734284
tai80b,1,PGD,1760,2.1332266330718994,1125022592.0,37.463576900553136
tai80b,1,PGD,1780,2.157351016998291,1125022592.0,37.463576900553136
tai80b,1,PGD,1800,2.1815388202667236,1125022592.0,37.463576900553136
tai80b,1,PGD,1820,2.20568585395813,1125022592.0,37.463576900553136
tai80b,1,PGD,1840,2.229811906814575,1125022592.0,37.463576900553136
tai80b,1,PGD,1860,2.2539379596710205,1125022592.0,37.463576900553136
tai80b,1,PGD,1880,2.2780470848083496,1125022592.0,37.463576900553136
tai80b,1,PGD,1900,2.3022565841674805,1125022592.0,37.463576900553136
tai80b,1,PGD,1920,2.3264095783233643,1125022592.0,37.463576900553136
tai80b,1,PGD,1940,2.3505401611328125,1125022592.0,37.463576900553136
tai80b,1,PGD,1960,2.3746819496154785,1124853632.0,37.442932118734284
tai80b,1,PGD,1980,2.398833990097046,1124853632.0,37.442932118734284
tai80b,1,PGD,2000,2.423051595687866,1124853632.0,37.442932118734284
tai80b,1,PGD,2020,2.4472262859344482,1124853632.0,37.442932118734284
tai80b,1,PGD,2040,2.4713170528411865,1124853632.0,37.442932118734284
tai80b,1,PGD,2060,2.4954535961151123,1124853632.0,37.442932118734284
tai80b,1,PGD,2080,2.5195748805999756,1124795648.0,37.43584720497372
tai80b,1,PGD,2100,2.5437405109405518,1124853632.0,37.442932118734284
tai80b,1,PGD,2120,2.5678248405456543,1124853632.0,37.442932118734284
tai80b,1,PGD,2140,2.591998338699341,1124853632.0,37.442932118734284
tai80b,1,PGD,2160,2.616074800491333,1124853632.0,37.442932118734284
tai80b,1,PGD,2180,2.640284299850464,1124795648.0,37.43584720497372
tai80b,1,PGD,2200,2.664442539215088,1124853632.0,37.442932118734284
tai80b,1,PGD,2220,2.688573122024536,1124853632.0,37.442932118734284
tai80b,1,PGD,2240,2.7127139568328857,1124795648.0,37.43584720497372
tai80b,1,PGD,2260,2.7368555068969727,1124795648.0,37.43584720497372
tai80b,1,PGD,2280,2.761066198348999,1124795648.0,37.43584720497372
tai80b,1,PGD,2300,2.7852039337158203,1124795648.0,37.43584720497372
tai80b,1,PGD,2320,2.809321165084839,1124853632.0,37.442932118734284
tai80b,1,PGD,2340,2.8334431648254395,1124795648.0,37.43584720497372
tai80b,1,PGD,2360,2.857579469680786,1124853632.0,37.442932118734284
tai80b,1,PGD,2380,2.8817710876464844,1124853632.0,37.442932118734284
tai80b,1,PGD,2400,2.9058947563171387,1124853632.0,37.442932118734284
tai80b,1,PGD,2420,2.9300148487091064,1124795648.0,37.43584720497372
tai80b,1,PGD,2440,2.954115152359009,1124853632.0,37.442932118734284
tai80b,1,PGD,2460,2.9782485961914062,1124795648.0,37.43584720497372
tai80b,1,PGD,2480,3.002432346343994,1124853632.0,37.442932118734284
tai80b,1,PGD,2500,3.0266220569610596,1124853632.0,37.442932118734284
tai80b,1,SK,1,0.02076244354248047,1168902016.0,42.82508929885347
tai80b,1,SK,20,0.29868555068969727,1095718144.0,33.88294281389449
tai80b,1,SK,40,0.5908393859863281,1048531072.0,28.117277531517708
tai80b,1,SK,60,0.8828933238983154,967937216.0,18.26972442391922
tai80b,1,SK,80,1.1756236553192139,926639488.0,13.223662727812298
tai80b,1,SK,100,1.467902660369873,918577536.0,12.238593835328611
tai80b,1,SK,120,1.760744333267212,897513856.0,9.664877701911937
tai80b,1,SK,140,2.0528948307037354,891389184.0,8.91652000096484
tai80b,1,SK,160,2.345794439315796,878634112.0,7.358011013490132
tai80b,1,SK,180,2.6380417346954346,873305216.0,6.706887106912573
tai80b,1,SK,200,2.9309487342834473,867576448.0,6.006903883363737
tai80b,1,SK,220,3.222698926925659,868201664.0,6.083297396086597
tai80b,1,SK,240,3.5148203372955322,890597888.0,8.819833606113225
tai80b,1,SK,260,3.80660343170166,874197120.0,6.815866530938141
tai80b,1,SK,280,4.098742485046387,873799296.0,6.767257453746485
tai80b,1,SK,300,4.3906145095825195,872896640.0,6.656964270877899
tai80b,1,SK,320,4.683189392089844,860337152.0,5.122353182357133
tai80b,1,SK,340,4.975443363189697,859260928.0,4.9908521781655475
tai80b,1,SK,360,5.267922639846802,861966656.0,5.321458027012341
tai80b,1,SK,380,5.559879541397095,869188352.0,6.203858229912814
tai80b,1,SK,400,5.852001428604126,869149824.0,6.1991505940586675
tai80b,1,SK,420,6.143958330154419,874711808.0,6.878754915554502
tai80b,1,SK,440,6.436164140701294,874627968.0,6.86851072457621
tai80b,1,SK,460,6.728131532669067,874627968.0,6.86851072457621
tai80b,1,SK,480,7.020348787307739,874571904.0,6.861660410609045
tai80b,1,SK,500,7.3122289180755615,874577152.0,6.862301650044328
tai80b,1,SK,520,7.604394912719727,874605568.0,6.865773726986589
tai80b,1,SK,540,7.896268606185913,874709376.0,6.878457755816202
tai80b,1,SK,560,8.188446998596191,876161280.0,7.055862119582276
tai80b,1,SK,580,8.48030161857605,875955712.0,7.030744301702676
tai80b,1,SK,600,8.77253007888794,875955712.0,7.030744301702676
tai80b,1,SK,620,9.064594507217407,885947904.0,8.251664186480502
tai80b,1,SK,640,9.356657981872559,896017664.0,9.482061902911527
tai80b,1,SK,660,9.648620128631592,915328768.0,11.841635344916309
tai80b,1,SK,680,9.940842390060425,886393920.0,8.306161718486399
tai80b,1,SK,700,10.232768535614014,886393920.0,8.306161718486399
tai80b,1,SK,720,10.52496337890625,879930112.0,7.51636587403245
tai80b,1,SK,740,10.816826820373535,879532928.0,7.467834996771925
tai80b,1,SK,760,11.109099388122559,879551744.0,7.4701340747472065
tai80b,1,SK,780,11.401145696640015,877328384.0,7.198467513994608
tai80b,1,SK,800,11.693312644958496,882162688.0,7.78915851379335
tai80b,1,SK,820,11.985229730606079,880029568.0,7.528518143330364
tai80b,1,SK,840,12.277501821517944,887682368.0,8.463593819841359
tai80b,1,SK,860,12.569416046142578,887682368.0,8.463593819841359
tai80b,1,SK,880,12.861643314361572,892915264.0,9.102987736749116
tai80b,1,SK,900,13.153565406799316,890165760.0,8.767033012612893
tai80b,1,SK,920,13.445777177810669,886402176.0,8.307170497598001
tai80b,1,SK,940,13.73770785331726,885886080.0,8.24411007313315
tai80b,1,SK,960,14.029908418655396,885905664.0,8.246502991025789
tai80b,1,SK,980,14.321822881698608,885905664.0,8.246502991025789
tai80b,1,SK,1000,14.61405897140503,885905664.0,8.246502991025789
tai80b,1,SK,1020,14.906016111373901,886257664.0,8.289512953148394
tai80b,1,SK,1040,15.198295831680298,912950528.0,11.551044400829763
tai80b,1,SK,1060,15.490185737609863,912950528.0,11.551044400829763
tai80b,1,SK,1080,15.782434701919556,912950528.0,11.551044400829763
tai80b,1,SK,1100,16.074329376220703,912950528.0,11.551044400829763
tai80b,1,SK,1120,16.36647915840149,912947584.0,11.550684681146556
tai80b,1,SK,1140,16.658510446548462,912947584.0,11.550684681146556
tai80b,1,SK,1160,16.950735569000244,912947584.0,11.550684681146556
tai80b,1,SK,1180,17.242658853530884,912947584.0,11.550684681146556
tai80b,1,SK,1200,17.534810781478882,911786432.0,11.408806546093754
tai80b,1,SK,1220,17.826775550842285,878529472.0,7.345225324750048
tai80b,1,SK,1240,18.119000911712646,912199296.0,11.459253321667012
tai80b,1,SK,1260,18.410930156707764,913526528.0,11.621424338848572
tai80b,1,SK,1280,18.703157901763916,913508608.0,11.619234740776875
tai80b,1,SK,1300,18.99512553215027,915164736.0,11.821592702567173
tai80b,1,SK,1320,19.28742480278015,915164736.0,11.821592702567173
tai80b,1,SK,1340,19.579473972320557,915079232.0,11.811145191767938
tai80b,1,SK,1360,19.87163281440735,915079232.0,11.811145191767938
tai80b,1,SK,1380,20.16362953186035,915079232.0,11.811145191767938
tai80b,1,SK,1400,20.455880403518677,915079232.0,11.811145191767938
tai80b,1,SK,1420,20.74780774116516,915173632.0,11.822679681609909
tai80b,1,SK,1440,21.03994369506836,915173632.0,11.822679681609909
tai80b,1,SK,1460,21.332481145858765,915173632.0,11.822679681609909
tai80b,1,SK,1480,21.624982118606567,915173632.0,11.822679681609909
tai80b,1,SK,1500,21.917465448379517,915173632.0,11.822679681609909
tai80b,1,SK,1520,22.20996379852295,915079232.0,11.811145191767938
tai80b,1,SK,1540,22.50234055519104,915079232.0,11.811145191767938
tai80b,1,SK,1560,22.79514455795288,915079232.0,11.811145191767938
tai80b,1,SK,1580,23.08772110939026,915079232.0,11.811145191767938
tai80b,1,SK,1600,23.380609035491943,915079232.0,11.811145191767938
tai80b,1,SK,1620,23.673170804977417,915079232.0,11.811145191767938
tai80b,1,SK,1640,23.96595311164856,915079232.0,11.811145191767938
tai80b,1,SK,1660,24.25848150253296,915079232.0,11.811145191767938
tai80b,1,SK,1680,24.551321506500244,915079232.0,11.811145191767938
tai80b,1,SK,1700,24.84380030632019,915079232.0,11.811145191767938
tai80b,1,SK,1720,25.136568307876587,915079232.0,11.811145191767938
tai80b,1,SK,1740,25.429084300994873,915079232.0,11.811145191767938
tai80b,1,SK,1760,25.721945762634277,915079232.0,11.811145191767938
tai80b,1,SK,1780,26.014583110809326,915079232.0,11.811145191767938
tai80b,1,SK,1800,26.307549953460693,915079232.0,11.811145191767938
tai80b,1,SK,1820,26.60011124610901,915079232.0,11.811145191767938
tai80b,1,SK,1840,26.89290976524353,915079232.0,11.811145191767938
tai80b,1,SK,1860,27.185516595840454,915079232.0,11.811145191767938
tai80b,1,SK,1880,27.47841167449951,915079232.0,11.811145191767938
tai80b,1,SK,1900,27.77094602584839,915079232.0,11.811145191767938
tai80b,1,SK,1920,28.063831090927124,915079232.0,11.811145191767938
tai80b,1,SK,1940,28.356345891952515,915079232.0,11.811145191767938
tai80b,1,SK,1960,28.649217128753662,915079232.0,11.811145191767938
tai80b,1,SK,1980,28.94170570373535,915079232.0,11.811145191767938
tai80b,1,SK,2000,29.23462224006653,915079232.0,11.811145191767938
tai80b,1,SK,2020,29.52727198600769,915079232.0,11.811145191767938
tai80b,1,SK,2040,29.82023859024048,915079232.0,11.811145191767938
tai80b,1,SK,2060,30.11297297477722,915079232.0,11.811145191767938
tai80b,1,SK,2080,30.40590262413025,915079232.0,11.811145191767938
tai80b,1,SK,2100,30.698535203933716,915079232.0,11.811145191767938
tai80b,1,SK,2120,30.991461753845215,915079232.0,11.811145191767938
tai80b,1,SK,2140,31.28407120704651,915079232.0,11.811145191767938
tai80b,1,SK,2160,31.57695698738098,915079232.0,11.811145191767938
tai80b,1,SK,2180,31.869579315185547,915079232.0,11.811145191767938
tai80b,1,SK,2200,32.162410497665405,915079232.0,11.811145191767938
tai80b,1,SK,2220,32.45501255989075,886347776.0,8.300523503451782
tai80b,1,SK,2240,32.74796199798584,909581184.0,11.139353043392191
tai80b,1,SK,2260,33.04051733016968,902258496.0,10.244612891359086
tai80b,1,SK,2280,33.33342981338501,896289920.0,9.515328153615084
tai80b,1,SK,2300,33.62609243392944,896289920.0,9.515328153615084
tai80b,1,SK,2320,33.91905689239502,896365952.0,9.524618305433567
tai80b,1,SK,2340,34.21177554130554,896365952.0,9.524618305433567
tai80b,1,SK,2360,34.5046591758728,902312064.0,10.251158225594835
tai80b,1,SK,2380,34.79731369018555,902312064.0,10.251158225594835
tai80b,1,SK,2400,35.09025955200195,902312064.0,10.251158225594835
tai80b,1,SK,2420,35.38294339179993,902312064.0,10.251158225594835
tai80b,1,SK,2440,35.67592000961304,902312064.0,10.251158225594835
tai80b,1,SK,2460,35.968626499176025,902312064.0,10.251158225594835
tai80b,1,SK,2480,36.261605739593506,902312064.0,10.251158225594835
tai80b,1,SK,2500,36.554240226745605,902312064.0,10.251158225594835
tai80b,2,PGD,1,0.007183074951171875,1174461696.0,43.50441210059723
tai80b,2,PGD,20,0.03090190887451172,1161253120.0,41.890490641922376
tai80b,2,PGD,40,0.055579423904418945,1140597888.0,39.36668170455415
tai80b,2,PGD,60,0.08023452758789062,1139176064.0,39.19295273755129
tai80b,2,PGD,80,0.10445308685302734,1150152704.0,40.53415975639636
tai80b,2,PGD,100,0.12911534309387207,1130056960.0,38.07871319882374
tai80b,2,PGD,120,0.15335845947265625,1130254592.0,38.1028613375573
tai80b,2,PGD,140,0.17797303199768066,1124593280.0,37.41112038674978
tai80b,2,PGD,160,0.20215988159179688,1126216960.0,37.609513612031684
tai80b,2,PGD,180,0.2263479232788086,1125543680.0,37.527247284480815
tai80b,2,PGD,200,0.2506234645843506,1125836032.0,37.56296901302192
tai80b,2,PGD,220,0.27484941482543945,1125137920.0,37.47766852814312
tai80b,2,PGD,240,0.29907941818237305,1125191680.0,37.48423732235821
tai80b,2,PGD,260,0.32330918312072754,1125191680.0,37.48423732235821
tai80b,2,PGD,280,0.3475308418273926,1125191680.0,37.48423732235821
tai80b,2,PGD,300,0.3718111515045166,1124820224.0,37.438850082329196
tai80b,2,PGD,320,0.39600491523742676,1124803584.0,37.436816884119764
tai80b,2,PGD,340,0.4202125072479248,1124803584.0,37.436816884119764
tai80b,2,PGD,360,0.44446897506713867,1124803584.0,37.436816884119764
tai80b,2,PGD,380,0.46869373321533203,1124803584.0,37.436816884119764
tai80b,2,PGD,400,0.49289798736572266,1124820224.0,37.438850082329196
tai80b,2,PGD,420,0.5170769691467285,1124820224.0,37.438850082329196
tai80b,2,PGD,440,0.5412924289703369,1124803584.0,37.436816884119764
tai80b,2,PGD,460,0.565474271774292,1124820224.0,37.438850082329196
tai80b,2,PGD,480,0.5897634029388428,1124803584.0,37.436816884119764
tai80b,2,PGD,500,0.6139750480651855,1124820224.0,37.438850082329196
tai80b,2,PGD,520,0.6381967067718506,1124803584.0,37.436816884119764
tai80b,2,PGD,540,0.6623773574829102,1125022592.0,37.463576900553136
tai80b,2,PGD,560,0.6865715980529785,1125022592.0,37.463576900553136
tai80b,2,PGD,580,0.7108237743377686,1125022592.0,37.463576900553136
tai80b,2,PGD,600,0.7350239753723145,1125029888.0,37.46446837976804
tai80b,2,PGD,620,0.7592356204986572,1125022592.0,37.463576900553136
tai80b,2,PGD,640,0.7834420204162598,1125022592.0,37.463576900553136
tai80b,2,PGD,660,0.8076982498168945,1125022592.0,37.463576900553136
tai80b,2,PGD,680,0.8319733142852783,1125022592.0,37.463576900553136
tai80b,2,PGD,700,0.8562319278717041,1125022592.0,37.463576900553136
tai80b,2,PGD,720,0.8804311752319336,1125029888.0,37.46446837976804
tai80b,2,PGD,740,0.9046669006347656,1125022592.0,37.463576900553136
tai80b,2,PGD,760,0.928966760635376,1125022592.0,37.463576900553136
tai80b,2,PGD,780,0.953214168548584,1125022592.0,37.463576900553136
tai80b,2,PGD,800,0.9773917198181152,1125029888.0,37.46446837976804
tai80b,2,PGD,820,1.001586675643921,1125029888.0,37.46446837976804
tai80b,2,PGD,840,1.025782823562622,1125029888.0,37.46446837976804
tai80b,2,PGD,860,1.0500602722167969,1125022592.0,37.463576900553136
tai80b,2,PGD,880,1.0742945671081543,1125029888.0,37.46446837976804
tai80b,2,PGD,900,1.0984807014465332,1125022592.0,37.463576900553136
tai80b,2,PGD,920,1.1226818561553955,1125029888.0,37.46446837976804
tai80b,2,PGD,940,1.1468710899353027,1125022592.0,37.463576900553136
tai80b,2,PGD,960,1.1711857318878174,1125022592.0,37.463576900553136
tai80b,2,PGD,980,1.1953980922698975,1125029888.0,37.46446837976804
tai80b,2,PGD,1000,1.2196085453033447,1125029888.0,37.46446837976804
tai80b,2,PGD,1020,1.243828296661377,1125022592.0,37.463576900553136
tai80b,2,PGD,1040,1.2680420875549316,1125029888.0,37.46446837976804
tai80b,2,PGD,1060,1.292250394821167,1125022592.0,37.463576900553136
tai80b,2,PGD,1080,1.3164546489715576,1125022592.0,37.463576900553136
tai80b,2,PGD,1100,1.340686559677124,1125022592.0,37.463576900553136
tai80b,2,PGD,1120,1.364900827407837,1125029888.0,37.46446837976804
tai80b,2,PGD,1140,1.3892250061035156,1125022592.0,37.463576900553136
tai80b,2,PGD,1160,1.4134528636932373,1125029888.0,37.46446837976804
tai80b,2,PGD,1180,1.4376943111419678,1125022592.0,37.463576900553136
tai80b,2,PGD,1200,1.461874008178711,1125022592.0,37.463576900553136
tai80b,2,PGD,1220,1.4860670566558838,1125022592.0,37.463576900553136
tai80b,2,PGD,1240,1.510371446609497,1125029888.0,37.46446837976804
tai80b,2,PGD,1260,1.534557580947876,1125022592.0,37.463576900553136
tai80b,2,PGD,1280,1.5587506294250488,1125029888.0,37.46446837976804
tai80b,2,PGD,1300,1.5829365253448486,1125022592.0,37.463576900553136
tai80b,2,PGD,1320,1.6071703433990479,1125022592.0,37.463576900553136
tai80b,2,PGD,1340,1.6314525604248047,1125029888.0,37.46446837976804
tai80b,2,PGD,1360,1.655684471130371,1125022592.0,37.463576900553136
tai80b,2,PGD,1380,1.6798629760742188,1125022592.0,37.463576900553136
tai80b,2,PGD,1400,1.704038381576538,1125022592.0,37.463576900553136
tai80b,2,PGD,1420,1.7282323837280273,1125029888.0,37.46446837976804
tai80b,2,PGD,1440,1.7524287700653076,1125029888.0,37.46446837976804
tai80b,2,PGD,1460,1.7766456604003906,1125022592.0,37.463576900553136
tai80b,2,PGD,1480,1.8008456230163574,1125022592.0,37.463576900553136
tai80b,2,PGD,1500,1.8250713348388672,1125029888.0,37.46446837976804
tai80b,2,PGD,1520,1.8493545055389404,1125029888.0,37.46446837976804
tai80b,2,PGD,1540,1.8735682964324951,1125029888.0,37.46446837976804
tai80b,2,PGD,1560,1.8977437019348145,1125022592.0,37.463576900553136
tai80b,2,PGD,1580,1.9219560623168945,1125022592.0,37.463576900553136
tai80b,2,PGD,1600,1.946143388748169,1125029888.0,37.46446837976804
tai80b,2,PGD,1620,1.9704394340515137,1125029888.0,37.46446837976804
tai80b,2,PGD,1640,1.9946489334106445,1125022592.0,37.463576900553136
tai80b,2,PGD,1660,2.0188279151916504,1125029888.0,37.46446837976804
tai80b,2,PGD,1680,2.043024778366089,1125029888.0,37.46446837976804
tai80b,2,PGD,1700,2.067246675491333,1125029888.0,37.46446837976804
tai80b,2,PGD,1720,2.0915164947509766,1125022592.0,37.463576900553136
tai80b,2,PGD,1740,2.1157279014587402,1124853632.0,37.442932118734284
tai80b,2,PGD,1760,2.1399412155151367,1125022592.0,37.463576900553136
tai80b,2,PGD,1780,2.164130210876465,1125022592.0,37.463576900553136
tai80b,2,PGD,1800,2.188349962234497,1125022592.0,37.463576900553136
tai80b,2,PGD,1820,2.2125356197357178,1125022592.0,37.463576900553136
tai80b,2,PGD,1840,2.236743211746216,1125022592.0,37.463576900553136
tai80b,2,PGD,1860,2.2609353065490723,1125022592.0,37.463576900553136
tai80b,2,PGD,1880,2.2851388454437256,1125022592.0,37.463576900553136
tai80b,2,PGD,1900,2.3094451427459717,1125022592.0,37.463576900553136
tai80b,2,PGD,1920,2.3336422443389893,1125022592.0,37.463576900553136
tai80b,2,PGD,1940,2.3578476905822754,1125022592.0,37.463576900553136
tai80b,2,PGD,1960,2.3820173740386963,1124853632.0,37.442932118734284
tai80b,2,PGD,1980,2.4062232971191406,1124853632.0,37.442932118734284
tai80b,2,PGD,2000,2.430462598800659,1124853632.0,37.442932118734284
tai80b,2,PGD,2020,2.454704999923706,1124853632.0,37.442932118734284
tai80b,2,PGD,2040,2.4788990020751953,1124853632.0,37.442932118734284
tai80b,2,PGD,2060,2.503112316131592,1124853632.0,37.442932118734284
tai80b,2,PGD,2080,2.5273215770721436,1124795648.0,37.43584720497372
tai80b,2,PGD,2100,2.551544666290283,1124853632.0,37.442932118734284
tai80b,2,PGD,2120,2.5757579803466797,1124853632.0,37.442932118734284
tai80b,2,PGD,2140,2.5999581813812256,1124853632.0,37.442932118734284
tai80b,2,PGD,2160,2.6241695880889893,1124853632.0,37.442932118734284
tai80b,2,PGD,2180,2.6484599113464355,1124795648.0,37.43584720497372
tai80b,2,PGD,2200,2.67272686958313,1124853632.0,37.442932118734284
tai80b,2,PGD,2220,2.6969025135040283,1124853632.0,37.442932118734284
tai80b,2,PGD,2240,2.7211201190948486,1124795648.0,37.43584720497372
tai80b,2,PGD,2260,2.745330572128296,1124795648.0,37.43584720497372
tai80b,2,PGD,2280,2.769620895385742,1124795648.0,37.43584720497372
tai80b,2,PGD,2300,2.793808698654175,1124795648.0,37.43584720497372
tai80b,2,PGD,2320,2.8179666996002197,1124853632.0,37.442932118734284
tai80b,2,PGD,2340,2.842188596725464,1124795648.0,37.43584720497372
tai80b,2,PGD,2360,2.8663570880889893,1124853632.0,37.442932118734284
tai80b,2,PGD,2380,2.8906679153442383,1124853632.0,37.442932118734284
tai80b,2,PGD,2400,2.9148709774017334,1124853632.0,37.442932118734284
tai80b,2,PGD,2420,2.939103364944458,1124795648.0,37.43584720497372
tai80b,2,PGD,2440,2.9632909297943115,1124853632.0,37.442932118734284
tai80b,2,PGD,2460,2.987515687942505,1124795648.0,37.43584720497372
tai80b,2,PGD,2480,3.0117363929748535,1124853632.0,37.442932118734284
tai80b,2,PGD,2500,3.0359275341033936,1124853632.0,37.442932118734284
tai80b,2,SK,1,0.02703237533569336,1168902016.0,42.82508929885347
tai80b,2,SK,20,0.3078436851501465,1095718144.0,33.88294281389449
tai80b,2,SK,40,0.6006748676300049,1048531072.0,28.117277531517708
tai80b,2,SK,60,0.8936522006988525,967937216.0,18.26972442391922
tai80b,2,SK,80,1.186863660812378,926639488.0,13.223662727812298
tai80b,2,SK,100,1.479870319366455,918577536.0,12.238593835328611
tai80b,2,SK,120,1.7734644412994385,897513856.0,9.664877701911937
tai80b,2,SK,140,2.066575050354004,891389184.0,8.91652000096484
tai80b,2,SK,160,2.3602049350738525,878634112.0,7.358011013490132
tai80b,2,SK,180,2.653362512588501,873305216.0,6.706887106912573
tai80b,2,SK,200,2.947087287902832,867576448.0,6.006903883363737
tai80b,2,SK,220,3.2397842407226562,868201664.0,6.083297396086597
tai80b,2,SK,240,3.5327582359313965,890597888.0,8.819833606113225
tai80b,2,SK,260,3.8254919052124023,874197120.0,6.815866530938141
tai80b,2,SK,280,4.118487119674683,873799296.0,6.767257453746485
tai80b,2,SK,300,4.411145448684692,872896640.0,6.656964270877899
tai80b,2,SK,320,4.704650640487671,860337152.0,5.122353182357133
tai80b,2,SK,340,4.997926712036133,859260928.0,4.9908521781655475
tai80b,2,SK,360,5.290846109390259,861966656.0,5.321458027012341
tai80b,2,SK,380,5.583631992340088,869188352.0,6.203858229912814
tai80b,2,SK,400,5.87653923034668,869149824.0,6.1991505940586675
tai80b,2,SK,420,6.169208765029907,874711808.0,6.878754915554502
tai80b,2,SK,440,6.4620983600616455,874627968.0,6.86851072457621
tai80b,2,SK,460,6.754789590835571,874627968.0,6.86851072457621
tai80b,2,SK,480,7.047758102416992,874571904.0,6.861660410609045
tai80b,2,SK,500,7.340546131134033,874577152.0,6.862301650044328
tai80b,2,SK,520,7.633539199829102,874605568.0,6.865773726986589
tai80b,2,SK,540,7.926296949386597,874709376.0,6.878457755816202
tai80b,2,SK,560,8.219359636306763,876161280.0,7.055862119582276
tai80b,2,SK,580,8.512079954147339,875955712.0,7.030744301702676
tai80b,2,SK,600,8.80515456199646,875955712.0,7.030744301702676
tai80b,2,SK,620,9.097877264022827,885947904.0,8.251664186480502
tai80b,2,SK,640,9.390944004058838,896017664.0,9.482061902911527
tai80b,2,SK,660,9.683688402175903,915328768.0,11.841635344916309
tai80b,2,SK,680,9.976743936538696,886393920.0,8.306161718486399
tai80b,2,SK,700,10.26947808265686,886393920.0,8.306161718486399
tai80b,2,SK,720,10.56250286102295,879930112.0,7.51636587403245
tai80b,2,SK,740,10.855263471603394,879532928.0,7.467834996771925
tai80b,2,SK,760,11.148330926895142,879551744.0,7.4701340747472065
tai80b,2,SK,780,11.441066265106201,877328384.0,7.198467513994608
tai80b,2,SK,800,11.734067678451538,882162688.0,7.78915851379335
tai80b,2,SK,820,12.026782989501953,880029568.0,7.528518143330364
tai80b,2,SK,840,12.319923639297485,887682368.0,8.463593819841359
tai80b,2,SK,860,12.612630844116211,887682368.0,8.463593819841359
tai80b,2,SK,880,12.90565276145935,892915264.0,9.102987736749116
tai80b,2,SK,900,13.198465347290039,890165760.0,8.767033012612893
tai80b,2,SK,920,13.491477012634277,886402176.0,8.307170497598001
tai80b,2,SK,940,13.784307479858398,885886080.0,8.24411007313315
tai80b,2,SK,960,14.077337503433228,885905664.0,8.246502991025789
tai80b,2,SK,980,14.37013864517212,885905664.0,8.246502991025789
tai80b,2,SK,1000,14.663196325302124,885905664.0,8.246502991025789
tai80b,2,SK,1020,14.95599102973938,886257664.0,8.289512953148394
tai80b,2,SK,1040,15.24902892112732,912950528.0,11.551044400829763
tai80b,2,SK,1060,15.541780233383179,912950528.0,11.551044400829763
tai80b,2,SK,1080,15.834872484207153,912950528.0,11.551044400829763
tai80b,2,SK,1100,16.127540111541748,912950528.0,11.551044400829763
tai80b,2,SK,1120,16.4205801486969,912947584.0,11.550684681146556
tai80b,2,SK,1140,16.71325373649597,912947584.0,11.550684681146556
tai80b,2,SK,1160,17.006347179412842,912947584.0,11.550684681146556
tai80b,2,SK,1180,17.29911494255066,912947584.0,11.550684681146556
tai80b,2,SK,1200,17.592209339141846,911786432.0,11.408806546093754
tai80b,2,SK,1220,17.88508653640747,878529472.0,7.345225324750048
tai80b,2,SK,1240,18.17820143699646,912199296.0,11.459253321667012
tai80b,2,SK,1260,18.470945596694946,913526528.0,11.621424338848572
tai80b,2,SK,1280,18.76400136947632,913508608.0,11.619234740776875
tai80b,2,SK,1300,19.056870222091675,915164736.0,11.821592702567173
tai80b,2,SK,1320,19.349966049194336,915164736.0,11.821592702567173
tai80b,2,SK,1340,19.6427481174469,915079232.0,11.811145191767938
tai80b,2,SK,1360,19.93581485748291,915079232.0,11.811145191767938
tai80b,2,SK,1380,20.22867774963379,915079232.0,11.811145191767938
tai80b,2,SK,1400,20.52177405357361,915079232.0,11.811145191767938
tai80b,2,SK,1420,20.81458306312561,915173632.0,11.822679681609909
tai80b,2,SK,1440,21.107720375061035,915173632.0,11.822679681609909
tai80b,2,SK,1460,21.400514841079712,915173632.0,11.822679681609909
tai80b,2,SK,1480,21.693614959716797,915173632.0,11.822679681609909
tai80b,2,SK,1500,21.986311435699463,915173632.0,11.822679681609909
tai80b,2,SK,1520,22.279435396194458,915079232.0,11.811145191767938
tai80b,2,SK,1540,22.572229862213135,915079232.0,11.811145191767938
tai80b,2,SK,1560,22.865414142608643,915079232.0,11.811145191767938
tai80b,2,SK,1580,23.158193349838257,915079232.0,11.811145191767938
tai80b,2,SK,1600,23.451266288757324,915079232.0,11.811145191767938
tai80b,2,SK,1620,23.744120836257935,915079232.0,11.811145191767938
tai80b,2,SK,1640,24.037290811538696,915079232.0,11.811145191767938
tai80b,2,SK,1660,24.33009648323059,915079232.0,11.811145191767938
tai80b,2,SK,1680,24.623276948928833,915079232.0,11.811145191767938
tai80b,2,SK,1700,24.916146755218506,915079232.0,11.811145191767938
tai80b,2,SK,1720,25.209198236465454,915079232.0,11.811145191767938
tai80b,2,SK,1740,25.502078771591187,915079232.0,11.811145191767938
tai80b,2,SK,1760,25.796786308288574,915079232.0,11.811145191767938
tai80b,2,SK,1780,26.089588403701782,915079232.0,11.811145191767938
tai80b,2,SK,1800,26.38271975517273,915079232.0,11.811145191767938
tai80b,2,SK,1820,26.675549745559692,915079232.0,11.811145191767938
tai80b,2,SK,1840,26.968700647354126,915079232.0,11.811145191767938
tai80b,2,SK,1860,27.2615704536438,915079232.0,11.811145191767938
tai80b,2,SK,1880,27.55474591255188,915079232.0,11.811145191767938
tai80b,2,SK,1900,27.84758234024048,915079232.0,11.811145191767938
tai80b,2,SK,1920,28.140741109848022,915079232.0,11.811145191767938
tai80b,2,SK,1940,28.433626413345337,915079232.0,11.811145191767938
tai80b,2,SK,1960,28.726715564727783,915079232.0,11.811145191767938
tai80b,2,SK,1980,29.019517421722412,915079232.0,11.811145191767938
tai80b,2,SK,2000,29.312619924545288,915079232.0,11.811145191767938
tai80b,2,SK,2020,29.605472564697266,915079232.0,11.811145191767938
tai80b,2,SK,2040,29.898601531982422,915079232.0,11.811145191767938
tai80b,2,SK,2060,30.19139313697815,915079232.0,11.811145191767938
tai80b,2,SK,2080,30.484529495239258,915079232.0,11.811145191767938
tai80b,2,SK,2100,30.777426958084106,915079232.0,11.811145191767938
tai80b,2,SK,2120,31.070471048355103,915079232.0,11.811145191767938
tai80b,2,SK,2140,31.36323595046997,915079232.0,11.811145191767938
tai80b,2,SK,2160,31.6563560962677,915079232.0,11.811145191767938
tai80b,2,SK,2180,31.94922971725464,915079232.0,11.811145191767938
tai80b,2,SK,2200,32.24232816696167,915079232.0,11.811145191767938
tai80b,2,SK,2220,32.5352303981781,886347776.0,8.300523503451782
tai80b,2,SK,2240,32.82841157913208,909581184.0,11.139353043392191
tai80b,2,SK,2260,33.12126421928406,902258496.0,10.244612891359086
tai80b,2,SK,2280,33.414366722106934,896289920.0,9.515328153615084
tai80b,2,SK,2300,33.70715594291687,896289920.0,9.515328153615084
tai80b,2,SK,2320,34.00032186508179,896365952.0,9.524618305433567
tai80b,2,SK,2340,34.29319357872009,896365952.0,9.524618305433567
tai80b,2,SK,2360,34.586297273635864,902312064.0,10.251158225594835
tai80b,2,SK,2380,34.87923526763916,902312064.0,10.251158225594835
tai80b,2,SK,2400,35.17247271537781,902312064.0,10.251158225594835
tai80b,2,SK,2420,35.465343952178955,902312064.0,10.251158225594835
tai80b,2,SK,2440,35.75853872299194,902312064.0,10.251158225594835
tai80b,2,SK,2460,36.05148434638977,902312064.0,10.251158225594835
tai80b,2,SK,2480,36.34458684921265,902312064.0,10.251158225594835
tai80b,2,SK,2500,36.637444496154785,902312064.0,10.251158225594835
tai80b,3,PGD,1,0.007200002670288086,1174461696.0,43.50441210059723
tai80b,3,PGD,20,0.03098440170288086,1161253120.0,41.890490641922376
tai80b,3,PGD,40,0.055619239807128906,1140597888.0,39.36668170455415
tai80b,3,PGD,60,0.08026838302612305,1139176064.0,39.19295273755129
tai80b,3,PGD,80,0.10456728935241699,1150152704.0,40.53415975639636
tai80b,3,PGD,100,0.1292407512664795,1130056960.0,38.07871319882374
tai80b,3,PGD,120,0.15343666076660156,1130254592.0,38.1028613375573
tai80b,3,PGD,140,0.17807507514953613,1124593280.0,37.41112038674978
tai80b,3,PGD,160,0.2023007869720459,1126216960.0,37.609513612031684
tai80b,3,PGD,180,0.22656536102294922,1125543680.0,37.527247284480815
tai80b,3,PGD,200,0.25077366828918457,1125836032.0,37.56296901302192
tai80b,3,PGD,220,0.2749664783477783,1125137920.0,37.47766852814312
tai80b,3,PGD,240,0.29917478561401367,1125191680.0,37.48423732235821
tai80b,3,PGD,260,0.32345104217529297,1125191680.0,37.48423732235821
tai80b,3,PGD,280,0.3476850986480713,1125191680.0,37.48423732235821
tai80b,3,PGD,300,0.371898889541626,1124820224.0,37.438850082329196
tai80b,3,PGD,320,0.3961007595062256,1124803584.0,37.436816884119764
tai80b,3,PGD,340,0.4203164577484131,1124803584.0,37.436816884119764
tai80b,3,PGD,360,0.4445791244506836,1124803584.0,37.436816884119764
tai80b,3,PGD,380,0.46876049041748047,1124803584.0,37.436816884119764
tai80b,3,PGD,400,0.49294543266296387,1124820224.0,37.438850082329196
tai80b,3,PGD,420,0.5171201229095459,1124820224.0,37.438850082329196
tai80b,3,PGD,440,0.5413336753845215,1124803584.0,37.436816884119764
tai80b,3,PGD,460,0.5656137466430664,1124820224.0,37.438850082329196
tai80b,3,PGD,480,0.5898251533508301,1124803584.0,37.436816884119764
tai80b,3,PGD,500,0.6140179634094238,1124820224.0,37.438850082329196
tai80b,3,PGD,520,0.6381762027740479,1124803584.0,37.436816884119764
tai80b,3,PGD,540,0.6623826026916504,1125022592.0,37.463576900553136
tai80b,3,PGD,560,0.6865589618682861,1125022592.0,37.463576900553136
tai80b,3,PGD,580,0.7107586860656738,1125022592.0,37.463576900553136
tai80b,3,PGD,600,0.7349298000335693,1125029888.0,37.46446837976804
tai80b,3,PGD,620,0.7591314315795898,1125022592.0,37.463576900553136
tai80b,3,PGD,640,0.7833969593048096,1125022592.0,37.463576900553136
tai80b,3,PGD,660,0.8076348304748535,1125022592.0,37.463576900553136
tai80b,3,PGD,680,0.8317985534667969,1125022592.0,37.463576900553136
tai80b,3,PGD,700,0.8559577465057373,1125022592.0,37.463576900553136
tai80b,3,PGD,720,0.8801238536834717,1125029888.0,37.46446837976804
tai80b,3,PGD,740,0.9043905735015869,1125022592.0,37.463576900553136
tai80b,3,PGD,760,0.9285702705383301,1125022592.0,37.463576900553136
tai80b,3,PGD,780,0.9527757167816162,1125022592.0,37.463576900553136
tai80b,3,PGD,800,0.9769613742828369,1125029888.0,37.46446837976804
tai80b,3,PGD,820,1.0011801719665527,1125029888.0,37.46446837976804
tai80b,3,PGD,840,1.0254273414611816,1125029888.0,37.46446837976804
tai80b,3,PGD,860,1.0496315956115723,1125022592.0,37.463576900553136
tai80b,3,PGD,880,1.073796033859253,1125029888.0,37.46446837976804
tai80b,3,PGD,900,1.0980229377746582,1125022592.0,37.463576900553136
tai80b,3,PGD,920,1.1222424507141113,1125029888.0,37.46446837976804
tai80b,3,PGD,940,1.146453857421875,1125022592.0,37.463576900553136
tai80b,3,PGD,960,1.170604944229126,1125022592.0,37.463576900553136
tai80b,3,PGD,980,1.1947805881500244,1125029888.0,37.46446837976804
tai80b,3,PGD,1000,1.218951940536499,1125029888.0,37.46446837976804
tai80b,3,PGD,1020,1.2432310581207275,1125022592.0,37.463576900553136
tai80b,3,PGD,1040,1.2674505710601807,1125029888.0,37.46446837976804
tai80b,3,PGD,1060,1.2916619777679443,1125022592.0,37.463576900553136
tai80b,3,PGD,1080,1.3158409595489502,1125022592.0,37.463576900553136
tai80b,3,PGD,1100,1.340033769607544,1125022592.0,37.463576900553136
tai80b,3,PGD,1120,1.364311695098877,1125029888.0,37.46446837976804
tai80b,3,PGD,1140,1.3884904384613037,1125022592.0,37.463576900553136
tai80b,3,PGD,1160,1.4126691818237305,1125029888.0,37.46446837976804
tai80b,3,PGD,1180,1.4368560314178467,1125022592.0,37.463576900553136
tai80b,3,PGD,1200,1.4610698223114014,1125022592.0,37.463576900553136
tai80b,3,PGD,1220,1.485344409942627,1125022592.0,37.463576900553136
tai80b,3,PGD,1240,1.5095088481903076,1125029888.0,37.46446837976804
tai80b,3,PGD,1260,1.5336956977844238,1125022592.0,37.463576900553136
tai80b,3,PGD,1280,1.5578386783599854,1125029888.0,37.46446837976804
tai80b,3,PGD,1300,1.5820069313049316,1125022592.0,37.463576900553136
tai80b,3,PGD,1320,1.6062092781066895,1125022592.0,37.463576900553136
tai80b,3,PGD,1340,1.630429983139038,1125029888.0,37.46446837976804
tai80b,3,PGD,1360,1.654620885848999,1125022592.0,37.463576900553136
tai80b,3,PGD,1380,1.6788251399993896,1125022592.0,37.463576900553136
tai80b,3,PGD,1400,1.7030889987945557,1125022592.0,37.463576900553136
tai80b,3,PGD,1420,1.7273402214050293,1125029888.0,37.46446837976804
tai80b,3,PGD,1440,1.7515199184417725,1125029888.0,37.46446837976804
tai80b,3,PGD,1460,1.77571702003479,1125022592.0,37.463576900553136
tai80b,3,PGD,1480,1.7998814582824707,1125022592.0,37.463576900553136
tai80b,3,PGD,1500,1.824171781539917,1125029888.0,37.46446837976804
tai80b,3,PGD,1520,1.8483667373657227,1125029888.0,37.46446837976804
tai80b,3,PGD,1540,1.8725502490997314,1125029888.0,37.46446837976804
tai80b,3,PGD,1560,1.8967108726501465,1125022592.0,37.463576900553136
tai80b,3,PGD,1580,1.9209058284759521,1125022592.0,37.463576900553136
tai80b,3,PGD,1600,1.9451706409454346,1125029888.0,37.46446837976804
tai80b,3,PGD,1620,1.9693982601165771,1125029888.0,37.46446837976804
tai80b,3,PGD,1640,1.9935812950134277,1125022592.0,37.463576900553136
tai80b,3,PGD,1660,2.0177762508392334,1125029888.0,37.46446837976804
tai80b,3,PGD,1680,2.041945695877075,1125029888.0,37.46446837976804
tai80b,3,PGD,1700,2.06620717048645,1125029888.0,37.46446837976804
tai80b,3,PGD,1720,2.0903847217559814,1125022592.0,37.463576900553136
tai80b,3,PGD,1740,2.114572763442993,1124853632.0,37.442932118734284
tai80b,3,PGD,1760,2.138756513595581,1125022592.0,37.463576900553136
tai80b,3,PGD,1780,2.1630570888519287,1125022592.0,37.463576900553136
tai80b,3,PGD,1800,2.1872758865356445,1125022592.0,37.463576900553136
tai80b,3,PGD,1820,2.211460590362549,1125022592.0,37.463576900553136
tai80b,3,PGD,1840,2.2356247901916504,1125022592.0,37.463576900553136
tai80b,3,PGD,1860,2.259807825088501,1125022592.0,37.463576900553136
tai80b,3,PGD,1880,2.284024477005005,1125022592.0,37.463576900553136
tai80b,3,PGD,1900,2.3082337379455566,1125022592.0,37.463576900553136
tai80b,3,PGD,1920,2.332404136657715,1125022592.0,37.463576900553136
tai80b,3,PGD,1940,2.3565726280212402,1125022592.0,37.463576900553136
tai80b,3,PGD,1960,2.3807625770568848,1124853632.0,37.442932118734284
tai80b,3,PGD,1980,2.405017137527466,1124853632.0,37.442932118734284
tai80b,3,PGD,2000,2.4292144775390625,1124853632.0,37.442932118734284
tai80b,3,PGD,2020,2.4534194469451904,1124853632.0,37.442932118734284
tai80b,3,PGD,2040,2.4776155948638916,1124853632.0,37.442932118734284
tai80b,3,PGD,2060,2.5018537044525146,1124853632.0,37.442932118734284
tai80b,3,PGD,2080,2.5260396003723145,1124795648.0,37.43584720497372
tai80b,3,PGD,2100,2.5502171516418457,1124853632.0,37.442932118734284
tai80b,3,PGD,2120,2.574371576309204,1124853632.0,37.442932118734284
tai80b,3,PGD,2140,2.5985465049743652,1124853632.0,37.442932118734284
tai80b,3,PGD,2160,2.6228115558624268,1124853632.0,37.442932118734284
tai80b,3,PGD,2180,2.6470987796783447,1124795648.0,37.43584720497372
tai80b,3,PGD,2200,2.6713030338287354,1124853632.0,37.442932118734284
tai80b,3,PGD,2220,2.695488929748535,1124853632.0,37.442932118734284
tai80b,3,PGD,2240,2.7196481227874756,1124795648.0,37.43584720497372
tai80b,3,PGD,2260,2.7439026832580566,1124795648.0,37.43584720497372
tai80b,3,PGD,2280,2.7680976390838623,1124795648.0,37.43584720497372
tai80b,3,PGD,2300,2.792278528213501,1124795648.0,37.43584720497372
tai80b,3,PGD,2320,2.816465377807617,1124853632.0,37.442932118734284
tai80b,3,PGD,2340,2.840681552886963,1124795648.0,37.43584720497372
tai80b,3,PGD,2360,2.8649590015411377,1124853632.0,37.442932118734284
tai80b,3,PGD,2380,2.8891570568084717,1124853632.0,37.442932118734284
tai80b,3,PGD,2400,2.913325548171997,1124853632.0,37.442932118734284
tai80b,3,PGD,2420,2.937516450881958,1124795648.0,37.43584720497372
tai80b,3,PGD,2440,2.961707353591919,1124853632.0,37.442932118734284
tai80b,3,PGD,2460,2.9859237670898438,1124795648.0,37.43584720497372
tai80b,3,PGD,2480,3.0101375579833984,1124853632.0,37.442932118734284
tai80b,3,PGD,2500,3.0343477725982666,1124853632.0,37.442932118734284
tai80b,3,SK,1,0.027074337005615234,1168902016.0,42.82508929885347
tai80b,3,SK,20,0.3084433078765869,1095718144.0,33.88294281389449
tai80b,3,SK,40,0.6019432544708252,1048531072.0,28.117277531517708
tai80b,3,SK,60,0.8950586318969727,967937216.0,18.26972442391922
tai80b,3,SK,80,1.1888728141784668,926639488.0,13.223662727812298
tai80b,3,SK,100,1.4821290969848633,918577536.0,12.238593835328611
tai80b,3,SK,120,1.7759404182434082,897513856.0,9.664877701911937
tai80b,3,SK,140,2.0691137313842773,891389184.0,8.91652000096484
tai80b,3,SK,160,2.363034248352051,878634112.0,7.358011013490132
tai80b,3,SK,180,2.656244993209839,873305216.0,6.706887106912573
tai80b,3,SK,200,2.950100898742676,867576448.0,6.006903883363737
tai80b,3,SK,220,3.2429633140563965,868201664.0,6.083297396086597
tai80b,3,SK,240,3.5361342430114746,890597888.0,8.819833606113225
tai80b,3,SK,260,3.829113483428955,874197120.0,6.815866530938141
tai80b,3,SK,280,4.1223204135894775,873799296.0,6.767257453746485
tai80b,3,SK,300,4.4152185916900635,872896640.0,6.656964270877899
tai80b,3,SK,320,4.708847522735596,860337152.0,5.122353182357133
tai80b,3,SK,340,5.0022149085998535,859260928.0,4.9908521781655475
tai80b,3,SK,360,5.295309066772461,861966656.0,5.321458027012341
tai80b,3,SK,380,5.588110446929932,869188352.0,6.203858229912814
tai80b,3,SK,400,5.881301403045654,869149824.0,6.1991505940586675
tai80b,3,SK,420,6.174260139465332,874711808.0,6.878754915554502
tai80b,3,SK,440,6.467513084411621,874627968.0,6.86851072457621
tai80b,3,SK,460,6.760425090789795,874627968.0,6.86851072457621
tai80b,3,SK,480,7.053555965423584,874571904.0,6.861660410609045
tai80b,3,SK,500,7.346503257751465,874577152.0,6.862301650044328
tai80b,3,SK,520,7.639703989028931,874605568.0,6.865773726986589
tai80b,3,SK,540,7.932659149169922,874709376.0,6.878457755816202
tai80b,3,SK,560,8.225877285003662,876161280.0,7.055862119582276
tai80b,3,SK,580,8.518808364868164,875955712.0,7.030744301702676
tai80b,3,SK,600,8.812065601348877,875955712.0,7.030744301702676
tai80b,3,SK,620,9.105010509490967,885947904.0,8.251664186480502
tai80b,3,SK,640,9.398232698440552,896017664.0,9.482061902911527
tai80b,3,SK,660,9.691133499145508,915328768.0,11.841635344916309
tai80b,3,SK,680,9.984346389770508,886393920.0,8.306161718486399
tai80b,3,SK,700,10.277276992797852,886393920.0,8.306161718486399
tai80b,3,SK,720,10.570342779159546,879930112.0,7.51636587403245
tai80b,3,SK,740,10.863322973251343,879532928.0,7.467834996771925
tai80b,3,SK,760,11.15654969215393,879551744.0,7.4701340747472065
tai80b,3,SK,780,11.449349880218506,877328384.0,7.198467513994608
tai80b,3,SK,800,11.742573261260986,882162688.0,7.78915851379335
tai80b,3,SK,820,12.035574436187744,880029568.0,7.528518143330364
tai80b,3,SK,840,12.328810930252075,887682368.0,8.463593819841359
tai80b,3,SK,860,12.621711730957031,887682368.0,8.463593819841359
tai80b,3,SK,880,12.914895296096802,892915264.0,9.102987736749116
tai80b,3,SK,900,13.207772254943848,890165760.0,8.767033012612893
tai80b,3,SK,920,13.500935077667236,886402176.0,8.307170497598001
tai80b,3,SK,940,13.793881893157959,885886080.0,8.24411007313315
tai80b,3,SK,960,14.087072372436523,885905664.0,8.246502991025789
tai80b,3,SK,980,14.379975080490112,885905664.0,8.246502991025789
tai80b,3,SK,1000,14.673264741897583,885905664.0,8.246502991025789
tai80b,3,SK,1020,14.966110467910767,886257664.0,8.289512953148394
tai80b,3,SK,1040,15.259310245513916,912950528.0,11.551044400829763
tai80b,3,SK,1060,15.552250623703003,912950528.0,11.551044400829763
tai80b,3,SK,1080,15.845415592193604,912950528.0,11.551044400829763
tai80b,3,SK,1100,16.138355255126953,912950528.0,11.551044400829763
tai80b,3,SK,1120,16.431550979614258,912947584.0,11.550684681146556
tai80b,3,SK,1140,16.724498748779297,912947584.0,11.550684681146556
tai80b,3,SK,1160,17.01767587661743,912947584.0,11.550684681146556
tai80b,3,SK,1180,17.31047034263611,912947584.0,11.550684681146556
tai80b,3,SK,1200,17.603652715682983,911786432.0,11.408806546093754
tai80b,3,SK,1220,17.896538257598877,878529472.0,7.345225324750048
tai80b,3,SK,1240,18.18967318534851,912199296.0,11.459253321667012
tai80b,3,SK,1260,18.482591152191162,913526528.0,11.621424338848572
tai80b,3,SK,1280,18.775771617889404,913508608.0,11.619234740776875
tai80b,3,SK,1300,19.068642377853394,915164736.0,11.821592702567173
tai80b,3,SK,1320,19.361849546432495,915164736.0,11.821592702567173
tai80b,3,SK,1340,19.654732704162598,915079232.0,11.811145191767938
tai80b,3,SK,1360,19.94783329963684,915079232.0,11.811145191767938
tai80b,3,SK,1380,20.240681409835815,915079232.0,11.811145191767938
tai80b,3,SK,1400,20.533828735351562,915079232.0,11.811145191767938
tai80b,3,SK,1420,20.826599597930908,915173632.0,11.822679681609909
tai80b,3,SK,1440,21.11973214149475,915173632.0,11.822679681609909
tai80b,3,SK,1460,21.412614107131958,915173632.0,11.822679681609909
tai80b,3,SK,1480,21.70574116706848,915173632.0,11.822679681609909
tai80b,3,SK,1500,21.998685836791992,915173632.0,11.822679681609909
tai80b,3,SK,1520,22.291898727416992,915079232.0,11.811145191767938
tai80b,3,SK,1540,22.584785223007202,915079232.0,11.811145191767938
tai80b,3,SK,1560,22.87799072265625,915079232.0,11.811145191767938
tai80b,3,SK,1580,23.17096734046936,915079232.0,11.811145191767938
tai80b,3,SK,1600,23.464073181152344,915079232.0,11.811145191767938
tai80b,3,SK,1620,23.756993055343628,915079232.0,11.811145191767938
tai80b,3,SK,1640,24.05025553703308,915079232.0,11.811145191767938
tai80b,3,SK,1660,24.343072175979614,915079232.0,11.811145191767938
tai80b,3,SK,1680,24.63622760772705,915079232.0,11.811145191767938
tai80b,3,SK,1700,24.929078340530396,915079232.0,11.811145191767938
tai80b,3,SK,1720,25.22226572036743,915079232.0,11.811145191767938
tai80b,3,SK,1740,25.51512837409973,915079232.0,11.811145191767938
tai80b,3,SK,1760,25.808276891708374,915079232.0,11.811145191767938
tai80b,3,SK,1780,26.101073265075684,915079232.0,11.811145191767938
tai80b,3,SK,1800,26.39437437057495,915079232.0,11.811145191767938
tai80b,3,SK,1820,26.68714475631714,915079232.0,11.811145191767938
tai80b,3,SK,1840,26.980310916900635,915079232.0,11.811145191767938
tai80b,3,SK,1860,27.273207426071167,915079232.0,11.811145191767938
tai80b,3,SK,1880,27.566392421722412,915079232.0,11.811145191767938
tai80b,3,SK,1900,27.859318017959595,915079232.0,11.811145191767938
tai80b,3,SK,1920,28.15245223045349,915079232.0,11.811145191767938
tai80b,3,SK,1940,28.445263862609863,915079232.0,11.811145191767938
tai80b,3,SK,1960,28.738473892211914,915079232.0,11.811145191767938
tai80b,3,SK,1980,29.031309604644775,915079232.0,11.811145191767938
tai80b,3,SK,2000,29.324349880218506,915079232.0,11.811145191767938
tai80b,3,SK,2020,29.617191076278687,915079232.0,11.811145191767938
tai80b,3,SK,2040,29.91038203239441,915079232.0,11.811145191767938
tai80b,3,SK,2060,30.203176498413086,915079232.0,11.811145191767938
tai80b,3,SK,2080,30.496362447738647,915079232.0,11.811145191767938
tai80b,3,SK,2100,30.7892906665802,915079232.0,11.811145191767938
tai80b,3,SK,2120,31.08247661590576,915079232.0,11.811145191767938
tai80b,3,SK,2140,31.37538456916809,915079232.0,11.811145191767938
tai80b,3,SK,2160,31.668541193008423,915079232.0,11.811145191767938
tai80b,3,SK,2180,31.96136498451233,915079232.0,11.811145191767938
tai80b,3,SK,2200,32.25454020500183,915079232.0,11.811145191767938
tai80b,3,SK,2220,32.547510623931885,886347776.0,8.300523503451782
tai80b,3,SK,2240,32.84066319465637,909581184.0,11.139353043392191
tai80b,3,SK,2260,33.13350772857666,902258496.0,10.244612891359086
tai80b,3,SK,2280,33.42666935920715,896289920.0,9.515328153615084
tai80b,3,SK,2300,33.7195086479187,896289920.0,9.515328153615084
tai80b,3,SK,2320,34.01266837120056,896365952.0,9.524618305433567
tai80b,3,SK,2340,34.305448055267334,896365952.0,9.524618305433567
tai80b,3,SK,2360,34.59862446784973,902312064.0,10.251158225594835
tai80b,3,SK,2380,34.89145231246948,902312064.0,10.251158225594835
tai80b,3,SK,2400,35.18456196784973,902312064.0,10.251158225594835
tai80b,3,SK,2420,35.47750949859619,902312064.0,10.251158225594835
tai80b,3,SK,2440,35.770713567733765,902312064.0,10.251158225594835
tai80b,3,SK,2460,36.06360077857971,902312064.0,10.251158225594835
tai80b,3,SK,2480,36.35676383972168,902312064.0,10.251158225594835
tai80b,3,SK,2500,36.64963436126709,902312064.0,10.251158225594835
tai80b,4,PGD,1,0.00718379020690918,1174461696.0,43.50441210059723
tai80b,4,PGD,20,0.03090810775756836,1161253120.0,41.890490641922376
tai80b,4,PGD,40,0.055550336837768555,1140597888.0,39.36668170455415
tai80b,4,PGD,60,0.08020401000976562,1139176064.0,39.19295273755129
tai80b,4,PGD,80,0.10439825057983398,1150152704.0,40.53415975639636
tai80b,4,PGD,100,0.12909197807312012,1130056960.0,38.07871319882374
tai80b,4,PGD,120,0.15331077575683594,1130254592.0,38.1028613375573
tai80b,4,PGD,140,0.17795467376708984,1124593280.0,37.41112038674978
tai80b,4,PGD,160,0.202178955078125,1126216960.0,37.609513612031684
tai80b,4,PGD,180,0.22641777992248535,1125543680.0,37.527247284480815
tai80b,4,PGD,200,0.25066232681274414,1125836032.0,37.56296901302192
tai80b,4,PGD,220,0.27486634254455566,1125137920.0,37.47766852814312
tai80b,4,PGD,240,0.2990696430206299,1125191680.0,37.48423732235821
tai80b,4,PGD,260,0.32332277297973633,1125191680.0,37.48423732235821
tai80b,4,PGD,280,0.34763264656066895,1125191680.0,37.48423732235821
tai80b,4,PGD,300,0.3719198703765869,1124820224.0,37.438850082329196
tai80b,4,PGD,320,0.3961219787597656,1124803584.0,37.436816884119764
tai80b,4,PGD,340,0.4203355312347412,1124803584.0,37.436816884119764
tai80b,4,PGD,360,0.44452762603759766,1124803584.0,37.436816884119764
tai80b,4,PGD,380,0.4688239097595215,1124803584.0,37.436816884119764
tai80b,4,PGD,400,0.4930436611175537,1124820224.0,37.438850082329196
tai80b,4,PGD,420,0.5172336101531982,1124820224.0,37.438850082329196
tai80b,4,PGD,440,0.5414235591888428,1124803584.0,37.436816884119764
tai80b,4,PGD,460,0.5656318664550781,1124820224.0,37.438850082329196
tai80b,4,PGD,480,0.5899131298065186,1124803584.0,37.436816884119764
tai80b,4,PGD,500,0.6141386032104492,1124820224.0,37.438850082329196
tai80b,4,PGD,520,0.6383407115936279,1124803584.0,37.436816884119764
tai80b,4,PGD,540,0.6625492572784424,1125022592.0,37.463576900553136
tai80b,4,PGD,560,0.6868374347686768,1125022592.0,37.463576900553136
tai80b,4,PGD,580,0.711106538772583,1125022592.0,37.463576900553136
tai80b,4,PGD,600,0.7353208065032959,1125029888.0,37.46446837976804
tai80b,4,PGD,620,0.7595407962799072,1125022592.0,37.463576900553136
tai80b,4,PGD,640,0.7837457656860352,1125022592.0,37.463576900553136
tai80b,4,PGD,660,0.8080198764801025,1125022592.0,37.463576900553136
tai80b,4,PGD,680,0.8322198390960693,1125022592.0,37.463576900553136
tai80b,4,PGD,700,0.8564224243164062,1125022592.0,37.463576900553136
tai80b,4,PGD,720,0.8806202411651611,1125029888.0,37.46446837976804
tai80b,4,PGD,740,0.9048480987548828,1125022592.0,37.463576900553136
tai80b,4,PGD,760,0.9291372299194336,1125022592.0,37.463576900553136
tai80b,4,PGD,780,0.9533529281616211,1125022592.0,37.463576900553136
tai80b,4,PGD,800,0.9775407314300537,1125029888.0,37.46446837976804
tai80b,4,PGD,820,1.0017132759094238,1125029888.0,37.46446837976804
tai80b,4,PGD,840,1.0259125232696533,1125029888.0,37.46446837976804
tai80b,4,PGD,860,1.0501301288604736,1125022592.0,37.463576900553136
tai80b,4,PGD,880,1.0743834972381592,1125029888.0,37.46446837976804
tai80b,4,PGD,900,1.098599910736084,1125022592.0,37.463576900553136
tai80b,4,PGD,920,1.122788906097412,1125029888.0,37.46446837976804
tai80b,4,PGD,940,1.1470658779144287,1125022592.0,37.463576900553136
tai80b,4,PGD,960,1.1713123321533203,1125022592.0,37.463576900553136
tai80b,4,PGD,980,1.1955327987670898,1125029888.0,37.46446837976804
tai80b,4,PGD,1000,1.2197554111480713,1125029888.0,37.46446837976804
tai80b,4,PGD,1020,1.243978500366211,1125022592.0,37.463576900553136
tai80b,4,PGD,1040,1.2682769298553467,1125029888.0,37.46446837976804
tai80b,4,PGD,1060,1.292501449584961,1125022592.0,37.463576900553136
tai80b,4,PGD,1080,1.3167078495025635,1125022592.0,37.463576900553136
tai80b,4,PGD,1100,1.3409202098846436,1125022592.0,37.463576900553136
tai80b,4,PGD,1120,1.3651602268218994,1125029888.0,37.46446837976804
tai80b,4,PGD,1140,1.3894596099853516,1125022592.0,37.463576900553136
tai80b,4,PGD,1160,1.413666009902954,1125029888.0,37.46446837976804
tai80b,4,PGD,1180,1.4378509521484375,1125022592.0,37.463576900553136
tai80b,4,PGD,1200,1.4620335102081299,1125022592.0,37.463576900553136
tai80b,4,PGD,1220,1.4863269329071045,1125022592.0,37.463576900553136
tai80b,4,PGD,1240,1.5105936527252197,1125029888.0,37.46446837976804
tai80b,4,PGD,1260,1.5348217487335205,1125022592.0,37.463576900553136
tai80b,4,PGD,1280,1.559035062789917,1125029888.0,37.46446837976804
tai80b,4,PGD,1300,1.583228349685669,1125022592.0,37.463576900553136
tai80b,4,PGD,1320,1.60750412940979,1125022592.0,37.463576900553136
tai80b,4,PGD,1340,1.631751298904419,1125029888.0,37.46446837976804
tai80b,4,PGD,1360,1.655956745147705,1125022592.0,37.463576900553136
tai80b,4,PGD,1380,1.6801631450653076,1125022592.0,37.463576900553136
tai80b,4,PGD,1400,1.7043499946594238,1125022592.0,37.463576900553136
tai80b,4,PGD,1420,1.7286317348480225,1125029888.0,37.46446837976804
tai80b,4,PGD,1440,1.7528464794158936,1125029888.0,37.46446837976804
tai80b,4,PGD,1460,1.7770590782165527,1125022592.0,37.463576900553136
tai80b,4,PGD,1480,1.8012664318084717,1125022592.0,37.463576900553136
tai80b,4,PGD,1500,1.8254973888397217,1125029888.0,37.46446837976804
tai80b,4,PGD,1520,1.8497557640075684,1125029888.0,37.46446837976804
tai80b,4,PGD,1540,1.873971700668335,1125029888.0,37.46446837976804
tai80b,4,PGD,1560,1.8981797695159912,1125022592.0,37.463576900553136
tai80b,4,PGD,1580,1.9223780632019043,1125022592.0,37.463576900553136
tai80b,4,PGD,1600,1.9466907978057861,1125029888.0,37.46446837976804
tai80b,4,PGD,1620,1.970949411392212,1125029888.0,37.46446837976804
tai80b,4,PGD,1640,1.9951412677764893,1125022592.0,37.463576900553136
tai80b,4,PGD,1660,2.0193259716033936,1125029888.0,37.46446837976804
tai80b,4,PGD,1680,2.0435118675231934,1125029888.0,37.46446837976804
tai80b,4,PGD,1700,2.067803144454956,1125029888.0,37.46446837976804
tai80b,4,PGD,1720,2.092024564743042,1125022592.0,37.463576900553136
tai80b,4,PGD,1740,2.1162240505218506,1124853632.0,37.442932118734284
tai80b,4,PGD,1760,2.1404404640197754,1125022592.0,37.463576900553136
tai80b,4,PGD,1780,2.164663314819336,1125022592.0,37.463576900553136
tai80b,4,PGD,1800,2.1889259815216064,1125022592.0,37.463576900553136
tai80b,4,PGD,1820,2.213142156600952,1125022592.0,37.463576900553136
tai80b,4,PGD,1840,2.237359046936035,1125022592.0,37.463576900553136
tai80b,4,PGD,1860,2.2615838050842285,1125022592.0,37.463576900553136
tai80b,4,PGD,1880,2.2858288288116455,1125022592.0,37.463576900553136
tai80b,4,PGD,1900,2.310068130493164,1125022592.0,37.463576900553136
tai80b,4,PGD,1920,2.3342535495758057,1125022592.0,37.463576900553136
tai80b,4,PGD,1940,2.3584704399108887,1125022592.0,37.463576900553136
tai80b,4,PGD,1960,2.3826913833618164,1124853632.0,37.442932118734284
tai80b,4,PGD,1980,2.407010078430176,1124853632.0,37.442932118734284
tai80b,4,PGD,2000,2.431213617324829,1124853632.0,37.442932118734284
tai80b,4,PGD,2020,2.4554176330566406,1124853632.0,37.442932118734284
tai80b,4,PGD,2040,2.4796085357666016,1124853632.0,37.442932118734284
tai80b,4,PGD,2060,2.503802537918091,1124853632.0,37.442932118734284
tai80b,4,PGD,2080,2.528102159500122,1124795648.0,37.43584720497372
tai80b,4,PGD,2100,2.552335023880005,1124853632.0,37.442932118734284
tai80b,4,PGD,2120,2.576535224914551,1124853632.0,37.442932118734284
tai80b,4,PGD,2140,2.6007254123687744,1124853632.0,37.442932118734284
tai80b,4,PGD,2160,2.6249499320983887,1124853632.0,37.442932118734284
tai80b,4,PGD,2180,2.6492433547973633,1124795648.0,37.43584720497372
tai80b,4,PGD,2200,2.6734917163848877,1124853632.0,37.442932118734284
tai80b,4,PGD,2220,2.697702169418335,1124853632.0,37.442932118734284
tai80b,4,PGD,2240,2.721874713897705,1124795648.0,37.43584720497372
tai80b,4,PGD,2260,2.7461483478546143,1124795648.0,37.43584720497372
tai80b,4,PGD,2280,2.7704017162323,1124795648.0,37.43584720497372
tai80b,4,PGD,2300,2.794618606567383,1124795648.0,37.43584720497372
tai80b,4,PGD,2320,2.818835973739624,1124853632.0,37.442932118734284
tai80b,4,PGD,2340,2.8430516719818115,1124795648.0,37.43584720497372
tai80b,4,PGD,2360,2.8673574924468994,1124853632.0,37.442932118734284
tai80b,4,PGD,2380,2.891576051712036,1124853632.0,37.442932118734284
tai80b,4,PGD,2400,2.9157893657684326,1124853632.0,37.442932118734284
tai80b,4,PGD,2420,2.940037965774536,1124795648.0,37.43584720497372
tai80b,4,PGD,2440,2.964277744293213,1124853632.0,37.442932118734284
tai80b,4,PGD,2460,2.9885730743408203,1124795648.0,37.43584720497372
tai80b,4,PGD,2480,3.0127906799316406,1124853632.0,37.442932118734284
tai80b,4,PGD,2500,3.0370020866394043,1124853632.0,37.442932118734284
tai80b,4,SK,1,0.027118682861328125,1168902016.0,42.82508929885347
tai80b,4,SK,20,0.3074650764465332,1095718144.0,33.88294281389449
tai80b,4,SK,40,0.6009173393249512,1048531072.0,28.117277531517708
tai80b,4,SK,60,0.8939926624298096,967937216.0,18.26972442391922
tai80b,4,SK,80,1.1877858638763428,926639488.0,13.223662727812298
tai80b,4,SK,100,1.4810481071472168,918577536.0,12.238593835328611
tai80b,4,SK,120,1.7748191356658936,897513856.0,9.664877701911937
tai80b,4,SK,140,2.0680856704711914,891389184.0,8.91652000096484
tai80b,4,SK,160,2.3619213104248047,878634112.0,7.358011013490132
tai80b,4,SK,180,2.6551332473754883,873305216.0,6.706887106912573
tai80b,4,SK,200,2.949077606201172,867576448.0,6.006903883363737
tai80b,4,SK,220,3.241929292678833,868201664.0,6.083297396086597
tai80b,4,SK,240,3.5350613594055176,890597888.0,8.819833606113225
tai80b,4,SK,260,3.827970266342163,874197120.0,6.815866530938141
tai80b,4,SK,280,4.12113618850708,873799296.0,6.767257453746485
tai80b,4,SK,300,4.414013624191284,872896640.0,6.656964270877899
tai80b,4,SK,320,4.707559585571289,860337152.0,5.122353182357133
tai80b,4,SK,340,5.000863313674927,859260928.0,4.9908521781655475
tai80b,4,SK,360,5.293887615203857,861966656.0,5.321458027012341
tai80b,4,SK,380,5.586761474609375,869188352.0,6.203858229912814
tai80b,4,SK,400,5.879889011383057,869149824.0,6.1991505940586675
tai80b,4,SK,420,6.17291259765625,874711808.0,6.878754915554502
tai80b,4,SK,440,6.466076612472534,874627968.0,6.86851072457621
tai80b,4,SK,460,6.758870601654053,874627968.0,6.86851072457621
tai80b,4,SK,480,7.051905632019043,874571904.0,6.861660410609045
tai80b,4,SK,500,7.3447654247283936,874577152.0,6.862301650044328
tai80b,4,SK,520,7.6379640102386475,874605568.0,6.865773726986589
tai80b,4,SK,540,7.930809497833252,874709376.0,6.878457755816202
tai80b,4,SK,560,8.223942756652832,876161280.0,7.055862119582276
tai80b,4,SK,580,8.516779661178589,875955712.0,7.030744301702676
tai80b,4,SK,600,8.809890508651733,875955712.0,7.030744301702676
tai80b,4,SK,620,9.10270643234253,885947904.0,8.251664186480502
tai80b,4,SK,640,9.39583945274353,896017664.0,9.482061902911527
tai80b,4,SK,660,9.68864393234253,915328768.0,11.841635344916309
tai80b,4,SK,680,9.981812715530396,886393920.0,8.306161718486399
tai80b,4,SK,700,10.274610042572021,886393920.0,8.306161718486399
tai80b,4,SK,720,10.56770133972168,879930112.0,7.51636587403245
tai80b,4,SK,740,10.860507726669312,879532928.0,7.467834996771925
tai80b,4,SK,760,11.153680086135864,879551744.0,7.4701340747472065
tai80b,4,SK,780,11.446465969085693,877328384.0,7.198467513994608
tai80b,4,SK,800,11.739640235900879,882162688.0,7.78915851379335
tai80b,4,SK,820,12.032452821731567,880029568.0,7.528518143330364
tai80b,4,SK,840,12.325551986694336,887682368.0,8.463593819841359
tai80b,4,SK,860,12.618409872055054,887682368.0,8.463593819841359
tai80b,4,SK,880,12.911344289779663,892915264.0,9.102987736749116
tai80b,4,SK,900,13.204198837280273,890165760.0,8.767033012612893
tai80b,4,SK,920,13.497293949127197,886402176.0,8.307170497598001
tai80b,4,SK,940,13.790082216262817,885886080.0,8.24411007313315
tai80b,4,SK,960,14.08317255973816,885905664.0,8.246502991025789
tai80b,4,SK,980,14.375956296920776,885905664.0,8.246502991025789
tai80b,4,SK,1000,14.66902208328247,885905664.0,8.246502991025789
tai80b,4,SK,1020,14.961787462234497,886257664.0,8.289512953148394
tai80b,4,SK,1040,15.254802227020264,912950528.0,11.551044400829763
tai80b,4,SK,1060,15.547642230987549,912950528.0,11.551044400829763
tai80b,4,SK,1080,15.840696096420288,912950528.0,11.551044400829763
tai80b,4,SK,1100,16.13344168663025,912950528.0,11.551044400829763
tai80b,4,SK,1120,16.426494121551514,912947584.0,11.550684681146556
tai80b,4,SK,1140,16.719343423843384,912947584.0,11.550684681146556
tai80b,4,SK,1160,17.012434244155884,912947584.0,11.550684681146556
tai80b,4,SK,1180,17.305216312408447,912947584.0,11.550684681146556
tai80b,4,SK,1200,17.598307847976685,911786432.0,11.408806546093754
tai80b,4,SK,1220,17.89105463027954,878529472.0,7.345225324750048
tai80b,4,SK,1240,18.18424415588379,912199296.0,11.459253321667012
tai80b,4,SK,1260,18.477095127105713,913526528.0,11.621424338848572
tai80b,4,SK,1280,18.770118236541748,913508608.0,11.619234740776875
tai80b,4,SK,1300,19.062914609909058,915164736.0,11.821592702567173
tai80b,4,SK,1320,19.355977058410645,915164736.0,11.821592702567173
tai80b,4,SK,1340,19.6487295627594,915079232.0,11.811145191767938
tai80b,4,SK,1360,19.941835165023804,915079232.0,11.811145191767938
tai80b,4,SK,1380,20.234678506851196,915079232.0,11.811145191767938
tai80b,4,SK,1400,20.52776336669922,915079232.0,11.811145191767938
tai80b,4,SK,1420,20.82058334350586,915173632.0,11.822679681609909
tai80b,4,SK,1440,21.113729000091553,915173632.0,11.822679681609909
tai80b,4,SK,1460,21.40649724006653,915173632.0,11.822679681609909
tai80b,4,SK,1480,21.69960379600525,915173632.0,11.822679681609909
tai80b,4,SK,1500,21.9923734664917,915173632.0,11.822679681609909
tai80b,4,SK,1520,22.28539276123047,915079232.0,11.811145191767938
tai80b,4,SK,1540,22.578195333480835,915079232.0,11.811145191767938
tai80b,4,SK,1560,22.871254682540894,915079232.0,11.811145191767938
tai80b,4,SK,1580,23.164081811904907,915079232.0,11.811145191767938
tai80b,4,SK,1600,23.45711588859558,915079232.0,11.811145191767938
tai80b,4,SK,1620,23.749913930892944,915079232.0,11.811145191767938
tai80b,4,SK,1640,24.042980432510376,915079232.0,11.811145191767938
tai80b,4,SK,1660,24.335784196853638,915079232.0,11.811145191767938
tai80b,4,SK,1680,24.62886071205139,915079232.0,11.811145191767938
tai80b,4,SK,1700,24.921735763549805,915079232.0,11.811145191767938
tai80b,4,SK,1720,25.21485161781311,915079232.0,11.811145191767938
tai80b,4,SK,1740,25.507554054260254,915079232.0,11.811145191767938
tai80b,4,SK,1760,25.800690412521362,915079232.0,11.811145191767938
tai80b,4,SK,1780,26.09347629547119,915079232.0,11.811145191767938
tai80b,4,SK,1800,26.386486530303955,915079232.0,11.811145191767938
tai80b,4,SK,1820,26.67926001548767,915079232.0,11.811145191767938
tai80b,4,SK,1840,26.97237491607666,915079232.0,11.811145191767938
tai80b,4,SK,1860,27.265203952789307,915079232.0,11.811145191767938
tai80b,4,SK,1880,27.55827784538269,915079232.0,11.811145191767938
tai80b,4,SK,1900,27.851139545440674,915079232.0,11.811145191767938
tai80b,4,SK,1920,28.14419198036194,915079232.0,11.811145191767938
tai80b,4,SK,1940,28.437007427215576,915079232.0,11.811145191767938
tai80b,4,SK,1960,28.730120182037354,915079232.0,11.811145191767938
tai80b,4,SK,1980,29.022933959960938,915079232.0,11.811145191767938
tai80b,4,SK,2000,29.316028356552124,915079232.0,11.811145191767938
tai80b,4,SK,2020,29.608800888061523,915079232.0,11.811145191767938
tai80b,4,SK,2040,29.901901245117188,915079232.0,11.811145191767938
tai80b,4,SK,2060,30.194703102111816,915079232.0,11.811145191767938
tai80b,4,SK,2080,30.487723350524902,915079232.0,11.811145191767938
tai80b,4,SK,2100,30.780526638031006,915079232.0,11.811145191767938
tai80b,4,SK,2120,31.07359528541565,915079232.0,11.811145191767938
tai80b,4,SK,2140,31.366267681121826,915079232.0,11.811145191767938
tai80b,4,SK,2160,31.65922713279724,915079232.0,11.811145191767938
tai80b,4,SK,2180,31.952059030532837,915079232.0,11.811145191767938
tai80b,4,SK,2200,32.245054960250854,915079232.0,11.811145191767938
tai80b,4,SK,2220,32.53782367706299,886347776.0,8.300523503451782
tai80b,4,SK,2240,32.83090043067932,909581184.0,11.139353043392191
tai80b,4,SK,2260,33.12367391586304,902258496.0,10.244612891359086
tai80b,4,SK,2280,33.41675519943237,896289920.0,9.515328153615084
tai80b,4,SK,2300,33.70947980880737,896289920.0,9.515328153615084
tai80b,4,SK,2320,34.00249433517456,896365952.0,9.524618305433567
tai80b,4,SK,2340,34.29533123970032,896365952.0,9.524618305433567
tai80b,4,SK,2360,34.58837842941284,902312064.0,10.251158225594835
tai80b,4,SK,2380,34.88109612464905,902312064.0,10.251158225594835
tai80b,4,SK,2400,35.174158573150635,902312064.0,10.251158225594835
tai80b,4,SK,2420,35.46702480316162,902312064.0,10.251158225594835
tai80b,4,SK,2440,35.7600839138031,902312064.0,10.251158225594835
tai80b,4,SK,2460,36.05285882949829,902312064.0,10.251158225594835
tai80b,4,SK,2480,36.34586501121521,902312064.0,10.251158225594835
tai80b,4,SK,2500,36.63856816291809,902312064.0,10.251158225594835
tho150,0,PGD,1,0.021745681762695312,9912132.0,21.86950644736677
tho150,0,PGD,20,0.10456967353820801,9486190.0,16.632556282134477
tho150,0,PGD,40,0.18363523483276367,9553624.0,17.461656247487213
tho150,0,PGD,60,0.26278209686279297,9530364.0,17.17567491471584
tho150,0,PGD,80,0.34523725509643555,9454930.0,16.248215075667023
tho150,0,PGD,100,0.4307389259338379,9442416.0,16.09435564323792
tho150,0,PGD,120,0.5097076892852783,9482316.0,16.58492551329715
tho150,0,PGD,140,0.588796854019165,9444372.0,16.11840463235661
tho150,0,PGD,160,0.6743154525756836,9431152.0,15.95586494107383
tho150,0,PGD,180,0.753324031829834,9440824.0,16.074782028372397
tho150,0,PGD,200,0.8324112892150879,9432132.0,15.967914025601598
tho150,0,PGD,220,0.9141240119934082,9422358.0,15.847742849913407
tho150,0,PGD,240,0.9992630481719971,9392550.0,15.48125396052179
tho150,0,PGD,260,1.078366994857788,9432348.0,15.970569742191392
tho150,0,PGD,280,1.157475233078003,9452656.0,16.220256281568908
tho150,0,PGD,300,1.2365572452545166,9479462.0,16.549835628356067
tho150,0,PGD,320,1.3156683444976807,9472228.0,16.46089371256638
tho150,0,PGD,340,1.3948206901550293,9462562.0,16.34205039517309
tho150,0,PGD,360,1.4738991260528564,9465062.0,16.372787855703113
tho150,0,PGD,380,1.55295991897583,9465062.0,16.372787855703113
tho150,0,PGD,400,1.6320555210113525,9462562.0,16.34205039517309
tho150,0,PGD,420,1.7111639976501465,9462562.0,16.34205039517309
tho150,0,PGD,440,1.7902421951293945,9462562.0,16.34205039517309
tho150,0,PGD,460,1.86918044090271,9462562.0,16.34205039517309
tho150,0,PGD,480,1.9483098983764648,9462562.0,16.34205039517309
tho150,0,PGD,500,2.027383804321289,9462562.0,16.34205039517309
tho150,0,PGD,520,2.1064388751983643,9473950.0,16.482065675379467
tho150,0,PGD,540,2.1854395866394043,9473950.0,16.482065675379467
tho150,0,PGD,560,2.264549732208252,9468536.0,16.41550063085564
tho150,0,PGD,580,2.3435416221618652,9472344.0,16.462319930734978
tho150,0,PGD,600,2.422626495361328,9472344.0,16.462319930734978
tho150,0,PGD,620,2.50177001953125,9476992.0,16.5194670173524
tho150,0,PGD,640,2.5808637142181396,9476992.0,16.5194670173524
tho150,0,PGD,660,2.659938335418701,9439846.0,16.062757533813052
tho150,0,PGD,680,2.7390270233154297,9416022.0,15.769841829946108
tho150,0,PGD,700,2.8181748390197754,9416022.0,15.769841829946108
tho150,0,PGD,720,2.8972747325897217,9426190.0,15.89485722941383
tho150,0,PGD,740,2.976379156112671,9433346.0,15.98284013643498
tho150,0,PGD,760,3.0555238723754883,9421688.0,15.839505210491359
tho150,0,PGD,780,3.134669303894043,9440322.0,16.06860994629797
tho150,0,PGD,800,3.213710069656372,9433550.0,15.985348313214232
tho150,0,PGD,820,3.2927749156951904,9429850.0,15.93985687162979
tho150,0,PGD,840,3.37191104888916,9432404.0,15.971258261307266
tho150,0,PGD,860,3.4510629177093506,9433936.0,15.990094177120067
tho150,0,PGD,880,3.530121088027954,9433936.0,15.990094177120067
tho150,0,PGD,900,3.609097480773926,9433936.0,15.990094177120067
tho150,0,PGD,920,3.68826961517334,9433936.0,15.990094177120067
tho150,0,PGD,940,3.7672996520996094,9433936.0,15.990094177120067
tho150,0,PGD,960,3.84631085395813,9433936.0,15.990094177120067
tho150,0,PGD,980,3.925394058227539,9433936.0,15.990094177120067
tho150,0,PGD,1000,4.004474401473999,9433936.0,15.990094177120067
tho150,0,PGD,1020,4.083484172821045,9433936.0,15.990094177120067
tho150,0,PGD,1040,4.162538051605225,9433936.0,15.990094177120067
tho150,0,PGD,1060,4.241710424423218,9433936.0,15.990094177120067
tho150,0,PGD,1080,4.320808172225952,9433936.0,15.990094177120067
tho150,0,PGD,1100,4.399871349334717,9432992.0,15.978487712023929
tho150,0,PGD,1120,4.478863716125488,9432992.0,15.978487712023929
tho150,0,PGD,1140,4.558027029037476,9432992.0,15.978487712023929
tho150,0,PGD,1160,4.63715124130249,9432992.0,15.978487712023929
tho150,0,PGD,1180,4.716234922409058,9432992.0,15.978487712023929
tho150,0,PGD,1200,4.795377016067505,9432992.0,15.978487712023929
tho150,0,PGD,1220,4.874593257904053,9432992.0,15.978487712023929
tho150,0,PGD,1240,4.953645467758179,9432992.0,15.978487712023929
tho150,0,PGD,1260,5.0326316356658936,9432992.0,15.978487712023929
tho150,0,PGD,1280,5.111779451370239,9432992.0,15.978487712023929
tho150,0,PGD,1300,5.190877437591553,9432992.0,15.978487712023929
tho150,0,PGD,1320,5.269871711730957,9430220.0,15.944406015788234
tho150,0,PGD,1340,5.348875045776367,9426514.0,15.898840804298523
tho150,0,PGD,1360,5.427990913391113,9426514.0,15.898840804298523
tho150,0,PGD,1380,5.506994009017944,9426514.0,15.898840804298523
tho150,0,PGD,1400,5.58603572845459,9440360.0,16.069077155698025
tho150,0,PGD,1420,5.665125131607056,9440360.0,16.069077155698025
tho150,0,PGD,1440,5.744205713272095,9437232.0,16.030618445082855
tho150,0,PGD,1460,5.823235511779785,9437232.0,16.030618445082855
tho150,0,PGD,1480,5.902257919311523,9437232.0,16.030618445082855
tho150,0,PGD,1500,5.981405735015869,9437232.0,16.030618445082855
tho150,0,PGD,1520,6.060548782348633,9440360.0,16.069077155698025
tho150,0,PGD,1540,6.139596700668335,9445912.0,16.13733890804311
tho150,0,PGD,1560,6.218708515167236,9427048.0,15.905406325867737
tho150,0,PGD,1580,6.297849655151367,9448958.0,16.17478942995289
tho150,0,PGD,1600,6.376905202865601,9447396.0,16.15558466461373
tho150,0,PGD,1620,6.455896615982056,9476274.0,16.51063921868818
tho150,0,PGD,1640,6.5350353717803955,9487572.0,16.649547950315476
tho150,0,PGD,1660,6.614095449447632,9452374.0,16.216789096021124
tho150,0,PGD,1680,6.693152666091919,9468078.0,16.40986952808654
tho150,0,PGD,1700,6.772231817245483,9468078.0,16.40986952808654
tho150,0,PGD,1720,6.851379871368408,9468078.0,16.40986952808654
tho150,0,PGD,1740,6.930435657501221,9453984.0,16.23658402060246
tho150,0,PGD,1760,7.009488105773926,9454828.0,16.246960987277394
tho150,0,PGD,1780,7.088553190231323,9453488.0,16.2304857084333
tho150,0,PGD,1800,7.1676695346832275,9449480.0,16.18120741171156
tho150,0,PGD,1820,7.246706008911133,9440184.0,16.066913238476708
tho150,0,PGD,1840,7.325708627700806,9435752.0,16.012421868449078
tho150,0,PGD,1860,7.4048075675964355,9435752.0,16.012421868449078
tho150,0,PGD,1880,7.483860015869141,9435752.0,16.012421868449078
tho150,0,PGD,1900,7.5628790855407715,9433574.0,15.98564339283532
tho150,0,PGD,1920,7.6419267654418945,9432066.0,15.967102556643606
tho150,0,PGD,1940,7.721019744873047,9432066.0,15.967102556643606
tho150,0,PGD,1960,7.800109386444092,9432066.0,15.967102556643606
tho150,0,PGD,1980,7.879119157791138,9432066.0,15.967102556643606
tho150,0,PGD,2000,7.958294630050659,9432066.0,15.967102556643606
tho150,0,PGD,2020,8.037353515625,9432066.0,15.967102556643606
tho150,0,PGD,2040,8.116441011428833,9435130.0,16.004774388269208
tho150,0,PGD,2060,8.195570468902588,9435130.0,16.004774388269208
tho150,0,PGD,2080,8.274766683578491,9436400.0,16.020389018218463
tho150,0,PGD,2100,8.353904485702515,9436400.0,16.020389018218463
tho150,0,PGD,2120,8.433072566986084,9436400.0,16.020389018218463
tho150,0,PGD,2140,8.512137413024902,9436400.0,16.020389018218463
tho150,0,PGD,2160,8.591266632080078,9440994.0,16.07687217568844
tho150,0,PGD,2180,8.670316696166992,9443270.0,16.104855559754977
tho150,0,PGD,2200,8.749361276626587,9443270.0,16.104855559754977
tho150,0,PGD,2220,8.828457832336426,9443270.0,16.104855559754977
tho150,0,PGD,2240,8.90756893157959,9443270.0,16.104855559754977
tho150,0,PGD,2260,8.986583948135376,9443270.0,16.104855559754977
tho150,0,PGD,2280,9.065562009811401,9428868.0,15.927783197133596
tho150,0,PGD,2300,9.144644498825073,9428868.0,15.927783197133596
tho150,0,PGD,2320,9.223688840866089,9428868.0,15.927783197133596
tho150,0,PGD,2340,9.30268931388855,9428868.0,15.927783197133596
tho150,0,PGD,2360,9.381797552108765,9428868.0,15.927783197133596
tho150,0,PGD,2380,9.46088695526123,9429496.0,15.93550444721874
tho150,0,PGD,2400,9.539957284927368,9429496.0,15.93550444721874
tho150,0,PGD,2420,9.618983507156372,9429496.0,15.93550444721874
tho150,0,PGD,2440,9.698090553283691,9429496.0,15.93550444721874
tho150,0,PGD,2460,9.777127981185913,9429496.0,15.93550444721874
tho150,0,PGD,2480,9.85621452331543,9429496.0,15.93550444721874
tho150,0,PGD,2500,9.93530535697937,9429496.0,15.93550444721874
tho150,0,SK,1,0.06809496879577637,9941224.0,22.22719212806259
tho150,0,SK,20,1.0354845523834229,9309608.0,14.461483380009192
tho150,0,SK,40,2.053016185760498,9090462.0,11.767086769883878
tho150,0,SK,60,3.0669662952423096,8866468.0,9.013084076298737
tho150,0,SK,80,4.084458589553833,8676832.0,6.681512450269862
tho150,0,SK,100,5.102017402648926,8545674.0,5.068926910990953
tho150,0,SK,120,6.115929365158081,8465224.0,4.079795431134687
tho150,0,SK,140,7.133562803268433,8408636.0,3.384046864545421
tho150,0,SK,160,8.15139102935791,8376620.0,2.9904106500136844
tho150,0,SK,180,9.165469408035278,8365064.0,2.8483298124596876
tho150,0,SK,200,10.183438062667847,8363822.0,2.8330594420683703
tho150,0,SK,220,11.201290845870972,8315910.0,2.24398215850251
tho150,0,SK,240,12.212981939315796,8353104.0,2.701281801284039
tho150,0,SK,260,13.226823329925537,8299934.0,2.047557490731426
tho150,0,SK,280,14.23844313621521,8311328.0,2.187646540843077
tho150,0,SK,300,15.256590366363525,8287946.0,1.900165219997841
tho150,0,SK,320,16.268295764923096,8302262.0,2.076180213976987
tho150,0,SK,340,17.28639006614685,8273694.0,1.7249371050082636
tho150,0,SK,360,18.298146724700928,8278922.0,1.7892152824686556
tho150,0,SK,380,19.309597492218018,8329982.0,2.416997176333926
tho150,0,SK,400,20.321634769439697,8323860.0,2.341727282987996
tho150,0,SK,420,21.333371877670288,8305808.0,2.1197782279927773
tho150,0,SK,440,22.34512734413147,8277554.0,1.7723957440666251
tho150,0,SK,460,23.356685638427734,8309236.0,2.1619254338715503
tho150,0,SK,480,24.368287563323975,8313706.0,2.2168840132992385
tho150,0,SK,500,25.37994694709778,8307760.0,2.1437780371746222
tho150,0,SK,520,26.391613960266113,8340090.0,2.541274876748931
tho150,0,SK,540,27.403198957443237,8339512.0,2.5341683758743883
tho150,0,SK,560,28.414791345596313,8374204.0,2.960705968157466
tho150,0,SK,580,29.426304578781128,8354750.0,2.7215193452970086
tho150,0,SK,600,30.437954664230347,8345808.0,2.611577596473208
tho150,0,SK,620,31.44959259033203,8350384.0,2.66783944422737
tho150,0,SK,640,32.46131706237793,8316172.0,2.247203444366057
tho150,0,SK,660,33.47285485267639,8376456.0,2.9883942726029145
tho150,0,SK,680,34.4844183921814,8376456.0,2.9883942726029145
tho150,0,SK,700,35.49588441848755,8342826.0,2.574913953552992
tho150,0,SK,720,36.50729489326477,8369624.0,2.904394940466457
tho150,0,SK,740,37.518802881240845,8349586.0,2.658028046826185
tho150,0,SK,760,38.530423641204834,8359388.0,2.7785434820723145
tho150,0,SK,780,39.541752576828,8349666.0,2.659011645563146
tho150,0,SK,800,40.553184509277344,8355296.0,2.7282324066767663
tho150,0,SK,820,41.56464624404907,8385190.0,3.0957786647106165
tho150,0,SK,840,42.57598066329956,8400306.0,3.281629646059372
tho150,0,SK,860,43.58745217323303,8412644.0,3.4333251612671605
tho150,0,SK,880,44.59885025024414,8412644.0,3.4333251612671605
tho150,0,SK,900,45.610207080841064,8412644.0,3.4333251612671605
tho150,0,SK,920,46.621585845947266,8369920.0,2.908034255793212
tho150,0,SK,940,47.63299822807312,8368886.0,2.8953212421179932
tho150,0,SK,960,48.64439249038696,8367118.0,2.873583710031158
tho150,0,SK,980,49.6558153629303,8386286.0,3.1092539674069806
tho150,0,SK,1000,50.66730213165283,8376498.0,2.988910661939819
tho150,0,SK,1020,51.67866516113281,8384102.0,3.082401721887949
tho150,0,SK,1040,52.68996858596802,8385366.0,3.0979425819319304
tho150,0,SK,1060,53.7014274597168,8404276.0,3.3304407333810544
tho150,0,SK,1080,54.712894916534424,8382382.0,3.0612543490432906
tho150,0,SK,1100,55.72417140007019,8384498.0,3.087270535635905
tho150,0,SK,1120,56.735620737075806,8421636.0,3.543881659301561
tho150,0,SK,1140,57.74699783325195,8405658.0,3.3474324015620534
tho150,0,SK,1160,58.75830864906311,8383598.0,3.0762050498450955
tho150,0,SK,1180,59.7697491645813,8392692.0,3.188015636269122
tho150,0,SK,1200,60.781094789505005,8391420.0,3.172376416351444
tho150,0,SK,1220,61.79247069358826,8455490.0,3.9601160548149736
tho150,0,SK,1240,62.803935289382935,8427410.0,3.6148728981417113
tho150,0,SK,1260,63.81531047821045,8442182.0,3.7964944049215346
tho150,0,SK,1280,64.82654023170471,8442182.0,3.7964944049215346
tho150,0,SK,1300,65.83793091773987,8444068.0,3.819682745145387
tho150,0,SK,1320,66.84930634498596,8451500.0,3.9110590678090507
tho150,0,SK,1340,67.86075520515442,8451500.0,3.9110590678090507
tho150,0,SK,1360,68.87200260162354,8417564.0,3.4938164835902534
tho150,0,SK,1380,69.88336443901062,8406630.0,3.3593831262161276
tho150,0,SK,1400,70.89479374885559,8401246.0,3.293186931218662
tho150,0,SK,1420,71.90598273277283,8443418.0,3.8116910054075794
tho150,0,SK,1440,72.91745257377625,8424758.0,3.5822666000114594
tho150,0,SK,1460,73.92879819869995,8400454.0,3.2834493037227492
tho150,0,SK,1480,74.9399266242981,8433174.0,3.685741187139742
tho150,0,SK,1500,75.9513041973114,8433174.0,3.685741187139742
tho150,0,SK,1520,76.96259331703186,8433174.0,3.685741187139742
tho150,0,SK,1540,77.97377133369446,8430134.0,3.648364435135229
tho150,0,SK,1560,78.9851508140564,8468732.0,4.122926235750421
tho150,0,SK,1580,79.99678373336792,8454280.0,3.9452391239184412
tho150,0,SK,1600,81.00800800323486,8475522.0,4.206409178549974
tho150,0,SK,1620,82.01940083503723,8429692.0,3.6429300521135204
tho150,0,SK,1640,83.030841588974,8462484.0,4.046107174393778
tho150,0,SK,1660,84.04201149940491,8450558.0,3.8994771926813367
tho150,0,SK,1680,85.0534086227417,8450558.0,3.8994771926813367
tho150,0,SK,1700,86.06467151641846,8438354.0,3.749429205357958
tho150,0,SK,1720,87.07584524154663,8432518.0,3.6776756774966626
tho150,0,SK,1740,88.08717966079712,8413206.0,3.4402349423943104
tho150,0,SK,1760,89.09853982925415,8442392.0,3.7990763516060566
tho150,0,SK,1780,90.10964107513428,8478798.0,4.246687546828521
tho150,0,SK,1800,91.12096786499023,8478678.0,4.24521214872308
tho150,0,SK,1820,92.13230443000793,8492250.0,4.41207967444849
tho150,0,SK,1840,93.14301466941833,8442064.0,3.7950435967845175
tho150,0,SK,1860,94.1537492275238,8450274.0,3.8959854171651256
tho150,0,SK,1880,95.16442012786865,8429028.0,3.634766182596745
tho150,0,SK,1900,96.17495512962341,8463716.0,4.061254594942974
tho150,0,SK,1920,97.18554735183716,8463628.0,4.060172636332317
tho150,0,SK,1940,98.19627237319946,8462074.0,4.041066230866853
tho150,0,SK,1960,99.20683312416077,8465896.0,4.088057660525158
tho150,0,SK,1980,100.21748065948486,8431892.0,3.669979017379944
tho150,0,SK,2000,101.22805142402649,8427236.0,3.6127335708888215
tho150,0,SK,2020,102.2385880947113,8445138.0,3.8328383782522386
tho150,0,SK,2040,103.24930429458618,8445138.0,3.8328383782522386
tho150,0,SK,2060,104.2598888874054,8445138.0,3.8328383782522386
tho150,0,SK,2080,105.27049827575684,8427880.0,3.620651540721356
tho150,0,SK,2100,106.28106665611267,8427880.0,3.620651540721356
tho150,0,SK,2120,107.291579246521,8427880.0,3.620651540721356
tho150,0,SK,2140,108.30220031738281,8424880.0,3.5837665880853242
tho150,0,SK,2160,109.31274008750916,8431422.0,3.6642003748002985
tho150,0,SK,2180,110.32324147224426,8464368.0,4.069270924649206
tho150,0,SK,2200,111.33398127555847,8477302.0,4.228294250447353
tho150,0,SK,2220,112.34469556808472,8522476.0,4.783707867240727
tho150,0,SK,2240,113.35523438453674,8494986.0,4.445718751252552
tho150,0,SK,2260,114.36582922935486,8484964.0,4.322498419479779
tho150,0,SK,2280,115.37651920318604,8468604.0,4.121352477771283
tho150,0,SK,2300,116.38712739944458,8467896.0,4.11264762894918
tho150,0,SK,2320,117.3977460861206,8467896.0,4.11264762894918
tho150,0,SK,2340,118.40824007987976,8457276.0,3.9820748966176254
tho150,0,SK,2360,119.41892004013062,8447690.0,3.8642151779612903
tho150,0,SK,2380,120.4295654296875,8447690.0,3.8642151779612903
tho150,0,SK,2400,121.44009613990784,8447690.0,3.8642151779612903
tho150,0,SK,2420,122.4507486820221,8447690.0,3.8642151779612903
tho150,0,SK,2440,123.46143746376038,8447690.0,3.8642151779612903
tho150,0,SK,2460,124.47185492515564,8447690.0,3.8642151779612903
tho150,0,SK,2480,125.4824869632721,8447690.0,3.8642151779612903
tho150,0,SK,2500,126.49300575256348,8464516.0,4.071090582312583
tho150,1,PGD,1,0.020290136337280273,9912132.0,21.86950644736677
tho150,1,PGD,20,0.10195755958557129,9486190.0,16.632556282134477
tho150,1,PGD,40,0.18091702461242676,9553624.0,17.461656247487213
tho150,1,PGD,60,0.25987839698791504,9530364.0,17.17567491471584
tho150,1,PGD,80,0.3452892303466797,9454930.0,16.248215075667023
tho150,1,PGD,100,0.42678165435791016,9442416.0,16.09435564323792
tho150,1,PGD,120,0.5056614875793457,9482316.0,16.58492551329715
tho150,1,PGD,140,0.5846719741821289,9444372.0,16.11840463235661
tho150,1,PGD,160,0.6697866916656494,9431152.0,15.95586494107383
tho150,1,PGD,180,0.7486352920532227,9440824.0,16.074782028372397
tho150,1,PGD,200,0.8277270793914795,9432132.0,15.967914025601598
tho150,1,PGD,220,0.9127752780914307,9422358.0,15.847742849913407
tho150,1,PGD,240,0.9940831661224365,9392550.0,15.48125396052179
tho150,1,PGD,260,1.0730600357055664,9432348.0,15.970569742191392
tho150,1,PGD,280,1.1519815921783447,9452656.0,16.220256281568908
tho150,1,PGD,300,1.2310142517089844,9479462.0,16.549835628356067
tho150,1,PGD,320,1.3100464344024658,9472228.0,16.46089371256638
tho150,1,PGD,340,1.3890142440795898,9462562.0,16.34205039517309
tho150,1,PGD,360,1.4680428504943848,9465062.0,16.372787855703113
tho150,1,PGD,380,1.5470106601715088,9465062.0,16.372787855703113
tho150,1,PGD,400,1.6259160041809082,9462562.0,16.34205039517309
tho150,1,PGD,420,1.7047924995422363,9462562.0,16.34205039517309
tho150,1,PGD,440,1.7838220596313477,9462562.0,16.34205039517309
tho150,1,PGD,460,1.8627681732177734,9462562.0,16.34205039517309
tho150,1,PGD,480,1.9416961669921875,9462562.0,16.34205039517309
tho150,1,PGD,500,2.020664930343628,9462562.0,16.34205039517309
tho150,1,PGD,520,2.0995562076568604,9473950.0,16.482065675379467
tho150,1,PGD,540,2.1784372329711914,9473950.0,16.482065675379467
tho150,1,PGD,560,2.2575325965881348,9468536.0,16.41550063085564
tho150,1,PGD,580,2.3365280628204346,9472344.0,16.462319930734978
tho150,1,PGD,600,2.41544508934021,9472344.0,16.462319930734978
tho150,1,PGD,620,2.494534730911255,9476992.0,16.5194670173524
tho150,1,PGD,640,2.57352876663208,9476992.0,16.5194670173524
tho150,1,PGD,660,2.652496814727783,9439846.0,16.062757533813052
tho150,1,PGD,680,2.731538772583008,9416022.0,15.769841829946108
tho150,1,PGD,700,2.8105976581573486,9416022.0,15.769841829946108
tho150,1,PGD,720,2.88952898979187,9426190.0,15.89485722941383
tho150,1,PGD,740,2.9684627056121826,9433346.0,15.98284013643498
tho150,1,PGD,760,3.0474798679351807,9421688.0,15.839505210491359
tho150,1,PGD,780,3.1263656616210938,9440322.0,16.06860994629797
tho150,1,PGD,800,3.205247402191162,9433550.0,15.985348313214232
tho150,1,PGD,820,3.2842907905578613,9429850.0,15.93985687162979
tho150,1,PGD,840,3.3631680011749268,9432404.0,15.971258261307266
tho150,1,PGD,860,3.442084550857544,9433936.0,15.990094177120067
tho150,1,PGD,880,3.52109432220459,9433936.0,15.990094177120067
tho150,1,PGD,900,3.5999884605407715,9433936.0,15.990094177120067
tho150,1,PGD,920,3.678868532180786,9433936.0,15.990094177120067
tho150,1,PGD,940,3.7579345703125,9433936.0,15.990094177120067
tho150,1,PGD,960,3.836880922317505,9433936.0,15.990094177120067
tho150,1,PGD,980,3.9159162044525146,9433936.0,15.990094177120067
tho150,1,PGD,1000,3.9949233531951904,9433936.0,15.990094177120067
tho150,1,PGD,1020,4.073976039886475,9433936.0,15.990094177120067
tho150,1,PGD,1040,4.152971506118774,9433936.0,15.990094177120067
tho150,1,PGD,1060,4.231935024261475,9433936.0,15.990094177120067
tho150,1,PGD,1080,4.310993194580078,9433936.0,15.990094177120067
tho150,1,PGD,1100,4.389979600906372,9432992.0,15.978487712023929
tho150,1,PGD,1120,4.468994617462158,9432992.0,15.978487712023929
tho150,1,PGD,1140,4.5480124950408936,9432992.0,15.978487712023929
tho150,1,PGD,1160,4.627018451690674,9432992.0,15.978487712023929
tho150,1,PGD,1180,4.705930948257446,9432992.0,15.978487712023929
tho150,1,PGD,1200,4.784856796264648,9432992.0,15.978487712023929
tho150,1,PGD,1220,4.863906621932983,9432992.0,15.978487712023929
tho150,1,PGD,1240,4.942842721939087,9432992.0,15.978487712023929
tho150,1,PGD,1260,5.021712303161621,9432992.0,15.978487712023929
tho150,1,PGD,1280,5.100710868835449,9432992.0,15.978487712023929
tho150,1,PGD,1300,5.179601669311523,9432992.0,15.978487712023929
tho150,1,PGD,1320,5.258470296859741,9430220.0,15.944406015788234
tho150,1,PGD,1340,5.337523460388184,9426514.0,15.898840804298523
tho150,1,PGD,1360,5.4165332317352295,9426514.0,15.898840804298523
tho150,1,PGD,1380,5.495475769042969,9426514.0,15.898840804298523
tho150,1,PGD,1400,5.574517250061035,9440360.0,16.069077155698025
tho150,1,PGD,1420,5.653516530990601,9440360.0,16.069077155698025
tho150,1,PGD,1440,5.732464075088501,9437232.0,16.030618445082855
tho150,1,PGD,1460,5.8114635944366455,9437232.0,16.030618445082855
tho150,1,PGD,1480,5.8905189037323,9437232.0,16.030618445082855
tho150,1,PGD,1500,5.9694812297821045,9437232.0,16.030618445082855
tho150,1,PGD,1520,6.048409461975098,9440360.0,16.069077155698025
tho150,1,PGD,1540,6.127450942993164,9445912.0,16.13733890804311
tho150,1,PGD,1560,6.206393003463745,9427048.0,15.905406325867737
tho150,1,PGD,1580,6.285256624221802,9448958.0,16.17478942995289
tho150,1,PGD,1600,6.364229679107666,9447396.0,16.15558466461373
tho150,1,PGD,1620,6.443118572235107,9476274.0,16.51063921868818
tho150,1,PGD,1640,6.5220136642456055,9487572.0,16.649547950315476
tho150,1,PGD,1660,6.60101842880249,9452374.0,16.216789096021124
tho150,1,PGD,1680,6.679954767227173,9468078.0,16.40986952808654
tho150,1,PGD,1700,6.75882625579834,9468078.0,16.40986952808654
tho150,1,PGD,1720,6.837805271148682,9468078.0,16.40986952808654
tho150,1,PGD,1740,6.916775465011597,9453984.0,16.23658402060246
tho150,1,PGD,1760,6.995769023895264,9454828.0,16.246960987277394
tho150,1,PGD,1780,7.074798345565796,9453488.0,16.2304857084333
tho150,1,PGD,1800,7.15386962890625,9449480.0,16.18120741171156
tho150,1,PGD,1820,7.232841730117798,9440184.0,16.066913238476708
tho150,1,PGD,1840,7.311835050582886,9435752.0,16.012421868449078
tho150,1,PGD,1860,7.390878438949585,9435752.0,16.012421868449078
tho150,1,PGD,1880,7.46986198425293,9435752.0,16.012421868449078
tho150,1,PGD,1900,7.548837661743164,9433574.0,15.98564339283532
tho150,1,PGD,1920,7.6278886795043945,9432066.0,15.967102556643606
tho150,1,PGD,1940,7.706884145736694,9432066.0,15.967102556643606
tho150,1,PGD,1960,7.785825729370117,9432066.0,15.967102556643606
tho150,1,PGD,1980,7.864805698394775,9432066.0,15.967102556643606
tho150,1,PGD,2000,7.943819522857666,9432066.0,15.967102556643606
tho150,1,PGD,2020,8.022692918777466,9432066.0,15.967102556643606
tho150,1,PGD,2040,8.101577281951904,9435130.0,16.004774388269208
tho150,1,PGD,2060,8.180566549301147,9435130.0,16.004774388269208
tho150,1,PGD,2080,8.25949239730835,9436400.0,16.020389018218463
tho150,1,PGD,2100,8.338332414627075,9436400.0,16.020389018218463
tho150,1,PGD,2120,8.41736364364624,9436400.0,16.020389018218463
tho150,1,PGD,2140,8.496375560760498,9436400.0,16.020389018218463
tho150,1,PGD,2160,8.5753333568573,9440994.0,16.07687217568844
tho150,1,PGD,2180,8.654421329498291,9443270.0,16.104855559754977
tho150,1,PGD,2200,8.733425617218018,9443270.0,16.104855559754977
tho150,1,PGD,2220,8.81237506866455,9443270.0,16.104855559754977
tho150,1,PGD,2240,8.891401290893555,9443270.0,16.104855559754977
tho150,1,PGD,2260,8.970408201217651,9443270.0,16.104855559754977
tho150,1,PGD,2280,9.049404859542847,9428868.0,15.927783197133596
tho150,1,PGD,2300,9.128308057785034,9428868.0,15.927783197133596
tho150,1,PGD,2320,9.207326173782349,9428868.0,15.927783197133596
tho150,1,PGD,2340,9.286226511001587,9428868.0,15.927783197133596
tho150,1,PGD,2360,9.365123748779297,9428868.0,15.927783197133596
tho150,1,PGD,2380,9.44411301612854,9429496.0,15.93550444721874
tho150,1,PGD,2400,9.52301573753357,9429496.0,15.93550444721874
tho150,1,PGD,2420,9.60188341140747,9429496.0,15.93550444721874
tho150,1,PGD,2440,9.680872440338135,9429496.0,15.93550444721874
tho150,1,PGD,2460,9.759726285934448,9429496.0,15.93550444721874
tho150,1,PGD,2480,9.838573932647705,9429496.0,15.93550444721874
tho150,1,PGD,2500,9.917532920837402,9429496.0,15.93550444721874
tho150,1,SK,1,0.0636289119720459,9941224.0,22.22719212806259
tho150,1,SK,20,1.0300610065460205,9309608.0,14.461483380009192
tho150,1,SK,40,2.046461820602417,9090462.0,11.767086769883878
tho150,1,SK,60,3.0594403743743896,8866468.0,9.013084076298737
tho150,1,SK,80,4.07591700553894,8676832.0,6.681512450269862
tho150,1,SK,100,5.092526197433472,8545674.0,5.068926910990953
tho150,1,SK,120,6.1053855419158936,8465224.0,4.079795431134687
tho150,1,SK,140,7.121971845626831,8408636.0,3.384046864545421
tho150,1,SK,160,8.138618469238281,8376620.0,2.9904106500136844
tho150,1,SK,180,9.151510000228882,8365064.0,2.8483298124596876
tho150,1,SK,200,10.168085813522339,8363822.0,2.8330594420683703
tho150,1,SK,220,11.184755086898804,8315910.0,2.24398215850251
tho150,1,SK,240,12.195061445236206,8353104.0,2.701281801284039
tho150,1,SK,260,13.208176851272583,8299934.0,2.047557490731426
tho150,1,SK,280,14.218527555465698,8311328.0,2.187646540843077
tho150,1,SK,300,15.235450267791748,8287946.0,1.900165219997841
tho150,1,SK,320,16.245834350585938,8302262.0,2.076180213976987
tho150,1,SK,340,17.26265573501587,8273694.0,1.7249371050082636
tho150,1,SK,360,18.272882223129272,8278922.0,1.7892152824686556
tho150,1,SK,380,19.28328514099121,8329982.0,2.416997176333926
tho150,1,SK,400,20.293676137924194,8323860.0,2.341727282987996
tho150,1,SK,420,21.304083585739136,8305808.0,2.1197782279927773
tho150,1,SK,440,22.314540147781372,8277554.0,1.7723957440666251
tho150,1,SK,460,23.32486891746521,8309236.0,2.1619254338715503
tho150,1,SK,480,24.335289239883423,8313706.0,2.2168840132992385
tho150,1,SK,500,25.3457989692688,8307760.0,2.1437780371746222
tho150,1,SK,520,26.35614275932312,8340090.0,2.541274876748931
tho150,1,SK,540,27.36657428741455,8339512.0,2.5341683758743883
tho150,1,SK,560,28.377060651779175,8374204.0,2.960705968157466
tho150,1,SK,580,29.387494564056396,8354750.0,2.7215193452970086
tho150,1,SK,600,30.397972106933594,8345808.0,2.611577596473208
tho150,1,SK,620,31.408379793167114,8350384.0,2.66783944422737
tho150,1,SK,640,32.41895413398743,8316172.0,2.247203444366057
tho150,1,SK,660,33.42952013015747,8376456.0,2.9883942726029145
tho150,1,SK,680,34.43984246253967,8376456.0,2.9883942726029145
tho150,1,SK,700,35.450275182724,8342826.0,2.574913953552992
tho150,1,SK,720,36.46067190170288,8369624.0,2.904394940466457
tho150,1,SK,740,37.47115969657898,8349586.0,2.658028046826185
tho150,1,SK,760,38.48169016838074,8359388.0,2.7785434820723145
tho150,1,SK,780,39.4921555519104,8349666.0,2.659011645563146
tho150,1,SK,800,40.50261330604553,8355296.0,2.7282324066767663
tho150,1,SK,820,41.513147592544556,8385190.0,3.0957786647106165
tho150,1,SK,840,42.52353882789612,8400306.0,3.281629646059372
tho150,1,SK,860,43.53403639793396,8412644.0,3.4333251612671605
tho150,1,SK,880,44.54461050033569,8412644.0,3.4333251612671605
tho150,1,SK,900,45.55508017539978,8412644.0,3.4333251612671605
tho150,1,SK,920,46.56564736366272,8369920.0,2.908034255793212
tho150,1,SK,940,47.57626390457153,8368886.0,2.8953212421179932
tho150,1,SK,960,48.58684301376343,8367118.0,2.873583710031158
tho150,1,SK,980,49.59750938415527,8386286.0,3.1092539674069806
tho150,1,SK,1000,50.60794258117676,8376498.0,2.988910661939819
tho150,1,SK,1020,51.61854648590088,8384102.0,3.082401721887949
tho150,1,SK,1040,52.62913203239441,8385366.0,3.0979425819319304
tho150,1,SK,1060,53.639660120010376,8404276.0,3.3304407333810544
tho150,1,SK,1080,54.65029263496399,8382382.0,3.0612543490432906
tho150,1,SK,1100,55.66085505485535,8384498.0,3.087270535635905
tho150,1,SK,1120,56.67132568359375,8421636.0,3.543881659301561
tho150,1,SK,1140,57.68191599845886,8405658.0,3.3474324015620534
tho150,1,SK,1160,58.69242596626282,8383598.0,3.0762050498450955
tho150,1,SK,1180,59.702964544296265,8392692.0,3.188015636269122
tho150,1,SK,1200,60.713592290878296,8391420.0,3.172376416351444
tho150,1,SK,1220,61.724103689193726,8455490.0,3.9601160548149736
tho150,1,SK,1240,62.734642028808594,8427410.0,3.6148728981417113
tho150,1,SK,1260,63.74743962287903,8442182.0,3.7964944049215346
tho150,1,SK,1280,64.75787448883057,8442182.0,3.7964944049215346
tho150,1,SK,1300,65.76855421066284,8444068.0,3.819682745145387
tho150,1,SK,1320,66.7791497707367,8451500.0,3.9110590678090507
tho150,1,SK,1340,67.78962588310242,8451500.0,3.9110590678090507
tho150,1,SK,1360,68.8003158569336,8417564.0,3.4938164835902534
tho150,1,SK,1380,69.81101989746094,8406630.0,3.3593831262161276
tho150,1,SK,1400,70.82147645950317,8401246.0,3.293186931218662
tho150,1,SK,1420,71.83207035064697,8443418.0,3.8116910054075794
tho150,1,SK,1440,72.84266543388367,8424758.0,3.5822666000114594
tho150,1,SK,1460,73.85327935218811,8400454.0,3.2834493037227492
tho150,1,SK,1480,74.86384010314941,8433174.0,3.685741187139742
tho150,1,SK,1500,75.87424945831299,8433174.0,3.685741187139742
tho150,1,SK,1520,76.88481044769287,8433174.0,3.685741187139742
tho150,1,SK,1540,77.89544177055359,8430134.0,3.648364435135229
tho150,1,SK,1560,78.90592408180237,8468732.0,4.122926235750421
tho150,1,SK,1580,79.91647863388062,8454280.0,3.9452391239184412
tho150,1,SK,1600,80.92707538604736,8475522.0,4.206409178549974
tho150,1,SK,1620,81.93754935264587,8429692.0,3.6429300521135204
tho150,1,SK,1640,82.94815611839294,8462484.0,4.046107174393778
tho150,1,SK,1660,83.95867586135864,8450558.0,3.8994771926813367
tho150,1,SK,1680,84.96926140785217,8450558.0,3.8994771926813367
tho150,1,SK,1700,85.97997903823853,8438354.0,3.749429205357958
tho150,1,SK,1720,86.99039888381958,8432518.0,3.6776756774966626
tho150,1,SK,1740,88.00101327896118,8413206.0,3.4402349423943104
tho150,1,SK,1760,89.01165866851807,8442392.0,3.7990763516060566
tho150,1,SK,1780,90.02200031280518,8478798.0,4.246687546828521
tho150,1,SK,1800,91.03265643119812,8478678.0,4.24521214872308
tho150,1,SK,1820,92.04327487945557,8492250.0,4.41207967444849
tho150,1,SK,1840,93.05378794670105,8442064.0,3.7950435967845175
tho150,1,SK,1860,94.06446814537048,8450274.0,3.8959854171651256
tho150,1,SK,1880,95.0749683380127,8429028.0,3.634766182596745
tho150,1,SK,1900,96.08555960655212,8463716.0,4.061254594942974
tho150,1,SK,1920,97.09614181518555,8463628.0,4.060172636332317
tho150,1,SK,1940,98.10656833648682,8462074.0,4.041066230866853
tho150,1,SK,1960,99.11728119850159,8465896.0,4.088057660525158
tho150,1,SK,1980,100.12786340713501,8431892.0,3.669979017379944
tho150,1,SK,2000,101.13840794563293,8427236.0,3.6127335708888215
tho150,1,SK,2020,102.1491756439209,8445138.0,3.8328383782522386
tho150,1,SK,2040,103.15994548797607,8445138.0,3.8328383782522386
tho150,1,SK,2060,104.17055463790894,8445138.0,3.8328383782522386
tho150,1,SK,2080,105.1811900138855,8427880.0,3.620651540721356
tho150,1,SK,2100,106.1918215751648,8427880.0,3.620651540721356
tho150,1,SK,2120,107.20249009132385,8427880.0,3.620651540721356
tho150,1,SK,2140,108.21309065818787,8424880.0,3.5837665880853242
tho150,1,SK,2160,109.22354531288147,8431422.0,3.6642003748002985
tho150,1,SK,2180,110.2343053817749,8464368.0,4.069270924649206
tho150,1,SK,2200,111.24498009681702,8477302.0,4.228294250447353
tho150,1,SK,2220,112.25546336174011,8522476.0,4.783707867240727
tho150,1,SK,2240,113.26622581481934,8494986.0,4.445718751252552
tho150,1,SK,2260,114.27702212333679,8484964.0,4.322498419479779
tho150,1,SK,2280,115.28751254081726,8468604.0,4.121352477771283
tho150,1,SK,2300,116.29816746711731,8467896.0,4.11264762894918
tho150,1,SK,2320,117.3088493347168,8467896.0,4.11264762894918
tho150,1,SK,2340,118.31958413124084,8457276.0,3.9820748966176254
tho150,1,SK,2360,119.33035397529602,8447690.0,3.8642151779612903
tho150,1,SK,2380,120.34086441993713,8447690.0,3.8642151779612903
tho150,1,SK,2400,121.35159349441528,8447690.0,3.8642151779612903
tho150,1,SK,2420,122.36236310005188,8447690.0,3.8642151779612903
tho150,1,SK,2440,123.37322616577148,8447690.0,3.8642151779612903
tho150,1,SK,2460,124.38395833969116,8447690.0,3.8642151779612903
tho150,1,SK,2480,125.39454865455627,8447690.0,3.8642151779612903
tho150,1,SK,2500,126.40510439872742,8464516.0,4.071090582312583
tho150,2,PGD,1,0.02029728889465332,9912132.0,21.86950644736677
tho150,2,PGD,20,0.1019597053527832,9486190.0,16.632556282134477
tho150,2,PGD,40,0.1809687614440918,9553624.0,17.461656247487213
tho150,2,PGD,60,0.2599914073944092,9530364.0,17.17567491471584
tho150,2,PGD,80,0.3454573154449463,9454930.0,16.248215075667023
tho150,2,PGD,100,0.43089890480041504,9442416.0,16.09435564323792
tho150,2,PGD,120,0.5096869468688965,9482316.0,16.58492551329715
tho150,2,PGD,140,0.588573694229126,9444372.0,16.11840463235661
tho150,2,PGD,160,0.6702208518981934,9431152.0,15.95586494107383
tho150,2,PGD,180,0.7491497993469238,9440824.0,16.074782028372397
tho150,2,PGD,200,0.8280260562896729,9432132.0,15.967914025601598
tho150,2,PGD,220,0.9130949974060059,9422358.0,15.847742849913407
tho150,2,PGD,240,0.9981772899627686,9392550.0,15.48125396052179
tho150,2,PGD,260,1.0772180557250977,9432348.0,15.970569742191392
tho150,2,PGD,280,1.156172275543213,9452656.0,16.220256281568908
tho150,2,PGD,300,1.2350847721099854,9479462.0,16.549835628356067
tho150,2,PGD,320,1.3141429424285889,9472228.0,16.46089371256638
tho150,2,PGD,340,1.393075704574585,9462562.0,16.34205039517309
tho150,2,PGD,360,1.4720797538757324,9465062.0,16.372787855703113
tho150,2,PGD,380,1.5511448383331299,9465062.0,16.372787855703113
tho150,2,PGD,400,1.6301321983337402,9462562.0,16.34205039517309
tho150,2,PGD,420,1.7090303897857666,9462562.0,16.34205039517309
tho150,2,PGD,440,1.7879817485809326,9462562.0,16.34205039517309
tho150,2,PGD,460,1.8669745922088623,9462562.0,16.34205039517309
tho150,2,PGD,480,1.945937156677246,9462562.0,16.34205039517309
tho150,2,PGD,500,2.024845600128174,9462562.0,16.34205039517309
tho150,2,PGD,520,2.10384202003479,9473950.0,16.482065675379467
tho150,2,PGD,540,2.1827118396759033,9473950.0,16.482065675379467
tho150,2,PGD,560,2.261570930480957,9468536.0,16.41550063085564
tho150,2,PGD,580,2.3406054973602295,9472344.0,16.462319930734978
tho150,2,PGD,600,2.419595718383789,9472344.0,16.462319930734978
tho150,2,PGD,620,2.4985625743865967,9476992.0,16.5194670173524
tho150,2,PGD,640,2.5776073932647705,9476992.0,16.5194670173524
tho150,2,PGD,660,2.6566336154937744,9439846.0,16.062757533813052
tho150,2,PGD,680,2.7355964183807373,9416022.0,15.769841829946108
tho150,2,PGD,700,2.814622402191162,9416022.0,15.769841829946108
tho150,2,PGD,720,2.893641710281372,9426190.0,15.89485722941383
tho150,2,PGD,740,2.9725892543792725,9433346.0,15.98284013643498
tho150,2,PGD,760,3.051515817642212,9421688.0,15.839505210491359
tho150,2,PGD,780,3.1305484771728516,9440322.0,16.06860994629797
tho150,2,PGD,800,3.2094948291778564,9433550.0,15.985348313214232
tho150,2,PGD,820,3.2883527278900146,9429850.0,15.93985687162979
tho150,2,PGD,840,3.3673641681671143,9432404.0,15.971258261307266
tho150,2,PGD,860,3.44632887840271,9433936.0,15.990094177120067
tho150,2,PGD,880,3.5252304077148438,9433936.0,15.990094177120067
tho150,2,PGD,900,3.6042368412017822,9433936.0,15.990094177120067
tho150,2,PGD,920,3.6831843852996826,9433936.0,15.990094177120067
tho150,2,PGD,940,3.7620863914489746,9433936.0,15.990094177120067
tho150,2,PGD,960,3.841055393218994,9433936.0,15.990094177120067
tho150,2,PGD,980,3.9200856685638428,9433936.0,15.990094177120067
tho150,2,PGD,1000,3.999004602432251,9433936.0,15.990094177120067
tho150,2,PGD,1020,4.078016519546509,9433936.0,15.990094177120067
tho150,2,PGD,1040,4.157099008560181,9433936.0,15.990094177120067
tho150,2,PGD,1060,4.2361040115356445,9433936.0,15.990094177120067
tho150,2,PGD,1080,4.315087795257568,9433936.0,15.990094177120067
tho150,2,PGD,1100,4.394200563430786,9432992.0,15.978487712023929
tho150,2,PGD,1120,4.473185777664185,9432992.0,15.978487712023929
tho150,2,PGD,1140,4.552187204360962,9432992.0,15.978487712023929
tho150,2,PGD,1160,4.6311726570129395,9432992.0,15.978487712023929
tho150,2,PGD,1180,4.710184812545776,9432992.0,15.978487712023929
tho150,2,PGD,1200,4.789099216461182,9432992.0,15.978487712023929
tho150,2,PGD,1220,4.868058919906616,9432992.0,15.978487712023929
tho150,2,PGD,1240,4.947069883346558,9432992.0,15.978487712023929
tho150,2,PGD,1260,5.02597188949585,9432992.0,15.978487712023929
tho150,2,PGD,1280,5.104895114898682,9432992.0,15.978487712023929
tho150,2,PGD,1300,5.183929681777954,9432992.0,15.978487712023929
tho150,2,PGD,1320,5.2628493309021,9430220.0,15.944406015788234
tho150,2,PGD,1340,5.341755628585815,9426514.0,15.898840804298523
tho150,2,PGD,1360,5.42075252532959,9426514.0,15.898840804298523
tho150,2,PGD,1380,5.499711751937866,9426514.0,15.898840804298523
tho150,2,PGD,1400,5.57871675491333,9440360.0,16.069077155698025
tho150,2,PGD,1420,5.657720327377319,9440360.0,16.069077155698025
tho150,2,PGD,1440,5.736763954162598,9437232.0,16.030618445082855
tho150,2,PGD,1460,5.815758466720581,9437232.0,16.030618445082855
tho150,2,PGD,1480,5.894765377044678,9437232.0,16.030618445082855
tho150,2,PGD,1500,5.9738242626190186,9437232.0,16.030618445082855
tho150,2,PGD,1520,6.05285382270813,9440360.0,16.069077155698025
tho150,2,PGD,1540,6.131777286529541,9445912.0,16.13733890804311
tho150,2,PGD,1560,6.210814952850342,9427048.0,15.905406325867737
tho150,2,PGD,1580,6.28977632522583,9448958.0,16.17478942995289
tho150,2,PGD,1600,6.3687214851379395,9447396.0,16.15558466461373
tho150,2,PGD,1620,6.44768500328064,9476274.0,16.51063921868818
tho150,2,PGD,1640,6.5266711711883545,9487572.0,16.649547950315476
tho150,2,PGD,1660,6.605550050735474,9452374.0,16.216789096021124
tho150,2,PGD,1680,6.684528112411499,9468078.0,16.40986952808654
tho150,2,PGD,1700,6.763509511947632,9468078.0,16.40986952808654
tho150,2,PGD,1720,6.842414617538452,9468078.0,16.40986952808654
tho150,2,PGD,1740,6.9212987422943115,9453984.0,16.23658402060246
tho150,2,PGD,1760,7.0003392696380615,9454828.0,16.246960987277394
tho150,2,PGD,1780,7.079332590103149,9453488.0,16.2304857084333
tho150,2,PGD,1800,7.15831184387207,9449480.0,16.18120741171156
tho150,2,PGD,1820,7.237376928329468,9440184.0,16.066913238476708
tho150,2,PGD,1840,7.3164002895355225,9435752.0,16.012421868449078
tho150,2,PGD,1860,7.395397186279297,9435752.0,16.012421868449078
tho150,2,PGD,1880,7.474405765533447,9435752.0,16.012421868449078
tho150,2,PGD,1900,7.553369522094727,9433574.0,15.98564339283532
tho150,2,PGD,1920,7.632351398468018,9432066.0,15.967102556643606
tho150,2,PGD,1940,7.711302995681763,9432066.0,15.967102556643606
tho150,2,PGD,1960,7.790344715118408,9432066.0,15.967102556643606
tho150,2,PGD,1980,7.869274616241455,9432066.0,15.967102556643606
tho150,2,PGD,2000,7.948153257369995,9432066.0,15.967102556643606
tho150,2,PGD,2020,8.027132511138916,9432066.0,15.967102556643606
tho150,2,PGD,2040,8.1060471534729,9435130.0,16.004774388269208
tho150,2,PGD,2060,8.184958934783936,9435130.0,16.004774388269208
tho150,2,PGD,2080,8.263948202133179,9436400.0,16.020389018218463
tho150,2,PGD,2100,8.342884302139282,9436400.0,16.020389018218463
tho150,2,PGD,2120,8.421815633773804,9436400.0,16.020389018218463
tho150,2,PGD,2140,8.500769138336182,9436400.0,16.020389018218463
tho150,2,PGD,2160,8.579671382904053,9440994.0,16.07687217568844
tho150,2,PGD,2180,8.658646583557129,9443270.0,16.104855559754977
tho150,2,PGD,2200,8.737668514251709,9443270.0,16.104855559754977
tho150,2,PGD,2220,8.816690683364868,9443270.0,16.104855559754977
tho150,2,PGD,2240,8.895734548568726,9443270.0,16.104855559754977
tho150,2,PGD,2260,8.974658250808716,9443270.0,16.104855559754977
tho150,2,PGD,2280,9.053667306900024,9428868.0,15.927783197133596
tho150,2,PGD,2300,9.13265323638916,9428868.0,15.927783197133596
tho150,2,PGD,2320,9.211573362350464,9428868.0,15.927783197133596
tho150,2,PGD,2340,9.290593385696411,9428868.0,15.927783197133596
tho150,2,PGD,2360,9.369552850723267,9428868.0,15.927783197133596
tho150,2,PGD,2380,9.448466539382935,9429496.0,15.93550444721874
tho150,2,PGD,2400,9.527438879013062,9429496.0,15.93550444721874
tho150,2,PGD,2420,9.606401205062866,9429496.0,15.93550444721874
tho150,2,PGD,2440,9.685272932052612,9429496.0,15.93550444721874
tho150,2,PGD,2460,9.764228343963623,9429496.0,15.93550444721874
tho150,2,PGD,2480,9.84320068359375,9429496.0,15.93550444721874
tho150,2,PGD,2500,9.922112226486206,9429496.0,15.93550444721874
tho150,2,SK,1,0.06830978393554688,9941224.0,22.22719212806259
tho150,2,SK,20,1.0346810817718506,9309608.0,14.461483380009192
tho150,2,SK,40,2.0510692596435547,9090462.0,11.767086769883878
tho150,2,SK,60,3.0637881755828857,8866468.0,9.013084076298737
tho150,2,SK,80,4.080315113067627,8676832.0,6.681512450269862
tho150,2,SK,100,5.096901893615723,8545674.0,5.068926910990953
tho150,2,SK,120,6.109634637832642,8465224.0,4.079795431134687
tho150,2,SK,140,7.126070499420166,8408636.0,3.384046864545421
tho150,2,SK,160,8.14260745048523,8376620.0,2.9904106500136844
tho150,2,SK,180,9.155352354049683,8365064.0,2.8483298124596876
tho150,2,SK,200,10.172028064727783,8363822.0,2.8330594420683703
tho150,2,SK,220,11.188852548599243,8315910.0,2.24398215850251
tho150,2,SK,240,12.199225664138794,8353104.0,2.701281801284039
tho150,2,SK,260,13.212420463562012,8299934.0,2.047557490731426
tho150,2,SK,280,14.222861289978027,8311328.0,2.187646540843077
tho150,2,SK,300,15.239357948303223,8287946.0,1.900165219997841
tho150,2,SK,320,16.24968385696411,8302262.0,2.076180213976987
tho150,2,SK,340,17.266468048095703,8273694.0,1.7249371050082636
tho150,2,SK,360,18.277010440826416,8278922.0,1.7892152824686556
tho150,2,SK,380,19.28740429878235,8329982.0,2.416997176333926
tho150,2,SK,400,20.297919988632202,8323860.0,2.341727282987996
tho150,2,SK,420,21.308354139328003,8305808.0,2.1197782279927773
tho150,2,SK,440,22.318771362304688,8277554.0,1.7723957440666251
tho150,2,SK,460,23.329272985458374,8309236.0,2.1619254338715503
tho150,2,SK,480,24.339805364608765,8313706.0,2.2168840132992385
tho150,2,SK,500,25.3502094745636,8307760.0,2.1437780371746222
tho150,2,SK,520,26.360803365707397,8340090.0,2.541274876748931
tho150,2,SK,540,27.37117910385132,8339512.0,2.5341683758743883
tho150,2,SK,560,28.381710052490234,8374204.0,2.960705968157466
tho150,2,SK,580,29.392292261123657,8354750.0,2.7215193452970086
tho150,2,SK,600,30.402663946151733,8345808.0,2.611577596473208
tho150,2,SK,620,31.41318917274475,8350384.0,2.66783944422737
tho150,2,SK,640,32.42373442649841,8316172.0,2.247203444366057
tho150,2,SK,660,33.434192180633545,8376456.0,2.9883942726029145
tho150,2,SK,680,34.44481444358826,8376456.0,2.9883942726029145
tho150,2,SK,700,35.45548486709595,8342826.0,2.574913953552992
tho150,2,SK,720,36.4660439491272,8369624.0,2.904394940466457
tho150,2,SK,740,37.47667193412781,8349586.0,2.658028046826185
tho150,2,SK,760,38.48711085319519,8359388.0,2.7785434820723145
tho150,2,SK,780,39.49777340888977,8349666.0,2.659011645563146
tho150,2,SK,800,40.50837540626526,8355296.0,2.7282324066767663
tho150,2,SK,820,41.518877267837524,8385190.0,3.0957786647106165
tho150,2,SK,840,42.52947115898132,8400306.0,3.281629646059372
tho150,2,SK,860,43.54006099700928,8412644.0,3.4333251612671605
tho150,2,SK,880,44.550496101379395,8412644.0,3.4333251612671605
tho150,2,SK,900,45.56101679801941,8412644.0,3.4333251612671605
tho150,2,SK,920,46.57189750671387,8369920.0,2.908034255793212
tho150,2,SK,940,47.582520484924316,8368886.0,2.8953212421179932
tho150,2,SK,960,48.593157052993774,8367118.0,2.873583710031158
tho150,2,SK,980,49.60351824760437,8386286.0,3.1092539674069806
tho150,2,SK,1000,50.614099740982056,8376498.0,2.988910661939819
tho150,2,SK,1020,51.62467575073242,8384102.0,3.082401721887949
tho150,2,SK,1040,52.63515377044678,8385366.0,3.0979425819319304
tho150,2,SK,1060,53.645840644836426,8404276.0,3.3304407333810544
tho150,2,SK,1080,54.656503438949585,8382382.0,3.0612543490432906
tho150,2,SK,1100,55.66690993309021,8384498.0,3.087270535635905
tho150,2,SK,1120,56.67753481864929,8421636.0,3.543881659301561
tho150,2,SK,1140,57.68811511993408,8405658.0,3.3474324015620534
tho150,2,SK,1160,58.69874310493469,8383598.0,3.0762050498450955
tho150,2,SK,1180,59.70928430557251,8392692.0,3.188015636269122
tho150,2,SK,1200,60.71981859207153,8391420.0,3.172376416351444
tho150,2,SK,1220,61.73045802116394,8455490.0,3.9601160548149736
tho150,2,SK,1240,62.74109673500061,8427410.0,3.6148728981417113
tho150,2,SK,1260,63.75156283378601,8442182.0,3.7964944049215346
tho150,2,SK,1280,64.76218008995056,8442182.0,3.7964944049215346
tho150,2,SK,1300,65.77278137207031,8444068.0,3.819682745145387
tho150,2,SK,1320,66.78337001800537,8451500.0,3.9110590678090507
tho150,2,SK,1340,67.79392671585083,8451500.0,3.9110590678090507
tho150,2,SK,1360,68.8045129776001,8417564.0,3.4938164835902534
tho150,2,SK,1380,69.81520485877991,8406630.0,3.3593831262161276
tho150,2,SK,1400,70.82588696479797,8401246.0,3.293186931218662
tho150,2,SK,1420,71.836270570755,8443418.0,3.8116910054075794
tho150,2,SK,1440,72.84693765640259,8424758.0,3.5822666000114594
tho150,2,SK,1460,73.85745573043823,8400454.0,3.2834493037227492
tho150,2,SK,1480,74.86782002449036,8433174.0,3.685741187139742
tho150,2,SK,1500,75.87844848632812,8433174.0,3.685741187139742
tho150,2,SK,1520,76.8890950679779,8433174.0,3.685741187139742
tho150,2,SK,1540,77.89958119392395,8430134.0,3.648364435135229
tho150,2,SK,1560,78.91007328033447,8468732.0,4.122926235750421
tho150,2,SK,1580,79.9205071926117,8454280.0,3.9452391239184412
tho150,2,SK,1600,80.93122410774231,8475522.0,4.206409178549974
tho150,2,SK,1620,81.94176745414734,8429692.0,3.6429300521135204
tho150,2,SK,1640,82.9522750377655,8462484.0,4.046107174393778
tho150,2,SK,1660,83.96288132667542,8450558.0,3.8994771926813367
tho150,2,SK,1680,84.97347331047058,8450558.0,3.8994771926813367
tho150,2,SK,1700,85.98396182060242,8438354.0,3.749429205357958
tho150,2,SK,1720,86.99464416503906,8432518.0,3.6776756774966626
tho150,2,SK,1740,88.00517749786377,8413206.0,3.4402349423943104
tho150,2,SK,1760,89.01575589179993,8442392.0,3.7990763516060566
tho150,2,SK,1780,90.02635049819946,8478798.0,4.246687546828521
tho150,2,SK,1800,91.03676056861877,8478678.0,4.24521214872308
tho150,2,SK,1820,92.04729795455933,8492250.0,4.41207967444849
tho150,2,SK,1840,93.05792546272278,8442064.0,3.7950435967845175
tho150,2,SK,1860,94.06822800636292,8450274.0,3.8959854171651256
tho150,2,SK,1880,95.07873892784119,8429028.0,3.634766182596745
tho150,2,SK,1900,96.08930826187134,8463716.0,4.061254594942974
tho150,2,SK,1920,97.09979629516602,8463628.0,4.060172636332317
tho150,2,SK,1940,98.11029386520386,8462074.0,4.041066230866853
tho150,2,SK,1960,99.1206886768341,8465896.0,4.088057660525158
tho150,2,SK,1980,100.13118624687195,8431892.0,3.669979017379944
tho150,2,SK,2000,101.14175200462341,8427236.0,3.6127335708888215
tho150,2,SK,2020,102.15211939811707,8445138.0,3.8328383782522386
tho150,2,SK,2040,103.16267323493958,8445138.0,3.8328383782522386
tho150,2,SK,2060,104.17325234413147,8445138.0,3.8328383782522386
tho150,2,SK,2080,105.18360447883606,8427880.0,3.620651540721356
tho150,2,SK,2100,106.19417667388916,8427880.0,3.620651540721356
tho150,2,SK,2120,107.20508360862732,8427880.0,3.620651540721356
tho150,2,SK,2140,108.2156412601471,8424880.0,3.5837665880853242
tho150,2,SK,2160,109.22622561454773,8431422.0,3.6642003748002985
tho150,2,SK,2180,110.23663544654846,8464368.0,4.069270924649206
tho150,2,SK,2200,111.24716067314148,8477302.0,4.228294250447353
tho150,2,SK,2220,112.25763010978699,8522476.0,4.783707867240727
tho150,2,SK,2240,113.26794338226318,8494986.0,4.445718751252552
tho150,2,SK,2260,114.27842426300049,8484964.0,4.322498419479779
tho150,2,SK,2280,115.28898406028748,8468604.0,4.121352477771283
tho150,2,SK,2300,116.29948091506958,8467896.0,4.11264762894918
tho150,2,SK,2320,117.31008291244507,8467896.0,4.11264762894918
tho150,2,SK,2340,118.32055163383484,8457276.0,3.9820748966176254
tho150,2,SK,2360,119.33115935325623,8447690.0,3.8642151779612903
tho150,2,SK,2380,120.34172248840332,8447690.0,3.8642151779612903
tho150,2,SK,2400,121.35222792625427,8447690.0,3.8642151779612903
tho150,2,SK,2420,122.36284303665161,8447690.0,3.8642151779612903
tho150,2,SK,2440,123.37343788146973,8447690.0,3.8642151779612903
tho150,2,SK,2460,124.38383913040161,8447690.0,3.8642151779612903
tho150,2,SK,2480,125.39445519447327,8447690.0,3.8642151779612903
tho150,2,SK,2500,126.40503072738647,8464516.0,4.071090582312583
tho150,3,PGD,1,0.016501426696777344,9912132.0,21.86950644736677
tho150,3,PGD,20,0.09811997413635254,9486190.0,16.632556282134477
tho150,3,PGD,40,0.17710399627685547,9553624.0,17.461656247487213
tho150,3,PGD,60,0.25609612464904785,9530364.0,17.17567491471584
tho150,3,PGD,80,0.3414878845214844,9454930.0,16.248215075667023
tho150,3,PGD,100,0.4268665313720703,9442416.0,16.09435564323792
tho150,3,PGD,120,0.5057671070098877,9482316.0,16.58492551329715
tho150,3,PGD,140,0.5846967697143555,9444372.0,16.11840463235661
tho150,3,PGD,160,0.6662402153015137,9431152.0,15.95586494107383
tho150,3,PGD,180,0.7451579570770264,9440824.0,16.074782028372397
tho150,3,PGD,200,0.8241472244262695,9432132.0,15.967914025601598
tho150,3,PGD,220,0.9091935157775879,9422358.0,15.847742849913407
tho150,3,PGD,240,0.9942209720611572,9392550.0,15.48125396052179
tho150,3,PGD,260,1.073232650756836,9432348.0,15.970569742191392
tho150,3,PGD,280,1.1522014141082764,9452656.0,16.220256281568908
tho150,3,PGD,300,1.2310850620269775,9479462.0,16.549835628356067
tho150,3,PGD,320,1.3101930618286133,9472228.0,16.46089371256638
tho150,3,PGD,340,1.3891568183898926,9462562.0,16.34205039517309
tho150,3,PGD,360,1.4681012630462646,9465062.0,16.372787855703113
tho150,3,PGD,380,1.547128438949585,9465062.0,16.372787855703113
tho150,3,PGD,400,1.6260719299316406,9462562.0,16.34205039517309
tho150,3,PGD,420,1.7049946784973145,9462562.0,16.34205039517309
tho150,3,PGD,440,1.7839646339416504,9462562.0,16.34205039517309
tho150,3,PGD,460,1.862917184829712,9462562.0,16.34205039517309
tho150,3,PGD,480,1.9418809413909912,9462562.0,16.34205039517309
tho150,3,PGD,500,2.020857334136963,9462562.0,16.34205039517309
tho150,3,PGD,520,2.0998151302337646,9473950.0,16.482065675379467
tho150,3,PGD,540,2.178654670715332,9473950.0,16.482065675379467
tho150,3,PGD,560,2.2575876712799072,9468536.0,16.41550063085564
tho150,3,PGD,580,2.336625099182129,9472344.0,16.462319930734978
tho150,3,PGD,600,2.4156033992767334,9472344.0,16.462319930734978
tho150,3,PGD,620,2.494619607925415,9476992.0,16.5194670173524
tho150,3,PGD,640,2.5736680030822754,9476992.0,16.5194670173524
tho150,3,PGD,660,2.652622699737549,9439846.0,16.062757533813052
tho150,3,PGD,680,2.7315833568573,9416022.0,15.769841829946108
tho150,3,PGD,700,2.810636520385742,9416022.0,15.769841829946108
tho150,3,PGD,720,2.8896145820617676,9426190.0,15.89485722941383
tho150,3,PGD,740,2.9685442447662354,9433346.0,15.98284013643498
tho150,3,PGD,760,3.0475058555603027,9421688.0,15.839505210491359
tho150,3,PGD,780,3.126450538635254,9440322.0,16.06860994629797
tho150,3,PGD,800,3.205451011657715,9433550.0,15.985348313214232
tho150,3,PGD,820,3.2843382358551025,9429850.0,15.93985687162979
tho150,3,PGD,840,3.3633480072021484,9432404.0,15.971258261307266
tho150,3,PGD,860,3.4422502517700195,9433936.0,15.990094177120067
tho150,3,PGD,880,3.521156072616577,9433936.0,15.990094177120067
tho150,3,PGD,900,3.6001062393188477,9433936.0,15.990094177120067
tho150,3,PGD,920,3.6790273189544678,9433936.0,15.990094177120067
tho150,3,PGD,940,3.7579128742218018,9433936.0,15.990094177120067
tho150,3,PGD,960,3.8368420600891113,9433936.0,15.990094177120067
tho150,3,PGD,980,3.9157660007476807,9433936.0,15.990094177120067
tho150,3,PGD,1000,3.9946365356445312,9433936.0,15.990094177120067
tho150,3,PGD,1020,4.073626518249512,9433936.0,15.990094177120067
tho150,3,PGD,1040,4.15263819694519,9433936.0,15.990094177120067
tho150,3,PGD,1060,4.231644630432129,9433936.0,15.990094177120067
tho150,3,PGD,1080,4.310705661773682,9433936.0,15.990094177120067
tho150,3,PGD,1100,4.38977575302124,9432992.0,15.978487712023929
tho150,3,PGD,1120,4.468829393386841,9432992.0,15.978487712023929
tho150,3,PGD,1140,4.547774076461792,9432992.0,15.978487712023929
tho150,3,PGD,1160,4.626844644546509,9432992.0,15.978487712023929
tho150,3,PGD,1180,4.70578145980835,9432992.0,15.978487712023929
tho150,3,PGD,1200,4.7846362590789795,9432992.0,15.978487712023929
tho150,3,PGD,1220,4.863662958145142,9432992.0,15.978487712023929
tho150,3,PGD,1240,4.942612648010254,9432992.0,15.978487712023929
tho150,3,PGD,1260,5.021540641784668,9432992.0,15.978487712023929
tho150,3,PGD,1280,5.100586175918579,9432992.0,15.978487712023929
tho150,3,PGD,1300,5.179527759552002,9432992.0,15.978487712023929
tho150,3,PGD,1320,5.258491277694702,9430220.0,15.944406015788234
tho150,3,PGD,1340,5.33743143081665,9426514.0,15.898840804298523
tho150,3,PGD,1360,5.416482448577881,9426514.0,15.898840804298523
tho150,3,PGD,1380,5.495481014251709,9426514.0,15.898840804298523
tho150,3,PGD,1400,5.574427366256714,9440360.0,16.069077155698025
tho150,3,PGD,1420,5.653503656387329,9440360.0,16.069077155698025
tho150,3,PGD,1440,5.7324748039245605,9437232.0,16.030618445082855
tho150,3,PGD,1460,5.811464309692383,9437232.0,16.030618445082855
tho150,3,PGD,1480,5.89051628112793,9437232.0,16.030618445082855
tho150,3,PGD,1500,5.969536304473877,9437232.0,16.030618445082855
tho150,3,PGD,1520,6.048524618148804,9440360.0,16.069077155698025
tho150,3,PGD,1540,6.127504825592041,9445912.0,16.13733890804311
tho150,3,PGD,1560,6.206576347351074,9427048.0,15.905406325867737
tho150,3,PGD,1580,6.285467147827148,9448958.0,16.17478942995289
tho150,3,PGD,1600,6.364325523376465,9447396.0,16.15558466461373
tho150,3,PGD,1620,6.443388938903809,9476274.0,16.51063921868818
tho150,3,PGD,1640,6.522374868392944,9487572.0,16.649547950315476
tho150,3,PGD,1660,6.601257801055908,9452374.0,16.216789096021124
tho150,3,PGD,1680,6.680217742919922,9468078.0,16.40986952808654
tho150,3,PGD,1700,6.759170055389404,9468078.0,16.40986952808654
tho150,3,PGD,1720,6.838054180145264,9468078.0,16.40986952808654
tho150,3,PGD,1740,6.917006492614746,9453984.0,16.23658402060246
tho150,3,PGD,1760,6.995934724807739,9454828.0,16.246960987277394
tho150,3,PGD,1780,7.074893236160278,9453488.0,16.2304857084333
tho150,3,PGD,1800,7.153916597366333,9449480.0,16.18120741171156
tho150,3,PGD,1820,7.232921361923218,9440184.0,16.066913238476708
tho150,3,PGD,1840,7.311911582946777,9435752.0,16.012421868449078
tho150,3,PGD,1860,7.390876293182373,9435752.0,16.012421868449078
tho150,3,PGD,1880,7.469926118850708,9435752.0,16.012421868449078
tho150,3,PGD,1900,7.54892897605896,9433574.0,15.98564339283532
tho150,3,PGD,1920,7.6278746128082275,9432066.0,15.967102556643606
tho150,3,PGD,1940,7.706887245178223,9432066.0,15.967102556643606
tho150,3,PGD,1960,7.785790681838989,9432066.0,15.967102556643606
tho150,3,PGD,1980,7.864691972732544,9432066.0,15.967102556643606
tho150,3,PGD,2000,7.943702697753906,9432066.0,15.967102556643606
tho150,3,PGD,2020,8.02261233329773,9432066.0,15.967102556643606
tho150,3,PGD,2040,8.101540565490723,9435130.0,16.004774388269208
tho150,3,PGD,2060,8.180516242980957,9435130.0,16.004774388269208
tho150,3,PGD,2080,8.259445190429688,9436400.0,16.020389018218463
tho150,3,PGD,2100,8.33837342262268,9436400.0,16.020389018218463
tho150,3,PGD,2120,8.417329788208008,9436400.0,16.020389018218463
tho150,3,PGD,2140,8.496304273605347,9436400.0,16.020389018218463
tho150,3,PGD,2160,8.575279235839844,9440994.0,16.07687217568844
tho150,3,PGD,2180,8.654231548309326,9443270.0,16.104855559754977
tho150,3,PGD,2200,8.73326826095581,9443270.0,16.104855559754977
tho150,3,PGD,2220,8.812230587005615,9443270.0,16.104855559754977
tho150,3,PGD,2240,8.891210317611694,9443270.0,16.104855559754977
tho150,3,PGD,2260,8.970276355743408,9443270.0,16.104855559754977
tho150,3,PGD,2280,9.049268007278442,9428868.0,15.927783197133596
tho150,3,PGD,2300,9.128234624862671,9428868.0,15.927783197133596
tho150,3,PGD,2320,9.207267045974731,9428868.0,15.927783197133596
tho150,3,PGD,2340,9.286280155181885,9428868.0,15.927783197133596
tho150,3,PGD,2360,9.365257978439331,9428868.0,15.927783197133596
tho150,3,PGD,2380,9.44412350654602,9429496.0,15.93550444721874
tho150,3,PGD,2400,9.523032188415527,9429496.0,15.93550444721874
tho150,3,PGD,2420,9.601991891860962,9429496.0,15.93550444721874
tho150,3,PGD,2440,9.680863618850708,9429496.0,15.93550444721874
tho150,3,PGD,2460,9.759817838668823,9429496.0,15.93550444721874
tho150,3,PGD,2480,9.838773965835571,9429496.0,15.93550444721874
tho150,3,PGD,2500,9.917619943618774,9429496.0,15.93550444721874
tho150,3,SK,1,0.06920623779296875,9941224.0,22.22719212806259
tho150,3,SK,20,1.0355098247528076,9309608.0,14.461483380009192
tho150,3,SK,40,2.0519495010375977,9090462.0,11.767086769883878
tho150,3,SK,60,3.064650774002075,8866468.0,9.013084076298737
tho150,3,SK,80,4.080991744995117,8676832.0,6.681512450269862
tho150,3,SK,100,5.097564697265625,8545674.0,5.068926910990953
tho150,3,SK,120,6.110257863998413,8465224.0,4.079795431134687
tho150,3,SK,140,7.126534938812256,8408636.0,3.384046864545421
tho150,3,SK,160,8.142864465713501,8376620.0,2.9904106500136844
tho150,3,SK,180,9.155507326126099,8365064.0,2.8483298124596876
tho150,3,SK,200,10.17209792137146,8363822.0,2.8330594420683703
tho150,3,SK,220,11.188729524612427,8315910.0,2.24398215850251
tho150,3,SK,240,12.198974132537842,8353104.0,2.701281801284039
tho150,3,SK,260,13.21185302734375,8299934.0,2.047557490731426
tho150,3,SK,280,14.22209644317627,8311328.0,2.187646540843077
tho150,3,SK,300,15.238542079925537,8287946.0,1.900165219997841
tho150,3,SK,320,16.248860359191895,8302262.0,2.076180213976987
tho150,3,SK,340,17.265536785125732,8273694.0,1.7249371050082636
tho150,3,SK,360,18.275974988937378,8278922.0,1.7892152824686556
tho150,3,SK,380,19.286195993423462,8329982.0,2.416997176333926
tho150,3,SK,400,20.296510219573975,8323860.0,2.341727282987996
tho150,3,SK,420,21.306851387023926,8305808.0,2.1197782279927773
tho150,3,SK,440,22.316967248916626,8277554.0,1.7723957440666251
tho150,3,SK,460,23.327266216278076,8309236.0,2.1619254338715503
tho150,3,SK,480,24.337352991104126,8313706.0,2.2168840132992385
tho150,3,SK,500,25.347636938095093,8307760.0,2.1437780371746222
tho150,3,SK,520,26.357946157455444,8340090.0,2.541274876748931
tho150,3,SK,540,27.368136644363403,8339512.0,2.5341683758743883
tho150,3,SK,560,28.378456354141235,8374204.0,2.960705968157466
tho150,3,SK,580,29.38877558708191,8354750.0,2.7215193452970086
tho150,3,SK,600,30.39950704574585,8345808.0,2.611577596473208
tho150,3,SK,620,31.409938097000122,8350384.0,2.66783944422737
tho150,3,SK,640,32.420164346694946,8316172.0,2.247203444366057
tho150,3,SK,660,33.43057870864868,8376456.0,2.9883942726029145
tho150,3,SK,680,34.44101428985596,8376456.0,2.9883942726029145
tho150,3,SK,700,35.45120191574097,8342826.0,2.574913953552992
tho150,3,SK,720,36.4616265296936,8369624.0,2.904394940466457
tho150,3,SK,740,37.47204661369324,8349586.0,2.658028046826185
tho150,3,SK,760,38.482370376586914,8359388.0,2.7785434820723145
tho150,3,SK,780,39.492863178253174,8349666.0,2.659011645563146
tho150,3,SK,800,40.503148317337036,8355296.0,2.7282324066767663
tho150,3,SK,820,41.51355314254761,8385190.0,3.0957786647106165
tho150,3,SK,840,42.52396297454834,8400306.0,3.281629646059372
tho150,3,SK,860,43.53436303138733,8412644.0,3.4333251612671605
tho150,3,SK,880,44.54476475715637,8412644.0,3.4333251612671605
tho150,3,SK,900,45.55511260032654,8412644.0,3.4333251612671605
tho150,3,SK,920,46.5655562877655,8369920.0,2.908034255793212
tho150,3,SK,940,47.57598543167114,8368886.0,2.8953212421179932
tho150,3,SK,960,48.586281538009644,8367118.0,2.873583710031158
tho150,3,SK,980,49.596670389175415,8386286.0,3.1092539674069806
tho150,3,SK,1000,50.60708737373352,8376498.0,2.988910661939819
tho150,3,SK,1020,51.617400884628296,8384102.0,3.082401721887949
tho150,3,SK,1040,52.62785983085632,8385366.0,3.0979425819319304
tho150,3,SK,1060,53.638221740722656,8404276.0,3.3304407333810544
tho150,3,SK,1080,54.64864420890808,8382382.0,3.0612543490432906
tho150,3,SK,1100,55.65904903411865,8384498.0,3.087270535635905
tho150,3,SK,1120,56.66934061050415,8421636.0,3.543881659301561
tho150,3,SK,1140,57.67966604232788,8405658.0,3.3474324015620534
tho150,3,SK,1160,58.690163135528564,8383598.0,3.0762050498450955
tho150,3,SK,1180,59.70048642158508,8392692.0,3.188015636269122
tho150,3,SK,1200,60.7109637260437,8391420.0,3.172376416351444
tho150,3,SK,1220,61.72123384475708,8455490.0,3.9601160548149736
tho150,3,SK,1240,62.73168158531189,8427410.0,3.6148728981417113
tho150,3,SK,1260,63.74215579032898,8442182.0,3.7964944049215346
tho150,3,SK,1280,64.75239968299866,8442182.0,3.7964944049215346
tho150,3,SK,1300,65.76279067993164,8444068.0,3.819682745145387
tho150,3,SK,1320,66.77320647239685,8451500.0,3.9110590678090507
tho150,3,SK,1340,67.78352403640747,8451500.0,3.9110590678090507
tho150,3,SK,1360,68.79397797584534,8417564.0,3.4938164835902534
tho150,3,SK,1380,69.80422282218933,8406630.0,3.3593831262161276
tho150,3,SK,1400,70.81464266777039,8401246.0,3.293186931218662
tho150,3,SK,1420,71.82518768310547,8443418.0,3.8116910054075794
tho150,3,SK,1440,72.83545160293579,8424758.0,3.5822666000114594
tho150,3,SK,1460,73.84597206115723,8400454.0,3.2834493037227492
tho150,3,SK,1480,74.85642457008362,8433174.0,3.685741187139742
tho150,3,SK,1500,75.86678743362427,8433174.0,3.685741187139742
tho150,3,SK,1520,76.87723565101624,8433174.0,3.685741187139742
tho150,3,SK,1540,77.88747930526733,8430134.0,3.648364435135229
tho150,3,SK,1560,78.89789247512817,8468732.0,4.122926235750421
tho150,3,SK,1580,79.90840530395508,8454280.0,3.9452391239184412
tho150,3,SK,1600,80.91855216026306,8475522.0,4.206409178549974
tho150,3,SK,1620,81.92897009849548,8429692.0,3.6429300521135204
tho150,3,SK,1640,82.93937873840332,8462484.0,4.046107174393778
tho150,3,SK,1660,83.9497184753418,8450558.0,3.8994771926813367
tho150,3,SK,1680,84.96015214920044,8450558.0,3.8994771926813367
tho150,3,SK,1700,85.97045087814331,8438354.0,3.749429205357958
tho150,3,SK,1720,86.98090481758118,8432518.0,3.6776756774966626
tho150,3,SK,1740,87.9914402961731,8413206.0,3.4402349423943104
tho150,3,SK,1760,89.00163197517395,8442392.0,3.7990763516060566
tho150,3,SK,1780,90.0120940208435,8478798.0,4.246687546828521
tho150,3,SK,1800,91.02473258972168,8478678.0,4.24521214872308
tho150,3,SK,1820,92.03494262695312,8492250.0,4.41207967444849
tho150,3,SK,1840,93.04530787467957,8442064.0,3.7950435967845175
tho150,3,SK,1860,94.05576968193054,8450274.0,3.8959854171651256
tho150,3,SK,1880,95.06609416007996,8429028.0,3.634766182596745
tho150,3,SK,1900,96.07664704322815,8463716.0,4.061254594942974
tho150,3,SK,1920,97.0868489742279,8463628.0,4.060172636332317
tho150,3,SK,1940,98.09726667404175,8462074.0,4.041066230866853
tho150,3,SK,1960,99.10762238502502,8465896.0,4.088057660525158
tho150,3,SK,1980,100.11794877052307,8431892.0,3.669979017379944
tho150,3,SK,2000,101.12831926345825,8427236.0,3.6127335708888215
tho150,3,SK,2020,102.13871550559998,8445138.0,3.8328383782522386
tho150,3,SK,2040,103.14911389350891,8445138.0,3.8328383782522386
tho150,3,SK,2060,104.15949511528015,8445138.0,3.8328383782522386
tho150,3,SK,2080,105.16961789131165,8427880.0,3.620651540721356
tho150,3,SK,2100,106.1800696849823,8427880.0,3.620651540721356
tho150,3,SK,2120,107.19043374061584,8427880.0,3.620651540721356
tho150,3,SK,2140,108.20069670677185,8424880.0,3.5837665880853242
tho150,3,SK,2160,109.2110505104065,8431422.0,3.6642003748002985
tho150,3,SK,2180,110.22135186195374,8464368.0,4.069270924649206
tho150,3,SK,2200,111.2317762374878,8477302.0,4.228294250447353
tho150,3,SK,2220,112.24208164215088,8522476.0,4.783707867240727
tho150,3,SK,2240,113.25234699249268,8494986.0,4.445718751252552
tho150,3,SK,2260,114.26285696029663,8484964.0,4.322498419479779
tho150,3,SK,2280,115.27334856987,8468604.0,4.121352477771283
tho150,3,SK,2300,116.28373074531555,8467896.0,4.11264762894918
tho150,3,SK,2320,117.29411578178406,8467896.0,4.11264762894918
tho150,3,SK,2340,118.30434131622314,8457276.0,3.9820748966176254
tho150,3,SK,2360,119.31477212905884,8447690.0,3.8642151779612903
tho150,3,SK,2380,120.32512903213501,8447690.0,3.8642151779612903
tho150,3,SK,2400,121.33530926704407,8447690.0,3.8642151779612903
tho150,3,SK,2420,122.34574866294861,8447690.0,3.8642151779612903
tho150,3,SK,2440,123.3562650680542,8447690.0,3.8642151779612903
tho150,3,SK,2460,124.36672687530518,8447690.0,3.8642151779612903
tho150,3,SK,2480,125.37708115577698,8447690.0,3.8642151779612903
tho150,3,SK,2500,126.3874123096466,8464516.0,4.071090582312583
tho150,4,PGD,1,0.01652050018310547,9912132.0,21.86950644736677
tho150,4,PGD,20,0.09796905517578125,9486190.0,16.632556282134477
tho150,4,PGD,40,0.17678308486938477,9553624.0,17.461656247487213
tho150,4,PGD,60,0.25563597679138184,9530364.0,17.17567491471584
tho150,4,PGD,80,0.3409700393676758,9454930.0,16.248215075667023
tho150,4,PGD,100,0.4262363910675049,9442416.0,16.09435564323792
tho150,4,PGD,120,0.5050039291381836,9482316.0,16.58492551329715
tho150,4,PGD,140,0.5839929580688477,9444372.0,16.11840463235661
tho150,4,PGD,160,0.6653842926025391,9431152.0,15.95586494107383
tho150,4,PGD,180,0.744312047958374,9440824.0,16.074782028372397
tho150,4,PGD,200,0.8232347965240479,9432132.0,15.967914025601598
tho150,4,PGD,220,0.908156156539917,9422358.0,15.847742849913407
tho150,4,PGD,240,0.9931907653808594,9392550.0,15.48125396052179
tho150,4,PGD,260,1.0721092224121094,9432348.0,15.970569742191392
tho150,4,PGD,280,1.1510562896728516,9452656.0,16.220256281568908
tho150,4,PGD,300,1.2299466133117676,9479462.0,16.549835628356067
tho150,4,PGD,320,1.3088510036468506,9472228.0,16.46089371256638
tho150,4,PGD,340,1.3877685070037842,9462562.0,16.34205039517309
tho150,4,PGD,360,1.4666333198547363,9465062.0,16.372787855703113
tho150,4,PGD,380,1.5454902648925781,9465062.0,16.372787855703113
tho150,4,PGD,400,1.6244614124298096,9462562.0,16.34205039517309
tho150,4,PGD,420,1.7033309936523438,9462562.0,16.34205039517309
tho150,4,PGD,440,1.7821433544158936,9462562.0,16.34205039517309
tho150,4,PGD,460,1.8610026836395264,9462562.0,16.34205039517309
tho150,4,PGD,480,1.9398465156555176,9462562.0,16.34205039517309
tho150,4,PGD,500,2.018744945526123,9462562.0,16.34205039517309
tho150,4,PGD,520,2.097656726837158,9473950.0,16.482065675379467
tho150,4,PGD,540,2.1764543056488037,9473950.0,16.482065675379467
tho150,4,PGD,560,2.25532603263855,9468536.0,16.41550063085564
tho150,4,PGD,580,2.33420991897583,9472344.0,16.462319930734978
tho150,4,PGD,600,2.4130520820617676,9472344.0,16.462319930734978
tho150,4,PGD,620,2.4918928146362305,9476992.0,16.5194670173524
tho150,4,PGD,640,2.570812463760376,9476992.0,16.5194670173524
tho150,4,PGD,660,2.6496260166168213,9439846.0,16.062757533813052
tho150,4,PGD,680,2.7285587787628174,9416022.0,15.769841829946108
tho150,4,PGD,700,2.8075149059295654,9416022.0,15.769841829946108
tho150,4,PGD,720,2.8864550590515137,9426190.0,15.89485722941383
tho150,4,PGD,740,2.965324640274048,9433346.0,15.98284013643498
tho150,4,PGD,760,3.0442774295806885,9421688.0,15.839505210491359
tho150,4,PGD,780,3.123106002807617,9440322.0,16.06860994629797
tho150,4,PGD,800,3.201961040496826,9433550.0,15.985348313214232
tho150,4,PGD,820,3.280855178833008,9429850.0,15.93985687162979
tho150,4,PGD,840,3.359694242477417,9432404.0,15.971258261307266
tho150,4,PGD,860,3.43851900100708,9433936.0,15.990094177120067
tho150,4,PGD,880,3.517458200454712,9433936.0,15.990094177120067
tho150,4,PGD,900,3.596327304840088,9433936.0,15.990094177120067
tho150,4,PGD,920,3.675184965133667,9433936.0,15.990094177120067
tho150,4,PGD,940,3.7541425228118896,9433936.0,15.990094177120067
tho150,4,PGD,960,3.833019256591797,9433936.0,15.990094177120067
tho150,4,PGD,980,3.911916494369507,9433936.0,15.990094177120067
tho150,4,PGD,1000,3.990896701812744,9433936.0,15.990094177120067
tho150,4,PGD,1020,4.069819927215576,9433936.0,15.990094177120067
tho150,4,PGD,1040,4.1487038135528564,9433936.0,15.990094177120067
tho150,4,PGD,1060,4.227687835693359,9433936.0,15.990094177120067
tho150,4,PGD,1080,4.306654930114746,9433936.0,15.990094177120067
tho150,4,PGD,1100,4.385596990585327,9432992.0,15.978487712023929
tho150,4,PGD,1120,4.464573383331299,9432992.0,15.978487712023929
tho150,4,PGD,1140,4.543462514877319,9432992.0,15.978487712023929
tho150,4,PGD,1160,4.6223413944244385,9432992.0,15.978487712023929
tho150,4,PGD,1180,4.701207876205444,9432992.0,15.978487712023929
tho150,4,PGD,1200,4.780082702636719,9432992.0,15.978487712023929
tho150,4,PGD,1220,4.85898756980896,9432992.0,15.978487712023929
tho150,4,PGD,1240,4.937867879867554,9432992.0,15.978487712023929
tho150,4,PGD,1260,5.0167694091796875,9432992.0,15.978487712023929
tho150,4,PGD,1280,5.095639705657959,9432992.0,15.978487712023929
tho150,4,PGD,1300,5.174499034881592,9432992.0,15.978487712023929
tho150,4,PGD,1320,5.253390312194824,9430220.0,15.944406015788234
tho150,4,PGD,1340,5.332334756851196,9426514.0,15.898840804298523
tho150,4,PGD,1360,5.411243200302124,9426514.0,15.898840804298523
tho150,4,PGD,1380,5.49015474319458,9426514.0,15.898840804298523
tho150,4,PGD,1400,5.569058179855347,9440360.0,16.069077155698025
tho150,4,PGD,1420,5.64794921875,9440360.0,16.069077155698025
tho150,4,PGD,1440,5.726867914199829,9437232.0,16.030618445082855
tho150,4,PGD,1460,5.805774450302124,9437232.0,16.030618445082855
tho150,4,PGD,1480,5.884694576263428,9437232.0,16.030618445082855
tho150,4,PGD,1500,5.963623285293579,9437232.0,16.030618445082855
tho150,4,PGD,1520,6.042510509490967,9440360.0,16.069077155698025
tho150,4,PGD,1540,6.121442556381226,9445912.0,16.13733890804311
tho150,4,PGD,1560,6.200374364852905,9427048.0,15.905406325867737
tho150,4,PGD,1580,6.279260635375977,9448958.0,16.17478942995289
tho150,4,PGD,1600,6.358069896697998,9447396.0,16.15558466461373
tho150,4,PGD,1620,6.4369330406188965,9476274.0,16.51063921868818
tho150,4,PGD,1640,6.515795946121216,9487572.0,16.649547950315476
tho150,4,PGD,1660,6.594638109207153,9452374.0,16.216789096021124
tho150,4,PGD,1680,6.673583030700684,9468078.0,16.40986952808654
tho150,4,PGD,1700,6.752450466156006,9468078.0,16.40986952808654
tho150,4,PGD,1720,6.831327438354492,9468078.0,16.40986952808654
tho150,4,PGD,1740,6.910219669342041,9453984.0,16.23658402060246
tho150,4,PGD,1760,6.989159822463989,9454828.0,16.246960987277394
tho150,4,PGD,1780,7.068016052246094,9453488.0,16.2304857084333
tho150,4,PGD,1800,7.146957159042358,9449480.0,16.18120741171156
tho150,4,PGD,1820,7.225889682769775,9440184.0,16.066913238476708
tho150,4,PGD,1840,7.304765462875366,9435752.0,16.012421868449078
tho150,4,PGD,1860,7.383680582046509,9435752.0,16.012421868449078
tho150,4,PGD,1880,7.462571859359741,9435752.0,16.012421868449078
tho150,4,PGD,1900,7.541419267654419,9433574.0,15.98564339283532
tho150,4,PGD,1920,7.620319128036499,9432066.0,15.967102556643606
tho150,4,PGD,1940,7.699142932891846,9432066.0,15.967102556643606
tho150,4,PGD,1960,7.778054714202881,9432066.0,15.967102556643606
tho150,4,PGD,1980,7.856983661651611,9432066.0,15.967102556643606
tho150,4,PGD,2000,7.93587589263916,9432066.0,15.967102556643606
tho150,4,PGD,2020,8.014757633209229,9432066.0,15.967102556643606
tho150,4,PGD,2040,8.093675374984741,9435130.0,16.004774388269208
tho150,4,PGD,2060,8.17251706123352,9435130.0,16.004774388269208
tho150,4,PGD,2080,8.251404523849487,9436400.0,16.020389018218463
tho150,4,PGD,2100,8.330345630645752,9436400.0,16.020389018218463
tho150,4,PGD,2120,8.409238576889038,9436400.0,16.020389018218463
tho150,4,PGD,2140,8.488056182861328,9436400.0,16.020389018218463
tho150,4,PGD,2160,8.566984415054321,9440994.0,16.07687217568844
tho150,4,PGD,2180,8.645824193954468,9443270.0,16.104855559754977
tho150,4,PGD,2200,8.724676609039307,9443270.0,16.104855559754977
tho150,4,PGD,2220,8.803564548492432,9443270.0,16.104855559754977
tho150,4,PGD,2240,8.882399320602417,9443270.0,16.104855559754977
tho150,4,PGD,2260,8.96121335029602,9443270.0,16.104855559754977
tho150,4,PGD,2280,9.040090560913086,9428868.0,15.927783197133596
tho150,4,PGD,2300,9.118902683258057,9428868.0,15.927783197133596
tho150,4,PGD,2320,9.19774866104126,9428868.0,15.927783197133596
tho150,4,PGD,2340,9.276587724685669,9428868.0,15.927783197133596
tho150,4,PGD,2360,9.355400085449219,9428868.0,15.927783197133596
tho150,4,PGD,2380,9.434250831604004,9429496.0,15.93550444721874
tho150,4,PGD,2400,9.513097047805786,9429496.0,15.93550444721874
tho150,4,PGD,2420,9.591888904571533,9429496.0,15.93550444721874
tho150,4,PGD,2440,9.670931816101074,9429496.0,15.93550444721874
tho150,4,PGD,2460,9.749829053878784,9429496.0,15.93550444721874
tho150,4,PGD,2480,9.828743696212769,9429496.0,15.93550444721874
tho150,4,PGD,2500,9.907691955566406,9429496.0,15.93550444721874
tho150,4,SK,1,0.0682530403137207,9941224.0,22.22719212806259
tho150,4,SK,20,1.0342483520507812,9309608.0,14.461483380009192
tho150,4,SK,40,2.0505940914154053,9090462.0,11.767086769883878
tho150,4,SK,60,3.0629472732543945,8866468.0,9.013084076298737
tho150,4,SK,80,4.0791144371032715,8676832.0,6.681512450269862
tho150,4,SK,100,5.095401763916016,8545674.0,5.068926910990953
tho150,4,SK,120,6.107921361923218,8465224.0,4.079795431134687
tho150,4,SK,140,7.124083995819092,8408636.0,3.384046864545421
tho150,4,SK,160,8.140592813491821,8376620.0,2.9904106500136844
tho150,4,SK,180,9.153335571289062,8365064.0,2.8483298124596876
tho150,4,SK,200,10.169406652450562,8363822.0,2.8330594420683703
tho150,4,SK,220,11.185640096664429,8315910.0,2.24398215850251
tho150,4,SK,240,12.195672750473022,8353104.0,2.701281801284039
tho150,4,SK,260,13.20822787284851,8299934.0,2.047557490731426
tho150,4,SK,280,14.21877121925354,8311328.0,2.187646540843077
tho150,4,SK,300,15.23513913154602,8287946.0,1.900165219997841
tho150,4,SK,320,16.245176792144775,8302262.0,2.076180213976987
tho150,4,SK,340,17.261716842651367,8273694.0,1.7249371050082636
tho150,4,SK,360,18.27196979522705,8278922.0,1.7892152824686556
tho150,4,SK,380,19.28197693824768,8329982.0,2.416997176333926
tho150,4,SK,400,20.292251110076904,8323860.0,2.341727282987996
tho150,4,SK,420,21.302356481552124,8305808.0,2.1197782279927773
tho150,4,SK,440,22.312397003173828,8277554.0,1.7723957440666251
tho150,4,SK,460,23.32252550125122,8309236.0,2.1619254338715503
tho150,4,SK,480,24.332708835601807,8313706.0,2.2168840132992385
tho150,4,SK,500,25.34289240837097,8307760.0,2.1437780371746222
tho150,4,SK,520,26.353192806243896,8340090.0,2.541274876748931
tho150,4,SK,540,27.363198280334473,8339512.0,2.5341683758743883
tho150,4,SK,560,28.373432159423828,8374204.0,2.960705968157466
tho150,4,SK,580,29.38371181488037,8354750.0,2.7215193452970086
tho150,4,SK,600,30.393930196762085,8345808.0,2.611577596473208
tho150,4,SK,620,31.404115676879883,8350384.0,2.66783944422737
tho150,4,SK,640,32.414186000823975,8316172.0,2.247203444366057
tho150,4,SK,660,33.42448306083679,8376456.0,2.9883942726029145
tho150,4,SK,680,34.43476915359497,8376456.0,2.9883942726029145
tho150,4,SK,700,35.44478392601013,8342826.0,2.574913953552992
tho150,4,SK,720,36.45502781867981,8369624.0,2.904394940466457
tho150,4,SK,740,37.4651141166687,8349586.0,2.658028046826185
tho150,4,SK,760,38.475441455841064,8359388.0,2.7785434820723145
tho150,4,SK,780,39.48555874824524,8349666.0,2.659011645563146
tho150,4,SK,800,40.49559426307678,8355296.0,2.7282324066767663
tho150,4,SK,820,41.50580859184265,8385190.0,3.0957786647106165
tho150,4,SK,840,42.515955209732056,8400306.0,3.281629646059372
tho150,4,SK,860,43.52609181404114,8412644.0,3.4333251612671605
tho150,4,SK,880,44.53624987602234,8412644.0,3.4333251612671605
tho150,4,SK,900,45.54631996154785,8412644.0,3.4333251612671605
tho150,4,SK,920,46.5566291809082,8369920.0,2.908034255793212
tho150,4,SK,940,47.5668671131134,8368886.0,2.8953212421179932
tho150,4,SK,960,48.57699966430664,8367118.0,2.873583710031158
tho150,4,SK,980,49.5872323513031,8386286.0,3.1092539674069806
tho150,4,SK,1000,50.597270488739014,8376498.0,2.988910661939819
tho150,4,SK,1020,51.60746955871582,8384102.0,3.082401721887949
tho150,4,SK,1040,52.61777687072754,8385366.0,3.0979425819319304
tho150,4,SK,1060,53.627949476242065,8404276.0,3.3304407333810544
tho150,4,SK,1080,54.63827157020569,8382382.0,3.0612543490432906
tho150,4,SK,1100,55.64833307266235,8384498.0,3.087270535635905
tho150,4,SK,1120,56.658615827560425,8421636.0,3.543881659301561
tho150,4,SK,1140,57.66892337799072,8405658.0,3.3474324015620534
tho150,4,SK,1160,58.6790714263916,8383598.0,3.0762050498450955
tho150,4,SK,1180,59.689172983169556,8392692.0,3.188015636269122
tho150,4,SK,1200,60.699312925338745,8391420.0,3.172376416351444
tho150,4,SK,1220,61.70952796936035,8455490.0,3.9601160548149736
tho150,4,SK,1240,62.71982431411743,8427410.0,3.6148728981417113
tho150,4,SK,1260,63.729854583740234,8442182.0,3.7964944049215346
tho150,4,SK,1280,64.74013686180115,8442182.0,3.7964944049215346
tho150,4,SK,1300,65.7504448890686,8444068.0,3.819682745145387
tho150,4,SK,1320,66.76073288917542,8451500.0,3.9110590678090507
tho150,4,SK,1340,67.7710223197937,8451500.0,3.9110590678090507
tho150,4,SK,1360,68.7810788154602,8417564.0,3.4938164835902534
tho150,4,SK,1380,69.79137420654297,8406630.0,3.3593831262161276
tho150,4,SK,1400,70.80175733566284,8401246.0,3.293186931218662
tho150,4,SK,1420,71.81200456619263,8443418.0,3.8116910054075794
tho150,4,SK,1440,72.82226324081421,8424758.0,3.5822666000114594
tho150,4,SK,1460,73.832768201828,8400454.0,3.2834493037227492
tho150,4,SK,1480,74.84300708770752,8433174.0,3.685741187139742
tho150,4,SK,1500,75.85314893722534,8433174.0,3.685741187139742
tho150,4,SK,1520,76.86316132545471,8433174.0,3.685741187139742
tho150,4,SK,1540,77.87340641021729,8430134.0,3.648364435135229
tho150,4,SK,1560,78.88369989395142,8468732.0,4.122926235750421
tho150,4,SK,1580,79.89386224746704,8454280.0,3.9452391239184412
tho150,4,SK,1600,80.90408945083618,8475522.0,4.206409178549974
tho150,4,SK,1620,81.91421389579773,8429692.0,3.6429300521135204
tho150,4,SK,1640,82.92441487312317,8462484.0,4.046107174393778
tho150,4,SK,1660,83.93450546264648,8450558.0,3.8994771926813367
tho150,4,SK,1680,84.94458770751953,8450558.0,3.8994771926813367
tho150,4,SK,1700,85.95480847358704,8438354.0,3.749429205357958
tho150,4,SK,1720,86.96484184265137,8432518.0,3.6776756774966626
tho150,4,SK,1740,87.97494649887085,8413206.0,3.4402349423943104
tho150,4,SK,1760,88.98518538475037,8442392.0,3.7990763516060566
tho150,4,SK,1780,89.99519276618958,8478798.0,4.246687546828521
tho150,4,SK,1800,91.00546669960022,8478678.0,4.24521214872308
tho150,4,SK,1820,92.01549458503723,8492250.0,4.41207967444849
tho150,4,SK,1840,93.0257408618927,8442064.0,3.7950435967845175
tho150,4,SK,1860,94.03594589233398,8450274.0,3.8959854171651256
tho150,4,SK,1880,95.04596281051636,8429028.0,3.634766182596745
tho150,4,SK,1900,96.05608320236206,8463716.0,4.061254594942974
tho150,4,SK,1920,97.06619310379028,8463628.0,4.060172636332317
tho150,4,SK,1940,98.07646703720093,8462074.0,4.041066230866853
tho150,4,SK,1960,99.08670616149902,8465896.0,4.088057660525158
tho150,4,SK,1980,100.09672784805298,8431892.0,3.669979017379944
tho150,4,SK,2000,101.10696816444397,8427236.0,3.6127335708888215
tho150,4,SK,2020,102.11725568771362,8445138.0,3.8328383782522386
tho150,4,SK,2040,103.1274425983429,8445138.0,3.8328383782522386
tho150,4,SK,2060,104.13764548301697,8445138.0,3.8328383782522386
tho150,4,SK,2080,105.14769744873047,8427880.0,3.620651540721356
tho150,4,SK,2100,106.15794348716736,8427880.0,3.620651540721356
tho150,4,SK,2120,107.16810774803162,8427880.0,3.620651540721356
tho150,4,SK,2140,108.17815208435059,8424880.0,3.5837665880853242
tho150,4,SK,2160,109.18842077255249,8431422.0,3.6642003748002985
tho150,4,SK,2180,110.19849896430969,8464368.0,4.069270924649206
tho150,4,SK,2200,111.20882725715637,8477302.0,4.228294250447353
tho150,4,SK,2220,112.21905136108398,8522476.0,4.783707867240727
tho150,4,SK,2240,113.22915387153625,8494986.0,4.445718751252552
tho150,4,SK,2260,114.23935079574585,8484964.0,4.322498419479779
tho150,4,SK,2280,115.24953651428223,8468604.0,4.121352477771283
tho150,4,SK,2300,116.2597439289093,8467896.0,4.11264762894918
tho150,4,SK,2320,117.2699134349823,8467896.0,4.11264762894918
tho150,4,SK,2340,118.27991032600403,8457276.0,3.9820748966176254
tho150,4,SK,2360,119.29006862640381,8447690.0,3.8642151779612903
tho150,4,SK,2380,120.30024766921997,8447690.0,3.8642151779612903
tho150,4,SK,2400,121.31028151512146,8447690.0,3.8642151779612903
tho150,4,SK,2420,122.32048654556274,8447690.0,3.8642151779612903
tho150,4,SK,2440,123.33056211471558,8447690.0,3.8642151779612903
tho150,4,SK,2460,124.34070372581482,8447690.0,3.8642151779612903
tho150,4,SK,2480,125.35090279579163,8447690.0,3.8642151779612903
tho150,4,SK,2500,126.36098194122314,8464516.0,4.071090582312583
