Instance,Seed,Method,Iter,Time,Obj,Gap
nug12,0,PGD,1,0.3978128433227539,816.0,41.17647058823529
nug12,0,PGD,20,0.4082944393157959,782.0,35.294117647058826
nug12,0,PGD,40,0.41886281967163086,776.0,34.2560553633218
nug12,0,PGD,60,0.4289088249206543,746.0,29.06574394463668
nug12,0,PGD,80,0.4392414093017578,746.0,29.06574394463668
nug12,0,PGD,100,0.44898533821105957,746.0,29.06574394463668
nug12,0,PGD,120,0.4587278366088867,746.0,29.06574394463668
nug12,0,PGD,140,0.4684433937072754,746.0,29.06574394463668
nug12,0,PGD,160,0.47821569442749023,746.0,29.06574394463668
nug12,0,PGD,180,0.4879763126373291,746.0,29.06574394463668
nug12,0,PGD,200,0.4976918697357178,746.0,29.06574394463668
nug12,0,PGD,220,0.5074193477630615,746.0,29.06574394463668
nug12,0,PGD,240,0.5171329975128174,746.0,29.06574394463668
nug12,0,PGD,260,0.5268917083740234,746.0,29.06574394463668
nug12,0,PGD,280,0.5366010665893555,746.0,29.06574394463668
nug12,0,PGD,300,0.5463347434997559,746.0,29.06574394463668
nug12,0,PGD,320,0.5560693740844727,746.0,29.06574394463668
nug12,0,PGD,340,0.5657577514648438,746.0,29.06574394463668
nug12,0,PGD,360,0.5754966735839844,746.0,29.06574394463668
nug12,0,PGD,380,0.5851881504058838,746.0,29.06574394463668
nug12,0,PGD,400,0.5949282646179199,746.0,29.06574394463668
nug12,0,PGD,420,0.6046392917633057,746.0,29.06574394463668
nug12,0,PGD,440,0.6144051551818848,746.0,29.06574394463668
nug12,0,PGD,460,0.6244714260101318,746.0,29.06574394463668
nug12,0,PGD,480,0.634225606918335,746.0,29.06574394463668
nug12,0,PGD,500,0.6440219879150391,746.0,29.06574394463668
nug12,0,PGD,520,0.6537792682647705,746.0,29.06574394463668
nug12,0,PGD,540,0.6636221408843994,746.0,29.06574394463668
nug12,0,PGD,560,0.6734964847564697,746.0,29.06574394463668
nug12,0,PGD,580,0.6833689212799072,746.0,29.06574394463668
nug12,0,PGD,600,0.6939849853515625,746.0,29.06574394463668
nug12,0,PGD,620,0.7044801712036133,746.0,29.06574394463668
nug12,0,PGD,640,0.7143902778625488,746.0,29.06574394463668
nug12,0,PGD,660,0.7243218421936035,746.0,29.06574394463668
nug12,0,PGD,680,0.7340612411499023,746.0,29.06574394463668
nug12,0,PGD,700,0.7438170909881592,746.0,29.06574394463668
nug12,0,PGD,720,0.7535252571105957,746.0,29.06574394463668
nug12,0,PGD,740,0.7632527351379395,746.0,29.06574394463668
nug12,0,PGD,760,0.7730429172515869,746.0,29.06574394463668
nug12,0,PGD,780,0.7828030586242676,746.0,29.06574394463668
nug12,0,PGD,800,0.7925691604614258,746.0,29.06574394463668
nug12,0,PGD,820,0.8022680282592773,746.0,29.06574394463668
nug12,0,PGD,840,0.8120214939117432,746.0,29.06574394463668
nug12,0,PGD,860,0.8217568397521973,746.0,29.06574394463668
nug12,0,PGD,880,0.8314669132232666,746.0,29.06574394463668
nug12,0,PGD,900,0.8412089347839355,746.0,29.06574394463668
nug12,0,PGD,920,0.8509104251861572,746.0,29.06574394463668
nug12,0,PGD,940,0.8606822490692139,746.0,29.06574394463668
nug12,0,PGD,960,0.8703629970550537,746.0,29.06574394463668
nug12,0,PGD,980,0.8801074028015137,746.0,29.06574394463668
nug12,0,PGD,1000,0.8898277282714844,746.0,29.06574394463668
nug12,0,SK,1,0.5647733211517334,816.0,41.17647058823529
nug12,0,SK,20,0.7835514545440674,742.0,28.373702422145332
nug12,0,SK,40,0.999847412109375,694.0,20.069204152249135
nug12,0,SK,60,1.2196855545043945,682.0,17.99307958477509
nug12,0,SK,80,1.438227891921997,688.0,19.031141868512112
nug12,0,SK,100,1.6565532684326172,688.0,19.031141868512112
nug12,0,SK,120,1.8729901313781738,626.0,8.304498269896193
nug12,0,SK,140,2.0922553539276123,626.0,8.304498269896193
nug12,0,SK,160,2.3097259998321533,626.0,8.304498269896193
nug12,0,SK,180,2.527122735977173,594.0,2.768166089965398
nug12,0,SK,200,2.745215654373169,594.0,2.768166089965398
nug12,0,SK,220,2.9641432762145996,586.0,1.384083044982699
nug12,0,SK,240,3.1820943355560303,586.0,1.384083044982699
nug12,0,SK,260,3.396476984024048,586.0,1.384083044982699
nug12,0,SK,280,3.6163277626037598,586.0,1.384083044982699
nug12,0,SK,300,3.8329029083251953,586.0,1.384083044982699
nug12,0,SK,320,4.053141832351685,586.0,1.384083044982699
nug12,0,SK,340,4.268543720245361,586.0,1.384083044982699
nug12,0,SK,360,4.489013910293579,586.0,1.384083044982699
nug12,0,SK,380,4.703593015670776,586.0,1.384083044982699
nug12,0,SK,400,4.924922227859497,586.0,1.384083044982699
nug12,0,SK,420,5.14294695854187,586.0,1.384083044982699
nug12,0,SK,440,5.361239433288574,586.0,1.384083044982699
nug12,0,SK,460,5.578207492828369,586.0,1.384083044982699
nug12,0,SK,480,5.797086000442505,586.0,1.384083044982699
nug12,0,SK,500,6.014675617218018,586.0,1.384083044982699
nug12,0,SK,520,6.233452796936035,586.0,1.384083044982699
nug12,0,SK,540,6.448655605316162,586.0,1.384083044982699
nug12,0,SK,560,6.668803930282593,586.0,1.384083044982699
nug12,0,SK,580,6.884668350219727,586.0,1.384083044982699
nug12,0,SK,600,7.1022419929504395,586.0,1.384083044982699
nug12,0,SK,620,7.327850580215454,586.0,1.384083044982699
nug12,0,SK,640,7.551360130310059,586.0,1.384083044982699
nug12,0,SK,660,7.772433519363403,586.0,1.384083044982699
nug12,0,SK,680,7.9906651973724365,586.0,1.384083044982699
nug12,0,SK,700,8.210971117019653,586.0,1.384083044982699
nug12,0,SK,720,8.437219381332397,586.0,1.384083044982699
nug12,0,SK,740,8.653536319732666,586.0,1.384083044982699
nug12,0,SK,760,8.886489391326904,586.0,1.384083044982699
nug12,0,SK,780,9.103267192840576,586.0,1.384083044982699
nug12,0,SK,800,9.320395231246948,586.0,1.384083044982699
nug12,0,SK,820,9.537355422973633,586.0,1.384083044982699
nug12,0,SK,840,9.755342483520508,586.0,1.384083044982699
nug12,0,SK,860,9.973867654800415,586.0,1.384083044982699
nug12,0,SK,880,10.189391374588013,586.0,1.384083044982699
nug12,0,SK,900,10.41088581085205,586.0,1.384083044982699
nug12,0,SK,920,10.62657380104065,586.0,1.384083044982699
nug12,0,SK,940,10.847854137420654,586.0,1.384083044982699
nug12,0,SK,960,11.06288766860962,586.0,1.384083044982699
nug12,0,SK,980,11.284390926361084,586.0,1.384083044982699
nug12,0,SK,1000,11.49986219406128,586.0,1.384083044982699
nug12,1,PGD,1,0.0009853839874267578,816.0,41.17647058823529
nug12,1,PGD,20,0.01120448112487793,782.0,35.294117647058826
nug12,1,PGD,40,0.021406173706054688,776.0,34.2560553633218
nug12,1,PGD,60,0.03141140937805176,746.0,29.06574394463668
nug12,1,PGD,80,0.04122519493103027,746.0,29.06574394463668
nug12,1,PGD,100,0.05202984809875488,746.0,29.06574394463668
nug12,1,PGD,120,0.06202244758605957,746.0,29.06574394463668
nug12,1,PGD,140,0.07199788093566895,746.0,29.06574394463668
nug12,1,PGD,160,0.08183431625366211,746.0,29.06574394463668
nug12,1,PGD,180,0.09158921241760254,746.0,29.06574394463668
nug12,1,PGD,200,0.10131692886352539,746.0,29.06574394463668
nug12,1,PGD,220,0.11106157302856445,746.0,29.06574394463668
nug12,1,PGD,240,0.12080621719360352,746.0,29.06574394463668
nug12,1,PGD,260,0.1305396556854248,746.0,29.06574394463668
nug12,1,PGD,280,0.14028501510620117,746.0,29.06574394463668
nug12,1,PGD,300,0.1500256061553955,746.0,29.06574394463668
nug12,1,PGD,320,0.15977096557617188,746.0,29.06574394463668
nug12,1,PGD,340,0.1695094108581543,746.0,29.06574394463668
nug12,1,PGD,360,0.17924952507019043,746.0,29.06574394463668
nug12,1,PGD,380,0.1889786720275879,746.0,29.06574394463668
nug12,1,PGD,400,0.19873642921447754,746.0,29.06574394463668
nug12,1,PGD,420,0.20846080780029297,746.0,29.06574394463668
nug12,1,PGD,440,0.2182164192199707,746.0,29.06574394463668
nug12,1,PGD,460,0.22794556617736816,746.0,29.06574394463668
nug12,1,PGD,480,0.23766708374023438,746.0,29.06574394463668
nug12,1,PGD,500,0.24744963645935059,746.0,29.06574394463668
nug12,1,PGD,520,0.2572035789489746,746.0,29.06574394463668
nug12,1,PGD,540,0.2669503688812256,746.0,29.06574394463668
nug12,1,PGD,560,0.2767000198364258,746.0,29.06574394463668
nug12,1,PGD,580,0.2864351272583008,746.0,29.06574394463668
nug12,1,PGD,600,0.29618120193481445,746.0,29.06574394463668
nug12,1,PGD,620,0.3059418201446533,746.0,29.06574394463668
nug12,1,PGD,640,0.3157186508178711,746.0,29.06574394463668
nug12,1,PGD,660,0.3254983425140381,746.0,29.06574394463668
nug12,1,PGD,680,0.3352651596069336,746.0,29.06574394463668
nug12,1,PGD,700,0.34581732749938965,746.0,29.06574394463668
nug12,1,PGD,720,0.35575437545776367,746.0,29.06574394463668
nug12,1,PGD,740,0.36571669578552246,746.0,29.06574394463668
nug12,1,PGD,760,0.37558555603027344,746.0,29.06574394463668
nug12,1,PGD,780,0.3853769302368164,746.0,29.06574394463668
nug12,1,PGD,800,0.3951430320739746,746.0,29.06574394463668
nug12,1,PGD,820,0.4048807621002197,746.0,29.06574394463668
nug12,1,PGD,840,0.4146287441253662,746.0,29.06574394463668
nug12,1,PGD,860,0.42438268661499023,746.0,29.06574394463668
nug12,1,PGD,880,0.43413233757019043,746.0,29.06574394463668
nug12,1,PGD,900,0.44388866424560547,746.0,29.06574394463668
nug12,1,PGD,920,0.45364832878112793,746.0,29.06574394463668
nug12,1,PGD,940,0.46341896057128906,746.0,29.06574394463668
nug12,1,PGD,960,0.47317004203796387,746.0,29.06574394463668
nug12,1,PGD,980,0.4829583168029785,746.0,29.06574394463668
nug12,1,PGD,1000,0.49272775650024414,746.0,29.06574394463668
nug12,1,SK,1,0.020420551300048828,816.0,41.17647058823529
nug12,1,SK,20,0.22973418235778809,742.0,28.373702422145332
nug12,1,SK,40,0.452120304107666,694.0,20.069204152249135
nug12,1,SK,60,0.668541669845581,682.0,17.99307958477509
nug12,1,SK,80,0.8925914764404297,688.0,19.031141868512112
nug12,1,SK,100,1.1101446151733398,688.0,19.031141868512112
nug12,1,SK,120,1.3311896324157715,626.0,8.304498269896193
nug12,1,SK,140,1.5540797710418701,626.0,8.304498269896193
nug12,1,SK,160,1.7727553844451904,626.0,8.304498269896193
nug12,1,SK,180,1.9911599159240723,594.0,2.768166089965398
nug12,1,SK,200,2.209699869155884,594.0,2.768166089965398
nug12,1,SK,220,2.42564058303833,586.0,1.384083044982699
nug12,1,SK,240,2.6449756622314453,586.0,1.384083044982699
nug12,1,SK,260,2.8630917072296143,586.0,1.384083044982699
nug12,1,SK,280,3.0820424556732178,586.0,1.384083044982699
nug12,1,SK,300,3.29659104347229,586.0,1.384083044982699
nug12,1,SK,320,3.522573232650757,586.0,1.384083044982699
nug12,1,SK,340,3.739152193069458,586.0,1.384083044982699
nug12,1,SK,360,3.957089424133301,586.0,1.384083044982699
nug12,1,SK,380,4.175235271453857,586.0,1.384083044982699
nug12,1,SK,400,4.3948445320129395,586.0,1.384083044982699
nug12,1,SK,420,4.611251354217529,586.0,1.384083044982699
nug12,1,SK,440,4.8288679122924805,586.0,1.384083044982699
nug12,1,SK,460,5.050332307815552,586.0,1.384083044982699
nug12,1,SK,480,5.268615484237671,586.0,1.384083044982699
nug12,1,SK,500,5.485544443130493,586.0,1.384083044982699
nug12,1,SK,520,5.705102205276489,586.0,1.384083044982699
nug12,1,SK,540,5.921080112457275,586.0,1.384083044982699
nug12,1,SK,560,6.139784336090088,586.0,1.384083044982699
nug12,1,SK,580,6.358285903930664,586.0,1.384083044982699
nug12,1,SK,600,6.578881740570068,586.0,1.384083044982699
nug12,1,SK,620,6.798520088195801,586.0,1.384083044982699
nug12,1,SK,640,7.016103506088257,586.0,1.384083044982699
nug12,1,SK,660,7.2362220287323,586.0,1.384083044982699
nug12,1,SK,680,7.451922178268433,586.0,1.384083044982699
nug12,1,SK,700,7.671040773391724,586.0,1.384083044982699
nug12,1,SK,720,7.887118339538574,586.0,1.384083044982699
nug12,1,SK,740,8.110351324081421,586.0,1.384083044982699
nug12,1,SK,760,8.325912475585938,586.0,1.384083044982699
nug12,1,SK,780,8.544851064682007,586.0,1.384083044982699
nug12,1,SK,800,8.763458251953125,586.0,1.384083044982699
nug12,1,SK,820,8.983834743499756,586.0,1.384083044982699
nug12,1,SK,840,9.198875665664673,586.0,1.384083044982699
nug12,1,SK,860,9.419677972793579,586.0,1.384083044982699
nug12,1,SK,880,9.645610332489014,586.0,1.384083044982699
nug12,1,SK,900,9.864597797393799,586.0,1.384083044982699
nug12,1,SK,920,10.079638242721558,586.0,1.384083044982699
nug12,1,SK,940,10.30012822151184,586.0,1.384083044982699
nug12,1,SK,960,10.516292572021484,586.0,1.384083044982699
nug12,1,SK,980,10.73415756225586,586.0,1.384083044982699
nug12,1,SK,1000,10.95234489440918,586.0,1.384083044982699
nug12,2,PGD,1,0.0009915828704833984,816.0,41.17647058823529
nug12,2,PGD,20,0.010981559753417969,782.0,35.294117647058826
nug12,2,PGD,40,0.021213531494140625,776.0,34.2560553633218
nug12,2,PGD,60,0.03127694129943848,746.0,29.06574394463668
nug12,2,PGD,80,0.041159868240356445,746.0,29.06574394463668
nug12,2,PGD,100,0.050984859466552734,746.0,29.06574394463668
nug12,2,PGD,120,0.060781240463256836,746.0,29.06574394463668
nug12,2,PGD,140,0.07056331634521484,746.0,29.06574394463668
nug12,2,PGD,160,0.08033370971679688,746.0,29.06574394463668
nug12,2,PGD,180,0.09104323387145996,746.0,29.06574394463668
nug12,2,PGD,200,0.1011495590209961,746.0,29.06574394463668
nug12,2,PGD,220,0.11110353469848633,746.0,29.06574394463668
nug12,2,PGD,240,0.1210179328918457,746.0,29.06574394463668
nug12,2,PGD,260,0.13080644607543945,746.0,29.06574394463668
nug12,2,PGD,280,0.14057135581970215,746.0,29.06574394463668
nug12,2,PGD,300,0.15038132667541504,746.0,29.06574394463668
nug12,2,PGD,320,0.16012859344482422,746.0,29.06574394463668
nug12,2,PGD,340,0.16994285583496094,746.0,29.06574394463668
nug12,2,PGD,360,0.1797480583190918,746.0,29.06574394463668
nug12,2,PGD,380,0.18950557708740234,746.0,29.06574394463668
nug12,2,PGD,400,0.1993110179901123,746.0,29.06574394463668
nug12,2,PGD,420,0.2090613842010498,746.0,29.06574394463668
nug12,2,PGD,440,0.2188713550567627,746.0,29.06574394463668
nug12,2,PGD,460,0.22867083549499512,746.0,29.06574394463668
nug12,2,PGD,480,0.23841595649719238,746.0,29.06574394463668
nug12,2,PGD,500,0.24821233749389648,746.0,29.06574394463668
nug12,2,PGD,520,0.2579631805419922,746.0,29.06574394463668
nug12,2,PGD,540,0.2677607536315918,746.0,29.06574394463668
nug12,2,PGD,560,0.27750229835510254,746.0,29.06574394463668
nug12,2,PGD,580,0.2873098850250244,746.0,29.06574394463668
nug12,2,PGD,600,0.2971153259277344,746.0,29.06574394463668
nug12,2,PGD,620,0.3068985939025879,746.0,29.06574394463668
nug12,2,PGD,640,0.3167126178741455,746.0,29.06574394463668
nug12,2,PGD,660,0.32646727561950684,746.0,29.06574394463668
nug12,2,PGD,680,0.33626365661621094,746.0,29.06574394463668
nug12,2,PGD,700,0.3461124897003174,746.0,29.06574394463668
nug12,2,PGD,720,0.35593652725219727,746.0,29.06574394463668
nug12,2,PGD,740,0.3657867908477783,746.0,29.06574394463668
nug12,2,PGD,760,0.3755936622619629,746.0,29.06574394463668
nug12,2,PGD,780,0.38614344596862793,746.0,29.06574394463668
nug12,2,PGD,800,0.39615392684936523,746.0,29.06574394463668
nug12,2,PGD,820,0.40610814094543457,746.0,29.06574394463668
nug12,2,PGD,840,0.4160740375518799,746.0,29.06574394463668
nug12,2,PGD,860,0.42586660385131836,746.0,29.06574394463668
nug12,2,PGD,880,0.43569374084472656,746.0,29.06574394463668
nug12,2,PGD,900,0.44553089141845703,746.0,29.06574394463668
nug12,2,PGD,920,0.4553225040435791,746.0,29.06574394463668
nug12,2,PGD,940,0.465160608291626,746.0,29.06574394463668
nug12,2,PGD,960,0.4749424457550049,746.0,29.06574394463668
nug12,2,PGD,980,0.48475193977355957,746.0,29.06574394463668
nug12,2,PGD,1000,0.494534969329834,746.0,29.06574394463668
nug12,2,SK,1,0.020122766494750977,816.0,41.17647058823529
nug12,2,SK,20,0.23745274543762207,742.0,28.373702422145332
nug12,2,SK,40,0.45924878120422363,694.0,20.069204152249135
nug12,2,SK,60,0.6747426986694336,682.0,17.99307958477509
nug12,2,SK,80,0.8955445289611816,688.0,19.031141868512112
nug12,2,SK,100,1.1110193729400635,688.0,19.031141868512112
nug12,2,SK,120,1.3303236961364746,626.0,8.304498269896193
nug12,2,SK,140,1.5477049350738525,626.0,8.304498269896193
nug12,2,SK,160,1.767392873764038,626.0,8.304498269896193
nug12,2,SK,180,1.9843206405639648,594.0,2.768166089965398
nug12,2,SK,200,2.2095515727996826,594.0,2.768166089965398
nug12,2,SK,220,2.4327192306518555,586.0,1.384083044982699
nug12,2,SK,240,2.6512670516967773,586.0,1.384083044982699
nug12,2,SK,260,2.8764071464538574,586.0,1.384083044982699
nug12,2,SK,280,3.0965726375579834,586.0,1.384083044982699
nug12,2,SK,300,3.31134033203125,586.0,1.384083044982699
nug12,2,SK,320,3.530630111694336,586.0,1.384083044982699
nug12,2,SK,340,3.745666742324829,586.0,1.384083044982699
nug12,2,SK,360,3.97170090675354,586.0,1.384083044982699
nug12,2,SK,380,4.18803596496582,586.0,1.384083044982699
nug12,2,SK,400,4.405287265777588,586.0,1.384083044982699
nug12,2,SK,420,4.6259825229644775,586.0,1.384083044982699
nug12,2,SK,440,4.8435680866241455,586.0,1.384083044982699
nug12,2,SK,460,5.06077241897583,586.0,1.384083044982699
nug12,2,SK,480,5.276452541351318,586.0,1.384083044982699
nug12,2,SK,500,5.496351718902588,586.0,1.384083044982699
nug12,2,SK,520,5.711444139480591,586.0,1.384083044982699
nug12,2,SK,540,5.930152893066406,586.0,1.384083044982699
nug12,2,SK,560,6.148890018463135,586.0,1.384083044982699
nug12,2,SK,580,6.3730149269104,586.0,1.384083044982699
nug12,2,SK,600,6.588215112686157,586.0,1.384083044982699
nug12,2,SK,620,6.809146881103516,586.0,1.384083044982699
nug12,2,SK,640,7.025343894958496,586.0,1.384083044982699
nug12,2,SK,660,7.2438342571258545,586.0,1.384083044982699
nug12,2,SK,680,7.478316068649292,586.0,1.384083044982699
nug12,2,SK,700,7.70124626159668,586.0,1.384083044982699
nug12,2,SK,720,7.917279243469238,586.0,1.384083044982699
nug12,2,SK,740,8.138826370239258,586.0,1.384083044982699
nug12,2,SK,760,8.357703924179077,586.0,1.384083044982699
nug12,2,SK,780,8.577205181121826,586.0,1.384083044982699
nug12,2,SK,800,8.792353630065918,586.0,1.384083044982699
nug12,2,SK,820,9.0118989944458,586.0,1.384083044982699
nug12,2,SK,840,9.230227947235107,586.0,1.384083044982699
nug12,2,SK,860,9.453456163406372,586.0,1.384083044982699
nug12,2,SK,880,9.670286178588867,586.0,1.384083044982699
nug12,2,SK,900,9.890954971313477,586.0,1.384083044982699
nug12,2,SK,920,10.110215663909912,586.0,1.384083044982699
nug12,2,SK,940,10.330783367156982,586.0,1.384083044982699
nug12,2,SK,960,10.546066045761108,586.0,1.384083044982699
nug12,2,SK,980,10.766459941864014,586.0,1.384083044982699
nug12,2,SK,1000,10.982686042785645,586.0,1.384083044982699
nug12,3,PGD,1,0.0009932518005371094,816.0,41.17647058823529
nug12,3,PGD,20,0.010932683944702148,782.0,35.294117647058826
nug12,3,PGD,40,0.02107691764831543,776.0,34.2560553633218
nug12,3,PGD,60,0.03145098686218262,746.0,29.06574394463668
nug12,3,PGD,80,0.04135727882385254,746.0,29.06574394463668
nug12,3,PGD,100,0.051201581954956055,746.0,29.06574394463668
nug12,3,PGD,120,0.06107616424560547,746.0,29.06574394463668
nug12,3,PGD,140,0.07087349891662598,746.0,29.06574394463668
nug12,3,PGD,160,0.08074259757995605,746.0,29.06574394463668
nug12,3,PGD,180,0.09057331085205078,746.0,29.06574394463668
nug12,3,PGD,200,0.10041093826293945,746.0,29.06574394463668
nug12,3,PGD,220,0.11025714874267578,746.0,29.06574394463668
nug12,3,PGD,240,0.12002682685852051,746.0,29.06574394463668
nug12,3,PGD,260,0.13066697120666504,746.0,29.06574394463668
nug12,3,PGD,280,0.1407918930053711,746.0,29.06574394463668
nug12,3,PGD,300,0.15083742141723633,746.0,29.06574394463668
nug12,3,PGD,320,0.16083431243896484,746.0,29.06574394463668
nug12,3,PGD,340,0.17058539390563965,746.0,29.06574394463668
nug12,3,PGD,360,0.1803736686706543,746.0,29.06574394463668
nug12,3,PGD,380,0.19016551971435547,746.0,29.06574394463668
nug12,3,PGD,400,0.19989991188049316,746.0,29.06574394463668
nug12,3,PGD,420,0.20968008041381836,746.0,29.06574394463668
nug12,3,PGD,440,0.21944046020507812,746.0,29.06574394463668
nug12,3,PGD,460,0.22922515869140625,746.0,29.06574394463668
nug12,3,PGD,480,0.23901820182800293,746.0,29.06574394463668
nug12,3,PGD,500,0.24879026412963867,746.0,29.06574394463668
nug12,3,PGD,520,0.2586236000061035,746.0,29.06574394463668
nug12,3,PGD,540,0.26842212677001953,746.0,29.06574394463668
nug12,3,PGD,560,0.27827000617980957,746.0,29.06574394463668
nug12,3,PGD,580,0.2880401611328125,746.0,29.06574394463668
nug12,3,PGD,600,0.29784083366394043,746.0,29.06574394463668
nug12,3,PGD,620,0.3076348304748535,746.0,29.06574394463668
nug12,3,PGD,640,0.3174264430999756,746.0,29.06574394463668
nug12,3,PGD,660,0.3272407054901123,746.0,29.06574394463668
nug12,3,PGD,680,0.3370180130004883,746.0,29.06574394463668
nug12,3,PGD,700,0.3468163013458252,746.0,29.06574394463668
nug12,3,PGD,720,0.35661911964416504,746.0,29.06574394463668
nug12,3,PGD,740,0.3663828372955322,746.0,29.06574394463668
nug12,3,PGD,760,0.376178503036499,746.0,29.06574394463668
nug12,3,PGD,780,0.38596153259277344,746.0,29.06574394463668
nug12,3,PGD,800,0.3958103656768799,746.0,29.06574394463668
nug12,3,PGD,820,0.4056358337402344,746.0,29.06574394463668
nug12,3,PGD,840,0.4154033660888672,746.0,29.06574394463668
nug12,3,PGD,860,0.4260597229003906,746.0,29.06574394463668
nug12,3,PGD,880,0.43599915504455566,746.0,29.06574394463668
nug12,3,PGD,900,0.4459991455078125,746.0,29.06574394463668
nug12,3,PGD,920,0.45598459243774414,746.0,29.06574394463668
nug12,3,PGD,940,0.46582531929016113,746.0,29.06574394463668
nug12,3,PGD,960,0.4756920337677002,746.0,29.06574394463668
nug12,3,PGD,980,0.48549890518188477,746.0,29.06574394463668
nug12,3,PGD,1000,0.4953620433807373,746.0,29.06574394463668
nug12,3,SK,1,0.013031959533691406,816.0,41.17647058823529
nug12,3,SK,20,0.22971487045288086,742.0,28.373702422145332
nug12,3,SK,40,0.451216459274292,694.0,20.069204152249135
nug12,3,SK,60,0.6668620109558105,682.0,17.99307958477509
nug12,3,SK,80,0.8950183391571045,688.0,19.031141868512112
nug12,3,SK,100,1.1133317947387695,688.0,19.031141868512112
nug12,3,SK,120,1.334453821182251,626.0,8.304498269896193
nug12,3,SK,140,1.5585098266601562,626.0,8.304498269896193
nug12,3,SK,160,1.7765562534332275,626.0,8.304498269896193
nug12,3,SK,180,1.9967007637023926,594.0,2.768166089965398
nug12,3,SK,200,2.216860055923462,594.0,2.768166089965398
nug12,3,SK,220,2.432590961456299,586.0,1.384083044982699
nug12,3,SK,240,2.650841474533081,586.0,1.384083044982699
nug12,3,SK,260,2.8690733909606934,586.0,1.384083044982699
nug12,3,SK,280,3.086437702178955,586.0,1.384083044982699
nug12,3,SK,300,3.3044824600219727,586.0,1.384083044982699
nug12,3,SK,320,3.5223405361175537,586.0,1.384083044982699
nug12,3,SK,340,3.74200701713562,586.0,1.384083044982699
nug12,3,SK,360,3.958594560623169,586.0,1.384083044982699
nug12,3,SK,380,4.184769153594971,586.0,1.384083044982699
nug12,3,SK,400,4.404458522796631,586.0,1.384083044982699
nug12,3,SK,420,4.625660181045532,586.0,1.384083044982699
nug12,3,SK,440,4.841187953948975,586.0,1.384083044982699
nug12,3,SK,460,5.0626373291015625,586.0,1.384083044982699
nug12,3,SK,480,5.278762578964233,586.0,1.384083044982699
nug12,3,SK,500,5.506048679351807,586.0,1.384083044982699
nug12,3,SK,520,5.735342979431152,586.0,1.384083044982699
nug12,3,SK,540,5.954850435256958,586.0,1.384083044982699
nug12,3,SK,560,6.170872211456299,586.0,1.384083044982699
nug12,3,SK,580,6.390750408172607,586.0,1.384083044982699
nug12,3,SK,600,6.608243942260742,586.0,1.384083044982699
nug12,3,SK,620,6.826422214508057,586.0,1.384083044982699
nug12,3,SK,640,7.041804313659668,586.0,1.384083044982699
nug12,3,SK,660,7.264219045639038,586.0,1.384083044982699
nug12,3,SK,680,7.4790990352630615,586.0,1.384083044982699
nug12,3,SK,700,7.698544025421143,586.0,1.384083044982699
nug12,3,SK,720,7.91654634475708,586.0,1.384083044982699
nug12,3,SK,740,8.138375520706177,586.0,1.384083044982699
nug12,3,SK,760,8.361317873001099,586.0,1.384083044982699
nug12,3,SK,780,8.579554557800293,586.0,1.384083044982699
nug12,3,SK,800,8.801035165786743,586.0,1.384083044982699
nug12,3,SK,820,9.020212888717651,586.0,1.384083044982699
nug12,3,SK,840,9.236676216125488,586.0,1.384083044982699
nug12,3,SK,860,9.45511269569397,586.0,1.384083044982699
nug12,3,SK,880,9.672276496887207,586.0,1.384083044982699
nug12,3,SK,900,9.896838903427124,586.0,1.384083044982699
nug12,3,SK,920,10.114558696746826,586.0,1.384083044982699
nug12,3,SK,940,10.332803010940552,586.0,1.384083044982699
nug12,3,SK,960,10.558874130249023,586.0,1.384083044982699
nug12,3,SK,980,10.77499008178711,586.0,1.384083044982699
nug12,3,SK,1000,10.994444847106934,586.0,1.384083044982699
nug12,4,PGD,1,0.0009911060333251953,816.0,41.17647058823529
nug12,4,PGD,20,0.010904073715209961,782.0,35.294117647058826
nug12,4,PGD,40,0.021420001983642578,776.0,34.2560553633218
nug12,4,PGD,60,0.031384944915771484,746.0,29.06574394463668
nug12,4,PGD,80,0.04124140739440918,746.0,29.06574394463668
nug12,4,PGD,100,0.051048994064331055,746.0,29.06574394463668
nug12,4,PGD,120,0.06085038185119629,746.0,29.06574394463668
nug12,4,PGD,140,0.07072067260742188,746.0,29.06574394463668
nug12,4,PGD,160,0.08052182197570801,746.0,29.06574394463668
nug12,4,PGD,180,0.09034276008605957,746.0,29.06574394463668
nug12,4,PGD,200,0.10013794898986816,746.0,29.06574394463668
nug12,4,PGD,220,0.10993647575378418,746.0,29.06574394463668
nug12,4,PGD,240,0.11973142623901367,746.0,29.06574394463668
nug12,4,PGD,260,0.12949776649475098,746.0,29.06574394463668
nug12,4,PGD,280,0.13935279846191406,746.0,29.06574394463668
nug12,4,PGD,300,0.1491234302520752,746.0,29.06574394463668
nug12,4,PGD,320,0.15896034240722656,746.0,29.06574394463668
nug12,4,PGD,340,0.16887760162353516,746.0,29.06574394463668
nug12,4,PGD,360,0.17962121963500977,746.0,29.06574394463668
nug12,4,PGD,380,0.18969464302062988,746.0,29.06574394463668
nug12,4,PGD,400,0.19964027404785156,746.0,29.06574394463668
nug12,4,PGD,420,0.2096242904663086,746.0,29.06574394463668
nug12,4,PGD,440,0.21938848495483398,746.0,29.06574394463668
nug12,4,PGD,460,0.22912907600402832,746.0,29.06574394463668
nug12,4,PGD,480,0.23890352249145508,746.0,29.06574394463668
nug12,4,PGD,500,0.24866271018981934,746.0,29.06574394463668
nug12,4,PGD,520,0.258434534072876,746.0,29.06574394463668
nug12,4,PGD,540,0.26813411712646484,746.0,29.06574394463668
nug12,4,PGD,560,0.27796125411987305,746.0,29.06574394463668
nug12,4,PGD,580,0.28780579566955566,746.0,29.06574394463668
nug12,4,PGD,600,0.29753589630126953,746.0,29.06574394463668
nug12,4,PGD,620,0.3073155879974365,746.0,29.06574394463668
nug12,4,PGD,640,0.3170597553253174,746.0,29.06574394463668
nug12,4,PGD,660,0.3268311023712158,746.0,29.06574394463668
nug12,4,PGD,680,0.3366274833679199,746.0,29.06574394463668
nug12,4,PGD,700,0.3463785648345947,746.0,29.06574394463668
nug12,4,PGD,720,0.35617518424987793,746.0,29.06574394463668
nug12,4,PGD,740,0.3659396171569824,746.0,29.06574394463668
nug12,4,PGD,760,0.3757619857788086,746.0,29.06574394463668
nug12,4,PGD,780,0.3855297565460205,746.0,29.06574394463668
nug12,4,PGD,800,0.3953406810760498,746.0,29.06574394463668
nug12,4,PGD,820,0.405139684677124,746.0,29.06574394463668
nug12,4,PGD,840,0.414902925491333,746.0,29.06574394463668
nug12,4,PGD,860,0.4247708320617676,746.0,29.06574394463668
nug12,4,PGD,880,0.43459653854370117,746.0,29.06574394463668
nug12,4,PGD,900,0.4444923400878906,746.0,29.06574394463668
nug12,4,PGD,920,0.45432591438293457,746.0,29.06574394463668
nug12,4,PGD,940,0.4641380310058594,746.0,29.06574394463668
nug12,4,PGD,960,0.4747023582458496,746.0,29.06574394463668
nug12,4,PGD,980,0.48478126525878906,746.0,29.06574394463668
nug12,4,PGD,1000,0.49489426612854004,746.0,29.06574394463668
nug12,4,SK,1,0.013554573059082031,816.0,41.17647058823529
nug12,4,SK,20,0.22646403312683105,742.0,28.373702422145332
nug12,4,SK,40,0.44408631324768066,694.0,20.069204152249135
nug12,4,SK,60,0.6612412929534912,682.0,17.99307958477509
nug12,4,SK,80,0.8869650363922119,688.0,19.031141868512112
nug12,4,SK,100,1.1145482063293457,688.0,19.031141868512112
nug12,4,SK,120,1.3349223136901855,626.0,8.304498269896193
nug12,4,SK,140,1.5578811168670654,626.0,8.304498269896193
nug12,4,SK,160,1.7730295658111572,626.0,8.304498269896193
nug12,4,SK,180,1.9907300472259521,594.0,2.768166089965398
nug12,4,SK,200,2.2060484886169434,594.0,2.768166089965398
nug12,4,SK,220,2.4272398948669434,586.0,1.384083044982699
nug12,4,SK,240,2.641486883163452,586.0,1.384083044982699
nug12,4,SK,260,2.860405206680298,586.0,1.384083044982699
nug12,4,SK,280,3.079514503479004,586.0,1.384083044982699
nug12,4,SK,300,3.297899007797241,586.0,1.384083044982699
nug12,4,SK,320,3.5138983726501465,586.0,1.384083044982699
nug12,4,SK,340,3.7335946559906006,586.0,1.384083044982699
nug12,4,SK,360,3.951185464859009,586.0,1.384083044982699
nug12,4,SK,380,4.168902635574341,586.0,1.384083044982699
nug12,4,SK,400,4.383325815200806,586.0,1.384083044982699
nug12,4,SK,420,4.603824615478516,586.0,1.384083044982699
nug12,4,SK,440,4.825493335723877,586.0,1.384083044982699
nug12,4,SK,460,5.052562952041626,586.0,1.384083044982699
nug12,4,SK,480,5.2707133293151855,586.0,1.384083044982699
nug12,4,SK,500,5.489906311035156,586.0,1.384083044982699
nug12,4,SK,520,5.706387519836426,586.0,1.384083044982699
nug12,4,SK,540,5.9255759716033936,586.0,1.384083044982699
nug12,4,SK,560,6.1442553997039795,586.0,1.384083044982699
nug12,4,SK,580,6.363034248352051,586.0,1.384083044982699
nug12,4,SK,600,6.579011917114258,586.0,1.384083044982699
nug12,4,SK,620,6.801332950592041,586.0,1.384083044982699
nug12,4,SK,640,7.016878604888916,586.0,1.384083044982699
nug12,4,SK,660,7.2339887619018555,586.0,1.384083044982699
nug12,4,SK,680,7.449925184249878,586.0,1.384083044982699
nug12,4,SK,700,7.671144962310791,586.0,1.384083044982699
nug12,4,SK,720,7.887941598892212,586.0,1.384083044982699
nug12,4,SK,740,8.103175401687622,586.0,1.384083044982699
nug12,4,SK,760,8.324636220932007,586.0,1.384083044982699
nug12,4,SK,780,8.539892673492432,586.0,1.384083044982699
nug12,4,SK,800,8.76667046546936,586.0,1.384083044982699
nug12,4,SK,820,8.981441497802734,586.0,1.384083044982699
nug12,4,SK,840,9.201285600662231,586.0,1.384083044982699
nug12,4,SK,860,9.41715955734253,586.0,1.384083044982699
nug12,4,SK,880,9.63787055015564,586.0,1.384083044982699
nug12,4,SK,900,9.856701374053955,586.0,1.384083044982699
nug12,4,SK,920,10.075344324111938,586.0,1.384083044982699
nug12,4,SK,940,10.290010690689087,586.0,1.384083044982699
nug12,4,SK,960,10.508059024810791,586.0,1.384083044982699
nug12,4,SK,980,10.72775411605835,586.0,1.384083044982699
nug12,4,SK,1000,10.947460651397705,586.0,1.384083044982699
had12,0,PGD,1,0.0009851455688476562,1960.0,18.64406779661017
had12,0,PGD,20,0.010693788528442383,1960.0,18.64406779661017
had12,0,PGD,40,0.020801067352294922,1948.0,17.91767554479419
had12,0,PGD,60,0.030614852905273438,1948.0,17.91767554479419
had12,0,PGD,80,0.0404202938079834,1948.0,17.91767554479419
had12,0,PGD,100,0.05019640922546387,1948.0,17.91767554479419
had12,0,PGD,120,0.05994534492492676,1948.0,17.91767554479419
had12,0,PGD,140,0.06972813606262207,1948.0,17.91767554479419
had12,0,PGD,160,0.07948827743530273,1948.0,17.91767554479419
had12,0,PGD,180,0.08924150466918945,1948.0,17.91767554479419
had12,0,PGD,200,0.09899759292602539,1948.0,17.91767554479419
had12,0,PGD,220,0.1087503433227539,1948.0,17.91767554479419
had12,0,PGD,240,0.11849236488342285,1948.0,17.91767554479419
had12,0,PGD,260,0.12846922874450684,1948.0,17.91767554479419
had12,0,PGD,280,0.13827276229858398,1948.0,17.91767554479419
had12,0,PGD,300,0.14805364608764648,1948.0,17.91767554479419
had12,0,PGD,320,0.15782546997070312,1948.0,17.91767554479419
had12,0,PGD,340,0.16758370399475098,1948.0,17.91767554479419
had12,0,PGD,360,0.17736268043518066,1948.0,17.91767554479419
had12,0,PGD,380,0.18713784217834473,1948.0,17.91767554479419
had12,0,PGD,400,0.1969294548034668,1948.0,17.91767554479419
had12,0,PGD,420,0.20668601989746094,1948.0,17.91767554479419
had12,0,PGD,440,0.2172231674194336,1948.0,17.91767554479419
had12,0,PGD,460,0.2271873950958252,1948.0,17.91767554479419
had12,0,PGD,480,0.23714923858642578,1948.0,17.91767554479419
had12,0,PGD,500,0.24702095985412598,1948.0,17.91767554479419
had12,0,PGD,520,0.2567253112792969,1948.0,17.91767554479419
had12,0,PGD,540,0.2664368152618408,1948.0,17.91767554479419
had12,0,PGD,560,0.27614903450012207,1948.0,17.91767554479419
had12,0,PGD,580,0.2858421802520752,1948.0,17.91767554479419
had12,0,PGD,600,0.2955594062805176,1948.0,17.91767554479419
had12,0,PGD,620,0.3052682876586914,1948.0,17.91767554479419
had12,0,PGD,640,0.314988374710083,1948.0,17.91767554479419
had12,0,PGD,660,0.3247225284576416,1948.0,17.91767554479419
had12,0,PGD,680,0.3344154357910156,1948.0,17.91767554479419
had12,0,PGD,700,0.34412097930908203,1948.0,17.91767554479419
had12,0,PGD,720,0.3538222312927246,1948.0,17.91767554479419
had12,0,PGD,740,0.3635258674621582,1948.0,17.91767554479419
had12,0,PGD,760,0.3732261657714844,1948.0,17.91767554479419
had12,0,PGD,780,0.3829514980316162,1948.0,17.91767554479419
had12,0,PGD,800,0.39267849922180176,1948.0,17.91767554479419
had12,0,PGD,820,0.4024081230163574,1948.0,17.91767554479419
had12,0,PGD,840,0.41214752197265625,1948.0,17.91767554479419
had12,0,PGD,860,0.42189908027648926,1948.0,17.91767554479419
had12,0,PGD,880,0.43163156509399414,1948.0,17.91767554479419
had12,0,PGD,900,0.44138169288635254,1948.0,17.91767554479419
had12,0,PGD,920,0.451127290725708,1948.0,17.91767554479419
had12,0,PGD,940,0.46251678466796875,1948.0,17.91767554479419
had12,0,PGD,960,0.4723517894744873,1948.0,17.91767554479419
had12,0,PGD,980,0.4820852279663086,1948.0,17.91767554479419
had12,0,PGD,1000,0.4918031692504883,1948.0,17.91767554479419
had12,0,SK,1,0.019945859909057617,1960.0,18.64406779661017
had12,0,SK,20,0.23517441749572754,1778.0,7.627118644067797
had12,0,SK,40,0.4570775032043457,1724.0,4.358353510895883
had12,0,SK,60,0.6782581806182861,1740.0,5.326876513317192
had12,0,SK,80,0.8948116302490234,1740.0,5.326876513317192
had12,0,SK,100,1.1152682304382324,1706.0,3.2687651331719128
had12,0,SK,120,1.3328640460968018,1680.0,1.694915254237288
had12,0,SK,140,1.5522379875183105,1680.0,1.694915254237288
had12,0,SK,160,1.769057273864746,1666.0,0.847457627118644
had12,0,SK,180,1.9903221130371094,1666.0,0.847457627118644
had12,0,SK,200,2.2053744792938232,1662.0,0.6053268765133172
had12,0,SK,220,2.426426649093628,1662.0,0.6053268765133172
had12,0,SK,240,2.6475112438201904,1662.0,0.6053268765133172
had12,0,SK,260,2.8657774925231934,1678.0,1.573849878934625
had12,0,SK,280,3.089124917984009,1678.0,1.573849878934625
had12,0,SK,300,3.3081023693084717,1676.0,1.4527845036319613
had12,0,SK,320,3.5260283946990967,1676.0,1.4527845036319613
had12,0,SK,340,3.7446749210357666,1670.0,1.0895883777239708
had12,0,SK,360,3.959716558456421,1670.0,1.0895883777239708
had12,0,SK,380,4.180145978927612,1670.0,1.0895883777239708
had12,0,SK,400,4.3983659744262695,1670.0,1.0895883777239708
had12,0,SK,420,4.6169188022613525,1670.0,1.0895883777239708
had12,0,SK,440,4.8331522941589355,1670.0,1.0895883777239708
had12,0,SK,460,5.053863048553467,1688.0,2.1791767554479415
had12,0,SK,480,5.270771741867065,1688.0,2.1791767554479415
had12,0,SK,500,5.488745927810669,1688.0,2.1791767554479415
had12,0,SK,520,5.707926511764526,1688.0,2.1791767554479415
had12,0,SK,540,5.925851821899414,1688.0,2.1791767554479415
had12,0,SK,560,6.142908811569214,1688.0,2.1791767554479415
had12,0,SK,580,6.36087441444397,1688.0,2.1791767554479415
had12,0,SK,600,6.580541610717773,1688.0,2.1791767554479415
had12,0,SK,620,6.795995712280273,1688.0,2.1791767554479415
had12,0,SK,640,7.013926267623901,1688.0,2.1791767554479415
had12,0,SK,660,7.232057809829712,1688.0,2.1791767554479415
had12,0,SK,680,7.451911449432373,1688.0,2.1791767554479415
had12,0,SK,700,7.667182922363281,1688.0,2.1791767554479415
had12,0,SK,720,7.888927221298218,1688.0,2.1791767554479415
had12,0,SK,740,8.105520963668823,1688.0,2.1791767554479415
had12,0,SK,760,8.32486367225647,1688.0,2.1791767554479415
had12,0,SK,780,8.54096794128418,1688.0,2.1791767554479415
had12,0,SK,800,8.768661737442017,1688.0,2.1791767554479415
had12,0,SK,820,8.983618974685669,1688.0,2.1791767554479415
had12,0,SK,840,9.202420234680176,1688.0,2.1791767554479415
had12,0,SK,860,9.426395893096924,1688.0,2.1791767554479415
had12,0,SK,880,9.647618532180786,1678.0,1.573849878934625
had12,0,SK,900,9.86298942565918,1678.0,1.573849878934625
had12,0,SK,920,10.081453561782837,1678.0,1.573849878934625
had12,0,SK,940,10.299856901168823,1678.0,1.573849878934625
had12,0,SK,960,10.518470764160156,1678.0,1.573849878934625
had12,0,SK,980,10.733977317810059,1678.0,1.573849878934625
had12,0,SK,1000,10.956807136535645,1678.0,1.573849878934625
had12,1,PGD,1,0.0009937286376953125,1960.0,18.64406779661017
had12,1,PGD,20,0.0107574462890625,1960.0,18.64406779661017
had12,1,PGD,40,0.020845890045166016,1948.0,17.91767554479419
had12,1,PGD,60,0.03065776824951172,1948.0,17.91767554479419
had12,1,PGD,80,0.040476322174072266,1948.0,17.91767554479419
had12,1,PGD,100,0.05025887489318848,1948.0,17.91767554479419
had12,1,PGD,120,0.06004476547241211,1948.0,17.91767554479419
had12,1,PGD,140,0.06985235214233398,1948.0,17.91767554479419
had12,1,PGD,160,0.07965898513793945,1948.0,17.91767554479419
had12,1,PGD,180,0.08944129943847656,1948.0,17.91767554479419
had12,1,PGD,200,0.09921693801879883,1948.0,17.91767554479419
had12,1,PGD,220,0.10903811454772949,1948.0,17.91767554479419
had12,1,PGD,240,0.1188054084777832,1948.0,17.91767554479419
had12,1,PGD,260,0.1286146640777588,1948.0,17.91767554479419
had12,1,PGD,280,0.13838696479797363,1948.0,17.91767554479419
had12,1,PGD,300,0.14813470840454102,1948.0,17.91767554479419
had12,1,PGD,320,0.1579151153564453,1948.0,17.91767554479419
had12,1,PGD,340,0.16766667366027832,1948.0,17.91767554479419
had12,1,PGD,360,0.17745661735534668,1948.0,17.91767554479419
had12,1,PGD,380,0.1871654987335205,1948.0,17.91767554479419
had12,1,PGD,400,0.19708967208862305,1948.0,17.91767554479419
had12,1,PGD,420,0.2069401741027832,1948.0,17.91767554479419
had12,1,PGD,440,0.21669507026672363,1948.0,17.91767554479419
had12,1,PGD,460,0.22647666931152344,1948.0,17.91767554479419
had12,1,PGD,480,0.2361924648284912,1948.0,17.91767554479419
had12,1,PGD,500,0.24599289894104004,1948.0,17.91767554479419
had12,1,PGD,520,0.2557826042175293,1948.0,17.91767554479419
had12,1,PGD,540,0.2664461135864258,1948.0,17.91767554479419
had12,1,PGD,560,0.27655744552612305,1948.0,17.91767554479419
had12,1,PGD,580,0.28650522232055664,1948.0,17.91767554479419
had12,1,PGD,600,0.29629015922546387,1948.0,17.91767554479419
had12,1,PGD,620,0.3060476779937744,1948.0,17.91767554479419
had12,1,PGD,640,0.31578946113586426,1948.0,17.91767554479419
had12,1,PGD,660,0.3255462646484375,1948.0,17.91767554479419
had12,1,PGD,680,0.33527064323425293,1948.0,17.91767554479419
had12,1,PGD,700,0.34502720832824707,1948.0,17.91767554479419
had12,1,PGD,720,0.3547999858856201,1948.0,17.91767554479419
had12,1,PGD,740,0.3645462989807129,1948.0,17.91767554479419
had12,1,PGD,760,0.3744051456451416,1948.0,17.91767554479419
had12,1,PGD,780,0.38411879539489746,1948.0,17.91767554479419
had12,1,PGD,800,0.393887996673584,1948.0,17.91767554479419
had12,1,PGD,820,0.40363359451293945,1948.0,17.91767554479419
had12,1,PGD,840,0.4150815010070801,1948.0,17.91767554479419
had12,1,PGD,860,0.4249601364135742,1948.0,17.91767554479419
had12,1,PGD,880,0.43471217155456543,1948.0,17.91767554479419
had12,1,PGD,900,0.4444923400878906,1948.0,17.91767554479419
had12,1,PGD,920,0.45428919792175293,1948.0,17.91767554479419
had12,1,PGD,940,0.46402597427368164,1948.0,17.91767554479419
had12,1,PGD,960,0.4737889766693115,1948.0,17.91767554479419
had12,1,PGD,980,0.4835512638092041,1948.0,17.91767554479419
had12,1,PGD,1000,0.49332141876220703,1948.0,17.91767554479419
had12,1,SK,1,0.013381719589233398,1960.0,18.64406779661017
had12,1,SK,20,0.22860479354858398,1778.0,7.627118644067797
had12,1,SK,40,0.44536709785461426,1724.0,4.358353510895883
had12,1,SK,60,0.6652452945709229,1740.0,5.326876513317192
had12,1,SK,80,0.8871481418609619,1740.0,5.326876513317192
had12,1,SK,100,1.107717514038086,1706.0,3.2687651331719128
had12,1,SK,120,1.3234927654266357,1680.0,1.694915254237288
had12,1,SK,140,1.5481572151184082,1680.0,1.694915254237288
had12,1,SK,160,1.775376319885254,1666.0,0.847457627118644
had12,1,SK,180,2.0067834854125977,1666.0,0.847457627118644
had12,1,SK,200,2.224126100540161,1662.0,0.6053268765133172
had12,1,SK,220,2.443674325942993,1662.0,0.6053268765133172
had12,1,SK,240,2.661604881286621,1662.0,0.6053268765133172
had12,1,SK,260,2.879598379135132,1678.0,1.573849878934625
had12,1,SK,280,3.0983939170837402,1678.0,1.573849878934625
had12,1,SK,300,3.326610565185547,1676.0,1.4527845036319613
had12,1,SK,320,3.551119327545166,1676.0,1.4527845036319613
had12,1,SK,340,3.7708535194396973,1670.0,1.0895883777239708
had12,1,SK,360,3.9888696670532227,1670.0,1.0895883777239708
had12,1,SK,380,4.204770565032959,1670.0,1.0895883777239708
had12,1,SK,400,4.42288613319397,1670.0,1.0895883777239708
had12,1,SK,420,4.640493869781494,1670.0,1.0895883777239708
had12,1,SK,440,4.861314535140991,1670.0,1.0895883777239708
had12,1,SK,460,5.076792001724243,1688.0,2.1791767554479415
had12,1,SK,480,5.299002170562744,1688.0,2.1791767554479415
had12,1,SK,500,5.516816139221191,1688.0,2.1791767554479415
had12,1,SK,520,5.735236883163452,1688.0,2.1791767554479415
had12,1,SK,540,5.952606678009033,1688.0,2.1791767554479415
had12,1,SK,560,6.173508644104004,1688.0,2.1791767554479415
had12,1,SK,580,6.388356685638428,1688.0,2.1791767554479415
had12,1,SK,600,6.607371807098389,1688.0,2.1791767554479415
had12,1,SK,620,6.827668190002441,1688.0,2.1791767554479415
had12,1,SK,640,7.048056602478027,1688.0,2.1791767554479415
had12,1,SK,660,7.2635276317596436,1688.0,2.1791767554479415
had12,1,SK,680,7.4830827713012695,1688.0,2.1791767554479415
had12,1,SK,700,7.702151298522949,1688.0,2.1791767554479415
had12,1,SK,720,7.920369863510132,1688.0,2.1791767554479415
had12,1,SK,740,8.136781930923462,1688.0,2.1791767554479415
had12,1,SK,760,8.357946872711182,1688.0,2.1791767554479415
had12,1,SK,780,8.582712650299072,1688.0,2.1791767554479415
had12,1,SK,800,8.802347898483276,1688.0,2.1791767554479415
had12,1,SK,820,9.020809412002563,1688.0,2.1791767554479415
had12,1,SK,840,9.241498708724976,1688.0,2.1791767554479415
had12,1,SK,860,9.457675218582153,1688.0,2.1791767554479415
had12,1,SK,880,9.675628423690796,1678.0,1.573849878934625
had12,1,SK,900,9.894876718521118,1678.0,1.573849878934625
had12,1,SK,920,10.113648414611816,1678.0,1.573849878934625
had12,1,SK,940,10.33045482635498,1678.0,1.573849878934625
had12,1,SK,960,10.549209117889404,1678.0,1.573849878934625
had12,1,SK,980,10.767422199249268,1678.0,1.573849878934625
had12,1,SK,1000,10.98315715789795,1678.0,1.573849878934625
had12,2,PGD,1,0.0009591579437255859,1960.0,18.64406779661017
had12,2,PGD,20,0.011378049850463867,1960.0,18.64406779661017
had12,2,PGD,40,0.023358583450317383,1948.0,17.91767554479419
had12,2,PGD,60,0.033798933029174805,1948.0,17.91767554479419
had12,2,PGD,80,0.043889760971069336,1948.0,17.91767554479419
had12,2,PGD,100,0.053793907165527344,1948.0,17.91767554479419
had12,2,PGD,120,0.06361889839172363,1948.0,17.91767554479419
had12,2,PGD,140,0.07347583770751953,1948.0,17.91767554479419
had12,2,PGD,160,0.08330917358398438,1948.0,17.91767554479419
had12,2,PGD,180,0.09312701225280762,1948.0,17.91767554479419
had12,2,PGD,200,0.10296034812927246,1948.0,17.91767554479419
had12,2,PGD,220,0.1127164363861084,1948.0,17.91767554479419
had12,2,PGD,240,0.12271451950073242,1948.0,17.91767554479419
had12,2,PGD,260,0.13255929946899414,1948.0,17.91767554479419
had12,2,PGD,280,0.1423337459564209,1948.0,17.91767554479419
had12,2,PGD,300,0.15214133262634277,1948.0,17.91767554479419
had12,2,PGD,320,0.16190290451049805,1948.0,17.91767554479419
had12,2,PGD,340,0.17169976234436035,1948.0,17.91767554479419
had12,2,PGD,360,0.18144941329956055,1948.0,17.91767554479419
had12,2,PGD,380,0.19126129150390625,1948.0,17.91767554479419
had12,2,PGD,400,0.20105409622192383,1948.0,17.91767554479419
had12,2,PGD,420,0.210798978805542,1948.0,17.91767554479419
had12,2,PGD,440,0.22059917449951172,1948.0,17.91767554479419
had12,2,PGD,460,0.23036837577819824,1948.0,17.91767554479419
had12,2,PGD,480,0.24014568328857422,1948.0,17.91767554479419
had12,2,PGD,500,0.24993658065795898,1948.0,17.91767554479419
had12,2,PGD,520,0.25968313217163086,1948.0,17.91767554479419
had12,2,PGD,540,0.26946115493774414,1948.0,17.91767554479419
had12,2,PGD,560,0.27921295166015625,1948.0,17.91767554479419
had12,2,PGD,580,0.28899192810058594,1948.0,17.91767554479419
had12,2,PGD,600,0.29875659942626953,1948.0,17.91767554479419
had12,2,PGD,620,0.3097085952758789,1948.0,17.91767554479419
had12,2,PGD,640,0.3196601867675781,1948.0,17.91767554479419
had12,2,PGD,660,0.32956981658935547,1948.0,17.91767554479419
had12,2,PGD,680,0.33946657180786133,1948.0,17.91767554479419
had12,2,PGD,700,0.3492417335510254,1948.0,17.91767554479419
had12,2,PGD,720,0.3589446544647217,1948.0,17.91767554479419
had12,2,PGD,740,0.3705265522003174,1948.0,17.91767554479419
had12,2,PGD,760,0.3803575038909912,1948.0,17.91767554479419
had12,2,PGD,780,0.3901665210723877,1948.0,17.91767554479419
had12,2,PGD,800,0.3999505043029785,1948.0,17.91767554479419
had12,2,PGD,820,0.4097023010253906,1948.0,17.91767554479419
had12,2,PGD,840,0.4194924831390381,1948.0,17.91767554479419
had12,2,PGD,860,0.429229736328125,1948.0,17.91767554479419
had12,2,PGD,880,0.4389948844909668,1948.0,17.91767554479419
had12,2,PGD,900,0.4486997127532959,1948.0,17.91767554479419
had12,2,PGD,920,0.4584665298461914,1948.0,17.91767554479419
had12,2,PGD,940,0.4682350158691406,1948.0,17.91767554479419
had12,2,PGD,960,0.4779844284057617,1948.0,17.91767554479419
had12,2,PGD,980,0.48774194717407227,1948.0,17.91767554479419
had12,2,PGD,1000,0.4974699020385742,1948.0,17.91767554479419
had12,2,SK,1,0.012752532958984375,1960.0,18.64406779661017
had12,2,SK,20,0.2605137825012207,1778.0,7.627118644067797
had12,2,SK,40,0.48433566093444824,1724.0,4.358353510895883
had12,2,SK,60,0.7051801681518555,1740.0,5.326876513317192
had12,2,SK,80,0.9231290817260742,1740.0,5.326876513317192
had12,2,SK,100,1.1435091495513916,1706.0,3.2687651331719128
had12,2,SK,120,1.3602328300476074,1680.0,1.694915254237288
had12,2,SK,140,1.5773816108703613,1680.0,1.694915254237288
had12,2,SK,160,1.7949039936065674,1666.0,0.847457627118644
had12,2,SK,180,2.022629976272583,1666.0,0.847457627118644
had12,2,SK,200,2.2399039268493652,1662.0,0.6053268765133172
had12,2,SK,220,2.4551846981048584,1662.0,0.6053268765133172
had12,2,SK,240,2.6770079135894775,1662.0,0.6053268765133172
had12,2,SK,260,2.8924059867858887,1678.0,1.573849878934625
had12,2,SK,280,3.1164286136627197,1678.0,1.573849878934625
had12,2,SK,300,3.335197925567627,1676.0,1.4527845036319613
had12,2,SK,320,3.5565056800842285,1676.0,1.4527845036319613
had12,2,SK,340,3.7725090980529785,1670.0,1.0895883777239708
had12,2,SK,360,3.991142749786377,1670.0,1.0895883777239708
had12,2,SK,380,4.208808183670044,1670.0,1.0895883777239708
had12,2,SK,400,4.43302321434021,1670.0,1.0895883777239708
had12,2,SK,420,4.64874005317688,1670.0,1.0895883777239708
had12,2,SK,440,4.871131420135498,1670.0,1.0895883777239708
had12,2,SK,460,5.0880656242370605,1688.0,2.1791767554479415
had12,2,SK,480,5.3075110912323,1688.0,2.1791767554479415
had12,2,SK,500,5.522305011749268,1688.0,2.1791767554479415
had12,2,SK,520,5.7438859939575195,1688.0,2.1791767554479415
had12,2,SK,540,5.958867073059082,1688.0,2.1791767554479415
had12,2,SK,560,6.1770875453948975,1688.0,2.1791767554479415
had12,2,SK,580,6.394449472427368,1688.0,2.1791767554479415
had12,2,SK,600,6.615760087966919,1688.0,2.1791767554479415
had12,2,SK,620,6.83236289024353,1688.0,2.1791767554479415
had12,2,SK,640,7.050499200820923,1688.0,2.1791767554479415
had12,2,SK,660,7.269127130508423,1688.0,2.1791767554479415
had12,2,SK,680,7.487316846847534,1688.0,2.1791767554479415
had12,2,SK,700,7.703099489212036,1688.0,2.1791767554479415
had12,2,SK,720,7.922447919845581,1688.0,2.1791767554479415
had12,2,SK,740,8.13883090019226,1688.0,2.1791767554479415
had12,2,SK,760,8.356260776519775,1688.0,2.1791767554479415
had12,2,SK,780,8.574984073638916,1688.0,2.1791767554479415
had12,2,SK,800,8.794356346130371,1688.0,2.1791767554479415
had12,2,SK,820,9.011454105377197,1688.0,2.1791767554479415
had12,2,SK,840,9.226961851119995,1688.0,2.1791767554479415
had12,2,SK,860,9.457480907440186,1688.0,2.1791767554479415
had12,2,SK,880,9.673463582992554,1678.0,1.573849878934625
had12,2,SK,900,9.892246961593628,1678.0,1.573849878934625
had12,2,SK,920,10.10840916633606,1678.0,1.573849878934625
had12,2,SK,940,10.328599452972412,1678.0,1.573849878934625
had12,2,SK,960,10.543555974960327,1678.0,1.573849878934625
had12,2,SK,980,10.76407265663147,1678.0,1.573849878934625
had12,2,SK,1000,10.982415676116943,1678.0,1.573849878934625
had12,3,PGD,1,0.0009639263153076172,1960.0,18.64406779661017
had12,3,PGD,20,0.010704994201660156,1960.0,18.64406779661017
had12,3,PGD,40,0.02078390121459961,1948.0,17.91767554479419
had12,3,PGD,60,0.030677080154418945,1948.0,17.91767554479419
had12,3,PGD,80,0.04049491882324219,1948.0,17.91767554479419
had12,3,PGD,100,0.051111698150634766,1948.0,17.91767554479419
had12,3,PGD,120,0.061141252517700195,1948.0,17.91767554479419
had12,3,PGD,140,0.07115387916564941,1948.0,17.91767554479419
had12,3,PGD,160,0.08117461204528809,1948.0,17.91767554479419
had12,3,PGD,180,0.09094810485839844,1948.0,17.91767554479419
had12,3,PGD,200,0.1007082462310791,1948.0,17.91767554479419
had12,3,PGD,220,0.11048364639282227,1948.0,17.91767554479419
had12,3,PGD,240,0.12022018432617188,1948.0,17.91767554479419
had12,3,PGD,260,0.1300187110900879,1948.0,17.91767554479419
had12,3,PGD,280,0.13979673385620117,1948.0,17.91767554479419
had12,3,PGD,300,0.14957928657531738,1948.0,17.91767554479419
had12,3,PGD,320,0.15935420989990234,1948.0,17.91767554479419
had12,3,PGD,340,0.16910505294799805,1948.0,17.91767554479419
had12,3,PGD,360,0.17888212203979492,1948.0,17.91767554479419
had12,3,PGD,380,0.18860673904418945,1948.0,17.91767554479419
had12,3,PGD,400,0.19842195510864258,1948.0,17.91767554479419
had12,3,PGD,420,0.20820331573486328,1948.0,17.91767554479419
had12,3,PGD,440,0.21794843673706055,1948.0,17.91767554479419
had12,3,PGD,460,0.22772574424743652,1948.0,17.91767554479419
had12,3,PGD,480,0.23749136924743652,1948.0,17.91767554479419
had12,3,PGD,500,0.24725842475891113,1948.0,17.91767554479419
had12,3,PGD,520,0.2570188045501709,1948.0,17.91767554479419
had12,3,PGD,540,0.2667722702026367,1948.0,17.91767554479419
had12,3,PGD,560,0.2765541076660156,1948.0,17.91767554479419
had12,3,PGD,580,0.2862823009490967,1948.0,17.91767554479419
had12,3,PGD,600,0.2960939407348633,1948.0,17.91767554479419
had12,3,PGD,620,0.3058474063873291,1948.0,17.91767554479419
had12,3,PGD,640,0.31693148612976074,1948.0,17.91767554479419
had12,3,PGD,660,0.32679104804992676,1948.0,17.91767554479419
had12,3,PGD,680,0.33657169342041016,1948.0,17.91767554479419
had12,3,PGD,700,0.3468043804168701,1948.0,17.91767554479419
had12,3,PGD,720,0.35674023628234863,1948.0,17.91767554479419
had12,3,PGD,740,0.36669230461120605,1948.0,17.91767554479419
had12,3,PGD,760,0.3767077922821045,1948.0,17.91767554479419
had12,3,PGD,780,0.38651394844055176,1948.0,17.91767554479419
had12,3,PGD,800,0.39636754989624023,1948.0,17.91767554479419
had12,3,PGD,820,0.4061727523803711,1948.0,17.91767554479419
had12,3,PGD,840,0.41600942611694336,1948.0,17.91767554479419
had12,3,PGD,860,0.425830602645874,1948.0,17.91767554479419
had12,3,PGD,880,0.4355936050415039,1948.0,17.91767554479419
had12,3,PGD,900,0.4454352855682373,1948.0,17.91767554479419
had12,3,PGD,920,0.455202579498291,1948.0,17.91767554479419
had12,3,PGD,940,0.4649925231933594,1948.0,17.91767554479419
had12,3,PGD,960,0.4748079776763916,1948.0,17.91767554479419
had12,3,PGD,980,0.4845609664916992,1948.0,17.91767554479419
had12,3,PGD,1000,0.4943654537200928,1948.0,17.91767554479419
had12,3,SK,1,0.01411747932434082,1960.0,18.64406779661017
had12,3,SK,20,0.2282545566558838,1778.0,7.627118644067797
had12,3,SK,40,0.4492063522338867,1724.0,4.358353510895883
had12,3,SK,60,0.6691253185272217,1740.0,5.326876513317192
had12,3,SK,80,0.8888547420501709,1740.0,5.326876513317192
had12,3,SK,100,1.1039283275604248,1706.0,3.2687651331719128
had12,3,SK,120,1.3243565559387207,1680.0,1.694915254237288
had12,3,SK,140,1.5431153774261475,1680.0,1.694915254237288
had12,3,SK,160,1.7658283710479736,1666.0,0.847457627118644
had12,3,SK,180,1.982743740081787,1666.0,0.847457627118644
had12,3,SK,200,2.2068164348602295,1662.0,0.6053268765133172
had12,3,SK,220,2.4215128421783447,1662.0,0.6053268765133172
had12,3,SK,240,2.6438491344451904,1662.0,0.6053268765133172
had12,3,SK,260,2.8586692810058594,1678.0,1.573849878934625
had12,3,SK,280,3.083191394805908,1678.0,1.573849878934625
had12,3,SK,300,3.2979156970977783,1676.0,1.4527845036319613
had12,3,SK,320,3.516613006591797,1676.0,1.4527845036319613
had12,3,SK,340,3.7336511611938477,1670.0,1.0895883777239708
had12,3,SK,360,3.9525513648986816,1670.0,1.0895883777239708
had12,3,SK,380,4.168144702911377,1670.0,1.0895883777239708
had12,3,SK,400,4.3884642124176025,1670.0,1.0895883777239708
had12,3,SK,420,4.608468532562256,1670.0,1.0895883777239708
had12,3,SK,440,4.8268702030181885,1670.0,1.0895883777239708
had12,3,SK,460,5.042752742767334,1688.0,2.1791767554479415
had12,3,SK,480,5.2650463581085205,1688.0,2.1791767554479415
had12,3,SK,500,5.4903953075408936,1688.0,2.1791767554479415
had12,3,SK,520,5.707821369171143,1688.0,2.1791767554479415
had12,3,SK,540,5.926936626434326,1688.0,2.1791767554479415
had12,3,SK,560,6.147274494171143,1688.0,2.1791767554479415
had12,3,SK,580,6.3630664348602295,1688.0,2.1791767554479415
had12,3,SK,600,6.581307411193848,1688.0,2.1791767554479415
had12,3,SK,620,6.804297924041748,1688.0,2.1791767554479415
had12,3,SK,640,7.020051956176758,1688.0,2.1791767554479415
had12,3,SK,660,7.240178823471069,1688.0,2.1791767554479415
had12,3,SK,680,7.457165479660034,1688.0,2.1791767554479415
had12,3,SK,700,7.676642894744873,1688.0,2.1791767554479415
had12,3,SK,720,7.893447399139404,1688.0,2.1791767554479415
had12,3,SK,740,8.111999750137329,1688.0,2.1791767554479415
had12,3,SK,760,8.33840012550354,1688.0,2.1791767554479415
had12,3,SK,780,8.557753562927246,1688.0,2.1791767554479415
had12,3,SK,800,8.773157596588135,1688.0,2.1791767554479415
had12,3,SK,820,9.003071308135986,1688.0,2.1791767554479415
had12,3,SK,840,9.218581199645996,1688.0,2.1791767554479415
had12,3,SK,860,9.438225746154785,1688.0,2.1791767554479415
had12,3,SK,880,9.65318489074707,1678.0,1.573849878934625
had12,3,SK,900,9.873424053192139,1678.0,1.573849878934625
had12,3,SK,920,10.090361595153809,1678.0,1.573849878934625
had12,3,SK,940,10.312377452850342,1678.0,1.573849878934625
had12,3,SK,960,10.529459476470947,1678.0,1.573849878934625
had12,3,SK,980,10.749104261398315,1678.0,1.573849878934625
had12,3,SK,1000,10.97005295753479,1678.0,1.573849878934625
had12,4,PGD,1,0.0009915828704833984,1960.0,18.64406779661017
had12,4,PGD,20,0.010693550109863281,1960.0,18.64406779661017
had12,4,PGD,40,0.020765066146850586,1948.0,17.91767554479419
had12,4,PGD,60,0.030602693557739258,1948.0,17.91767554479419
had12,4,PGD,80,0.04038691520690918,1948.0,17.91767554479419
had12,4,PGD,100,0.0501704216003418,1948.0,17.91767554479419
had12,4,PGD,120,0.0599360466003418,1948.0,17.91767554479419
had12,4,PGD,140,0.06970334053039551,1948.0,17.91767554479419
had12,4,PGD,160,0.07947039604187012,1948.0,17.91767554479419
had12,4,PGD,180,0.08921623229980469,1948.0,17.91767554479419
had12,4,PGD,200,0.09993863105773926,1948.0,17.91767554479419
had12,4,PGD,220,0.10995721817016602,1948.0,17.91767554479419
had12,4,PGD,240,0.11988687515258789,1948.0,17.91767554479419
had12,4,PGD,260,0.12988972663879395,1948.0,17.91767554479419
had12,4,PGD,280,0.13964176177978516,1948.0,17.91767554479419
had12,4,PGD,300,0.14935827255249023,1948.0,17.91767554479419
had12,4,PGD,320,0.1591038703918457,1948.0,17.91767554479419
had12,4,PGD,340,0.16884374618530273,1948.0,17.91767554479419
had12,4,PGD,360,0.17859649658203125,1948.0,17.91767554479419
had12,4,PGD,380,0.18837404251098633,1948.0,17.91767554479419
had12,4,PGD,400,0.19820547103881836,1948.0,17.91767554479419
had12,4,PGD,420,0.20799589157104492,1948.0,17.91767554479419
had12,4,PGD,440,0.21776604652404785,1948.0,17.91767554479419
had12,4,PGD,460,0.22752809524536133,1948.0,17.91767554479419
had12,4,PGD,480,0.2372760772705078,1948.0,17.91767554479419
had12,4,PGD,500,0.24701666831970215,1948.0,17.91767554479419
had12,4,PGD,520,0.2567582130432129,1948.0,17.91767554479419
had12,4,PGD,540,0.2680649757385254,1948.0,17.91767554479419
had12,4,PGD,560,0.2779219150543213,1948.0,17.91767554479419
had12,4,PGD,580,0.28768301010131836,1948.0,17.91767554479419
had12,4,PGD,600,0.2973978519439697,1948.0,17.91767554479419
had12,4,PGD,620,0.3071413040161133,1948.0,17.91767554479419
had12,4,PGD,640,0.3168652057647705,1948.0,17.91767554479419
had12,4,PGD,660,0.32660651206970215,1948.0,17.91767554479419
had12,4,PGD,680,0.3363528251647949,1948.0,17.91767554479419
had12,4,PGD,700,0.34607696533203125,1948.0,17.91767554479419
had12,4,PGD,720,0.3558008670806885,1948.0,17.91767554479419
had12,4,PGD,740,0.36551618576049805,1948.0,17.91767554479419
had12,4,PGD,760,0.3752427101135254,1948.0,17.91767554479419
had12,4,PGD,780,0.3849465847015381,1948.0,17.91767554479419
had12,4,PGD,800,0.39591026306152344,1948.0,17.91767554479419
had12,4,PGD,820,0.4058094024658203,1948.0,17.91767554479419
had12,4,PGD,840,0.41576051712036133,1948.0,17.91767554479419
had12,4,PGD,860,0.4255824089050293,1948.0,17.91767554479419
had12,4,PGD,880,0.4353501796722412,1948.0,17.91767554479419
had12,4,PGD,900,0.4451026916503906,1948.0,17.91767554479419
had12,4,PGD,920,0.4548757076263428,1948.0,17.91767554479419
had12,4,PGD,940,0.4646482467651367,1948.0,17.91767554479419
had12,4,PGD,960,0.47440266609191895,1948.0,17.91767554479419
had12,4,PGD,980,0.4841651916503906,1948.0,17.91767554479419
had12,4,PGD,1000,0.49394655227661133,1948.0,17.91767554479419
had12,4,SK,1,0.015496015548706055,1960.0,18.64406779661017
had12,4,SK,20,0.24264264106750488,1778.0,7.627118644067797
had12,4,SK,40,0.46730589866638184,1724.0,4.358353510895883
had12,4,SK,60,0.6846210956573486,1740.0,5.326876513317192
had12,4,SK,80,0.904747724533081,1740.0,5.326876513317192
had12,4,SK,100,1.123833179473877,1706.0,3.2687651331719128
had12,4,SK,120,1.3433897495269775,1680.0,1.694915254237288
had12,4,SK,140,1.5586302280426025,1680.0,1.694915254237288
had12,4,SK,160,1.7788705825805664,1666.0,0.847457627118644
had12,4,SK,180,1.9963669776916504,1666.0,0.847457627118644
had12,4,SK,200,2.21574068069458,1662.0,0.6053268765133172
had12,4,SK,220,2.4316980838775635,1662.0,0.6053268765133172
had12,4,SK,240,2.653367519378662,1662.0,0.6053268765133172
had12,4,SK,260,2.869429349899292,1678.0,1.573849878934625
had12,4,SK,280,3.0871975421905518,1678.0,1.573849878934625
had12,4,SK,300,3.3076722621917725,1676.0,1.4527845036319613
had12,4,SK,320,3.5263845920562744,1676.0,1.4527845036319613
had12,4,SK,340,3.743835687637329,1670.0,1.0895883777239708
had12,4,SK,360,3.9619312286376953,1670.0,1.0895883777239708
had12,4,SK,380,4.180262327194214,1670.0,1.0895883777239708
had12,4,SK,400,4.398354530334473,1670.0,1.0895883777239708
had12,4,SK,420,4.61545729637146,1670.0,1.0895883777239708
had12,4,SK,440,4.834621429443359,1670.0,1.0895883777239708
had12,4,SK,460,5.051149129867554,1688.0,2.1791767554479415
had12,4,SK,480,5.2670252323150635,1688.0,2.1791767554479415
had12,4,SK,500,5.486843585968018,1688.0,2.1791767554479415
had12,4,SK,520,5.70394229888916,1688.0,2.1791767554479415
had12,4,SK,540,5.923781871795654,1688.0,2.1791767554479415
had12,4,SK,560,6.138723611831665,1688.0,2.1791767554479415
had12,4,SK,580,6.359342098236084,1688.0,2.1791767554479415
had12,4,SK,600,6.576955318450928,1688.0,2.1791767554479415
had12,4,SK,620,6.803093194961548,1688.0,2.1791767554479415
had12,4,SK,640,7.019911050796509,1688.0,2.1791767554479415
had12,4,SK,660,7.24309778213501,1688.0,2.1791767554479415
had12,4,SK,680,7.459404706954956,1688.0,2.1791767554479415
had12,4,SK,700,7.6796863079071045,1688.0,2.1791767554479415
had12,4,SK,720,7.904460430145264,1688.0,2.1791767554479415
had12,4,SK,740,8.124837160110474,1688.0,2.1791767554479415
had12,4,SK,760,8.340857028961182,1688.0,2.1791767554479415
had12,4,SK,780,8.562079668045044,1688.0,2.1791767554479415
had12,4,SK,800,8.779920101165771,1688.0,2.1791767554479415
had12,4,SK,820,9.00353741645813,1688.0,2.1791767554479415
had12,4,SK,840,9.220824003219604,1688.0,2.1791767554479415
had12,4,SK,860,9.441422462463379,1688.0,2.1791767554479415
had12,4,SK,880,9.669968366622925,1678.0,1.573849878934625
had12,4,SK,900,9.897364616394043,1678.0,1.573849878934625
had12,4,SK,920,10.115153312683105,1678.0,1.573849878934625
had12,4,SK,940,10.334702730178833,1678.0,1.573849878934625
had12,4,SK,960,10.550651788711548,1678.0,1.573849878934625
had12,4,SK,980,10.76933479309082,1678.0,1.573849878934625
had12,4,SK,1000,10.988081455230713,1678.0,1.573849878934625
nug20,0,PGD,1,0.0033521652221679688,3424.0,33.22957198443579
nug20,0,PGD,20,0.01938462257385254,3398.0,32.217898832684824
nug20,0,PGD,40,0.035364627838134766,3288.0,27.93774319066148
nug20,0,PGD,60,0.05099034309387207,3288.0,27.93774319066148
nug20,0,PGD,80,0.06658625602722168,3288.0,27.93774319066148
nug20,0,PGD,100,0.0821986198425293,3288.0,27.93774319066148
nug20,0,PGD,120,0.09778904914855957,3288.0,27.93774319066148
nug20,0,PGD,140,0.11342048645019531,3288.0,27.93774319066148
nug20,0,PGD,160,0.12902426719665527,3288.0,27.93774319066148
nug20,0,PGD,180,0.14463067054748535,3288.0,27.93774319066148
nug20,0,PGD,200,0.16024160385131836,3288.0,27.93774319066148
nug20,0,PGD,220,0.17589259147644043,3288.0,27.93774319066148
nug20,0,PGD,240,0.19158244132995605,3288.0,27.93774319066148
nug20,0,PGD,260,0.20727324485778809,3288.0,27.93774319066148
nug20,0,PGD,280,0.2229604721069336,3288.0,27.93774319066148
nug20,0,PGD,300,0.2386782169342041,3288.0,27.93774319066148
nug20,0,PGD,320,0.2543461322784424,3288.0,27.93774319066148
nug20,0,PGD,340,0.2700386047363281,3288.0,27.93774319066148
nug20,0,PGD,360,0.28571009635925293,3288.0,27.93774319066148
nug20,0,PGD,380,0.3014042377471924,3288.0,27.93774319066148
nug20,0,PGD,400,0.3170766830444336,3288.0,27.93774319066148
nug20,0,PGD,420,0.3327949047088623,3288.0,27.93774319066148
nug20,0,PGD,440,0.3484649658203125,3288.0,27.93774319066148
nug20,0,PGD,460,0.36418628692626953,3288.0,27.93774319066148
nug20,0,PGD,480,0.37987327575683594,3288.0,27.93774319066148
nug20,0,PGD,500,0.3955550193786621,3288.0,27.93774319066148
nug20,0,PGD,520,0.41126036643981934,3288.0,27.93774319066148
nug20,0,PGD,540,0.4269685745239258,3288.0,27.93774319066148
nug20,0,PGD,560,0.442673921585083,3288.0,27.93774319066148
nug20,0,PGD,580,0.45841479301452637,3288.0,27.93774319066148
nug20,0,PGD,600,0.47409677505493164,3288.0,27.93774319066148
nug20,0,PGD,620,0.4898059368133545,3288.0,27.93774319066148
nug20,0,PGD,640,0.5054848194122314,3288.0,27.93774319066148
nug20,0,PGD,660,0.521214485168457,3288.0,27.93774319066148
nug20,0,PGD,680,0.5368711948394775,3288.0,27.93774319066148
nug20,0,PGD,700,0.5525922775268555,3288.0,27.93774319066148
nug20,0,PGD,720,0.5683040618896484,3288.0,27.93774319066148
nug20,0,PGD,740,0.5840206146240234,3288.0,27.93774319066148
nug20,0,PGD,760,0.5997028350830078,3288.0,27.93774319066148
nug20,0,PGD,780,0.61541748046875,3288.0,27.93774319066148
nug20,0,PGD,800,0.6311490535736084,3288.0,27.93774319066148
nug20,0,PGD,820,0.6468596458435059,3288.0,27.93774319066148
nug20,0,PGD,840,0.6625730991363525,3288.0,27.93774319066148
nug20,0,PGD,860,0.6782915592193604,3288.0,27.93774319066148
nug20,0,PGD,880,0.6940116882324219,3288.0,27.93774319066148
nug20,0,PGD,900,0.7097063064575195,3288.0,27.93774319066148
nug20,0,PGD,920,0.7254128456115723,3288.0,27.93774319066148
nug20,0,PGD,940,0.7411060333251953,3288.0,27.93774319066148
nug20,0,PGD,960,0.7567875385284424,3288.0,27.93774319066148
nug20,0,PGD,980,0.7724528312683105,3288.0,27.93774319066148
nug20,0,PGD,1000,0.7881491184234619,3288.0,27.93774319066148
nug20,0,SK,1,0.016541242599487305,3380.0,31.517509727626457
nug20,0,SK,20,0.22779083251953125,3040.0,18.28793774319066
nug20,0,SK,40,0.4559040069580078,3112.0,21.089494163424124
nug20,0,SK,60,0.6843328475952148,3096.0,20.46692607003891
nug20,0,SK,80,0.904874324798584,2978.0,15.875486381322956
nug20,0,SK,100,1.1219420433044434,2994.0,16.49805447470817
nug20,0,SK,120,1.3418247699737549,2678.0,4.202334630350195
nug20,0,SK,140,1.5603251457214355,2660.0,3.501945525291829
nug20,0,SK,160,1.7806315422058105,2660.0,3.501945525291829
nug20,0,SK,180,1.9988718032836914,2608.0,1.4785992217898831
nug20,0,SK,200,2.226444721221924,2608.0,1.4785992217898831
nug20,0,SK,220,2.4633829593658447,2608.0,1.4785992217898831
nug20,0,SK,240,2.681558847427368,2626.0,2.178988326848249
nug20,0,SK,260,2.8992865085601807,2648.0,3.035019455252918
nug20,0,SK,280,3.119163990020752,2598.0,1.0894941634241244
nug20,0,SK,300,3.3436546325683594,2598.0,1.0894941634241244
nug20,0,SK,320,3.5603487491607666,2598.0,1.0894941634241244
nug20,0,SK,340,3.7818987369537354,2598.0,1.0894941634241244
nug20,0,SK,360,4.007378101348877,2598.0,1.0894941634241244
nug20,0,SK,380,4.2292726039886475,2598.0,1.0894941634241244
nug20,0,SK,400,4.446634531021118,2598.0,1.0894941634241244
nug20,0,SK,420,4.667871475219727,2648.0,3.035019455252918
nug20,0,SK,440,4.884557008743286,2648.0,3.035019455252918
nug20,0,SK,460,5.104197025299072,2692.0,4.747081712062257
nug20,0,SK,480,5.334861755371094,2692.0,4.747081712062257
nug20,0,SK,500,5.554826259613037,2692.0,4.747081712062257
nug20,0,SK,520,5.771193265914917,2692.0,4.747081712062257
nug20,0,SK,540,5.991886377334595,2692.0,4.747081712062257
nug20,0,SK,560,6.209014654159546,2692.0,4.747081712062257
nug20,0,SK,580,6.429861545562744,2690.0,4.669260700389105
nug20,0,SK,600,6.647493839263916,2690.0,4.669260700389105
nug20,0,SK,620,6.871107339859009,2690.0,4.669260700389105
nug20,0,SK,640,7.088623523712158,2690.0,4.669260700389105
nug20,0,SK,660,7.3086583614349365,2574.0,0.1556420233463035
nug20,0,SK,680,7.527908086776733,2574.0,0.1556420233463035
nug20,0,SK,700,7.751924753189087,2574.0,0.1556420233463035
nug20,0,SK,720,7.96897292137146,2574.0,0.1556420233463035
nug20,0,SK,740,8.188196182250977,2574.0,0.1556420233463035
nug20,0,SK,760,8.405756711959839,2574.0,0.1556420233463035
nug20,0,SK,780,8.625768423080444,2574.0,0.1556420233463035
nug20,0,SK,800,8.844659090042114,2574.0,0.1556420233463035
nug20,0,SK,820,9.0652756690979,2574.0,0.1556420233463035
nug20,0,SK,840,9.285940647125244,2574.0,0.1556420233463035
nug20,0,SK,860,9.504176378250122,2574.0,0.1556420233463035
nug20,0,SK,880,9.723519086837769,2574.0,0.1556420233463035
nug20,0,SK,900,9.94287633895874,2574.0,0.1556420233463035
nug20,0,SK,920,10.162588834762573,2574.0,0.1556420233463035
nug20,0,SK,940,10.378438234329224,2574.0,0.1556420233463035
nug20,0,SK,960,10.607694387435913,2574.0,0.1556420233463035
nug20,0,SK,980,10.825221061706543,2574.0,0.1556420233463035
nug20,0,SK,1000,11.046775579452515,2574.0,0.1556420233463035
nug20,1,PGD,1,0.0020461082458496094,3424.0,33.22957198443579
nug20,1,PGD,20,0.018108129501342773,3398.0,32.217898832684824
nug20,1,PGD,40,0.034108877182006836,3288.0,27.93774319066148
nug20,1,PGD,60,0.04982900619506836,3288.0,27.93774319066148
nug20,1,PGD,80,0.06548643112182617,3288.0,27.93774319066148
nug20,1,PGD,100,0.08121514320373535,3288.0,27.93774319066148
nug20,1,PGD,120,0.09685587882995605,3288.0,27.93774319066148
nug20,1,PGD,140,0.11255693435668945,3288.0,27.93774319066148
nug20,1,PGD,160,0.12821507453918457,3288.0,27.93774319066148
nug20,1,PGD,180,0.14391303062438965,3288.0,27.93774319066148
nug20,1,PGD,200,0.15961551666259766,3288.0,27.93774319066148
nug20,1,PGD,220,0.17535972595214844,3288.0,27.93774319066148
nug20,1,PGD,240,0.1910841464996338,3288.0,27.93774319066148
nug20,1,PGD,260,0.2068164348602295,3288.0,27.93774319066148
nug20,1,PGD,280,0.2225193977355957,3288.0,27.93774319066148
nug20,1,PGD,300,0.23826265335083008,3288.0,27.93774319066148
nug20,1,PGD,320,0.25397300720214844,3288.0,27.93774319066148
nug20,1,PGD,340,0.2696526050567627,3288.0,27.93774319066148
nug20,1,PGD,360,0.2853732109069824,3288.0,27.93774319066148
nug20,1,PGD,380,0.3010749816894531,3288.0,27.93774319066148
nug20,1,PGD,400,0.31682467460632324,3288.0,27.93774319066148
nug20,1,PGD,420,0.3325536251068115,3288.0,27.93774319066148
nug20,1,PGD,440,0.34828996658325195,3288.0,27.93774319066148
nug20,1,PGD,460,0.36402153968811035,3288.0,27.93774319066148
nug20,1,PGD,480,0.37972378730773926,3288.0,27.93774319066148
nug20,1,PGD,500,0.3954813480377197,3288.0,27.93774319066148
nug20,1,PGD,520,0.4111943244934082,3288.0,27.93774319066148
nug20,1,PGD,540,0.42691636085510254,3288.0,27.93774319066148
nug20,1,PGD,560,0.44261932373046875,3288.0,27.93774319066148
nug20,1,PGD,580,0.45835161209106445,3288.0,27.93774319066148
nug20,1,PGD,600,0.47403907775878906,3288.0,27.93774319066148
nug20,1,PGD,620,0.48978352546691895,3288.0,27.93774319066148
nug20,1,PGD,640,0.5054771900177002,3288.0,27.93774319066148
nug20,1,PGD,660,0.5211803913116455,3288.0,27.93774319066148
nug20,1,PGD,680,0.5368597507476807,3288.0,27.93774319066148
nug20,1,PGD,700,0.5525972843170166,3288.0,27.93774319066148
nug20,1,PGD,720,0.5683095455169678,3288.0,27.93774319066148
nug20,1,PGD,740,0.5840249061584473,3288.0,27.93774319066148
nug20,1,PGD,760,0.5997157096862793,3288.0,27.93774319066148
nug20,1,PGD,780,0.6154417991638184,3288.0,27.93774319066148
nug20,1,PGD,800,0.6311428546905518,3288.0,27.93774319066148
nug20,1,PGD,820,0.6468653678894043,3288.0,27.93774319066148
nug20,1,PGD,840,0.6625478267669678,3288.0,27.93774319066148
nug20,1,PGD,860,0.67828369140625,3288.0,27.93774319066148
nug20,1,PGD,880,0.6939880847930908,3288.0,27.93774319066148
nug20,1,PGD,900,0.7097213268280029,3288.0,27.93774319066148
nug20,1,PGD,920,0.7254037857055664,3288.0,27.93774319066148
nug20,1,PGD,940,0.7411365509033203,3288.0,27.93774319066148
nug20,1,PGD,960,0.7568178176879883,3288.0,27.93774319066148
nug20,1,PGD,980,0.7725639343261719,3288.0,27.93774319066148
nug20,1,PGD,1000,0.7882704734802246,3288.0,27.93774319066148
nug20,1,SK,1,0.01622152328491211,3380.0,31.517509727626457
nug20,1,SK,20,0.23697257041931152,3040.0,18.28793774319066
nug20,1,SK,40,0.46117258071899414,3112.0,21.089494163424124
nug20,1,SK,60,0.6792302131652832,3096.0,20.46692607003891
nug20,1,SK,80,0.8979618549346924,2978.0,15.875486381322956
nug20,1,SK,100,1.1185674667358398,2994.0,16.49805447470817
nug20,1,SK,120,1.3401057720184326,2678.0,4.202334630350195
nug20,1,SK,140,1.5645713806152344,2660.0,3.501945525291829
nug20,1,SK,160,1.7836987972259521,2660.0,3.501945525291829
nug20,1,SK,180,2.00451397895813,2608.0,1.4785992217898831
nug20,1,SK,200,2.2208445072174072,2608.0,1.4785992217898831
nug20,1,SK,220,2.442119836807251,2608.0,1.4785992217898831
nug20,1,SK,240,2.661620855331421,2626.0,2.178988326848249
nug20,1,SK,260,2.886537790298462,2648.0,3.035019455252918
nug20,1,SK,280,3.103523015975952,2598.0,1.0894941634241244
nug20,1,SK,300,3.3249001502990723,2598.0,1.0894941634241244
nug20,1,SK,320,3.5412182807922363,2598.0,1.0894941634241244
nug20,1,SK,340,3.763596534729004,2598.0,1.0894941634241244
nug20,1,SK,360,3.9800076484680176,2598.0,1.0894941634241244
nug20,1,SK,380,4.211079835891724,2598.0,1.0894941634241244
nug20,1,SK,400,4.42913293838501,2598.0,1.0894941634241244
nug20,1,SK,420,4.648972749710083,2648.0,3.035019455252918
nug20,1,SK,440,4.8672380447387695,2648.0,3.035019455252918
nug20,1,SK,460,5.091635704040527,2692.0,4.747081712062257
nug20,1,SK,480,5.308487415313721,2692.0,4.747081712062257
nug20,1,SK,500,5.528669118881226,2692.0,4.747081712062257
nug20,1,SK,520,5.761460065841675,2692.0,4.747081712062257
nug20,1,SK,540,5.982234477996826,2692.0,4.747081712062257
nug20,1,SK,560,6.1996002197265625,2692.0,4.747081712062257
nug20,1,SK,580,6.426779508590698,2690.0,4.669260700389105
nug20,1,SK,600,6.6440184116363525,2690.0,4.669260700389105
nug20,1,SK,620,6.862591028213501,2690.0,4.669260700389105
nug20,1,SK,640,7.081270933151245,2690.0,4.669260700389105
nug20,1,SK,660,7.303398132324219,2574.0,0.1556420233463035
nug20,1,SK,680,7.520431995391846,2574.0,0.1556420233463035
nug20,1,SK,700,7.738091707229614,2574.0,0.1556420233463035
nug20,1,SK,720,7.960168838500977,2574.0,0.1556420233463035
nug20,1,SK,740,8.184306383132935,2574.0,0.1556420233463035
nug20,1,SK,760,8.403690099716187,2574.0,0.1556420233463035
nug20,1,SK,780,8.62356424331665,2574.0,0.1556420233463035
nug20,1,SK,800,8.84352707862854,2574.0,0.1556420233463035
nug20,1,SK,820,9.061132192611694,2574.0,0.1556420233463035
nug20,1,SK,840,9.289182186126709,2574.0,0.1556420233463035
nug20,1,SK,860,9.509215354919434,2574.0,0.1556420233463035
nug20,1,SK,880,9.730855703353882,2574.0,0.1556420233463035
nug20,1,SK,900,9.947457551956177,2574.0,0.1556420233463035
nug20,1,SK,920,10.168909549713135,2574.0,0.1556420233463035
nug20,1,SK,940,10.393386125564575,2574.0,0.1556420233463035
nug20,1,SK,960,10.6156644821167,2574.0,0.1556420233463035
nug20,1,SK,980,10.832202911376953,2574.0,0.1556420233463035
nug20,1,SK,1000,11.055541753768921,2574.0,0.1556420233463035
nug20,2,PGD,1,0.0020279884338378906,3424.0,33.22957198443579
nug20,2,PGD,20,0.0180509090423584,3398.0,32.217898832684824
nug20,2,PGD,40,0.034018516540527344,3288.0,27.93774319066148
nug20,2,PGD,60,0.04967951774597168,3288.0,27.93774319066148
nug20,2,PGD,80,0.06534934043884277,3288.0,27.93774319066148
nug20,2,PGD,100,0.08112549781799316,3288.0,27.93774319066148
nug20,2,PGD,120,0.09686803817749023,3288.0,27.93774319066148
nug20,2,PGD,140,0.11263561248779297,3288.0,27.93774319066148
nug20,2,PGD,160,0.12837004661560059,3288.0,27.93774319066148
nug20,2,PGD,180,0.14414453506469727,3288.0,27.93774319066148
nug20,2,PGD,200,0.1598982810974121,3288.0,27.93774319066148
nug20,2,PGD,220,0.17567086219787598,3288.0,27.93774319066148
nug20,2,PGD,240,0.19143390655517578,3288.0,27.93774319066148
nug20,2,PGD,260,0.20721077919006348,3288.0,27.93774319066148
nug20,2,PGD,280,0.22296810150146484,3288.0,27.93774319066148
nug20,2,PGD,300,0.2387220859527588,3288.0,27.93774319066148
nug20,2,PGD,320,0.2544562816619873,3288.0,27.93774319066148
nug20,2,PGD,340,0.27019834518432617,3288.0,27.93774319066148
nug20,2,PGD,360,0.2859640121459961,3288.0,27.93774319066148
nug20,2,PGD,380,0.3018350601196289,3288.0,27.93774319066148
nug20,2,PGD,400,0.3176765441894531,3288.0,27.93774319066148
nug20,2,PGD,420,0.33353471755981445,3288.0,27.93774319066148
nug20,2,PGD,440,0.34935975074768066,3288.0,27.93774319066148
nug20,2,PGD,460,0.3652515411376953,3288.0,27.93774319066148
nug20,2,PGD,480,0.3810591697692871,3288.0,27.93774319066148
nug20,2,PGD,500,0.3969104290008545,3288.0,27.93774319066148
nug20,2,PGD,520,0.4127178192138672,3288.0,27.93774319066148
nug20,2,PGD,540,0.42855191230773926,3288.0,27.93774319066148
nug20,2,PGD,560,0.4443802833557129,3288.0,27.93774319066148
nug20,2,PGD,580,0.46021342277526855,3288.0,27.93774319066148
nug20,2,PGD,600,0.4760324954986572,3288.0,27.93774319066148
nug20,2,PGD,620,0.4919004440307617,3288.0,27.93774319066148
nug20,2,PGD,640,0.5077064037322998,3288.0,27.93774319066148
nug20,2,PGD,660,0.5235238075256348,3288.0,27.93774319066148
nug20,2,PGD,680,0.539353609085083,3288.0,27.93774319066148
nug20,2,PGD,700,0.5551886558532715,3288.0,27.93774319066148
nug20,2,PGD,720,0.5710058212280273,3288.0,27.93774319066148
nug20,2,PGD,740,0.5868396759033203,3288.0,27.93774319066148
nug20,2,PGD,760,0.6027126312255859,3288.0,27.93774319066148
nug20,2,PGD,780,0.6185717582702637,3288.0,27.93774319066148
nug20,2,PGD,800,0.6344118118286133,3288.0,27.93774319066148
nug20,2,PGD,820,0.6502771377563477,3288.0,27.93774319066148
nug20,2,PGD,840,0.6661102771759033,3288.0,27.93774319066148
nug20,2,PGD,860,0.681964635848999,3288.0,27.93774319066148
nug20,2,PGD,880,0.6978528499603271,3288.0,27.93774319066148
nug20,2,PGD,900,0.7137022018432617,3288.0,27.93774319066148
nug20,2,PGD,920,0.7295687198638916,3288.0,27.93774319066148
nug20,2,PGD,940,0.7454297542572021,3288.0,27.93774319066148
nug20,2,PGD,960,0.7612392902374268,3288.0,27.93774319066148
nug20,2,PGD,980,0.7770829200744629,3288.0,27.93774319066148
nug20,2,PGD,1000,0.7929420471191406,3288.0,27.93774319066148
nug20,2,SK,1,0.016942977905273438,3380.0,31.517509727626457
nug20,2,SK,20,0.23547840118408203,3040.0,18.28793774319066
nug20,2,SK,40,0.4544036388397217,3112.0,21.089494163424124
nug20,2,SK,60,0.6818785667419434,3096.0,20.46692607003891
nug20,2,SK,80,0.9023211002349854,2978.0,15.875486381322956
nug20,2,SK,100,1.1237668991088867,2994.0,16.49805447470817
nug20,2,SK,120,1.341407299041748,2678.0,4.202334630350195
nug20,2,SK,140,1.5634760856628418,2660.0,3.501945525291829
nug20,2,SK,160,1.780778169631958,2660.0,3.501945525291829
nug20,2,SK,180,2.001127243041992,2608.0,1.4785992217898831
nug20,2,SK,200,2.2222983837127686,2608.0,1.4785992217898831
nug20,2,SK,220,2.4461591243743896,2608.0,1.4785992217898831
nug20,2,SK,240,2.6636528968811035,2626.0,2.178988326848249
nug20,2,SK,260,2.886363983154297,2648.0,3.035019455252918
nug20,2,SK,280,3.104625940322876,2598.0,1.0894941634241244
nug20,2,SK,300,3.324420213699341,2598.0,1.0894941634241244
nug20,2,SK,320,3.547325372695923,2598.0,1.0894941634241244
nug20,2,SK,340,3.7716915607452393,2598.0,1.0894941634241244
nug20,2,SK,360,3.988173246383667,2598.0,1.0894941634241244
nug20,2,SK,380,4.208507776260376,2598.0,1.0894941634241244
nug20,2,SK,400,4.427761793136597,2598.0,1.0894941634241244
nug20,2,SK,420,4.648688077926636,2648.0,3.035019455252918
nug20,2,SK,440,4.86625075340271,2648.0,3.035019455252918
nug20,2,SK,460,5.0851850509643555,2692.0,4.747081712062257
nug20,2,SK,480,5.304118394851685,2692.0,4.747081712062257
nug20,2,SK,500,5.5222508907318115,2692.0,4.747081712062257
nug20,2,SK,520,5.741337537765503,2692.0,4.747081712062257
nug20,2,SK,540,5.958886384963989,2692.0,4.747081712062257
nug20,2,SK,560,6.1903111934661865,2692.0,4.747081712062257
nug20,2,SK,580,6.406931638717651,2690.0,4.669260700389105
nug20,2,SK,600,6.630294561386108,2690.0,4.669260700389105
nug20,2,SK,620,6.853546857833862,2690.0,4.669260700389105
nug20,2,SK,640,7.076482772827148,2690.0,4.669260700389105
nug20,2,SK,660,7.2939488887786865,2574.0,0.1556420233463035
nug20,2,SK,680,7.515551805496216,2574.0,0.1556420233463035
nug20,2,SK,700,7.731804847717285,2574.0,0.1556420233463035
nug20,2,SK,720,7.952931880950928,2574.0,0.1556420233463035
nug20,2,SK,740,8.169524908065796,2574.0,0.1556420233463035
nug20,2,SK,760,8.392475605010986,2574.0,0.1556420233463035
nug20,2,SK,780,8.609307527542114,2574.0,0.1556420233463035
nug20,2,SK,800,8.828778743743896,2574.0,0.1556420233463035
nug20,2,SK,820,9.056103229522705,2574.0,0.1556420233463035
nug20,2,SK,840,9.27663254737854,2574.0,0.1556420233463035
nug20,2,SK,860,9.493993759155273,2574.0,0.1556420233463035
nug20,2,SK,880,9.715181589126587,2574.0,0.1556420233463035
nug20,2,SK,900,9.934316873550415,2574.0,0.1556420233463035
nug20,2,SK,920,10.154277801513672,2574.0,0.1556420233463035
nug20,2,SK,940,10.371031761169434,2574.0,0.1556420233463035
nug20,2,SK,960,10.594616889953613,2574.0,0.1556420233463035
nug20,2,SK,980,10.828287363052368,2574.0,0.1556420233463035
nug20,2,SK,1000,11.048127889633179,2574.0,0.1556420233463035
nug20,3,PGD,1,0.00133514404296875,3424.0,33.22957198443579
nug20,3,PGD,20,0.016678810119628906,3398.0,32.217898832684824
nug20,3,PGD,40,0.03354048728942871,3288.0,27.93774319066148
nug20,3,PGD,60,0.0493166446685791,3288.0,27.93774319066148
nug20,3,PGD,80,0.06505560874938965,3288.0,27.93774319066148
nug20,3,PGD,100,0.08091473579406738,3288.0,27.93774319066148
nug20,3,PGD,120,0.0967414379119873,3288.0,27.93774319066148
nug20,3,PGD,140,0.11261534690856934,3288.0,27.93774319066148
nug20,3,PGD,160,0.12845182418823242,3288.0,27.93774319066148
nug20,3,PGD,180,0.14430880546569824,3288.0,27.93774319066148
nug20,3,PGD,200,0.16012263298034668,3288.0,27.93774319066148
nug20,3,PGD,220,0.17600083351135254,3288.0,27.93774319066148
nug20,3,PGD,240,0.19181156158447266,3288.0,27.93774319066148
nug20,3,PGD,260,0.20766139030456543,3288.0,27.93774319066148
nug20,3,PGD,280,0.22350478172302246,3288.0,27.93774319066148
nug20,3,PGD,300,0.2393512725830078,3288.0,27.93774319066148
nug20,3,PGD,320,0.2551734447479248,3288.0,27.93774319066148
nug20,3,PGD,340,0.27101778984069824,3288.0,27.93774319066148
nug20,3,PGD,360,0.2868621349334717,3288.0,27.93774319066148
nug20,3,PGD,380,0.30275416374206543,3288.0,27.93774319066148
nug20,3,PGD,400,0.31857895851135254,3288.0,27.93774319066148
nug20,3,PGD,420,0.3344590663909912,3288.0,27.93774319066148
nug20,3,PGD,440,0.3502962589263916,3288.0,27.93774319066148
nug20,3,PGD,460,0.3661844730377197,3288.0,27.93774319066148
nug20,3,PGD,480,0.3820004463195801,3288.0,27.93774319066148
nug20,3,PGD,500,0.39784717559814453,3288.0,27.93774319066148
nug20,3,PGD,520,0.41366124153137207,3288.0,27.93774319066148
nug20,3,PGD,540,0.4295082092285156,3288.0,27.93774319066148
nug20,3,PGD,560,0.445359468460083,3288.0,27.93774319066148
nug20,3,PGD,580,0.4612135887145996,3288.0,27.93774319066148
nug20,3,PGD,600,0.477048397064209,3288.0,27.93774319066148
nug20,3,PGD,620,0.49291038513183594,3288.0,27.93774319066148
nug20,3,PGD,640,0.5087296962738037,3288.0,27.93774319066148
nug20,3,PGD,660,0.524566650390625,3288.0,27.93774319066148
nug20,3,PGD,680,0.5403873920440674,3288.0,27.93774319066148
nug20,3,PGD,700,0.5562260150909424,3288.0,27.93774319066148
nug20,3,PGD,720,0.5720610618591309,3288.0,27.93774319066148
nug20,3,PGD,740,0.5878987312316895,3288.0,27.93774319066148
nug20,3,PGD,760,0.6037518978118896,3288.0,27.93774319066148
nug20,3,PGD,780,0.6196057796478271,3288.0,27.93774319066148
nug20,3,PGD,800,0.6354470252990723,3288.0,27.93774319066148
nug20,3,PGD,820,0.6513173580169678,3288.0,27.93774319066148
nug20,3,PGD,840,0.6671459674835205,3288.0,27.93774319066148
nug20,3,PGD,860,0.682992696762085,3288.0,27.93774319066148
nug20,3,PGD,880,0.698861837387085,3288.0,27.93774319066148
nug20,3,PGD,900,0.7147228717803955,3288.0,27.93774319066148
nug20,3,PGD,920,0.7305848598480225,3288.0,27.93774319066148
nug20,3,PGD,940,0.746452808380127,3288.0,27.93774319066148
nug20,3,PGD,960,0.7622880935668945,3288.0,27.93774319066148
nug20,3,PGD,980,0.7781367301940918,3288.0,27.93774319066148
nug20,3,PGD,1000,0.7939965724945068,3288.0,27.93774319066148
nug20,3,SK,1,0.015534400939941406,3380.0,31.517509727626457
nug20,3,SK,20,0.24425554275512695,3040.0,18.28793774319066
nug20,3,SK,40,0.46307373046875,3112.0,21.089494163424124
nug20,3,SK,60,0.6935257911682129,3096.0,20.46692607003891
nug20,3,SK,80,0.9111988544464111,2978.0,15.875486381322956
nug20,3,SK,100,1.139772653579712,2994.0,16.49805447470817
nug20,3,SK,120,1.358419418334961,2678.0,4.202334630350195
nug20,3,SK,140,1.5791471004486084,2660.0,3.501945525291829
nug20,3,SK,160,1.8008394241333008,2660.0,3.501945525291829
nug20,3,SK,180,2.0321919918060303,2608.0,1.4785992217898831
nug20,3,SK,200,2.249769926071167,2608.0,1.4785992217898831
nug20,3,SK,220,2.4698386192321777,2608.0,1.4785992217898831
nug20,3,SK,240,2.6885757446289062,2626.0,2.178988326848249
nug20,3,SK,260,2.9074084758758545,2648.0,3.035019455252918
nug20,3,SK,280,3.126437187194824,2598.0,1.0894941634241244
nug20,3,SK,300,3.3489301204681396,2598.0,1.0894941634241244
nug20,3,SK,320,3.566539764404297,2598.0,1.0894941634241244
nug20,3,SK,340,3.7846438884735107,2598.0,1.0894941634241244
nug20,3,SK,360,4.003178596496582,2598.0,1.0894941634241244
nug20,3,SK,380,4.221931219100952,2598.0,1.0894941634241244
nug20,3,SK,400,4.443847179412842,2598.0,1.0894941634241244
nug20,3,SK,420,4.65978217124939,2648.0,3.035019455252918
nug20,3,SK,440,4.881938695907593,2648.0,3.035019455252918
nug20,3,SK,460,5.09868860244751,2692.0,4.747081712062257
nug20,3,SK,480,5.320186138153076,2692.0,4.747081712062257
nug20,3,SK,500,5.564656019210815,2692.0,4.747081712062257
nug20,3,SK,520,5.7860870361328125,2692.0,4.747081712062257
nug20,3,SK,540,6.0026092529296875,2692.0,4.747081712062257
nug20,3,SK,560,6.222527742385864,2692.0,4.747081712062257
nug20,3,SK,580,6.475526332855225,2690.0,4.669260700389105
nug20,3,SK,600,6.697179555892944,2690.0,4.669260700389105
nug20,3,SK,620,6.914662599563599,2690.0,4.669260700389105
nug20,3,SK,640,7.136999845504761,2690.0,4.669260700389105
nug20,3,SK,660,7.3541319370269775,2574.0,0.1556420233463035
nug20,3,SK,680,7.575133323669434,2574.0,0.1556420233463035
nug20,3,SK,700,7.793293476104736,2574.0,0.1556420233463035
nug20,3,SK,720,8.014994621276855,2574.0,0.1556420233463035
nug20,3,SK,740,8.231448888778687,2574.0,0.1556420233463035
nug20,3,SK,760,8.451133251190186,2574.0,0.1556420233463035
nug20,3,SK,780,8.67094111442566,2574.0,0.1556420233463035
nug20,3,SK,800,8.891403198242188,2574.0,0.1556420233463035
nug20,3,SK,820,9.109454154968262,2574.0,0.1556420233463035
nug20,3,SK,840,9.328933715820312,2574.0,0.1556420233463035
nug20,3,SK,860,9.5475754737854,2574.0,0.1556420233463035
nug20,3,SK,880,9.766716480255127,2574.0,0.1556420233463035
nug20,3,SK,900,9.991117477416992,2574.0,0.1556420233463035
nug20,3,SK,920,10.213258981704712,2574.0,0.1556420233463035
nug20,3,SK,940,10.43911075592041,2574.0,0.1556420233463035
nug20,3,SK,960,10.655639886856079,2574.0,0.1556420233463035
nug20,3,SK,980,10.877409934997559,2574.0,0.1556420233463035
nug20,3,SK,1000,11.093982458114624,2574.0,0.1556420233463035
nug20,4,PGD,1,0.0013315677642822266,3424.0,33.22957198443579
nug20,4,PGD,20,0.017508983612060547,3398.0,32.217898832684824
nug20,4,PGD,40,0.03362250328063965,3288.0,27.93774319066148
nug20,4,PGD,60,0.04944300651550293,3288.0,27.93774319066148
nug20,4,PGD,80,0.06520724296569824,3288.0,27.93774319066148
nug20,4,PGD,100,0.0809931755065918,3288.0,27.93774319066148
nug20,4,PGD,120,0.09675741195678711,3288.0,27.93774319066148
nug20,4,PGD,140,0.11255598068237305,3288.0,27.93774319066148
nug20,4,PGD,160,0.1283247470855713,3288.0,27.93774319066148
nug20,4,PGD,180,0.14412593841552734,3288.0,27.93774319066148
nug20,4,PGD,200,0.15991520881652832,3288.0,27.93774319066148
nug20,4,PGD,220,0.17571473121643066,3288.0,27.93774319066148
nug20,4,PGD,240,0.19148945808410645,3288.0,27.93774319066148
nug20,4,PGD,260,0.2072768211364746,3288.0,27.93774319066148
nug20,4,PGD,280,0.22303223609924316,3288.0,27.93774319066148
nug20,4,PGD,300,0.23882055282592773,3288.0,27.93774319066148
nug20,4,PGD,320,0.25458383560180664,3288.0,27.93774319066148
nug20,4,PGD,340,0.27040648460388184,3288.0,27.93774319066148
nug20,4,PGD,360,0.28616905212402344,3288.0,27.93774319066148
nug20,4,PGD,380,0.30196475982666016,3288.0,27.93774319066148
nug20,4,PGD,400,0.3177340030670166,3288.0,27.93774319066148
nug20,4,PGD,420,0.3335225582122803,3288.0,27.93774319066148
nug20,4,PGD,440,0.34928202629089355,3288.0,27.93774319066148
nug20,4,PGD,460,0.3650836944580078,3288.0,27.93774319066148
nug20,4,PGD,480,0.3808450698852539,3288.0,27.93774319066148
nug20,4,PGD,500,0.3966360092163086,3288.0,27.93774319066148
nug20,4,PGD,520,0.4124007225036621,3288.0,27.93774319066148
nug20,4,PGD,540,0.4282097816467285,3288.0,27.93774319066148
nug20,4,PGD,560,0.44397926330566406,3288.0,27.93774319066148
nug20,4,PGD,580,0.4597756862640381,3288.0,27.93774319066148
nug20,4,PGD,600,0.47552967071533203,3288.0,27.93774319066148
nug20,4,PGD,620,0.4913451671600342,3288.0,27.93774319066148
nug20,4,PGD,640,0.5071117877960205,3288.0,27.93774319066148
nug20,4,PGD,660,0.5229167938232422,3288.0,27.93774319066148
nug20,4,PGD,680,0.5386953353881836,3288.0,27.93774319066148
nug20,4,PGD,700,0.5545051097869873,3288.0,27.93774319066148
nug20,4,PGD,720,0.5702736377716064,3288.0,27.93774319066148
nug20,4,PGD,740,0.5860812664031982,3288.0,27.93774319066148
nug20,4,PGD,760,0.6018409729003906,3288.0,27.93774319066148
nug20,4,PGD,780,0.6176443099975586,3288.0,27.93774319066148
nug20,4,PGD,800,0.6334042549133301,3288.0,27.93774319066148
nug20,4,PGD,820,0.6491918563842773,3288.0,27.93774319066148
nug20,4,PGD,840,0.6649484634399414,3288.0,27.93774319066148
nug20,4,PGD,860,0.6807289123535156,3288.0,27.93774319066148
nug20,4,PGD,880,0.6965038776397705,3288.0,27.93774319066148
nug20,4,PGD,900,0.7123062610626221,3288.0,27.93774319066148
nug20,4,PGD,920,0.7280862331390381,3288.0,27.93774319066148
nug20,4,PGD,940,0.7438838481903076,3288.0,27.93774319066148
nug20,4,PGD,960,0.7596306800842285,3288.0,27.93774319066148
nug20,4,PGD,980,0.7754275798797607,3288.0,27.93774319066148
nug20,4,PGD,1000,0.7911932468414307,3288.0,27.93774319066148
nug20,4,SK,1,0.01593613624572754,3380.0,31.517509727626457
nug20,4,SK,20,0.24224615097045898,3040.0,18.28793774319066
nug20,4,SK,40,0.46753430366516113,3112.0,21.089494163424124
nug20,4,SK,60,0.6894857883453369,3096.0,20.46692607003891
nug20,4,SK,80,0.9081578254699707,2978.0,15.875486381322956
nug20,4,SK,100,1.127504825592041,2994.0,16.49805447470817
nug20,4,SK,120,1.347184181213379,2678.0,4.202334630350195
nug20,4,SK,140,1.5656366348266602,2660.0,3.501945525291829
nug20,4,SK,160,1.7855162620544434,2660.0,3.501945525291829
nug20,4,SK,180,2.002302646636963,2608.0,1.4785992217898831
nug20,4,SK,200,2.2249269485473633,2608.0,1.4785992217898831
nug20,4,SK,220,2.4432566165924072,2608.0,1.4785992217898831
nug20,4,SK,240,2.6642935276031494,2626.0,2.178988326848249
nug20,4,SK,260,2.8924007415771484,2648.0,3.035019455252918
nug20,4,SK,280,3.112664222717285,2598.0,1.0894941634241244
nug20,4,SK,300,3.336886167526245,2598.0,1.0894941634241244
nug20,4,SK,320,3.562505006790161,2598.0,1.0894941634241244
nug20,4,SK,340,3.7823541164398193,2598.0,1.0894941634241244
nug20,4,SK,360,4.004209995269775,2598.0,1.0894941634241244
nug20,4,SK,380,4.220472097396851,2598.0,1.0894941634241244
nug20,4,SK,400,4.442700624465942,2598.0,1.0894941634241244
nug20,4,SK,420,4.6601057052612305,2648.0,3.035019455252918
nug20,4,SK,440,4.880997180938721,2648.0,3.035019455252918
nug20,4,SK,460,5.09809422492981,2692.0,4.747081712062257
nug20,4,SK,480,5.320287227630615,2692.0,4.747081712062257
nug20,4,SK,500,5.536626815795898,2692.0,4.747081712062257
nug20,4,SK,520,5.7603514194488525,2692.0,4.747081712062257
nug20,4,SK,540,5.9838409423828125,2692.0,4.747081712062257
nug20,4,SK,560,6.204084396362305,2692.0,4.747081712062257
nug20,4,SK,580,6.420813322067261,2690.0,4.669260700389105
nug20,4,SK,600,6.6424455642700195,2690.0,4.669260700389105
nug20,4,SK,620,6.861937999725342,2690.0,4.669260700389105
nug20,4,SK,640,7.082404136657715,2690.0,4.669260700389105
nug20,4,SK,660,7.30342435836792,2574.0,0.1556420233463035
nug20,4,SK,680,7.525250196456909,2574.0,0.1556420233463035
nug20,4,SK,700,7.746104717254639,2574.0,0.1556420233463035
nug20,4,SK,720,7.96593713760376,2574.0,0.1556420233463035
nug20,4,SK,740,8.186076164245605,2574.0,0.1556420233463035
nug20,4,SK,760,8.405122756958008,2574.0,0.1556420233463035
nug20,4,SK,780,8.62872862815857,2574.0,0.1556420233463035
nug20,4,SK,800,8.845209121704102,2574.0,0.1556420233463035
nug20,4,SK,820,9.069021463394165,2574.0,0.1556420233463035
nug20,4,SK,840,9.285452604293823,2574.0,0.1556420233463035
nug20,4,SK,860,9.508190155029297,2574.0,0.1556420233463035
nug20,4,SK,880,9.728354454040527,2574.0,0.1556420233463035
nug20,4,SK,900,9.95057463645935,2574.0,0.1556420233463035
nug20,4,SK,920,10.167356729507446,2574.0,0.1556420233463035
nug20,4,SK,940,10.387471437454224,2574.0,0.1556420233463035
nug20,4,SK,960,10.610024452209473,2574.0,0.1556420233463035
nug20,4,SK,980,10.8343825340271,2574.0,0.1556420233463035
nug20,4,SK,1000,11.051225423812866,2574.0,0.1556420233463035
nug30,0,PGD,1,0.004391670227050781,8106.0,32.36446766819073
nug30,0,PGD,20,0.018714189529418945,8286.0,35.3037230568256
nug30,0,PGD,40,0.03380131721496582,8150.0,33.08295231874592
nug30,0,PGD,60,0.04886579513549805,8150.0,33.08295231874592
nug30,0,PGD,80,0.06392168998718262,8212.0,34.0953625081646
nug30,0,PGD,100,0.0790095329284668,8212.0,34.0953625081646
nug30,0,PGD,120,0.0941152572631836,8212.0,34.0953625081646
nug30,0,PGD,140,0.10921812057495117,8212.0,34.0953625081646
nug30,0,PGD,160,0.12432003021240234,8212.0,34.0953625081646
nug30,0,PGD,180,0.13940644264221191,8212.0,34.0953625081646
nug30,0,PGD,200,0.15453624725341797,8212.0,34.0953625081646
nug30,0,PGD,220,0.16966986656188965,8212.0,34.0953625081646
nug30,0,PGD,240,0.18478655815124512,8212.0,34.0953625081646
nug30,0,PGD,260,0.19991230964660645,8212.0,34.0953625081646
nug30,0,PGD,280,0.2150108814239502,8212.0,34.0953625081646
nug30,0,PGD,300,0.23009872436523438,8212.0,34.0953625081646
nug30,0,PGD,320,0.24519586563110352,8212.0,34.0953625081646
nug30,0,PGD,340,0.2602682113647461,8212.0,34.0953625081646
nug30,0,PGD,360,0.27535390853881836,8212.0,34.0953625081646
nug30,0,PGD,380,0.29047608375549316,8212.0,34.0953625081646
nug30,0,PGD,400,0.30553317070007324,8212.0,34.0953625081646
nug30,0,PGD,420,0.32062816619873047,8212.0,34.0953625081646
nug30,0,PGD,440,0.33573460578918457,8212.0,34.0953625081646
nug30,0,PGD,460,0.3508334159851074,8212.0,34.0953625081646
nug30,0,PGD,480,0.365947961807251,8212.0,34.0953625081646
nug30,0,PGD,500,0.381084680557251,8212.0,34.0953625081646
nug30,0,PGD,520,0.39619946479797363,8212.0,34.0953625081646
nug30,0,PGD,540,0.411297082901001,8212.0,34.0953625081646
nug30,0,PGD,560,0.42636942863464355,8212.0,34.0953625081646
nug30,0,PGD,580,0.44141173362731934,8212.0,34.0953625081646
nug30,0,PGD,600,0.45649123191833496,8212.0,34.0953625081646
nug30,0,PGD,620,0.4715585708618164,8212.0,34.0953625081646
nug30,0,PGD,640,0.48664426803588867,8212.0,34.0953625081646
nug30,0,PGD,660,0.5017187595367432,8212.0,34.0953625081646
nug30,0,PGD,680,0.5168044567108154,8212.0,34.0953625081646
nug30,0,PGD,700,0.5318822860717773,8212.0,34.0953625081646
nug30,0,PGD,720,0.5470089912414551,8212.0,34.0953625081646
nug30,0,PGD,740,0.5621235370635986,8212.0,34.0953625081646
nug30,0,PGD,760,0.5772178173065186,8212.0,34.0953625081646
nug30,0,PGD,780,0.5922932624816895,8212.0,34.0953625081646
nug30,0,PGD,800,0.6073575019836426,8212.0,34.0953625081646
nug30,0,PGD,820,0.6224269866943359,8212.0,34.0953625081646
nug30,0,PGD,840,0.6375002861022949,8212.0,34.0953625081646
nug30,0,PGD,860,0.6526000499725342,8212.0,34.0953625081646
nug30,0,PGD,880,0.6676833629608154,8212.0,34.0953625081646
nug30,0,PGD,900,0.6827576160430908,8212.0,34.0953625081646
nug30,0,PGD,920,0.697871208190918,8212.0,34.0953625081646
nug30,0,PGD,940,0.7129576206207275,8212.0,34.0953625081646
nug30,0,PGD,960,0.728081464767456,8212.0,34.0953625081646
nug30,0,PGD,980,0.7431728839874268,8212.0,34.0953625081646
nug30,0,PGD,1000,0.7582526206970215,8212.0,34.0953625081646
nug30,0,PGD,1020,0.7732908725738525,8212.0,34.0953625081646
nug30,0,PGD,1040,0.7883908748626709,8212.0,34.0953625081646
nug30,0,PGD,1060,0.80350661277771,8212.0,34.0953625081646
nug30,0,PGD,1080,0.8185689449310303,8212.0,34.0953625081646
nug30,0,PGD,1100,0.8336300849914551,8212.0,34.0953625081646
nug30,0,PGD,1120,0.8486530780792236,8212.0,34.0953625081646
nug30,0,PGD,1140,0.8637533187866211,8212.0,34.0953625081646
nug30,0,PGD,1160,0.8788254261016846,8212.0,34.0953625081646
nug30,0,PGD,1180,0.893918514251709,8212.0,34.0953625081646
nug30,0,PGD,1200,0.9090061187744141,8212.0,34.0953625081646
nug30,0,PGD,1220,0.9240782260894775,8212.0,34.0953625081646
nug30,0,PGD,1240,0.9391331672668457,8212.0,34.0953625081646
nug30,0,PGD,1260,0.9542150497436523,8212.0,34.0953625081646
nug30,0,PGD,1280,0.9693329334259033,8212.0,34.0953625081646
nug30,0,PGD,1300,0.9844114780426025,8212.0,34.0953625081646
nug30,0,PGD,1320,0.9994683265686035,8212.0,34.0953625081646
nug30,0,PGD,1340,1.0145502090454102,8212.0,34.0953625081646
nug30,0,PGD,1360,1.0299670696258545,8212.0,34.0953625081646
nug30,0,PGD,1380,1.0450575351715088,8212.0,34.0953625081646
nug30,0,PGD,1400,1.0601201057434082,8212.0,34.0953625081646
nug30,0,PGD,1420,1.075221300125122,8212.0,34.0953625081646
nug30,0,PGD,1440,1.0903189182281494,8212.0,34.0953625081646
nug30,0,PGD,1460,1.1054158210754395,8212.0,34.0953625081646
nug30,0,PGD,1480,1.120560884475708,8212.0,34.0953625081646
nug30,0,PGD,1500,1.1356651782989502,8212.0,34.0953625081646
nug30,0,SK,1,0.015100240707397461,8302.0,35.564990202482036
nug30,0,SK,20,0.23624181747436523,7814.0,27.59634225996081
nug30,0,SK,40,0.4667232036590576,7144.0,16.655780535597646
nug30,0,SK,60,0.6839516162872314,7084.0,15.676028739386021
nug30,0,SK,80,0.9069485664367676,6850.0,11.854996734160679
nug30,0,SK,100,1.129037857055664,6784.0,10.77726975832789
nug30,0,SK,120,1.3509924411773682,6776.0,10.646636185499673
nug30,0,SK,140,1.5700068473815918,6516.0,6.401045068582626
nug30,0,SK,160,1.7901809215545654,6684.0,9.14435009797518
nug30,0,SK,180,2.00787353515625,6670.0,8.9157413455258
nug30,0,SK,200,2.2285470962524414,6566.0,7.217504898758981
nug30,0,SK,220,2.455956220626831,6566.0,7.217504898758981
nug30,0,SK,240,2.6769449710845947,6534.0,6.694970607446114
nug30,0,SK,260,2.8992249965667725,6448.0,5.290659699542783
nug30,0,SK,280,3.118016481399536,6434.0,5.062050947093403
nug30,0,SK,300,3.3396801948547363,6264.0,2.286087524493795
nug30,0,SK,320,3.559255361557007,6264.0,2.286087524493795
nug30,0,SK,340,3.77730131149292,6264.0,2.286087524493795
nug30,0,SK,360,3.99802565574646,6264.0,2.286087524493795
nug30,0,SK,380,4.219344615936279,6260.0,2.2207707380796866
nug30,0,SK,400,4.4356606006622314,6260.0,2.2207707380796866
nug30,0,SK,420,4.6555914878845215,6260.0,2.2207707380796866
nug30,0,SK,440,4.872555494308472,6260.0,2.2207707380796866
nug30,0,SK,460,5.091631650924683,6260.0,2.2207707380796866
nug30,0,SK,480,5.310365676879883,6262.0,2.2534291312867407
nug30,0,SK,500,5.531980752944946,6262.0,2.2534291312867407
nug30,0,SK,520,5.747976303100586,6262.0,2.2534291312867407
nug30,0,SK,540,5.967645883560181,6262.0,2.2534291312867407
nug30,0,SK,560,6.183859586715698,6262.0,2.2534291312867407
nug30,0,SK,580,6.406697034835815,6262.0,2.2534291312867407
nug30,0,SK,600,6.622929811477661,6262.0,2.2534291312867407
nug30,0,SK,620,6.8423912525177,6262.0,2.2534291312867407
nug30,0,SK,640,7.059322357177734,6262.0,2.2534291312867407
nug30,0,SK,660,7.2783191204071045,6408.0,4.637491835401699
nug30,0,SK,680,7.495372533798218,6408.0,4.637491835401699
nug30,0,SK,700,7.716489553451538,6360.0,3.8536903984323976
nug30,0,SK,720,7.933640718460083,6350.0,3.690398432397126
nug30,0,SK,740,8.154905080795288,6412.0,4.702808621815806
nug30,0,SK,760,8.372978448867798,6412.0,4.702808621815806
nug30,0,SK,780,8.592904090881348,6402.0,4.5395166557805355
nug30,0,SK,800,8.809938430786133,6402.0,4.5395166557805355
nug30,0,SK,820,9.030436038970947,6402.0,4.5395166557805355
nug30,0,SK,840,9.24918532371521,6402.0,4.5395166557805355
nug30,0,SK,860,9.473191499710083,6402.0,4.5395166557805355
nug30,0,SK,880,9.69137191772461,6402.0,4.5395166557805355
nug30,0,SK,900,9.911548137664795,6402.0,4.5395166557805355
nug30,0,SK,920,10.134424686431885,6402.0,4.5395166557805355
nug30,0,SK,940,10.352460384368896,6402.0,4.5395166557805355
nug30,0,SK,960,10.569867372512817,6402.0,4.5395166557805355
nug30,0,SK,980,10.793510675430298,6402.0,4.5395166557805355
nug30,0,SK,1000,11.02134370803833,6402.0,4.5395166557805355
nug30,0,SK,1020,11.238382577896118,6402.0,4.5395166557805355
nug30,0,SK,1040,11.460315227508545,6402.0,4.5395166557805355
nug30,0,SK,1060,11.68397855758667,6402.0,4.5395166557805355
nug30,0,SK,1080,11.906873941421509,6402.0,4.5395166557805355
nug30,0,SK,1100,12.12319016456604,6402.0,4.5395166557805355
nug30,0,SK,1120,12.343252182006836,6402.0,4.5395166557805355
nug30,0,SK,1140,12.560231685638428,6402.0,4.5395166557805355
nug30,0,SK,1160,12.782428979873657,6412.0,4.702808621815806
nug30,0,SK,1180,12.998611450195312,6412.0,4.702808621815806
nug30,0,SK,1200,13.222008466720581,6412.0,4.702808621815806
nug30,0,SK,1220,13.439008474349976,6412.0,4.702808621815806
nug30,0,SK,1240,13.65673303604126,6412.0,4.702808621815806
nug30,0,SK,1260,13.875460863113403,6412.0,4.702808621815806
nug30,0,SK,1280,14.096365928649902,6412.0,4.702808621815806
nug30,0,SK,1300,14.313091039657593,6350.0,3.690398432397126
nug30,0,SK,1320,14.534242391586304,6350.0,3.690398432397126
nug30,0,SK,1340,14.753539085388184,6350.0,3.690398432397126
nug30,0,SK,1360,14.973557710647583,6350.0,3.690398432397126
nug30,0,SK,1380,15.189526557922363,6350.0,3.690398432397126
nug30,0,SK,1400,15.412685632705688,6350.0,3.690398432397126
nug30,0,SK,1420,15.633114576339722,6350.0,3.690398432397126
nug30,0,SK,1440,15.853954553604126,6350.0,3.690398432397126
nug30,0,SK,1460,16.0715434551239,6350.0,3.690398432397126
nug30,0,SK,1480,16.29059410095215,6350.0,3.690398432397126
nug30,0,SK,1500,16.506852865219116,6350.0,3.690398432397126
nug30,1,PGD,1,0.0022459030151367188,8106.0,32.36446766819073
nug30,1,PGD,20,0.016553878784179688,8286.0,35.3037230568256
nug30,1,PGD,40,0.03160357475280762,8150.0,33.08295231874592
nug30,1,PGD,60,0.04663348197937012,8150.0,33.08295231874592
nug30,1,PGD,80,0.06165790557861328,8212.0,34.0953625081646
nug30,1,PGD,100,0.07666182518005371,8212.0,34.0953625081646
nug30,1,PGD,120,0.09164905548095703,8212.0,34.0953625081646
nug30,1,PGD,140,0.10667204856872559,8212.0,34.0953625081646
nug30,1,PGD,160,0.12165546417236328,8212.0,34.0953625081646
nug30,1,PGD,180,0.1366746425628662,8212.0,34.0953625081646
nug30,1,PGD,200,0.15168046951293945,8212.0,34.0953625081646
nug30,1,PGD,220,0.16667604446411133,8212.0,34.0953625081646
nug30,1,PGD,240,0.18166613578796387,8212.0,34.0953625081646
nug30,1,PGD,260,0.1967160701751709,8212.0,34.0953625081646
nug30,1,PGD,280,0.21172142028808594,8212.0,34.0953625081646
nug30,1,PGD,300,0.2267165184020996,8212.0,34.0953625081646
nug30,1,PGD,320,0.24170923233032227,8212.0,34.0953625081646
nug30,1,PGD,340,0.25672411918640137,8212.0,34.0953625081646
nug30,1,PGD,360,0.2717299461364746,8212.0,34.0953625081646
nug30,1,PGD,380,0.28675413131713867,8212.0,34.0953625081646
nug30,1,PGD,400,0.30175256729125977,8212.0,34.0953625081646
nug30,1,PGD,420,0.31673240661621094,8212.0,34.0953625081646
nug30,1,PGD,440,0.331714391708374,8212.0,34.0953625081646
nug30,1,PGD,460,0.3467533588409424,8212.0,34.0953625081646
nug30,1,PGD,480,0.36174726486206055,8212.0,34.0953625081646
nug30,1,PGD,500,0.376737117767334,8212.0,34.0953625081646
nug30,1,PGD,520,0.39171838760375977,8212.0,34.0953625081646
nug30,1,PGD,540,0.40673351287841797,8212.0,34.0953625081646
nug30,1,PGD,560,0.4217345714569092,8212.0,34.0953625081646
nug30,1,PGD,580,0.436737060546875,8212.0,34.0953625081646
nug30,1,PGD,600,0.4517378807067871,8212.0,34.0953625081646
nug30,1,PGD,620,0.4667181968688965,8212.0,34.0953625081646
nug30,1,PGD,640,0.4817087650299072,8212.0,34.0953625081646
nug30,1,PGD,660,0.4967362880706787,8212.0,34.0953625081646
nug30,1,PGD,680,0.5117290019989014,8212.0,34.0953625081646
nug30,1,PGD,700,0.5267176628112793,8212.0,34.0953625081646
nug30,1,PGD,720,0.5417070388793945,8212.0,34.0953625081646
nug30,1,PGD,740,0.556725025177002,8212.0,34.0953625081646
nug30,1,PGD,760,0.5717203617095947,8212.0,34.0953625081646
nug30,1,PGD,780,0.5867223739624023,8212.0,34.0953625081646
nug30,1,PGD,800,0.6017045974731445,8212.0,34.0953625081646
nug30,1,PGD,820,0.6167044639587402,8212.0,34.0953625081646
nug30,1,PGD,840,0.6317048072814941,8212.0,34.0953625081646
nug30,1,PGD,860,0.6467444896697998,8212.0,34.0953625081646
nug30,1,PGD,880,0.6617469787597656,8212.0,34.0953625081646
nug30,1,PGD,900,0.6767404079437256,8212.0,34.0953625081646
nug30,1,PGD,920,0.691735029220581,8212.0,34.0953625081646
nug30,1,PGD,940,0.7067620754241943,8212.0,34.0953625081646
nug30,1,PGD,960,0.7217686176300049,8212.0,34.0953625081646
nug30,1,PGD,980,0.7367737293243408,8212.0,34.0953625081646
nug30,1,PGD,1000,0.7517712116241455,8212.0,34.0953625081646
nug30,1,PGD,1020,0.7667543888092041,8212.0,34.0953625081646
nug30,1,PGD,1040,0.7817294597625732,8212.0,34.0953625081646
nug30,1,PGD,1060,0.7967538833618164,8212.0,34.0953625081646
nug30,1,PGD,1080,0.8117566108703613,8212.0,34.0953625081646
nug30,1,PGD,1100,0.8267500400543213,8212.0,34.0953625081646
nug30,1,PGD,1120,0.8417313098907471,8212.0,34.0953625081646
nug30,1,PGD,1140,0.8567426204681396,8212.0,34.0953625081646
nug30,1,PGD,1160,0.8717353343963623,8212.0,34.0953625081646
nug30,1,PGD,1180,0.8867459297180176,8212.0,34.0953625081646
nug30,1,PGD,1200,0.9017379283905029,8212.0,34.0953625081646
nug30,1,PGD,1220,0.9167234897613525,8212.0,34.0953625081646
nug30,1,PGD,1240,0.9317207336425781,8212.0,34.0953625081646
nug30,1,PGD,1260,0.9467566013336182,8212.0,34.0953625081646
nug30,1,PGD,1280,0.9617612361907959,8212.0,34.0953625081646
nug30,1,PGD,1300,0.9767434597015381,8212.0,34.0953625081646
nug30,1,PGD,1320,0.9917206764221191,8212.0,34.0953625081646
nug30,1,PGD,1340,1.0067458152770996,8212.0,34.0953625081646
nug30,1,PGD,1360,1.0217564105987549,8212.0,34.0953625081646
nug30,1,PGD,1380,1.0367612838745117,8212.0,34.0953625081646
nug30,1,PGD,1400,1.0517654418945312,8212.0,34.0953625081646
nug30,1,PGD,1420,1.066746711730957,8212.0,34.0953625081646
nug30,1,PGD,1440,1.0817468166351318,8212.0,34.0953625081646
nug30,1,PGD,1460,1.0967857837677002,8212.0,34.0953625081646
nug30,1,PGD,1480,1.1117877960205078,8212.0,34.0953625081646
nug30,1,PGD,1500,1.1267850399017334,8212.0,34.0953625081646
nug30,1,SK,1,0.01630377769470215,8302.0,35.564990202482036
nug30,1,SK,20,0.23241615295410156,7814.0,27.59634225996081
nug30,1,SK,40,0.4566316604614258,7144.0,16.655780535597646
nug30,1,SK,60,0.6852462291717529,7084.0,15.676028739386021
nug30,1,SK,80,0.903834342956543,6850.0,11.854996734160679
nug30,1,SK,100,1.1239945888519287,6784.0,10.77726975832789
nug30,1,SK,120,1.3424208164215088,6776.0,10.646636185499673
nug30,1,SK,140,1.561567783355713,6516.0,6.401045068582626
nug30,1,SK,160,1.7779593467712402,6684.0,9.14435009797518
nug30,1,SK,180,1.9973375797271729,6670.0,8.9157413455258
nug30,1,SK,200,2.2137115001678467,6566.0,7.217504898758981
nug30,1,SK,220,2.434741497039795,6566.0,7.217504898758981
nug30,1,SK,240,2.6510086059570312,6534.0,6.694970607446114
nug30,1,SK,260,2.8720664978027344,6448.0,5.290659699542783
nug30,1,SK,280,3.089501142501831,6434.0,5.062050947093403
nug30,1,SK,300,3.309642791748047,6264.0,2.286087524493795
nug30,1,SK,320,3.5378901958465576,6264.0,2.286087524493795
nug30,1,SK,340,3.7601661682128906,6264.0,2.286087524493795
nug30,1,SK,360,3.976614475250244,6264.0,2.286087524493795
nug30,1,SK,380,4.200109481811523,6260.0,2.2207707380796866
nug30,1,SK,400,4.4169299602508545,6260.0,2.2207707380796866
nug30,1,SK,420,4.639233350753784,6260.0,2.2207707380796866
nug30,1,SK,440,4.8545684814453125,6260.0,2.2207707380796866
nug30,1,SK,460,5.083042144775391,6260.0,2.2207707380796866
nug30,1,SK,480,5.300525903701782,6262.0,2.2534291312867407
nug30,1,SK,500,5.519993305206299,6262.0,2.2534291312867407
nug30,1,SK,520,5.736768960952759,6262.0,2.2534291312867407
nug30,1,SK,540,5.956257104873657,6262.0,2.2534291312867407
nug30,1,SK,560,6.183218955993652,6262.0,2.2534291312867407
nug30,1,SK,580,6.403677225112915,6262.0,2.2534291312867407
nug30,1,SK,600,6.620285511016846,6262.0,2.2534291312867407
nug30,1,SK,620,6.841196298599243,6262.0,2.2534291312867407
nug30,1,SK,640,7.064493894577026,6262.0,2.2534291312867407
nug30,1,SK,660,7.283951997756958,6408.0,4.637491835401699
nug30,1,SK,680,7.502570867538452,6408.0,4.637491835401699
nug30,1,SK,700,7.7217090129852295,6360.0,3.8536903984323976
nug30,1,SK,720,7.940993547439575,6350.0,3.690398432397126
nug30,1,SK,740,8.15735936164856,6412.0,4.702808621815806
nug30,1,SK,760,8.379562377929688,6412.0,4.702808621815806
nug30,1,SK,780,8.596096277236938,6402.0,4.5395166557805355
nug30,1,SK,800,8.818702459335327,6402.0,4.5395166557805355
nug30,1,SK,820,9.035315036773682,6402.0,4.5395166557805355
nug30,1,SK,840,9.25702977180481,6402.0,4.5395166557805355
nug30,1,SK,860,9.475689888000488,6402.0,4.5395166557805355
nug30,1,SK,880,9.694632291793823,6402.0,4.5395166557805355
nug30,1,SK,900,9.91039514541626,6402.0,4.5395166557805355
nug30,1,SK,920,10.131622076034546,6402.0,4.5395166557805355
nug30,1,SK,940,10.357038736343384,6402.0,4.5395166557805355
nug30,1,SK,960,10.576554775238037,6402.0,4.5395166557805355
nug30,1,SK,980,10.79334044456482,6402.0,4.5395166557805355
nug30,1,SK,1000,11.015122413635254,6402.0,4.5395166557805355
nug30,1,SK,1020,11.241653203964233,6402.0,4.5395166557805355
nug30,1,SK,1040,11.463175296783447,6402.0,4.5395166557805355
nug30,1,SK,1060,11.681278705596924,6402.0,4.5395166557805355
nug30,1,SK,1080,11.907868146896362,6402.0,4.5395166557805355
nug30,1,SK,1100,12.131925344467163,6402.0,4.5395166557805355
nug30,1,SK,1120,12.350655317306519,6402.0,4.5395166557805355
nug30,1,SK,1140,12.56969404220581,6402.0,4.5395166557805355
nug30,1,SK,1160,12.799860000610352,6412.0,4.702808621815806
nug30,1,SK,1180,13.017396211624146,6412.0,4.702808621815806
nug30,1,SK,1200,13.237512111663818,6412.0,4.702808621815806
nug30,1,SK,1220,13.454007625579834,6412.0,4.702808621815806
nug30,1,SK,1240,13.672307014465332,6412.0,4.702808621815806
nug30,1,SK,1260,13.888844013214111,6412.0,4.702808621815806
nug30,1,SK,1280,14.111476182937622,6412.0,4.702808621815806
nug30,1,SK,1300,14.328778505325317,6350.0,3.690398432397126
nug30,1,SK,1320,14.547298192977905,6350.0,3.690398432397126
nug30,1,SK,1340,14.767491579055786,6350.0,3.690398432397126
nug30,1,SK,1360,14.98710036277771,6350.0,3.690398432397126
nug30,1,SK,1380,15.212632179260254,6350.0,3.690398432397126
nug30,1,SK,1400,15.432139158248901,6350.0,3.690398432397126
nug30,1,SK,1420,15.65403437614441,6350.0,3.690398432397126
nug30,1,SK,1440,15.870358943939209,6350.0,3.690398432397126
nug30,1,SK,1460,16.090951919555664,6350.0,3.690398432397126
nug30,1,SK,1480,16.318504571914673,6350.0,3.690398432397126
nug30,1,SK,1500,16.538490533828735,6350.0,3.690398432397126
nug30,2,PGD,1,0.002234220504760742,8106.0,32.36446766819073
nug30,2,PGD,20,0.01660466194152832,8286.0,35.3037230568256
nug30,2,PGD,40,0.0317225456237793,8150.0,33.08295231874592
nug30,2,PGD,60,0.046823740005493164,8150.0,33.08295231874592
nug30,2,PGD,80,0.06203126907348633,8212.0,34.0953625081646
nug30,2,PGD,100,0.0772256851196289,8212.0,34.0953625081646
nug30,2,PGD,120,0.0924074649810791,8212.0,34.0953625081646
nug30,2,PGD,140,0.10752749443054199,8212.0,34.0953625081646
nug30,2,PGD,160,0.12272143363952637,8212.0,34.0953625081646
nug30,2,PGD,180,0.13786840438842773,8212.0,34.0953625081646
nug30,2,PGD,200,0.15306758880615234,8212.0,34.0953625081646
nug30,2,PGD,220,0.16819548606872559,8212.0,34.0953625081646
nug30,2,PGD,240,0.18335866928100586,8212.0,34.0953625081646
nug30,2,PGD,260,0.19846057891845703,8212.0,34.0953625081646
nug30,2,PGD,280,0.2136518955230713,8212.0,34.0953625081646
nug30,2,PGD,300,0.22881746292114258,8212.0,34.0953625081646
nug30,2,PGD,320,0.2440183162689209,8212.0,34.0953625081646
nug30,2,PGD,340,0.2591567039489746,8212.0,34.0953625081646
nug30,2,PGD,360,0.2743339538574219,8212.0,34.0953625081646
nug30,2,PGD,380,0.2894785404205322,8212.0,34.0953625081646
nug30,2,PGD,400,0.3046743869781494,8212.0,34.0953625081646
nug30,2,PGD,420,0.31984758377075195,8212.0,34.0953625081646
nug30,2,PGD,440,0.33504796028137207,8212.0,34.0953625081646
nug30,2,PGD,460,0.3501441478729248,8212.0,34.0953625081646
nug30,2,PGD,480,0.3652493953704834,8212.0,34.0953625081646
nug30,2,PGD,500,0.38030004501342773,8212.0,34.0953625081646
nug30,2,PGD,520,0.3954458236694336,8212.0,34.0953625081646
nug30,2,PGD,540,0.4105346202850342,8212.0,34.0953625081646
nug30,2,PGD,560,0.4256706237792969,8212.0,34.0953625081646
nug30,2,PGD,580,0.4407494068145752,8212.0,34.0953625081646
nug30,2,PGD,600,0.4558727741241455,8212.0,34.0953625081646
nug30,2,PGD,620,0.4709358215332031,8212.0,34.0953625081646
nug30,2,PGD,640,0.48609089851379395,8212.0,34.0953625081646
nug30,2,PGD,660,0.5012085437774658,8212.0,34.0953625081646
nug30,2,PGD,680,0.5163705348968506,8212.0,34.0953625081646
nug30,2,PGD,700,0.531470775604248,8212.0,34.0953625081646
nug30,2,PGD,720,0.5466306209564209,8212.0,34.0953625081646
nug30,2,PGD,740,0.5616891384124756,8212.0,34.0953625081646
nug30,2,PGD,760,0.576854944229126,8212.0,34.0953625081646
nug30,2,PGD,780,0.591986894607544,8212.0,34.0953625081646
nug30,2,PGD,800,0.6071631908416748,8212.0,34.0953625081646
nug30,2,PGD,820,0.6222727298736572,8212.0,34.0953625081646
nug30,2,PGD,840,0.637423038482666,8212.0,34.0953625081646
nug30,2,PGD,860,0.6524913311004639,8212.0,34.0953625081646
nug30,2,PGD,880,0.6676366329193115,8212.0,34.0953625081646
nug30,2,PGD,900,0.6827301979064941,8212.0,34.0953625081646
nug30,2,PGD,920,0.6978750228881836,8212.0,34.0953625081646
nug30,2,PGD,940,0.7129435539245605,8212.0,34.0953625081646
nug30,2,PGD,960,0.728071928024292,8212.0,34.0953625081646
nug30,2,PGD,980,0.7431337833404541,8212.0,34.0953625081646
nug30,2,PGD,1000,0.7582602500915527,8212.0,34.0953625081646
nug30,2,PGD,1020,0.7733368873596191,8212.0,34.0953625081646
nug30,2,PGD,1040,0.7884814739227295,8212.0,34.0953625081646
nug30,2,PGD,1060,0.8035705089569092,8212.0,34.0953625081646
nug30,2,PGD,1080,0.8187172412872314,8212.0,34.0953625081646
nug30,2,PGD,1100,0.8337838649749756,8212.0,34.0953625081646
nug30,2,PGD,1120,0.8489284515380859,8212.0,34.0953625081646
nug30,2,PGD,1140,0.8640408515930176,8212.0,34.0953625081646
nug30,2,PGD,1160,0.8791804313659668,8212.0,34.0953625081646
nug30,2,PGD,1180,0.8942720890045166,8212.0,34.0953625081646
nug30,2,PGD,1200,0.9094059467315674,8212.0,34.0953625081646
nug30,2,PGD,1220,0.9244916439056396,8212.0,34.0953625081646
nug30,2,PGD,1240,0.9396460056304932,8212.0,34.0953625081646
nug30,2,PGD,1260,0.9547641277313232,8212.0,34.0953625081646
nug30,2,PGD,1280,0.9699339866638184,8212.0,34.0953625081646
nug30,2,PGD,1300,0.9850091934204102,8212.0,34.0953625081646
nug30,2,PGD,1320,1.0001442432403564,8212.0,34.0953625081646
nug30,2,PGD,1340,1.0151915550231934,8212.0,34.0953625081646
nug30,2,PGD,1360,1.0303137302398682,8212.0,34.0953625081646
nug30,2,PGD,1380,1.0454087257385254,8212.0,34.0953625081646
nug30,2,PGD,1400,1.0605461597442627,8212.0,34.0953625081646
nug30,2,PGD,1420,1.0756018161773682,8212.0,34.0953625081646
nug30,2,PGD,1440,1.0907139778137207,8212.0,34.0953625081646
nug30,2,PGD,1460,1.1057677268981934,8212.0,34.0953625081646
nug30,2,PGD,1480,1.1209251880645752,8212.0,34.0953625081646
nug30,2,PGD,1500,1.1360504627227783,8212.0,34.0953625081646
nug30,2,SK,1,0.0162200927734375,8302.0,35.564990202482036
nug30,2,SK,20,0.23660588264465332,7814.0,27.59634225996081
nug30,2,SK,40,0.4546666145324707,7144.0,16.655780535597646
nug30,2,SK,60,0.6780598163604736,7084.0,15.676028739386021
nug30,2,SK,80,0.8964357376098633,6850.0,11.854996734160679
nug30,2,SK,100,1.1171772480010986,6784.0,10.77726975832789
nug30,2,SK,120,1.336195468902588,6776.0,10.646636185499673
nug30,2,SK,140,1.5607340335845947,6516.0,6.401045068582626
nug30,2,SK,160,1.7773215770721436,6684.0,9.14435009797518
nug30,2,SK,180,1.9984261989593506,6670.0,8.9157413455258
nug30,2,SK,200,2.21590518951416,6566.0,7.217504898758981
nug30,2,SK,220,2.4374847412109375,6566.0,7.217504898758981
nug30,2,SK,240,2.6545426845550537,6534.0,6.694970607446114
nug30,2,SK,260,2.878883123397827,6448.0,5.290659699542783
nug30,2,SK,280,3.098100185394287,6434.0,5.062050947093403
nug30,2,SK,300,3.319892406463623,6264.0,2.286087524493795
nug30,2,SK,320,3.539048194885254,6264.0,2.286087524493795
nug30,2,SK,340,3.759572744369507,6264.0,2.286087524493795
nug30,2,SK,360,3.990196704864502,6264.0,2.286087524493795
nug30,2,SK,380,4.214101314544678,6260.0,2.2207707380796866
nug30,2,SK,400,4.436855316162109,6260.0,2.2207707380796866
nug30,2,SK,420,4.655583620071411,6260.0,2.2207707380796866
nug30,2,SK,440,4.8857715129852295,6260.0,2.2207707380796866
nug30,2,SK,460,5.109819412231445,6260.0,2.2207707380796866
nug30,2,SK,480,5.329338550567627,6262.0,2.2534291312867407
nug30,2,SK,500,5.546539068222046,6262.0,2.2534291312867407
nug30,2,SK,520,5.767115116119385,6262.0,2.2534291312867407
nug30,2,SK,540,5.995672225952148,6262.0,2.2534291312867407
nug30,2,SK,560,6.216642141342163,6262.0,2.2534291312867407
nug30,2,SK,580,6.433000326156616,6262.0,2.2534291312867407
nug30,2,SK,600,6.656137228012085,6262.0,2.2534291312867407
nug30,2,SK,620,6.873574733734131,6262.0,2.2534291312867407
nug30,2,SK,640,7.091691255569458,6262.0,2.2534291312867407
nug30,2,SK,660,7.308107852935791,6408.0,4.637491835401699
nug30,2,SK,680,7.532712459564209,6408.0,4.637491835401699
nug30,2,SK,700,7.749230861663818,6360.0,3.8536903984323976
nug30,2,SK,720,7.970016956329346,6350.0,3.690398432397126
nug30,2,SK,740,8.187288999557495,6412.0,4.702808621815806
nug30,2,SK,760,8.406368970870972,6412.0,4.702808621815806
nug30,2,SK,780,8.623189926147461,6402.0,4.5395166557805355
nug30,2,SK,800,8.844573259353638,6402.0,4.5395166557805355
nug30,2,SK,820,9.061837434768677,6402.0,4.5395166557805355
nug30,2,SK,840,9.282325029373169,6402.0,4.5395166557805355
nug30,2,SK,860,9.50009274482727,6402.0,4.5395166557805355
nug30,2,SK,880,9.720296621322632,6402.0,4.5395166557805355
nug30,2,SK,900,9.946078300476074,6402.0,4.5395166557805355
nug30,2,SK,920,10.16701078414917,6402.0,4.5395166557805355
nug30,2,SK,940,10.387402534484863,6402.0,4.5395166557805355
nug30,2,SK,960,10.608887910842896,6402.0,4.5395166557805355
nug30,2,SK,980,10.82724404335022,6402.0,4.5395166557805355
nug30,2,SK,1000,11.044926881790161,6402.0,4.5395166557805355
nug30,2,SK,1020,11.264107942581177,6402.0,4.5395166557805355
nug30,2,SK,1040,11.48643159866333,6402.0,4.5395166557805355
nug30,2,SK,1060,11.712663412094116,6402.0,4.5395166557805355
nug30,2,SK,1080,11.931551933288574,6402.0,4.5395166557805355
nug30,2,SK,1100,12.151602983474731,6402.0,4.5395166557805355
nug30,2,SK,1120,12.367518424987793,6402.0,4.5395166557805355
nug30,2,SK,1140,12.58768367767334,6402.0,4.5395166557805355
nug30,2,SK,1160,12.809045314788818,6412.0,4.702808621815806
nug30,2,SK,1180,13.029099941253662,6412.0,4.702808621815806
nug30,2,SK,1200,13.245033264160156,6412.0,4.702808621815806
nug30,2,SK,1220,13.466285228729248,6412.0,4.702808621815806
nug30,2,SK,1240,13.683188199996948,6412.0,4.702808621815806
nug30,2,SK,1260,13.902785062789917,6412.0,4.702808621815806
nug30,2,SK,1280,14.118971109390259,6412.0,4.702808621815806
nug30,2,SK,1300,14.342279434204102,6350.0,3.690398432397126
nug30,2,SK,1320,14.568809509277344,6350.0,3.690398432397126
nug30,2,SK,1340,14.788285970687866,6350.0,3.690398432397126
nug30,2,SK,1360,15.006999254226685,6350.0,3.690398432397126
nug30,2,SK,1380,15.22469449043274,6350.0,3.690398432397126
nug30,2,SK,1400,15.440895318984985,6350.0,3.690398432397126
nug30,2,SK,1420,15.661749362945557,6350.0,3.690398432397126
nug30,2,SK,1440,15.880364418029785,6350.0,3.690398432397126
nug30,2,SK,1460,16.099839687347412,6350.0,3.690398432397126
nug30,2,SK,1480,16.316489219665527,6350.0,3.690398432397126
nug30,2,SK,1500,16.536725759506226,6350.0,3.690398432397126
nug30,3,PGD,1,0.0022275447845458984,8106.0,32.36446766819073
nug30,3,PGD,20,0.0165250301361084,8286.0,35.3037230568256
nug30,3,PGD,40,0.031563520431518555,8150.0,33.08295231874592
nug30,3,PGD,60,0.046640872955322266,8150.0,33.08295231874592
nug30,3,PGD,80,0.06176638603210449,8212.0,34.0953625081646
nug30,3,PGD,100,0.07687997817993164,8212.0,34.0953625081646
nug30,3,PGD,120,0.09197568893432617,8212.0,34.0953625081646
nug30,3,PGD,140,0.1070702075958252,8212.0,34.0953625081646
nug30,3,PGD,160,0.12212538719177246,8212.0,34.0953625081646
nug30,3,PGD,180,0.1371924877166748,8212.0,34.0953625081646
nug30,3,PGD,200,0.15224099159240723,8212.0,34.0953625081646
nug30,3,PGD,220,0.16730833053588867,8212.0,34.0953625081646
nug30,3,PGD,240,0.18237042427062988,8212.0,34.0953625081646
nug30,3,PGD,260,0.19744610786437988,8212.0,34.0953625081646
nug30,3,PGD,280,0.21248698234558105,8212.0,34.0953625081646
nug30,3,PGD,300,0.22756314277648926,8212.0,34.0953625081646
nug30,3,PGD,320,0.2426314353942871,8212.0,34.0953625081646
nug30,3,PGD,340,0.2577190399169922,8212.0,34.0953625081646
nug30,3,PGD,360,0.2727789878845215,8212.0,34.0953625081646
nug30,3,PGD,380,0.28783702850341797,8212.0,34.0953625081646
nug30,3,PGD,400,0.3028848171234131,8212.0,34.0953625081646
nug30,3,PGD,420,0.3179631233215332,8212.0,34.0953625081646
nug30,3,PGD,440,0.33303236961364746,8212.0,34.0953625081646
nug30,3,PGD,460,0.34811902046203613,8212.0,34.0953625081646
nug30,3,PGD,480,0.3631606101989746,8212.0,34.0953625081646
nug30,3,PGD,500,0.37817907333374023,8212.0,34.0953625081646
nug30,3,PGD,520,0.3932075500488281,8212.0,34.0953625081646
nug30,3,PGD,540,0.40822863578796387,8212.0,34.0953625081646
nug30,3,PGD,560,0.42322635650634766,8212.0,34.0953625081646
nug30,3,PGD,580,0.43824243545532227,8212.0,34.0953625081646
nug30,3,PGD,600,0.4532651901245117,8212.0,34.0953625081646
nug30,3,PGD,620,0.4682629108428955,8212.0,34.0953625081646
nug30,3,PGD,640,0.4832429885864258,8212.0,34.0953625081646
nug30,3,PGD,660,0.4982471466064453,8212.0,34.0953625081646
nug30,3,PGD,680,0.5132496356964111,8212.0,34.0953625081646
nug30,3,PGD,700,0.5282564163208008,8212.0,34.0953625081646
nug30,3,PGD,720,0.5432586669921875,8212.0,34.0953625081646
nug30,3,PGD,740,0.558253288269043,8212.0,34.0953625081646
nug30,3,PGD,760,0.5732204914093018,8212.0,34.0953625081646
nug30,3,PGD,780,0.5882329940795898,8212.0,34.0953625081646
nug30,3,PGD,800,0.6032390594482422,8212.0,34.0953625081646
nug30,3,PGD,820,0.6182208061218262,8212.0,34.0953625081646
nug30,3,PGD,840,0.633188009262085,8212.0,34.0953625081646
nug30,3,PGD,860,0.6482067108154297,8212.0,34.0953625081646
nug30,3,PGD,880,0.663200855255127,8212.0,34.0953625081646
nug30,3,PGD,900,0.6782126426696777,8212.0,34.0953625081646
nug30,3,PGD,920,0.6932199001312256,8212.0,34.0953625081646
nug30,3,PGD,940,0.7082128524780273,8212.0,34.0953625081646
nug30,3,PGD,960,0.7231757640838623,8212.0,34.0953625081646
nug30,3,PGD,980,0.7381978034973145,8212.0,34.0953625081646
nug30,3,PGD,1000,0.7532148361206055,8212.0,34.0953625081646
nug30,3,PGD,1020,0.7682063579559326,8212.0,34.0953625081646
nug30,3,PGD,1040,0.7831902503967285,8212.0,34.0953625081646
nug30,3,PGD,1060,0.7981996536254883,8212.0,34.0953625081646
nug30,3,PGD,1080,0.8132026195526123,8212.0,34.0953625081646
nug30,3,PGD,1100,0.8282294273376465,8212.0,34.0953625081646
nug30,3,PGD,1120,0.8432676792144775,8212.0,34.0953625081646
nug30,3,PGD,1140,0.8583035469055176,8212.0,34.0953625081646
nug30,3,PGD,1160,0.8732867240905762,8212.0,34.0953625081646
nug30,3,PGD,1180,0.8883068561553955,8212.0,34.0953625081646
nug30,3,PGD,1200,0.903311014175415,8212.0,34.0953625081646
nug30,3,PGD,1220,0.9183170795440674,8212.0,34.0953625081646
nug30,3,PGD,1240,0.9332828521728516,8212.0,34.0953625081646
nug30,3,PGD,1260,0.9482941627502441,8212.0,34.0953625081646
nug30,3,PGD,1280,0.9632856845855713,8212.0,34.0953625081646
nug30,3,PGD,1300,0.9783065319061279,8212.0,34.0953625081646
nug30,3,PGD,1320,0.993302583694458,8212.0,34.0953625081646
nug30,3,PGD,1340,1.0083038806915283,8212.0,34.0953625081646
nug30,3,PGD,1360,1.0232717990875244,8212.0,34.0953625081646
nug30,3,PGD,1380,1.0382742881774902,8212.0,34.0953625081646
nug30,3,PGD,1400,1.0532774925231934,8212.0,34.0953625081646
nug30,3,PGD,1420,1.0682921409606934,8212.0,34.0953625081646
nug30,3,PGD,1440,1.0832569599151611,8212.0,34.0953625081646
nug30,3,PGD,1460,1.0982730388641357,8212.0,34.0953625081646
nug30,3,PGD,1480,1.1132738590240479,8212.0,34.0953625081646
nug30,3,PGD,1500,1.1282799243927002,8212.0,34.0953625081646
nug30,3,SK,1,0.015873193740844727,8302.0,35.564990202482036
nug30,3,SK,20,0.2408437728881836,7814.0,27.59634225996081
nug30,3,SK,40,0.47478199005126953,7144.0,16.655780535597646
nug30,3,SK,60,0.6971714496612549,7084.0,15.676028739386021
nug30,3,SK,80,0.9154014587402344,6850.0,11.854996734160679
nug30,3,SK,100,1.152876853942871,6784.0,10.77726975832789
nug30,3,SK,120,1.371671199798584,6776.0,10.646636185499673
nug30,3,SK,140,1.5960805416107178,6516.0,6.401045068582626
nug30,3,SK,160,1.8144493103027344,6684.0,9.14435009797518
nug30,3,SK,180,2.0328519344329834,6670.0,8.9157413455258
nug30,3,SK,200,2.262637138366699,6566.0,7.217504898758981
nug30,3,SK,220,2.4804933071136475,6566.0,7.217504898758981
nug30,3,SK,240,2.700383424758911,6534.0,6.694970607446114
nug30,3,SK,260,2.917792320251465,6448.0,5.290659699542783
nug30,3,SK,280,3.140305757522583,6434.0,5.062050947093403
nug30,3,SK,300,3.358644723892212,6264.0,2.286087524493795
nug30,3,SK,320,3.5790164470672607,6264.0,2.286087524493795
nug30,3,SK,340,3.7993903160095215,6264.0,2.286087524493795
nug30,3,SK,360,4.029721975326538,6264.0,2.286087524493795
nug30,3,SK,380,4.248528718948364,6260.0,2.2207707380796866
nug30,3,SK,400,4.46616005897522,6260.0,2.2207707380796866
nug30,3,SK,420,4.685845375061035,6260.0,2.2207707380796866
nug30,3,SK,440,4.906636714935303,6260.0,2.2207707380796866
nug30,3,SK,460,5.123546361923218,6260.0,2.2207707380796866
nug30,3,SK,480,5.346459865570068,6262.0,2.2534291312867407
nug30,3,SK,500,5.563601732254028,6262.0,2.2534291312867407
nug30,3,SK,520,5.781920433044434,6262.0,2.2534291312867407
nug30,3,SK,540,5.999340295791626,6262.0,2.2534291312867407
nug30,3,SK,560,6.224147319793701,6262.0,2.2534291312867407
nug30,3,SK,580,6.44156289100647,6262.0,2.2534291312867407
nug30,3,SK,600,6.661941051483154,6262.0,2.2534291312867407
nug30,3,SK,620,6.88077187538147,6262.0,2.2534291312867407
nug30,3,SK,640,7.100772380828857,6262.0,2.2534291312867407
nug30,3,SK,660,7.317944049835205,6408.0,4.637491835401699
nug30,3,SK,680,7.539486885070801,6408.0,4.637491835401699
nug30,3,SK,700,7.758651971817017,6360.0,3.8536903984323976
nug30,3,SK,720,7.977325439453125,6350.0,3.690398432397126
nug30,3,SK,740,8.194478511810303,6412.0,4.702808621815806
nug30,3,SK,760,8.414624452590942,6412.0,4.702808621815806
nug30,3,SK,780,8.630977392196655,6402.0,4.5395166557805355
nug30,3,SK,800,8.84741997718811,6402.0,4.5395166557805355
nug30,3,SK,820,9.06797456741333,6402.0,4.5395166557805355
nug30,3,SK,840,9.28456425666809,6402.0,4.5395166557805355
nug30,3,SK,860,9.504783391952515,6402.0,4.5395166557805355
nug30,3,SK,880,9.721630573272705,6402.0,4.5395166557805355
nug30,3,SK,900,9.943641901016235,6402.0,4.5395166557805355
nug30,3,SK,920,10.160897254943848,6402.0,4.5395166557805355
nug30,3,SK,940,10.381828546524048,6402.0,4.5395166557805355
nug30,3,SK,960,10.598886251449585,6402.0,4.5395166557805355
nug30,3,SK,980,10.819251537322998,6402.0,4.5395166557805355
nug30,3,SK,1000,11.03575325012207,6402.0,4.5395166557805355
nug30,3,SK,1020,11.255302906036377,6402.0,4.5395166557805355
nug30,3,SK,1040,11.472225427627563,6402.0,4.5395166557805355
nug30,3,SK,1060,11.694484233856201,6402.0,4.5395166557805355
nug30,3,SK,1080,11.910890579223633,6402.0,4.5395166557805355
nug30,3,SK,1100,12.131937980651855,6402.0,4.5395166557805355
nug30,3,SK,1120,12.34896969795227,6402.0,4.5395166557805355
nug30,3,SK,1140,12.56822657585144,6402.0,4.5395166557805355
nug30,3,SK,1160,12.785366535186768,6412.0,4.702808621815806
nug30,3,SK,1180,13.007661819458008,6412.0,4.702808621815806
nug30,3,SK,1200,13.223867893218994,6412.0,4.702808621815806
nug30,3,SK,1220,13.450425624847412,6412.0,4.702808621815806
nug30,3,SK,1240,13.670018434524536,6412.0,4.702808621815806
nug30,3,SK,1260,13.888687372207642,6412.0,4.702808621815806
nug30,3,SK,1280,14.104648113250732,6412.0,4.702808621815806
nug30,3,SK,1300,14.325217962265015,6350.0,3.690398432397126
nug30,3,SK,1320,14.543003797531128,6350.0,3.690398432397126
nug30,3,SK,1340,14.761075258255005,6350.0,3.690398432397126
nug30,3,SK,1360,14.97714900970459,6350.0,3.690398432397126
nug30,3,SK,1380,15.199264764785767,6350.0,3.690398432397126
nug30,3,SK,1400,15.421947717666626,6350.0,3.690398432397126
nug30,3,SK,1420,15.640633583068848,6350.0,3.690398432397126
nug30,3,SK,1440,15.860796689987183,6350.0,3.690398432397126
nug30,3,SK,1460,16.07678246498108,6350.0,3.690398432397126
nug30,3,SK,1480,16.297807216644287,6350.0,3.690398432397126
nug30,3,SK,1500,16.51409077644348,6350.0,3.690398432397126
nug30,4,PGD,1,0.0013611316680908203,8106.0,32.36446766819073
nug30,4,PGD,20,0.015764713287353516,8286.0,35.3037230568256
nug30,4,PGD,40,0.030932188034057617,8150.0,33.08295231874592
nug30,4,PGD,60,0.04602384567260742,8150.0,33.08295231874592
nug30,4,PGD,80,0.06128525733947754,8212.0,34.0953625081646
nug30,4,PGD,100,0.07651400566101074,8212.0,34.0953625081646
nug30,4,PGD,120,0.09172844886779785,8212.0,34.0953625081646
nug30,4,PGD,140,0.1068732738494873,8212.0,34.0953625081646
nug30,4,PGD,160,0.12207818031311035,8212.0,34.0953625081646
nug30,4,PGD,180,0.1372520923614502,8212.0,34.0953625081646
nug30,4,PGD,200,0.15246057510375977,8212.0,34.0953625081646
nug30,4,PGD,220,0.16757988929748535,8212.0,34.0953625081646
nug30,4,PGD,240,0.18276476860046387,8212.0,34.0953625081646
nug30,4,PGD,260,0.1978902816772461,8212.0,34.0953625081646
nug30,4,PGD,280,0.21309804916381836,8212.0,34.0953625081646
nug30,4,PGD,300,0.22825932502746582,8212.0,34.0953625081646
nug30,4,PGD,320,0.24344444274902344,8212.0,34.0953625081646
nug30,4,PGD,340,0.2585723400115967,8212.0,34.0953625081646
nug30,4,PGD,360,0.27374911308288574,8212.0,34.0953625081646
nug30,4,PGD,380,0.28885698318481445,8212.0,34.0953625081646
nug30,4,PGD,400,0.30405235290527344,8212.0,34.0953625081646
nug30,4,PGD,420,0.3192119598388672,8212.0,34.0953625081646
nug30,4,PGD,440,0.33440184593200684,8212.0,34.0953625081646
nug30,4,PGD,460,0.34951210021972656,8212.0,34.0953625081646
nug30,4,PGD,480,0.3646562099456787,8212.0,34.0953625081646
nug30,4,PGD,500,0.37972187995910645,8212.0,34.0953625081646
nug30,4,PGD,520,0.39487433433532715,8212.0,34.0953625081646
nug30,4,PGD,540,0.4099457263946533,8212.0,34.0953625081646
nug30,4,PGD,560,0.4250977039337158,8212.0,34.0953625081646
nug30,4,PGD,580,0.4401817321777344,8212.0,34.0953625081646
nug30,4,PGD,600,0.45533132553100586,8212.0,34.0953625081646
nug30,4,PGD,620,0.47041749954223633,8212.0,34.0953625081646
nug30,4,PGD,640,0.4855799674987793,8212.0,34.0953625081646
nug30,4,PGD,660,0.500713586807251,8212.0,34.0953625081646
nug30,4,PGD,680,0.5158841609954834,8212.0,34.0953625081646
nug30,4,PGD,700,0.5309875011444092,8212.0,34.0953625081646
nug30,4,PGD,720,0.5461115837097168,8212.0,34.0953625081646
nug30,4,PGD,740,0.5611886978149414,8212.0,34.0953625081646
nug30,4,PGD,760,0.5763595104217529,8212.0,34.0953625081646
nug30,4,PGD,780,0.5914876461029053,8212.0,34.0953625081646
nug30,4,PGD,800,0.6066627502441406,8212.0,34.0953625081646
nug30,4,PGD,820,0.6217629909515381,8212.0,34.0953625081646
nug30,4,PGD,840,0.6369156837463379,8212.0,34.0953625081646
nug30,4,PGD,860,0.651970386505127,8212.0,34.0953625081646
nug30,4,PGD,880,0.6671011447906494,8212.0,34.0953625081646
nug30,4,PGD,900,0.6821761131286621,8212.0,34.0953625081646
nug30,4,PGD,920,0.6973204612731934,8212.0,34.0953625081646
nug30,4,PGD,940,0.7124073505401611,8212.0,34.0953625081646
nug30,4,PGD,960,0.7275164127349854,8212.0,34.0953625081646
nug30,4,PGD,980,0.7425734996795654,8212.0,34.0953625081646
nug30,4,PGD,1000,0.7577030658721924,8212.0,34.0953625081646
nug30,4,PGD,1020,0.7727980613708496,8212.0,34.0953625081646
nug30,4,PGD,1040,0.7879657745361328,8212.0,34.0953625081646
nug30,4,PGD,1060,0.8030602931976318,8212.0,34.0953625081646
nug30,4,PGD,1080,0.8181953430175781,8212.0,34.0953625081646
nug30,4,PGD,1100,0.8332746028900146,8212.0,34.0953625081646
nug30,4,PGD,1120,0.8484320640563965,8212.0,34.0953625081646
nug30,4,PGD,1140,0.8635499477386475,8212.0,34.0953625081646
nug30,4,PGD,1160,0.8786942958831787,8212.0,34.0953625081646
nug30,4,PGD,1180,0.8937928676605225,8212.0,34.0953625081646
nug30,4,PGD,1200,0.9089467525482178,8212.0,34.0953625081646
nug30,4,PGD,1220,0.9240272045135498,8212.0,34.0953625081646
nug30,4,PGD,1240,0.9392037391662598,8212.0,34.0953625081646
nug30,4,PGD,1260,0.9543190002441406,8212.0,34.0953625081646
nug30,4,PGD,1280,0.9694859981536865,8212.0,34.0953625081646
nug30,4,PGD,1300,0.9845759868621826,8212.0,34.0953625081646
nug30,4,PGD,1320,0.9997084140777588,8212.0,34.0953625081646
nug30,4,PGD,1340,1.0147554874420166,8212.0,34.0953625081646
nug30,4,PGD,1360,1.029883623123169,8212.0,34.0953625081646
nug30,4,PGD,1380,1.04498291015625,8212.0,34.0953625081646
nug30,4,PGD,1400,1.060114860534668,8212.0,34.0953625081646
nug30,4,PGD,1420,1.0751941204071045,8212.0,34.0953625081646
nug30,4,PGD,1440,1.0903081893920898,8212.0,34.0953625081646
nug30,4,PGD,1460,1.1053600311279297,8212.0,34.0953625081646
nug30,4,PGD,1480,1.1205065250396729,8212.0,34.0953625081646
nug30,4,PGD,1500,1.1356399059295654,8212.0,34.0953625081646
nug30,4,SK,1,0.015773534774780273,8302.0,35.564990202482036
nug30,4,SK,20,0.23450708389282227,7814.0,27.59634225996081
nug30,4,SK,40,0.45411062240600586,7144.0,16.655780535597646
nug30,4,SK,60,0.6704339981079102,7084.0,15.676028739386021
nug30,4,SK,80,0.8927080631256104,6850.0,11.854996734160679
nug30,4,SK,100,1.111377477645874,6784.0,10.77726975832789
nug30,4,SK,120,1.332622766494751,6776.0,10.646636185499673
nug30,4,SK,140,1.5603652000427246,6516.0,6.401045068582626
nug30,4,SK,160,1.7831735610961914,6684.0,9.14435009797518
nug30,4,SK,180,1.9994306564331055,6670.0,8.9157413455258
nug30,4,SK,200,2.220032215118408,6566.0,7.217504898758981
nug30,4,SK,220,2.4410641193389893,6566.0,7.217504898758981
nug30,4,SK,240,2.661393880844116,6534.0,6.694970607446114
nug30,4,SK,260,2.8789467811584473,6448.0,5.290659699542783
nug30,4,SK,280,3.0992021560668945,6434.0,5.062050947093403
nug30,4,SK,300,3.3280627727508545,6264.0,2.286087524493795
nug30,4,SK,320,3.5465080738067627,6264.0,2.286087524493795
nug30,4,SK,340,3.763188362121582,6264.0,2.286087524493795
nug30,4,SK,360,3.9859440326690674,6264.0,2.286087524493795
nug30,4,SK,380,4.204687118530273,6260.0,2.2207707380796866
nug30,4,SK,400,4.422579288482666,6260.0,2.2207707380796866
nug30,4,SK,420,4.640003204345703,6260.0,2.2207707380796866
nug30,4,SK,440,4.860067844390869,6260.0,2.2207707380796866
nug30,4,SK,460,5.078894376754761,6260.0,2.2207707380796866
nug30,4,SK,480,5.297579765319824,6262.0,2.2534291312867407
nug30,4,SK,500,5.516075849533081,6262.0,2.2534291312867407
nug30,4,SK,520,5.734708070755005,6262.0,2.2534291312867407
nug30,4,SK,540,5.954522609710693,6262.0,2.2534291312867407
nug30,4,SK,560,6.172962665557861,6262.0,2.2534291312867407
nug30,4,SK,580,6.393896579742432,6262.0,2.2534291312867407
nug30,4,SK,600,6.610302209854126,6262.0,2.2534291312867407
nug30,4,SK,620,6.830345392227173,6262.0,2.2534291312867407
nug30,4,SK,640,7.047590255737305,6262.0,2.2534291312867407
nug30,4,SK,660,7.270460367202759,6408.0,4.637491835401699
nug30,4,SK,680,7.487712860107422,6408.0,4.637491835401699
nug30,4,SK,700,7.710493803024292,6360.0,3.8536903984323976
nug30,4,SK,720,7.926501989364624,6350.0,3.690398432397126
nug30,4,SK,740,8.147425889968872,6412.0,4.702808621815806
nug30,4,SK,760,8.363721132278442,6412.0,4.702808621815806
nug30,4,SK,780,8.583849906921387,6402.0,4.5395166557805355
nug30,4,SK,800,8.799445867538452,6402.0,4.5395166557805355
nug30,4,SK,820,9.01917839050293,6402.0,4.5395166557805355
nug30,4,SK,840,9.238166093826294,6402.0,4.5395166557805355
nug30,4,SK,860,9.46134066581726,6402.0,4.5395166557805355
nug30,4,SK,880,9.677309513092041,6402.0,4.5395166557805355
nug30,4,SK,900,9.89878535270691,6402.0,4.5395166557805355
nug30,4,SK,920,10.116182804107666,6402.0,4.5395166557805355
nug30,4,SK,940,10.336916446685791,6402.0,4.5395166557805355
nug30,4,SK,960,10.554340124130249,6402.0,4.5395166557805355
nug30,4,SK,980,10.774188041687012,6402.0,4.5395166557805355
nug30,4,SK,1000,10.99037766456604,6402.0,4.5395166557805355
nug30,4,SK,1020,11.211284637451172,6402.0,4.5395166557805355
nug30,4,SK,1040,11.429664611816406,6402.0,4.5395166557805355
nug30,4,SK,1060,11.649163722991943,6402.0,4.5395166557805355
nug30,4,SK,1080,11.867197751998901,6402.0,4.5395166557805355
nug30,4,SK,1100,12.08533787727356,6402.0,4.5395166557805355
nug30,4,SK,1120,12.30952787399292,6402.0,4.5395166557805355
nug30,4,SK,1140,12.52832841873169,6402.0,4.5395166557805355
nug30,4,SK,1160,12.747079372406006,6412.0,4.702808621815806
nug30,4,SK,1180,12.96329927444458,6412.0,4.702808621815806
nug30,4,SK,1200,13.184483289718628,6412.0,4.702808621815806
nug30,4,SK,1220,13.401587009429932,6412.0,4.702808621815806
nug30,4,SK,1240,13.618911504745483,6412.0,4.702808621815806
nug30,4,SK,1260,13.839083909988403,6412.0,4.702808621815806
nug30,4,SK,1280,14.059247016906738,6412.0,4.702808621815806
nug30,4,SK,1300,14.276895523071289,6350.0,3.690398432397126
nug30,4,SK,1320,14.498162508010864,6350.0,3.690398432397126
nug30,4,SK,1340,14.714613676071167,6350.0,3.690398432397126
nug30,4,SK,1360,14.931106090545654,6350.0,3.690398432397126
nug30,4,SK,1380,15.1490797996521,6350.0,3.690398432397126
nug30,4,SK,1400,15.374913930892944,6350.0,3.690398432397126
nug30,4,SK,1420,15.591027975082397,6350.0,3.690398432397126
nug30,4,SK,1440,15.810754537582397,6350.0,3.690398432397126
nug30,4,SK,1460,16.027865648269653,6350.0,3.690398432397126
nug30,4,SK,1480,16.247026681900024,6350.0,3.690398432397126
nug30,4,SK,1500,16.464208364486694,6350.0,3.690398432397126
kra30a,0,PGD,1,0.002241849899291992,139330.0,56.726659167604055
kra30a,0,PGD,20,0.017822980880737305,135480.0,52.39595050618673
kra30a,0,PGD,40,0.034148454666137695,133000.0,49.60629921259843
kra30a,0,PGD,60,0.04918956756591797,133000.0,49.60629921259843
kra30a,0,PGD,80,0.06421709060668945,133000.0,49.60629921259843
kra30a,0,PGD,100,0.07929015159606934,133000.0,49.60629921259843
kra30a,0,PGD,120,0.09440135955810547,133000.0,49.60629921259843
kra30a,0,PGD,140,0.10952925682067871,133000.0,49.60629921259843
kra30a,0,PGD,160,0.12459611892700195,133000.0,49.60629921259843
kra30a,0,PGD,180,0.13967370986938477,133000.0,49.60629921259843
kra30a,0,PGD,200,0.1547541618347168,133000.0,49.60629921259843
kra30a,0,PGD,220,0.1698315143585205,133000.0,49.60629921259843
kra30a,0,PGD,240,0.18493247032165527,133000.0,49.60629921259843
kra30a,0,PGD,260,0.1999962329864502,133000.0,49.60629921259843
kra30a,0,PGD,280,0.21505498886108398,133000.0,49.60629921259843
kra30a,0,PGD,300,0.23014068603515625,133000.0,49.60629921259843
kra30a,0,PGD,320,0.24522066116333008,133000.0,49.60629921259843
kra30a,0,PGD,340,0.26032328605651855,133000.0,49.60629921259843
kra30a,0,PGD,360,0.27538585662841797,133000.0,49.60629921259843
kra30a,0,PGD,380,0.2904534339904785,133000.0,49.60629921259843
kra30a,0,PGD,400,0.3054969310760498,133000.0,49.60629921259843
kra30a,0,PGD,420,0.3205528259277344,133000.0,49.60629921259843
kra30a,0,PGD,440,0.33561229705810547,133000.0,49.60629921259843
kra30a,0,PGD,460,0.350696325302124,133000.0,49.60629921259843
kra30a,0,PGD,480,0.36575865745544434,133000.0,49.60629921259843
kra30a,0,PGD,500,0.3808586597442627,133000.0,49.60629921259843
kra30a,0,PGD,520,0.3959331512451172,133000.0,49.60629921259843
kra30a,0,PGD,540,0.4110288619995117,133000.0,49.60629921259843
kra30a,0,PGD,560,0.4261031150817871,133000.0,49.60629921259843
kra30a,0,PGD,580,0.4411756992340088,133000.0,49.60629921259843
kra30a,0,PGD,600,0.4562067985534668,133000.0,49.60629921259843
kra30a,0,PGD,620,0.471221923828125,133000.0,49.60629921259843
kra30a,0,PGD,640,0.48622751235961914,133000.0,49.60629921259843
kra30a,0,PGD,660,0.5012528896331787,133000.0,49.60629921259843
kra30a,0,PGD,680,0.5162692070007324,133000.0,49.60629921259843
kra30a,0,PGD,700,0.5312943458557129,133000.0,49.60629921259843
kra30a,0,PGD,720,0.546271562576294,133000.0,49.60629921259843
kra30a,0,PGD,740,0.5612831115722656,133000.0,49.60629921259843
kra30a,0,PGD,760,0.5762917995452881,133000.0,49.60629921259843
kra30a,0,PGD,780,0.5913312435150146,133000.0,49.60629921259843
kra30a,0,PGD,800,0.6063084602355957,133000.0,49.60629921259843
kra30a,0,PGD,820,0.6213161945343018,133000.0,49.60629921259843
kra30a,0,PGD,840,0.6363296508789062,133000.0,49.60629921259843
kra30a,0,PGD,860,0.6513476371765137,133000.0,49.60629921259843
kra30a,0,PGD,880,0.6663553714752197,133000.0,49.60629921259843
kra30a,0,PGD,900,0.6814103126525879,133000.0,49.60629921259843
kra30a,0,PGD,920,0.6964035034179688,133000.0,49.60629921259843
kra30a,0,PGD,940,0.7113974094390869,133000.0,49.60629921259843
kra30a,0,PGD,960,0.7263972759246826,133000.0,49.60629921259843
kra30a,0,PGD,980,0.7414205074310303,133000.0,49.60629921259843
kra30a,0,PGD,1000,0.7564206123352051,133000.0,49.60629921259843
kra30a,0,PGD,1020,0.7714071273803711,133000.0,49.60629921259843
kra30a,0,PGD,1040,0.7864069938659668,133000.0,49.60629921259843
kra30a,0,PGD,1060,0.8014175891876221,133000.0,49.60629921259843
kra30a,0,PGD,1080,0.8164050579071045,133000.0,49.60629921259843
kra30a,0,PGD,1100,0.831444263458252,133000.0,49.60629921259843
kra30a,0,PGD,1120,0.8464298248291016,133000.0,49.60629921259843
kra30a,0,PGD,1140,0.8614587783813477,133000.0,49.60629921259843
kra30a,0,PGD,1160,0.8765106201171875,133000.0,49.60629921259843
kra30a,0,PGD,1180,0.89170241355896,133000.0,49.60629921259843
kra30a,0,PGD,1200,0.9068684577941895,133000.0,49.60629921259843
kra30a,0,PGD,1220,0.9220380783081055,133000.0,49.60629921259843
kra30a,0,PGD,1240,0.9371938705444336,133000.0,49.60629921259843
kra30a,0,PGD,1260,0.9523751735687256,133000.0,49.60629921259843
kra30a,0,PGD,1280,0.9675161838531494,133000.0,49.60629921259843
kra30a,0,PGD,1300,0.982677698135376,133000.0,49.60629921259843
kra30a,0,PGD,1320,0.997819185256958,133000.0,49.60629921259843
kra30a,0,PGD,1340,1.0129659175872803,133000.0,49.60629921259843
kra30a,0,PGD,1360,1.0280218124389648,133000.0,49.60629921259843
kra30a,0,PGD,1380,1.0431113243103027,133000.0,49.60629921259843
kra30a,0,PGD,1400,1.0582106113433838,133000.0,49.60629921259843
kra30a,0,PGD,1420,1.0733366012573242,133000.0,49.60629921259843
kra30a,0,PGD,1440,1.0884411334991455,133000.0,49.60629921259843
kra30a,0,PGD,1460,1.1035301685333252,133000.0,49.60629921259843
kra30a,0,PGD,1480,1.1185917854309082,133000.0,49.60629921259843
kra30a,0,PGD,1500,1.133692979812622,133000.0,49.60629921259843
kra30a,0,SK,1,0.01941537857055664,141370.0,59.021372328458945
kra30a,0,SK,20,0.23349881172180176,118110.0,32.857142857142854
kra30a,0,SK,40,0.45570921897888184,111260.0,25.151856017997748
kra30a,0,SK,60,0.6724975109100342,111450.0,25.365579302587175
kra30a,0,SK,80,0.894289493560791,104890.0,17.98650168728909
kra30a,0,SK,100,1.1241493225097656,100790.0,13.374578177727784
kra30a,0,SK,120,1.370781421661377,98150.0,10.404949381327334
kra30a,0,SK,140,1.5908808708190918,97750.0,9.955005624296962
kra30a,0,SK,160,1.8173809051513672,95350.0,7.255343082114736
kra30a,0,SK,180,2.035200595855713,95050.0,6.917885264341956
kra30a,0,SK,200,2.254042863845825,95850.0,7.8177727784027
kra30a,0,SK,220,2.471371650695801,92650.0,4.21822272215973
kra30a,0,SK,240,2.690843105316162,92650.0,4.21822272215973
kra30a,0,SK,260,2.9087367057800293,92650.0,4.21822272215973
kra30a,0,SK,280,3.124436616897583,92650.0,4.21822272215973
kra30a,0,SK,300,3.346590995788574,92650.0,4.21822272215973
kra30a,0,SK,320,3.564923048019409,92550.0,4.105736782902137
kra30a,0,SK,340,3.785403251647949,92550.0,4.105736782902137
kra30a,0,SK,360,4.002132415771484,92550.0,4.105736782902137
kra30a,0,SK,380,4.22446346282959,92550.0,4.105736782902137
kra30a,0,SK,400,4.440823793411255,92550.0,4.105736782902137
kra30a,0,SK,420,4.6588897705078125,92550.0,4.105736782902137
kra30a,0,SK,440,4.876648426055908,92550.0,4.105736782902137
kra30a,0,SK,460,5.097560405731201,92550.0,4.105736782902137
kra30a,0,SK,480,5.314073085784912,92550.0,4.105736782902137
kra30a,0,SK,500,5.534566640853882,92790.0,4.37570303712036
kra30a,0,SK,520,5.751091480255127,92790.0,4.37570303712036
kra30a,0,SK,540,5.970000982284546,94550.0,6.355455568053993
kra30a,0,SK,560,6.1862099170684814,94650.0,6.467941507311586
kra30a,0,SK,580,6.4081645011901855,94750.0,6.580427446569178
kra30a,0,SK,600,6.6246678829193115,94750.0,6.580427446569178
kra30a,0,SK,620,6.845849514007568,94750.0,6.580427446569178
kra30a,0,SK,640,7.06345009803772,94750.0,6.580427446569178
kra30a,0,SK,660,7.282258987426758,94750.0,6.580427446569178
kra30a,0,SK,680,7.4991865158081055,94750.0,6.580427446569178
kra30a,0,SK,700,7.72009015083313,94750.0,6.580427446569178
kra30a,0,SK,720,7.93862771987915,94750.0,6.580427446569178
kra30a,0,SK,740,8.15976881980896,94750.0,6.580427446569178
kra30a,0,SK,760,8.376549243927002,94750.0,6.580427446569178
kra30a,0,SK,780,8.597476720809937,94750.0,6.580427446569178
kra30a,0,SK,800,8.816204071044922,94750.0,6.580427446569178
kra30a,0,SK,820,9.034812450408936,94750.0,6.580427446569178
kra30a,0,SK,840,9.252387523651123,94750.0,6.580427446569178
kra30a,0,SK,860,9.47547459602356,94750.0,6.580427446569178
kra30a,0,SK,880,9.691620349884033,94750.0,6.580427446569178
kra30a,0,SK,900,9.908292770385742,94750.0,6.580427446569178
kra30a,0,SK,920,10.137311697006226,94750.0,6.580427446569178
kra30a,0,SK,940,10.354734420776367,94750.0,6.580427446569178
kra30a,0,SK,960,10.574887752532959,94750.0,6.580427446569178
kra30a,0,SK,980,10.791794538497925,94750.0,6.580427446569178
kra30a,0,SK,1000,11.012737274169922,94750.0,6.580427446569178
kra30a,0,SK,1020,11.23149847984314,94750.0,6.580427446569178
kra30a,0,SK,1040,11.45200490951538,92680.0,4.251968503937007
kra30a,0,SK,1060,11.669803142547607,93080.0,4.701912260967379
kra30a,0,SK,1080,11.889559507369995,93080.0,4.701912260967379
kra30a,0,SK,1100,12.106218576431274,93080.0,4.701912260967379
kra30a,0,SK,1120,12.324700355529785,93080.0,4.701912260967379
kra30a,0,SK,1140,12.542824268341064,93080.0,4.701912260967379
kra30a,0,SK,1160,12.762049198150635,92680.0,4.251968503937007
kra30a,0,SK,1180,12.978021621704102,94750.0,6.580427446569178
kra30a,0,SK,1200,13.200598955154419,94750.0,6.580427446569178
kra30a,0,SK,1220,13.417588233947754,94750.0,6.580427446569178
kra30a,0,SK,1240,13.635321617126465,94750.0,6.580427446569178
kra30a,0,SK,1260,13.85342526435852,94750.0,6.580427446569178
kra30a,0,SK,1280,14.075441837310791,94750.0,6.580427446569178
kra30a,0,SK,1300,14.292634010314941,94750.0,6.580427446569178
kra30a,0,SK,1320,14.512884855270386,94750.0,6.580427446569178
kra30a,0,SK,1340,14.736594676971436,94750.0,6.580427446569178
kra30a,0,SK,1360,14.954186916351318,94750.0,6.580427446569178
kra30a,0,SK,1380,15.170606851577759,94750.0,6.580427446569178
kra30a,0,SK,1400,15.390827655792236,94750.0,6.580427446569178
kra30a,0,SK,1420,15.609876155853271,94750.0,6.580427446569178
kra30a,0,SK,1440,15.82930326461792,93080.0,4.701912260967379
kra30a,0,SK,1460,16.046797037124634,93080.0,4.701912260967379
kra30a,0,SK,1480,16.265148639678955,93080.0,4.701912260967379
kra30a,0,SK,1500,16.482731103897095,93080.0,4.701912260967379
kra30a,1,PGD,1,0.002254009246826172,139330.0,56.726659167604055
kra30a,1,PGD,20,0.0179290771484375,135480.0,52.39595050618673
kra30a,1,PGD,40,0.03437995910644531,133000.0,49.60629921259843
kra30a,1,PGD,60,0.04945707321166992,133000.0,49.60629921259843
kra30a,1,PGD,80,0.06458616256713867,133000.0,49.60629921259843
kra30a,1,PGD,100,0.07979559898376465,133000.0,49.60629921259843
kra30a,1,PGD,120,0.09503293037414551,133000.0,49.60629921259843
kra30a,1,PGD,140,0.11021280288696289,133000.0,49.60629921259843
kra30a,1,PGD,160,0.1254289150238037,133000.0,49.60629921259843
kra30a,1,PGD,180,0.14061212539672852,133000.0,49.60629921259843
kra30a,1,PGD,200,0.15584897994995117,133000.0,49.60629921259843
kra30a,1,PGD,220,0.17098212242126465,133000.0,49.60629921259843
kra30a,1,PGD,240,0.18618535995483398,133000.0,49.60629921259843
kra30a,1,PGD,260,0.20134234428405762,133000.0,49.60629921259843
kra30a,1,PGD,280,0.21654820442199707,133000.0,49.60629921259843
kra30a,1,PGD,300,0.231734037399292,133000.0,49.60629921259843
kra30a,1,PGD,320,0.24693965911865234,133000.0,49.60629921259843
kra30a,1,PGD,340,0.2620964050292969,133000.0,49.60629921259843
kra30a,1,PGD,360,0.27728962898254395,133000.0,49.60629921259843
kra30a,1,PGD,380,0.2924180030822754,133000.0,49.60629921259843
kra30a,1,PGD,400,0.3076157569885254,133000.0,49.60629921259843
kra30a,1,PGD,420,0.32277536392211914,133000.0,49.60629921259843
kra30a,1,PGD,440,0.3379826545715332,133000.0,49.60629921259843
kra30a,1,PGD,460,0.35312414169311523,133000.0,49.60629921259843
kra30a,1,PGD,480,0.3683140277862549,133000.0,49.60629921259843
kra30a,1,PGD,500,0.3834395408630371,133000.0,49.60629921259843
kra30a,1,PGD,520,0.3986334800720215,133000.0,49.60629921259843
kra30a,1,PGD,540,0.4137907028198242,133000.0,49.60629921259843
kra30a,1,PGD,560,0.42900753021240234,133000.0,49.60629921259843
kra30a,1,PGD,580,0.4441673755645752,133000.0,49.60629921259843
kra30a,1,PGD,600,0.4593782424926758,133000.0,49.60629921259843
kra30a,1,PGD,620,0.47447776794433594,133000.0,49.60629921259843
kra30a,1,PGD,640,0.48962903022766113,133000.0,49.60629921259843
kra30a,1,PGD,660,0.504753589630127,133000.0,49.60629921259843
kra30a,1,PGD,680,0.5199263095855713,133000.0,49.60629921259843
kra30a,1,PGD,700,0.5350217819213867,133000.0,49.60629921259843
kra30a,1,PGD,720,0.5501546859741211,133000.0,49.60629921259843
kra30a,1,PGD,740,0.5652062892913818,133000.0,49.60629921259843
kra30a,1,PGD,760,0.5803380012512207,133000.0,49.60629921259843
kra30a,1,PGD,780,0.5954327583312988,133000.0,49.60629921259843
kra30a,1,PGD,800,0.6105787754058838,133000.0,49.60629921259843
kra30a,1,PGD,820,0.625687837600708,133000.0,49.60629921259843
kra30a,1,PGD,840,0.6408014297485352,133000.0,49.60629921259843
kra30a,1,PGD,860,0.6558685302734375,133000.0,49.60629921259843
kra30a,1,PGD,880,0.6710145473480225,133000.0,49.60629921259843
kra30a,1,PGD,900,0.6861133575439453,133000.0,49.60629921259843
kra30a,1,PGD,920,0.7012910842895508,133000.0,49.60629921259843
kra30a,1,PGD,940,0.7164044380187988,133000.0,49.60629921259843
kra30a,1,PGD,960,0.7315459251403809,133000.0,49.60629921259843
kra30a,1,PGD,980,0.7466323375701904,133000.0,49.60629921259843
kra30a,1,PGD,1000,0.7618043422698975,133000.0,49.60629921259843
kra30a,1,PGD,1020,0.776930570602417,133000.0,49.60629921259843
kra30a,1,PGD,1040,0.7920901775360107,133000.0,49.60629921259843
kra30a,1,PGD,1060,0.8071954250335693,133000.0,49.60629921259843
kra30a,1,PGD,1080,0.8223423957824707,133000.0,49.60629921259843
kra30a,1,PGD,1100,0.8374195098876953,133000.0,49.60629921259843
kra30a,1,PGD,1120,0.852593183517456,133000.0,49.60629921259843
kra30a,1,PGD,1140,0.8677117824554443,133000.0,49.60629921259843
kra30a,1,PGD,1160,0.882875919342041,133000.0,49.60629921259843
kra30a,1,PGD,1180,0.8980574607849121,133000.0,49.60629921259843
kra30a,1,PGD,1200,0.9132981300354004,133000.0,49.60629921259843
kra30a,1,PGD,1220,0.9284863471984863,133000.0,49.60629921259843
kra30a,1,PGD,1240,0.9437384605407715,133000.0,49.60629921259843
kra30a,1,PGD,1260,0.9589362144470215,133000.0,49.60629921259843
kra30a,1,PGD,1280,0.9741835594177246,133000.0,49.60629921259843
kra30a,1,PGD,1300,0.9893360137939453,133000.0,49.60629921259843
kra30a,1,PGD,1320,1.004533290863037,133000.0,49.60629921259843
kra30a,1,PGD,1340,1.0196664333343506,133000.0,49.60629921259843
kra30a,1,PGD,1360,1.0348823070526123,133000.0,49.60629921259843
kra30a,1,PGD,1380,1.050046443939209,133000.0,49.60629921259843
kra30a,1,PGD,1400,1.0652401447296143,133000.0,49.60629921259843
kra30a,1,PGD,1420,1.0803859233856201,133000.0,49.60629921259843
kra30a,1,PGD,1440,1.0955848693847656,133000.0,49.60629921259843
kra30a,1,PGD,1460,1.1107208728790283,133000.0,49.60629921259843
kra30a,1,PGD,1480,1.125960111618042,133000.0,49.60629921259843
kra30a,1,PGD,1500,1.141183853149414,133000.0,49.60629921259843
kra30a,1,SK,1,0.020623445510864258,141370.0,59.021372328458945
kra30a,1,SK,20,0.23209047317504883,118110.0,32.857142857142854
kra30a,1,SK,40,0.45323801040649414,111260.0,25.151856017997748
kra30a,1,SK,60,0.6769466400146484,111450.0,25.365579302587175
kra30a,1,SK,80,0.8956239223480225,104890.0,17.98650168728909
kra30a,1,SK,100,1.118300437927246,100790.0,13.374578177727784
kra30a,1,SK,120,1.3372154235839844,98150.0,10.404949381327334
kra30a,1,SK,140,1.5674388408660889,97750.0,9.955005624296962
kra30a,1,SK,160,1.7852423191070557,95350.0,7.255343082114736
kra30a,1,SK,180,2.007697820663452,95050.0,6.917885264341956
kra30a,1,SK,200,2.224937915802002,95850.0,7.8177727784027
kra30a,1,SK,220,2.4464662075042725,92650.0,4.21822272215973
kra30a,1,SK,240,2.6648762226104736,92650.0,4.21822272215973
kra30a,1,SK,260,2.8862946033477783,92650.0,4.21822272215973
kra30a,1,SK,280,3.1051185131073,92650.0,4.21822272215973
kra30a,1,SK,300,3.325143337249756,92650.0,4.21822272215973
kra30a,1,SK,320,3.544724225997925,92550.0,4.105736782902137
kra30a,1,SK,340,3.7649216651916504,92550.0,4.105736782902137
kra30a,1,SK,360,3.9815845489501953,92550.0,4.105736782902137
kra30a,1,SK,380,4.202507257461548,92550.0,4.105736782902137
kra30a,1,SK,400,4.419213056564331,92550.0,4.105736782902137
kra30a,1,SK,420,4.646682024002075,92550.0,4.105736782902137
kra30a,1,SK,440,4.863635540008545,92550.0,4.105736782902137
kra30a,1,SK,460,5.086552619934082,92550.0,4.105736782902137
kra30a,1,SK,480,5.303091049194336,92550.0,4.105736782902137
kra30a,1,SK,500,5.521404981613159,92790.0,4.37570303712036
kra30a,1,SK,520,5.7394585609436035,92790.0,4.37570303712036
kra30a,1,SK,540,5.958858013153076,94550.0,6.355455568053993
kra30a,1,SK,560,6.175938606262207,94650.0,6.467941507311586
kra30a,1,SK,580,6.394113540649414,94750.0,6.580427446569178
kra30a,1,SK,600,6.613560438156128,94750.0,6.580427446569178
kra30a,1,SK,620,6.831207990646362,94750.0,6.580427446569178
kra30a,1,SK,640,7.052209138870239,94750.0,6.580427446569178
kra30a,1,SK,660,7.270592212677002,94750.0,6.580427446569178
kra30a,1,SK,680,7.489301443099976,94750.0,6.580427446569178
kra30a,1,SK,700,7.705949783325195,94750.0,6.580427446569178
kra30a,1,SK,720,7.927387952804565,94750.0,6.580427446569178
kra30a,1,SK,740,8.14525842666626,94750.0,6.580427446569178
kra30a,1,SK,760,8.364661693572998,94750.0,6.580427446569178
kra30a,1,SK,780,8.581637382507324,94750.0,6.580427446569178
kra30a,1,SK,800,8.803545236587524,94750.0,6.580427446569178
kra30a,1,SK,820,9.023051738739014,94750.0,6.580427446569178
kra30a,1,SK,840,9.24326205253601,94750.0,6.580427446569178
kra30a,1,SK,860,9.460707902908325,94750.0,6.580427446569178
kra30a,1,SK,880,9.688415050506592,94750.0,6.580427446569178
kra30a,1,SK,900,9.90525770187378,94750.0,6.580427446569178
kra30a,1,SK,920,10.132691383361816,94750.0,6.580427446569178
kra30a,1,SK,940,10.356308698654175,94750.0,6.580427446569178
kra30a,1,SK,960,10.578912734985352,94750.0,6.580427446569178
kra30a,1,SK,980,10.795658826828003,94750.0,6.580427446569178
kra30a,1,SK,1000,11.02796983718872,94750.0,6.580427446569178
kra30a,1,SK,1020,11.247876405715942,94750.0,6.580427446569178
kra30a,1,SK,1040,11.468952894210815,92680.0,4.251968503937007
kra30a,1,SK,1060,11.685985088348389,93080.0,4.701912260967379
kra30a,1,SK,1080,11.906525611877441,93080.0,4.701912260967379
kra30a,1,SK,1100,12.124170064926147,93080.0,4.701912260967379
kra30a,1,SK,1120,12.354005098342896,93080.0,4.701912260967379
kra30a,1,SK,1140,12.572464227676392,93080.0,4.701912260967379
kra30a,1,SK,1160,12.80963683128357,92680.0,4.251968503937007
kra30a,1,SK,1180,13.028178930282593,94750.0,6.580427446569178
kra30a,1,SK,1200,13.252975702285767,94750.0,6.580427446569178
kra30a,1,SK,1220,13.483163595199585,94750.0,6.580427446569178
kra30a,1,SK,1240,13.70041036605835,94750.0,6.580427446569178
kra30a,1,SK,1260,13.922141075134277,94750.0,6.580427446569178
kra30a,1,SK,1280,14.13940691947937,94750.0,6.580427446569178
kra30a,1,SK,1300,14.36158275604248,94750.0,6.580427446569178
kra30a,1,SK,1320,14.577540636062622,94750.0,6.580427446569178
kra30a,1,SK,1340,14.797471046447754,94750.0,6.580427446569178
kra30a,1,SK,1360,15.017746686935425,94750.0,6.580427446569178
kra30a,1,SK,1380,15.238151550292969,94750.0,6.580427446569178
kra30a,1,SK,1400,15.455194234848022,94750.0,6.580427446569178
kra30a,1,SK,1420,15.713343858718872,94750.0,6.580427446569178
kra30a,1,SK,1440,15.932563543319702,93080.0,4.701912260967379
kra30a,1,SK,1460,16.1503267288208,93080.0,4.701912260967379
kra30a,1,SK,1480,16.367858409881592,93080.0,4.701912260967379
kra30a,1,SK,1500,16.590816259384155,93080.0,4.701912260967379
kra30a,2,PGD,1,0.0022323131561279297,139330.0,56.726659167604055
kra30a,2,PGD,20,0.017809629440307617,135480.0,52.39595050618673
kra30a,2,PGD,40,0.03415560722351074,133000.0,49.60629921259843
kra30a,2,PGD,60,0.04919934272766113,133000.0,49.60629921259843
kra30a,2,PGD,80,0.06424856185913086,133000.0,49.60629921259843
kra30a,2,PGD,100,0.07929229736328125,133000.0,49.60629921259843
kra30a,2,PGD,120,0.09438204765319824,133000.0,49.60629921259843
kra30a,2,PGD,140,0.10947084426879883,133000.0,49.60629921259843
kra30a,2,PGD,160,0.12455320358276367,133000.0,49.60629921259843
kra30a,2,PGD,180,0.13964509963989258,133000.0,49.60629921259843
kra30a,2,PGD,200,0.15471100807189941,133000.0,49.60629921259843
kra30a,2,PGD,220,0.16984009742736816,133000.0,49.60629921259843
kra30a,2,PGD,240,0.1849517822265625,133000.0,49.60629921259843
kra30a,2,PGD,260,0.20005273818969727,133000.0,49.60629921259843
kra30a,2,PGD,280,0.21515512466430664,133000.0,49.60629921259843
kra30a,2,PGD,300,0.2302570343017578,133000.0,49.60629921259843
kra30a,2,PGD,320,0.24534845352172852,133000.0,49.60629921259843
kra30a,2,PGD,340,0.26044321060180664,133000.0,49.60629921259843
kra30a,2,PGD,360,0.2755293846130371,133000.0,49.60629921259843
kra30a,2,PGD,380,0.290602445602417,133000.0,49.60629921259843
kra30a,2,PGD,400,0.3056511878967285,133000.0,49.60629921259843
kra30a,2,PGD,420,0.32073068618774414,133000.0,49.60629921259843
kra30a,2,PGD,440,0.3357968330383301,133000.0,49.60629921259843
kra30a,2,PGD,460,0.3508892059326172,133000.0,49.60629921259843
kra30a,2,PGD,480,0.36594605445861816,133000.0,49.60629921259843
kra30a,2,PGD,500,0.3810384273529053,133000.0,49.60629921259843
kra30a,2,PGD,520,0.39612412452697754,133000.0,49.60629921259843
kra30a,2,PGD,540,0.41122913360595703,133000.0,49.60629921259843
kra30a,2,PGD,560,0.4263033866882324,133000.0,49.60629921259843
kra30a,2,PGD,580,0.44136738777160645,133000.0,49.60629921259843
kra30a,2,PGD,600,0.4564194679260254,133000.0,49.60629921259843
kra30a,2,PGD,620,0.47150087356567383,133000.0,49.60629921259843
kra30a,2,PGD,640,0.4865272045135498,133000.0,49.60629921259843
kra30a,2,PGD,660,0.5015532970428467,133000.0,49.60629921259843
kra30a,2,PGD,680,0.5165491104125977,133000.0,49.60629921259843
kra30a,2,PGD,700,0.5315792560577393,133000.0,49.60629921259843
kra30a,2,PGD,720,0.546576738357544,133000.0,49.60629921259843
kra30a,2,PGD,740,0.5615828037261963,133000.0,49.60629921259843
kra30a,2,PGD,760,0.5765914916992188,133000.0,49.60629921259843
kra30a,2,PGD,780,0.5916316509246826,133000.0,49.60629921259843
kra30a,2,PGD,800,0.6066315174102783,133000.0,49.60629921259843
kra30a,2,PGD,820,0.6216320991516113,133000.0,49.60629921259843
kra30a,2,PGD,840,0.6366257667541504,133000.0,49.60629921259843
kra30a,2,PGD,860,0.6516621112823486,133000.0,49.60629921259843
kra30a,2,PGD,880,0.6666402816772461,133000.0,49.60629921259843
kra30a,2,PGD,900,0.6816408634185791,133000.0,49.60629921259843
kra30a,2,PGD,920,0.6966433525085449,133000.0,49.60629921259843
kra30a,2,PGD,940,0.7116255760192871,133000.0,49.60629921259843
kra30a,2,PGD,960,0.7266120910644531,133000.0,49.60629921259843
kra30a,2,PGD,980,0.7416427135467529,133000.0,49.60629921259843
kra30a,2,PGD,1000,0.7566432952880859,133000.0,49.60629921259843
kra30a,2,PGD,1020,0.771625280380249,133000.0,49.60629921259843
kra30a,2,PGD,1040,0.787402868270874,133000.0,49.60629921259843
kra30a,2,PGD,1060,0.8024513721466064,133000.0,49.60629921259843
kra30a,2,PGD,1080,0.8174738883972168,133000.0,49.60629921259843
kra30a,2,PGD,1100,0.8324918746948242,133000.0,49.60629921259843
kra30a,2,PGD,1120,0.8475124835968018,133000.0,49.60629921259843
kra30a,2,PGD,1140,0.8625550270080566,133000.0,49.60629921259843
kra30a,2,PGD,1160,0.877638578414917,133000.0,49.60629921259843
kra30a,2,PGD,1180,0.8928072452545166,133000.0,49.60629921259843
kra30a,2,PGD,1200,0.9079480171203613,133000.0,49.60629921259843
kra30a,2,PGD,1220,0.9230999946594238,133000.0,49.60629921259843
kra30a,2,PGD,1240,0.9382545948028564,133000.0,49.60629921259843
kra30a,2,PGD,1260,0.9534258842468262,133000.0,49.60629921259843
kra30a,2,PGD,1280,0.9685630798339844,133000.0,49.60629921259843
kra30a,2,PGD,1300,0.983722448348999,133000.0,49.60629921259843
kra30a,2,PGD,1320,0.9988653659820557,133000.0,49.60629921259843
kra30a,2,PGD,1340,1.0139222145080566,133000.0,49.60629921259843
kra30a,2,PGD,1360,1.0289697647094727,133000.0,49.60629921259843
kra30a,2,PGD,1380,1.0440666675567627,133000.0,49.60629921259843
kra30a,2,PGD,1400,1.059159755706787,133000.0,49.60629921259843
kra30a,2,PGD,1420,1.0742828845977783,133000.0,49.60629921259843
kra30a,2,PGD,1440,1.0893840789794922,133000.0,49.60629921259843
kra30a,2,PGD,1460,1.1045126914978027,133000.0,49.60629921259843
kra30a,2,PGD,1480,1.119616985321045,133000.0,49.60629921259843
kra30a,2,PGD,1500,1.134700059890747,133000.0,49.60629921259843
kra30a,2,SK,1,0.014297962188720703,141370.0,59.021372328458945
kra30a,2,SK,20,0.24748539924621582,118110.0,32.857142857142854
kra30a,2,SK,40,0.465317964553833,111260.0,25.151856017997748
kra30a,2,SK,60,0.6942064762115479,111450.0,25.365579302587175
kra30a,2,SK,80,0.9102554321289062,104890.0,17.98650168728909
kra30a,2,SK,100,1.1322031021118164,100790.0,13.374578177727784
kra30a,2,SK,120,1.3538179397583008,98150.0,10.404949381327334
kra30a,2,SK,140,1.5752794742584229,97750.0,9.955005624296962
kra30a,2,SK,160,1.7936286926269531,95350.0,7.255343082114736
kra30a,2,SK,180,2.015040397644043,95050.0,6.917885264341956
kra30a,2,SK,200,2.234234571456909,95850.0,7.8177727784027
kra30a,2,SK,220,2.4540951251983643,92650.0,4.21822272215973
kra30a,2,SK,240,2.6739540100097656,92650.0,4.21822272215973
kra30a,2,SK,260,2.8942689895629883,92650.0,4.21822272215973
kra30a,2,SK,280,3.110283136367798,92650.0,4.21822272215973
kra30a,2,SK,300,3.328953504562378,92650.0,4.21822272215973
kra30a,2,SK,320,3.5490550994873047,92550.0,4.105736782902137
kra30a,2,SK,340,3.7699079513549805,92550.0,4.105736782902137
kra30a,2,SK,360,3.9900522232055664,92550.0,4.105736782902137
kra30a,2,SK,380,4.20835542678833,92550.0,4.105736782902137
kra30a,2,SK,400,4.428006410598755,92550.0,4.105736782902137
kra30a,2,SK,420,4.653313636779785,92550.0,4.105736782902137
kra30a,2,SK,440,4.875333309173584,92550.0,4.105736782902137
kra30a,2,SK,460,5.091717720031738,92550.0,4.105736782902137
kra30a,2,SK,480,5.31403660774231,92550.0,4.105736782902137
kra30a,2,SK,500,5.530521631240845,92790.0,4.37570303712036
kra30a,2,SK,520,5.748554468154907,92790.0,4.37570303712036
kra30a,2,SK,540,5.96770453453064,94550.0,6.355455568053993
kra30a,2,SK,560,6.1870551109313965,94650.0,6.467941507311586
kra30a,2,SK,580,6.403553247451782,94750.0,6.580427446569178
kra30a,2,SK,600,6.625761270523071,94750.0,6.580427446569178
kra30a,2,SK,620,6.842982053756714,94750.0,6.580427446569178
kra30a,2,SK,640,7.062081336975098,94750.0,6.580427446569178
kra30a,2,SK,660,7.2795610427856445,94750.0,6.580427446569178
kra30a,2,SK,680,7.5016913414001465,94750.0,6.580427446569178
kra30a,2,SK,700,7.718457460403442,94750.0,6.580427446569178
kra30a,2,SK,720,7.971368312835693,94750.0,6.580427446569178
kra30a,2,SK,740,8.191089153289795,94750.0,6.580427446569178
kra30a,2,SK,760,8.410547018051147,94750.0,6.580427446569178
kra30a,2,SK,780,8.627417802810669,94750.0,6.580427446569178
kra30a,2,SK,800,8.846989870071411,94750.0,6.580427446569178
kra30a,2,SK,820,9.067050695419312,94750.0,6.580427446569178
kra30a,2,SK,840,9.286811351776123,94750.0,6.580427446569178
kra30a,2,SK,860,9.50351858139038,94750.0,6.580427446569178
kra30a,2,SK,880,9.730030536651611,94750.0,6.580427446569178
kra30a,2,SK,900,9.949304580688477,94750.0,6.580427446569178
kra30a,2,SK,920,10.1675283908844,94750.0,6.580427446569178
kra30a,2,SK,940,10.385013341903687,94750.0,6.580427446569178
kra30a,2,SK,960,10.610125303268433,94750.0,6.580427446569178
kra30a,2,SK,980,10.829824209213257,94750.0,6.580427446569178
kra30a,2,SK,1000,11.046149492263794,94750.0,6.580427446569178
kra30a,2,SK,1020,11.267329692840576,94750.0,6.580427446569178
kra30a,2,SK,1040,11.491455316543579,92680.0,4.251968503937007
kra30a,2,SK,1060,11.713878393173218,93080.0,4.701912260967379
kra30a,2,SK,1080,11.930106401443481,93080.0,4.701912260967379
kra30a,2,SK,1100,12.1515531539917,93080.0,4.701912260967379
kra30a,2,SK,1120,12.367967128753662,93080.0,4.701912260967379
kra30a,2,SK,1140,12.58584475517273,93080.0,4.701912260967379
kra30a,2,SK,1160,12.804519414901733,92680.0,4.251968503937007
kra30a,2,SK,1180,13.026036024093628,94750.0,6.580427446569178
kra30a,2,SK,1200,13.242189645767212,94750.0,6.580427446569178
kra30a,2,SK,1220,13.462066411972046,94750.0,6.580427446569178
kra30a,2,SK,1240,13.679701805114746,94750.0,6.580427446569178
kra30a,2,SK,1260,13.901430368423462,94750.0,6.580427446569178
kra30a,2,SK,1280,14.118459939956665,94750.0,6.580427446569178
kra30a,2,SK,1300,14.340334415435791,94750.0,6.580427446569178
kra30a,2,SK,1320,14.558009386062622,94750.0,6.580427446569178
kra30a,2,SK,1340,14.777403593063354,94750.0,6.580427446569178
kra30a,2,SK,1360,14.994613885879517,94750.0,6.580427446569178
kra30a,2,SK,1380,15.214914321899414,94750.0,6.580427446569178
kra30a,2,SK,1400,15.431615591049194,94750.0,6.580427446569178
kra30a,2,SK,1420,15.658628940582275,94750.0,6.580427446569178
kra30a,2,SK,1440,15.876283645629883,93080.0,4.701912260967379
kra30a,2,SK,1460,16.096058130264282,93080.0,4.701912260967379
kra30a,2,SK,1480,16.31272840499878,93080.0,4.701912260967379
kra30a,2,SK,1500,16.536370277404785,93080.0,4.701912260967379
kra30a,3,PGD,1,0.002427339553833008,139330.0,56.726659167604055
kra30a,3,PGD,20,0.01816415786743164,135480.0,52.39595050618673
kra30a,3,PGD,40,0.034613609313964844,133000.0,49.60629921259843
kra30a,3,PGD,60,0.049694061279296875,133000.0,49.60629921259843
kra30a,3,PGD,80,0.06482958793640137,133000.0,49.60629921259843
kra30a,3,PGD,100,0.07996320724487305,133000.0,49.60629921259843
kra30a,3,PGD,120,0.09517335891723633,133000.0,49.60629921259843
kra30a,3,PGD,140,0.11033201217651367,133000.0,49.60629921259843
kra30a,3,PGD,160,0.1255507469177246,133000.0,49.60629921259843
kra30a,3,PGD,180,0.14072036743164062,133000.0,49.60629921259843
kra30a,3,PGD,200,0.15593290328979492,133000.0,49.60629921259843
kra30a,3,PGD,220,0.17108917236328125,133000.0,49.60629921259843
kra30a,3,PGD,240,0.18628740310668945,133000.0,49.60629921259843
kra30a,3,PGD,260,0.20143890380859375,133000.0,49.60629921259843
kra30a,3,PGD,280,0.21664190292358398,133000.0,49.60629921259843
kra30a,3,PGD,300,0.23181796073913574,133000.0,49.60629921259843
kra30a,3,PGD,320,0.24704957008361816,133000.0,49.60629921259843
kra30a,3,PGD,340,0.2622213363647461,133000.0,49.60629921259843
kra30a,3,PGD,360,0.27742481231689453,133000.0,49.60629921259843
kra30a,3,PGD,380,0.29256677627563477,133000.0,49.60629921259843
kra30a,3,PGD,400,0.30780696868896484,133000.0,49.60629921259843
kra30a,3,PGD,420,0.32299065589904785,133000.0,49.60629921259843
kra30a,3,PGD,440,0.3382124900817871,133000.0,49.60629921259843
kra30a,3,PGD,460,0.3533649444580078,133000.0,49.60629921259843
kra30a,3,PGD,480,0.36855387687683105,133000.0,49.60629921259843
kra30a,3,PGD,500,0.38367199897766113,133000.0,49.60629921259843
kra30a,3,PGD,520,0.3988614082336426,133000.0,49.60629921259843
kra30a,3,PGD,540,0.4140307903289795,133000.0,49.60629921259843
kra30a,3,PGD,560,0.42925190925598145,133000.0,49.60629921259843
kra30a,3,PGD,580,0.4445927143096924,133000.0,49.60629921259843
kra30a,3,PGD,600,0.45975637435913086,133000.0,49.60629921259843
kra30a,3,PGD,620,0.4748101234436035,133000.0,49.60629921259843
kra30a,3,PGD,640,0.4899601936340332,133000.0,49.60629921259843
kra30a,3,PGD,660,0.5050504207611084,133000.0,49.60629921259843
kra30a,3,PGD,680,0.5202131271362305,133000.0,49.60629921259843
kra30a,3,PGD,700,0.5352785587310791,133000.0,49.60629921259843
kra30a,3,PGD,720,0.5503945350646973,133000.0,49.60629921259843
kra30a,3,PGD,740,0.5654616355895996,133000.0,49.60629921259843
kra30a,3,PGD,760,0.5806207656860352,133000.0,49.60629921259843
kra30a,3,PGD,780,0.5957367420196533,133000.0,49.60629921259843
kra30a,3,PGD,800,0.6109006404876709,133000.0,49.60629921259843
kra30a,3,PGD,820,0.6260089874267578,133000.0,49.60629921259843
kra30a,3,PGD,840,0.6411573886871338,133000.0,49.60629921259843
kra30a,3,PGD,860,0.6562380790710449,133000.0,49.60629921259843
kra30a,3,PGD,880,0.6713762283325195,133000.0,49.60629921259843
kra30a,3,PGD,900,0.6865074634552002,133000.0,49.60629921259843
kra30a,3,PGD,920,0.7016828060150146,133000.0,49.60629921259843
kra30a,3,PGD,940,0.7167947292327881,133000.0,49.60629921259843
kra30a,3,PGD,960,0.7319540977478027,133000.0,49.60629921259843
kra30a,3,PGD,980,0.7470369338989258,133000.0,49.60629921259843
kra30a,3,PGD,1000,0.762200117111206,133000.0,49.60629921259843
kra30a,3,PGD,1020,0.7773115634918213,133000.0,49.60629921259843
kra30a,3,PGD,1040,0.7924454212188721,133000.0,49.60629921259843
kra30a,3,PGD,1060,0.8075084686279297,133000.0,49.60629921259843
kra30a,3,PGD,1080,0.8226256370544434,133000.0,49.60629921259843
kra30a,3,PGD,1100,0.8376846313476562,133000.0,49.60629921259843
kra30a,3,PGD,1120,0.8528141975402832,133000.0,49.60629921259843
kra30a,3,PGD,1140,0.8679075241088867,133000.0,49.60629921259843
kra30a,3,PGD,1160,0.8830955028533936,133000.0,49.60629921259843
kra30a,3,PGD,1180,0.8982677459716797,133000.0,49.60629921259843
kra30a,3,PGD,1200,0.9135501384735107,133000.0,49.60629921259843
kra30a,3,PGD,1220,0.928760290145874,133000.0,49.60629921259843
kra30a,3,PGD,1240,0.9440438747406006,133000.0,49.60629921259843
kra30a,3,PGD,1260,0.959303617477417,133000.0,49.60629921259843
kra30a,3,PGD,1280,0.9746057987213135,133000.0,49.60629921259843
kra30a,3,PGD,1300,0.9897801876068115,133000.0,49.60629921259843
kra30a,3,PGD,1320,1.0049939155578613,133000.0,49.60629921259843
kra30a,3,PGD,1340,1.0201585292816162,133000.0,49.60629921259843
kra30a,3,PGD,1360,1.0353693962097168,133000.0,49.60629921259843
kra30a,3,PGD,1380,1.050523042678833,133000.0,49.60629921259843
kra30a,3,PGD,1400,1.0657358169555664,133000.0,49.60629921259843
kra30a,3,PGD,1420,1.0808720588684082,133000.0,49.60629921259843
kra30a,3,PGD,1440,1.0960469245910645,133000.0,49.60629921259843
kra30a,3,PGD,1460,1.1111953258514404,133000.0,49.60629921259843
kra30a,3,PGD,1480,1.126417875289917,133000.0,49.60629921259843
kra30a,3,PGD,1500,1.141571283340454,133000.0,49.60629921259843
kra30a,3,SK,1,0.01492619514465332,141370.0,59.021372328458945
kra30a,3,SK,20,0.2590916156768799,118110.0,32.857142857142854
kra30a,3,SK,40,0.4786520004272461,111260.0,25.151856017997748
kra30a,3,SK,60,0.6971347332000732,111450.0,25.365579302587175
kra30a,3,SK,80,0.9188938140869141,104890.0,17.98650168728909
kra30a,3,SK,100,1.1382033824920654,100790.0,13.374578177727784
kra30a,3,SK,120,1.3627042770385742,98150.0,10.404949381327334
kra30a,3,SK,140,1.583864688873291,97750.0,9.955005624296962
kra30a,3,SK,160,1.802602767944336,95350.0,7.255343082114736
kra30a,3,SK,180,2.01871657371521,95050.0,6.917885264341956
kra30a,3,SK,200,2.2391223907470703,95850.0,7.8177727784027
kra30a,3,SK,220,2.457815170288086,92650.0,4.21822272215973
kra30a,3,SK,240,2.6831214427948,92650.0,4.21822272215973
kra30a,3,SK,260,2.9002127647399902,92650.0,4.21822272215973
kra30a,3,SK,280,3.1206133365631104,92650.0,4.21822272215973
kra30a,3,SK,300,3.3384222984313965,92650.0,4.21822272215973
kra30a,3,SK,320,3.5614805221557617,92550.0,4.105736782902137
kra30a,3,SK,340,3.782362461090088,92550.0,4.105736782902137
kra30a,3,SK,360,4.003037929534912,92550.0,4.105736782902137
kra30a,3,SK,380,4.230400562286377,92550.0,4.105736782902137
kra30a,3,SK,400,4.448304891586304,92550.0,4.105736782902137
kra30a,3,SK,420,4.667188405990601,92550.0,4.105736782902137
kra30a,3,SK,440,4.88988733291626,92550.0,4.105736782902137
kra30a,3,SK,460,5.1067564487457275,92550.0,4.105736782902137
kra30a,3,SK,480,5.327038049697876,92550.0,4.105736782902137
kra30a,3,SK,500,5.547224998474121,92790.0,4.37570303712036
kra30a,3,SK,520,5.765991926193237,92790.0,4.37570303712036
kra30a,3,SK,540,5.984369277954102,94550.0,6.355455568053993
kra30a,3,SK,560,6.207280158996582,94650.0,6.467941507311586
kra30a,3,SK,580,6.424948692321777,94750.0,6.580427446569178
kra30a,3,SK,600,6.643564462661743,94750.0,6.580427446569178
kra30a,3,SK,620,6.861701250076294,94750.0,6.580427446569178
kra30a,3,SK,640,7.08025336265564,94750.0,6.580427446569178
kra30a,3,SK,660,7.2982823848724365,94750.0,6.580427446569178
kra30a,3,SK,680,7.515340328216553,94750.0,6.580427446569178
kra30a,3,SK,700,7.73803973197937,94750.0,6.580427446569178
kra30a,3,SK,720,7.962395906448364,94750.0,6.580427446569178
kra30a,3,SK,740,8.190732717514038,94750.0,6.580427446569178
kra30a,3,SK,760,8.4085111618042,94750.0,6.580427446569178
kra30a,3,SK,780,8.625859022140503,94750.0,6.580427446569178
kra30a,3,SK,800,8.849779605865479,94750.0,6.580427446569178
kra30a,3,SK,820,9.070967197418213,94750.0,6.580427446569178
kra30a,3,SK,840,9.289771795272827,94750.0,6.580427446569178
kra30a,3,SK,860,9.50990080833435,94750.0,6.580427446569178
kra30a,3,SK,880,9.72651720046997,94750.0,6.580427446569178
kra30a,3,SK,900,9.948731184005737,94750.0,6.580427446569178
kra30a,3,SK,920,10.165111064910889,94750.0,6.580427446569178
kra30a,3,SK,940,10.385831594467163,94750.0,6.580427446569178
kra30a,3,SK,960,10.606271505355835,94750.0,6.580427446569178
kra30a,3,SK,980,10.827658891677856,94750.0,6.580427446569178
kra30a,3,SK,1000,11.044572830200195,94750.0,6.580427446569178
kra30a,3,SK,1020,11.265854835510254,94750.0,6.580427446569178
kra30a,3,SK,1040,11.491514444351196,92680.0,4.251968503937007
kra30a,3,SK,1060,11.711851835250854,93080.0,4.701912260967379
kra30a,3,SK,1080,11.928641080856323,93080.0,4.701912260967379
kra30a,3,SK,1100,12.148317575454712,93080.0,4.701912260967379
kra30a,3,SK,1120,12.365153312683105,93080.0,4.701912260967379
kra30a,3,SK,1140,12.585096836090088,93080.0,4.701912260967379
kra30a,3,SK,1160,12.802361011505127,92680.0,4.251968503937007
kra30a,3,SK,1180,13.025320291519165,94750.0,6.580427446569178
kra30a,3,SK,1200,13.248220443725586,94750.0,6.580427446569178
kra30a,3,SK,1220,13.466906547546387,94750.0,6.580427446569178
kra30a,3,SK,1240,13.68564772605896,94750.0,6.580427446569178
kra30a,3,SK,1260,13.904756546020508,94750.0,6.580427446569178
kra30a,3,SK,1280,14.121923208236694,94750.0,6.580427446569178
kra30a,3,SK,1300,14.340139389038086,94750.0,6.580427446569178
kra30a,3,SK,1320,14.559946775436401,94750.0,6.580427446569178
kra30a,3,SK,1340,14.784134864807129,94750.0,6.580427446569178
kra30a,3,SK,1360,15.002449750900269,94750.0,6.580427446569178
kra30a,3,SK,1380,15.220063209533691,94750.0,6.580427446569178
kra30a,3,SK,1400,15.438930988311768,94750.0,6.580427446569178
kra30a,3,SK,1420,15.655303716659546,94750.0,6.580427446569178
kra30a,3,SK,1440,15.875758409500122,93080.0,4.701912260967379
kra30a,3,SK,1460,16.092609643936157,93080.0,4.701912260967379
kra30a,3,SK,1480,16.318873167037964,93080.0,4.701912260967379
kra30a,3,SK,1500,16.535295248031616,93080.0,4.701912260967379
kra30a,4,PGD,1,0.0022313594818115234,139330.0,56.726659167604055
kra30a,4,PGD,20,0.017800331115722656,135480.0,52.39595050618673
kra30a,4,PGD,40,0.03411865234375,133000.0,49.60629921259843
kra30a,4,PGD,60,0.049140214920043945,133000.0,49.60629921259843
kra30a,4,PGD,80,0.06416082382202148,133000.0,49.60629921259843
kra30a,4,PGD,100,0.07924556732177734,133000.0,49.60629921259843
kra30a,4,PGD,120,0.09433770179748535,133000.0,49.60629921259843
kra30a,4,PGD,140,0.10945534706115723,133000.0,49.60629921259843
kra30a,4,PGD,160,0.12452077865600586,133000.0,49.60629921259843
kra30a,4,PGD,180,0.13963937759399414,133000.0,49.60629921259843
kra30a,4,PGD,200,0.15472054481506348,133000.0,49.60629921259843
kra30a,4,PGD,220,0.16983485221862793,133000.0,49.60629921259843
kra30a,4,PGD,240,0.18492746353149414,133000.0,49.60629921259843
kra30a,4,PGD,260,0.2000124454498291,133000.0,49.60629921259843
kra30a,4,PGD,280,0.21507835388183594,133000.0,49.60629921259843
kra30a,4,PGD,300,0.2301497459411621,133000.0,49.60629921259843
kra30a,4,PGD,320,0.24519014358520508,133000.0,49.60629921259843
kra30a,4,PGD,340,0.2602534294128418,133000.0,49.60629921259843
kra30a,4,PGD,360,0.27532243728637695,133000.0,49.60629921259843
kra30a,4,PGD,380,0.2904016971588135,133000.0,49.60629921259843
kra30a,4,PGD,400,0.3054823875427246,133000.0,49.60629921259843
kra30a,4,PGD,420,0.32057619094848633,133000.0,49.60629921259843
kra30a,4,PGD,440,0.33562803268432617,133000.0,49.60629921259843
kra30a,4,PGD,460,0.3506944179534912,133000.0,49.60629921259843
kra30a,4,PGD,480,0.36576390266418457,133000.0,49.60629921259843
kra30a,4,PGD,500,0.3808310031890869,133000.0,49.60629921259843
kra30a,4,PGD,520,0.3958714008331299,133000.0,49.60629921259843
kra30a,4,PGD,540,0.4109508991241455,133000.0,49.60629921259843
kra30a,4,PGD,560,0.42601704597473145,133000.0,49.60629921259843
kra30a,4,PGD,580,0.4411182403564453,133000.0,49.60629921259843
kra30a,4,PGD,600,0.4561882019042969,133000.0,49.60629921259843
kra30a,4,PGD,620,0.47124505043029785,133000.0,49.60629921259843
kra30a,4,PGD,640,0.4862332344055176,133000.0,49.60629921259843
kra30a,4,PGD,660,0.5012266635894775,133000.0,49.60629921259843
kra30a,4,PGD,680,0.5162162780761719,133000.0,49.60629921259843
kra30a,4,PGD,700,0.5312435626983643,133000.0,49.60629921259843
kra30a,4,PGD,720,0.5462436676025391,133000.0,49.60629921259843
kra30a,4,PGD,740,0.5619673728942871,133000.0,49.60629921259843
kra30a,4,PGD,760,0.576937198638916,133000.0,49.60629921259843
kra30a,4,PGD,780,0.5919458866119385,133000.0,49.60629921259843
kra30a,4,PGD,800,0.606942892074585,133000.0,49.60629921259843
kra30a,4,PGD,820,0.6219713687896729,133000.0,49.60629921259843
kra30a,4,PGD,840,0.6369466781616211,133000.0,49.60629921259843
kra30a,4,PGD,860,0.6519551277160645,133000.0,49.60629921259843
kra30a,4,PGD,880,0.6669650077819824,133000.0,49.60629921259843
kra30a,4,PGD,900,0.6819803714752197,133000.0,49.60629921259843
kra30a,4,PGD,920,0.6969835758209229,133000.0,49.60629921259843
kra30a,4,PGD,940,0.7120010852813721,133000.0,49.60629921259843
kra30a,4,PGD,960,0.7269911766052246,133000.0,49.60629921259843
kra30a,4,PGD,980,0.7420840263366699,133000.0,49.60629921259843
kra30a,4,PGD,1000,0.7571840286254883,133000.0,49.60629921259843
kra30a,4,PGD,1020,0.7722887992858887,133000.0,49.60629921259843
kra30a,4,PGD,1040,0.7873685359954834,133000.0,49.60629921259843
kra30a,4,PGD,1060,0.8024499416351318,133000.0,49.60629921259843
kra30a,4,PGD,1080,0.8175375461578369,133000.0,49.60629921259843
kra30a,4,PGD,1100,0.8326172828674316,133000.0,49.60629921259843
kra30a,4,PGD,1120,0.8477015495300293,133000.0,49.60629921259843
kra30a,4,PGD,1140,0.8627839088439941,133000.0,49.60629921259843
kra30a,4,PGD,1160,0.8778729438781738,133000.0,49.60629921259843
kra30a,4,PGD,1180,0.8929574489593506,133000.0,49.60629921259843
kra30a,4,PGD,1200,0.9080367088317871,133000.0,49.60629921259843
kra30a,4,PGD,1220,0.9231336116790771,133000.0,49.60629921259843
kra30a,4,PGD,1240,0.9382317066192627,133000.0,49.60629921259843
kra30a,4,PGD,1260,0.953345775604248,133000.0,49.60629921259843
kra30a,4,PGD,1280,0.9684357643127441,133000.0,49.60629921259843
kra30a,4,PGD,1300,0.9835350513458252,133000.0,49.60629921259843
kra30a,4,PGD,1320,0.9986333847045898,133000.0,49.60629921259843
kra30a,4,PGD,1340,1.013768196105957,133000.0,49.60629921259843
kra30a,4,PGD,1360,1.0288770198822021,133000.0,49.60629921259843
kra30a,4,PGD,1380,1.043973445892334,133000.0,49.60629921259843
kra30a,4,PGD,1400,1.05903959274292,133000.0,49.60629921259843
kra30a,4,PGD,1420,1.0741281509399414,133000.0,49.60629921259843
kra30a,4,PGD,1440,1.0891873836517334,133000.0,49.60629921259843
kra30a,4,PGD,1460,1.1042523384094238,133000.0,49.60629921259843
kra30a,4,PGD,1480,1.1193327903747559,133000.0,49.60629921259843
kra30a,4,PGD,1500,1.1344385147094727,133000.0,49.60629921259843
kra30a,4,SK,1,0.017271757125854492,141370.0,59.021372328458945
kra30a,4,SK,20,0.24542737007141113,118110.0,32.857142857142854
kra30a,4,SK,40,0.46501970291137695,111260.0,25.151856017997748
kra30a,4,SK,60,0.6814002990722656,111450.0,25.365579302587175
kra30a,4,SK,80,0.9032151699066162,104890.0,17.98650168728909
kra30a,4,SK,100,1.1213252544403076,100790.0,13.374578177727784
kra30a,4,SK,120,1.3432657718658447,98150.0,10.404949381327334
kra30a,4,SK,140,1.5602667331695557,97750.0,9.955005624296962
kra30a,4,SK,160,1.7820959091186523,95350.0,7.255343082114736
kra30a,4,SK,180,1.9996798038482666,95050.0,6.917885264341956
kra30a,4,SK,200,2.2207887172698975,95850.0,7.8177727784027
kra30a,4,SK,220,2.4403162002563477,92650.0,4.21822272215973
kra30a,4,SK,240,2.6600303649902344,92650.0,4.21822272215973
kra30a,4,SK,260,2.8766565322875977,92650.0,4.21822272215973
kra30a,4,SK,280,3.0962114334106445,92650.0,4.21822272215973
kra30a,4,SK,300,3.314330577850342,92650.0,4.21822272215973
kra30a,4,SK,320,3.5340077877044678,92550.0,4.105736782902137
kra30a,4,SK,340,3.7512705326080322,92550.0,4.105736782902137
kra30a,4,SK,360,3.970405340194702,92550.0,4.105736782902137
kra30a,4,SK,380,4.188719749450684,92550.0,4.105736782902137
kra30a,4,SK,400,4.406930446624756,92550.0,4.105736782902137
kra30a,4,SK,420,4.624711036682129,92550.0,4.105736782902137
kra30a,4,SK,440,4.842164993286133,92550.0,4.105736782902137
kra30a,4,SK,460,5.062405347824097,92550.0,4.105736782902137
kra30a,4,SK,480,5.281336784362793,92550.0,4.105736782902137
kra30a,4,SK,500,5.502411842346191,92790.0,4.37570303712036
kra30a,4,SK,520,5.719627380371094,92790.0,4.37570303712036
kra30a,4,SK,540,5.941622495651245,94550.0,6.355455568053993
kra30a,4,SK,560,6.15845799446106,94650.0,6.467941507311586
kra30a,4,SK,580,6.379534959793091,94750.0,6.580427446569178
kra30a,4,SK,600,6.596056938171387,94750.0,6.580427446569178
kra30a,4,SK,620,6.817862033843994,94750.0,6.580427446569178
kra30a,4,SK,640,7.035538911819458,94750.0,6.580427446569178
kra30a,4,SK,660,7.256021738052368,94750.0,6.580427446569178
kra30a,4,SK,680,7.4730775356292725,94750.0,6.580427446569178
kra30a,4,SK,700,7.695982217788696,94750.0,6.580427446569178
kra30a,4,SK,720,7.913583993911743,94750.0,6.580427446569178
kra30a,4,SK,740,8.132074117660522,94750.0,6.580427446569178
kra30a,4,SK,760,8.348514080047607,94750.0,6.580427446569178
kra30a,4,SK,780,8.57240104675293,94750.0,6.580427446569178
kra30a,4,SK,800,8.791201114654541,94750.0,6.580427446569178
kra30a,4,SK,820,9.010741710662842,94750.0,6.580427446569178
kra30a,4,SK,840,9.229214429855347,94750.0,6.580427446569178
kra30a,4,SK,860,9.448445796966553,94750.0,6.580427446569178
kra30a,4,SK,880,9.66489291191101,94750.0,6.580427446569178
kra30a,4,SK,900,9.896666765213013,94750.0,6.580427446569178
kra30a,4,SK,920,10.126137495040894,94750.0,6.580427446569178
kra30a,4,SK,940,10.345735788345337,94750.0,6.580427446569178
kra30a,4,SK,960,10.563854217529297,94750.0,6.580427446569178
kra30a,4,SK,980,10.789746522903442,94750.0,6.580427446569178
kra30a,4,SK,1000,11.008525609970093,94750.0,6.580427446569178
kra30a,4,SK,1020,11.227084636688232,94750.0,6.580427446569178
kra30a,4,SK,1040,11.446589946746826,92680.0,4.251968503937007
kra30a,4,SK,1060,11.66511082649231,93080.0,4.701912260967379
kra30a,4,SK,1080,11.886041641235352,93080.0,4.701912260967379
kra30a,4,SK,1100,12.102179527282715,93080.0,4.701912260967379
kra30a,4,SK,1120,12.322163581848145,93080.0,4.701912260967379
kra30a,4,SK,1140,12.547353744506836,93080.0,4.701912260967379
kra30a,4,SK,1160,12.767507553100586,92680.0,4.251968503937007
kra30a,4,SK,1180,12.992661237716675,94750.0,6.580427446569178
kra30a,4,SK,1200,13.213418960571289,94750.0,6.580427446569178
kra30a,4,SK,1220,13.429470300674438,94750.0,6.580427446569178
kra30a,4,SK,1240,13.647294044494629,94750.0,6.580427446569178
kra30a,4,SK,1260,13.867744207382202,94750.0,6.580427446569178
kra30a,4,SK,1280,14.086802244186401,94750.0,6.580427446569178
kra30a,4,SK,1300,14.30306625366211,94750.0,6.580427446569178
kra30a,4,SK,1320,14.52400517463684,94750.0,6.580427446569178
kra30a,4,SK,1340,14.740968465805054,94750.0,6.580427446569178
kra30a,4,SK,1360,14.95821475982666,94750.0,6.580427446569178
kra30a,4,SK,1380,15.174453973770142,94750.0,6.580427446569178
kra30a,4,SK,1400,15.396601438522339,94750.0,6.580427446569178
kra30a,4,SK,1420,15.621780157089233,94750.0,6.580427446569178
kra30a,4,SK,1440,15.84145736694336,93080.0,4.701912260967379
kra30a,4,SK,1460,16.058223009109497,93080.0,4.701912260967379
kra30a,4,SK,1480,16.277475833892822,93080.0,4.701912260967379
kra30a,4,SK,1500,16.504186630249023,93080.0,4.701912260967379
tho30,0,PGD,1,0.0022399425506591797,208172.0,38.84057197737702
tho30,0,PGD,20,0.016644001007080078,224636.0,49.821257069683064
tho30,0,PGD,40,0.031790971755981445,218126.0,45.4794045459396
tho30,0,PGD,60,0.04696035385131836,216464.0,44.370931597481594
tho30,0,PGD,80,0.06216883659362793,214568.0,43.10639206061253
tho30,0,PGD,100,0.07737207412719727,214568.0,43.10639206061253
tho30,0,PGD,120,0.09256410598754883,214568.0,43.10639206061253
tho30,0,PGD,140,0.10769820213317871,214568.0,43.10639206061253
tho30,0,PGD,160,0.12289214134216309,214568.0,43.10639206061253
tho30,0,PGD,180,0.138045072555542,214568.0,43.10639206061253
tho30,0,PGD,200,0.1532435417175293,214568.0,43.10639206061253
tho30,0,PGD,220,0.16837620735168457,214568.0,43.10639206061253
tho30,0,PGD,240,0.18355751037597656,214568.0,43.10639206061253
tho30,0,PGD,260,0.19871068000793457,214568.0,43.10639206061253
tho30,0,PGD,280,0.2139272689819336,214568.0,43.10639206061253
tho30,0,PGD,300,0.2290802001953125,214568.0,43.10639206061253
tho30,0,PGD,320,0.24428677558898926,214568.0,43.10639206061253
tho30,0,PGD,340,0.25943756103515625,214568.0,43.10639206061253
tho30,0,PGD,360,0.2746298313140869,214568.0,43.10639206061253
tho30,0,PGD,380,0.2897615432739258,214568.0,43.10639206061253
tho30,0,PGD,400,0.3049626350402832,214568.0,43.10639206061253
tho30,0,PGD,420,0.320117712020874,214568.0,43.10639206061253
tho30,0,PGD,440,0.33531904220581055,214568.0,43.10639206061253
tho30,0,PGD,460,0.3503999710083008,214568.0,43.10639206061253
tho30,0,PGD,480,0.36553168296813965,214568.0,43.10639206061253
tho30,0,PGD,500,0.3806037902832031,214568.0,43.10639206061253
tho30,0,PGD,520,0.39575719833374023,214568.0,43.10639206061253
tho30,0,PGD,540,0.4108455181121826,214568.0,43.10639206061253
tho30,0,PGD,560,0.42597317695617676,214568.0,43.10639206061253
tho30,0,PGD,580,0.4410405158996582,214568.0,43.10639206061253
tho30,0,PGD,600,0.45615696907043457,214568.0,43.10639206061253
tho30,0,PGD,620,0.47121405601501465,214568.0,43.10639206061253
tho30,0,PGD,640,0.4863567352294922,214568.0,43.10639206061253
tho30,0,PGD,660,0.5014679431915283,214568.0,43.10639206061253
tho30,0,PGD,680,0.5166504383087158,214568.0,43.10639206061253
tho30,0,PGD,700,0.5317385196685791,214568.0,43.10639206061253
tho30,0,PGD,720,0.5468733310699463,214568.0,43.10639206061253
tho30,0,PGD,740,0.5619425773620605,214568.0,43.10639206061253
tho30,0,PGD,760,0.577096700668335,214568.0,43.10639206061253
tho30,0,PGD,780,0.5922067165374756,214568.0,43.10639206061253
tho30,0,PGD,800,0.6073784828186035,214568.0,43.10639206061253
tho30,0,PGD,820,0.6224837303161621,214568.0,43.10639206061253
tho30,0,PGD,840,0.6376285552978516,214568.0,43.10639206061253
tho30,0,PGD,860,0.652702808380127,214568.0,43.10639206061253
tho30,0,PGD,880,0.6678609848022461,214568.0,43.10639206061253
tho30,0,PGD,900,0.6829533576965332,214568.0,43.10639206061253
tho30,0,PGD,920,0.6981136798858643,214568.0,43.10639206061253
tho30,0,PGD,940,0.7132034301757812,214568.0,43.10639206061253
tho30,0,PGD,960,0.7283411026000977,214568.0,43.10639206061253
tho30,0,PGD,980,0.743417501449585,214568.0,43.10639206061253
tho30,0,PGD,1000,0.7585389614105225,214568.0,43.10639206061253
tho30,0,PGD,1020,0.7736265659332275,214568.0,43.10639206061253
tho30,0,PGD,1040,0.7887797355651855,214568.0,43.10639206061253
tho30,0,PGD,1060,0.8038537502288818,214568.0,43.10639206061253
tho30,0,PGD,1080,0.8189899921417236,214568.0,43.10639206061253
tho30,0,PGD,1100,0.8340766429901123,214568.0,43.10639206061253
tho30,0,PGD,1120,0.8492193222045898,214568.0,43.10639206061253
tho30,0,PGD,1140,0.8643245697021484,214568.0,43.10639206061253
tho30,0,PGD,1160,0.8794755935668945,214568.0,43.10639206061253
tho30,0,PGD,1180,0.8945658206939697,214568.0,43.10639206061253
tho30,0,PGD,1200,0.9097044467926025,214568.0,43.10639206061253
tho30,0,PGD,1220,0.9247891902923584,214568.0,43.10639206061253
tho30,0,PGD,1240,0.9399526119232178,214568.0,43.10639206061253
tho30,0,PGD,1260,0.9550702571868896,214568.0,43.10639206061253
tho30,0,PGD,1280,0.9702281951904297,214568.0,43.10639206061253
tho30,0,PGD,1300,0.9853394031524658,214568.0,43.10639206061253
tho30,0,PGD,1320,1.0004792213439941,214568.0,43.10639206061253
tho30,0,PGD,1340,1.015561580657959,214568.0,43.10639206061253
tho30,0,PGD,1360,1.0307180881500244,214568.0,43.10639206061253
tho30,0,PGD,1380,1.045832872390747,214568.0,43.10639206061253
tho30,0,PGD,1400,1.0609917640686035,214568.0,43.10639206061253
tho30,0,PGD,1420,1.0760762691497803,214568.0,43.10639206061253
tho30,0,PGD,1440,1.0912232398986816,214568.0,43.10639206061253
tho30,0,PGD,1460,1.1062939167022705,214568.0,43.10639206061253
tho30,0,PGD,1480,1.1214253902435303,214568.0,43.10639206061253
tho30,0,PGD,1500,1.1365301609039307,214568.0,43.10639206061253
tho30,0,SK,1,0.020188570022583008,217608.0,45.13392380749119
tho30,0,SK,20,0.23057794570922852,184712.0,23.193896062319926
tho30,0,SK,40,0.4533121585845947,173670.0,15.829420552769182
tho30,0,SK,60,0.6698899269104004,176874.0,17.966332301782092
tho30,0,SK,80,0.8890089988708496,165946.0,10.677889232739302
tho30,0,SK,100,1.1095750331878662,160272.0,6.893607939387472
tho30,0,SK,120,1.3312456607818604,158832.0,5.933198164550208
tho30,0,SK,140,1.5495038032531738,160116.0,6.789563547113435
tho30,0,SK,160,1.7654531002044678,163928.0,9.331981645502081
tho30,0,SK,180,1.9862611293792725,163030.0,8.733059438693843
tho30,0,SK,200,2.2024898529052734,158982.0,6.03324084942909
tho30,0,SK,220,2.4237253665924072,158706.0,5.849162309251947
tho30,0,SK,240,2.644402027130127,156056.0,4.081741543058372
tho30,0,SK,260,2.8655054569244385,153448.0,2.3423327286308826
tho30,0,SK,280,3.0820722579956055,152794.0,1.9061466225589585
tho30,0,SK,300,3.3008856773376465,152794.0,1.9061466225589585
tho30,0,SK,320,3.5203754901885986,152794.0,1.9061466225589585
tho30,0,SK,340,3.7398600578308105,152794.0,1.9061466225589585
tho30,0,SK,360,3.9568052291870117,152156.0,1.4806317362074484
tho30,0,SK,380,4.177455902099609,152156.0,1.4806317362074484
tho30,0,SK,400,4.396857738494873,152156.0,1.4806317362074484
tho30,0,SK,420,4.61592435836792,152156.0,1.4806317362074484
tho30,0,SK,440,4.837596893310547,152156.0,1.4806317362074484
tho30,0,SK,460,5.057891845703125,152156.0,1.4806317362074484
tho30,0,SK,480,5.27420973777771,152098.0,1.4419485647209476
tho30,0,SK,500,5.492421627044678,152098.0,1.4419485647209476
tho30,0,SK,520,5.710341691970825,152098.0,1.4419485647209476
tho30,0,SK,540,5.9293224811553955,152194.0,1.5059758830434318
tho30,0,SK,560,6.146096229553223,151996.0,1.373919539003308
tho30,0,SK,580,6.366409063339233,151996.0,1.373919539003308
tho30,0,SK,600,6.582858324050903,151996.0,1.373919539003308
tho30,0,SK,620,6.8015336990356445,151996.0,1.373919539003308
tho30,0,SK,640,7.017421722412109,151996.0,1.373919539003308
tho30,0,SK,660,7.238297462463379,151996.0,1.373919539003308
tho30,0,SK,680,7.455263614654541,151996.0,1.373919539003308
tho30,0,SK,700,7.6750712394714355,151996.0,1.373919539003308
tho30,0,SK,720,7.894540786743164,151996.0,1.373919539003308
tho30,0,SK,740,8.11298418045044,151996.0,1.373919539003308
tho30,0,SK,760,8.328671216964722,152500.0,1.7100629601963506
tho30,0,SK,780,8.544842004776001,154024.0,2.7264966385657883
tho30,0,SK,800,8.767158508300781,155082.0,3.432131042578167
tho30,0,SK,820,8.983779191970825,155082.0,3.432131042578167
tho30,0,SK,840,9.203052759170532,153176.0,2.1609219933838437
tho30,0,SK,860,9.420516014099121,153176.0,2.1609219933838437
tho30,0,SK,880,9.639435052871704,153176.0,2.1609219933838437
tho30,0,SK,900,9.855472803115845,153176.0,2.1609219933838437
tho30,0,SK,920,10.077009201049805,153626.0,2.4610500480204887
tho30,0,SK,940,10.293240308761597,153626.0,2.4610500480204887
tho30,0,SK,960,10.5139639377594,153626.0,2.4610500480204887
tho30,0,SK,980,10.730964660644531,153626.0,2.4610500480204887
tho30,0,SK,1000,10.951541662216187,153626.0,2.4610500480204887
tho30,0,SK,1020,11.16750717163086,153626.0,2.4610500480204887
tho30,0,SK,1040,11.38709020614624,153626.0,2.4610500480204887
tho30,0,SK,1060,11.604296445846558,153626.0,2.4610500480204887
tho30,0,SK,1080,11.824533224105835,153626.0,2.4610500480204887
tho30,0,SK,1100,12.041066646575928,153626.0,2.4610500480204887
tho30,0,SK,1120,12.258293390274048,153626.0,2.4610500480204887
tho30,0,SK,1140,12.477094173431396,153626.0,2.4610500480204887
tho30,0,SK,1160,12.69795036315918,153626.0,2.4610500480204887
tho30,0,SK,1180,12.914376974105835,153626.0,2.4610500480204887
tho30,0,SK,1200,13.13593339920044,157242.0,4.872745704834062
tho30,0,SK,1220,13.353050470352173,157242.0,4.872745704834062
tho30,0,SK,1240,13.572500228881836,157242.0,4.872745704834062
tho30,0,SK,1260,13.789278745651245,157242.0,4.872745704834062
tho30,0,SK,1280,14.012723207473755,157242.0,4.872745704834062
tho30,0,SK,1300,14.228974342346191,157242.0,4.872745704834062
tho30,0,SK,1320,14.447352886199951,157242.0,4.872745704834062
tho30,0,SK,1340,14.666396617889404,157242.0,4.872745704834062
tho30,0,SK,1360,14.884002208709717,157242.0,4.872745704834062
tho30,0,SK,1380,15.100462198257446,157242.0,4.872745704834062
tho30,0,SK,1400,15.324217081069946,157242.0,4.872745704834062
tho30,0,SK,1420,15.548551559448242,157242.0,4.872745704834062
tho30,0,SK,1440,15.764627933502197,157242.0,4.872745704834062
tho30,0,SK,1460,15.984521627426147,157242.0,4.872745704834062
tho30,0,SK,1480,16.201844453811646,157242.0,4.872745704834062
tho30,0,SK,1500,16.421773672103882,157242.0,4.872745704834062
tho30,1,PGD,1,0.0013833045959472656,208172.0,38.84057197737702
tho30,1,PGD,20,0.01566290855407715,224636.0,49.821257069683064
tho30,1,PGD,40,0.0306854248046875,218126.0,45.4794045459396
tho30,1,PGD,60,0.045752525329589844,216464.0,44.370931597481594
tho30,1,PGD,80,0.06087517738342285,214568.0,43.10639206061253
tho30,1,PGD,100,0.07597208023071289,214568.0,43.10639206061253
tho30,1,PGD,120,0.09104800224304199,214568.0,43.10639206061253
tho30,1,PGD,140,0.10613179206848145,214568.0,43.10639206061253
tho30,1,PGD,160,0.12120294570922852,214568.0,43.10639206061253
tho30,1,PGD,180,0.1362926959991455,214568.0,43.10639206061253
tho30,1,PGD,200,0.15134334564208984,214568.0,43.10639206061253
tho30,1,PGD,220,0.16640877723693848,214568.0,43.10639206061253
tho30,1,PGD,240,0.18146347999572754,214568.0,43.10639206061253
tho30,1,PGD,260,0.1965491771697998,214568.0,43.10639206061253
tho30,1,PGD,280,0.21161508560180664,214568.0,43.10639206061253
tho30,1,PGD,300,0.22669672966003418,214568.0,43.10639206061253
tho30,1,PGD,320,0.24175739288330078,214568.0,43.10639206061253
tho30,1,PGD,340,0.2568657398223877,214568.0,43.10639206061253
tho30,1,PGD,360,0.2719709873199463,214568.0,43.10639206061253
tho30,1,PGD,380,0.28707075119018555,214568.0,43.10639206061253
tho30,1,PGD,400,0.30216097831726074,214568.0,43.10639206061253
tho30,1,PGD,420,0.31724047660827637,214568.0,43.10639206061253
tho30,1,PGD,440,0.3322751522064209,214568.0,43.10639206061253
tho30,1,PGD,460,0.34731149673461914,214568.0,43.10639206061253
tho30,1,PGD,480,0.362318754196167,214568.0,43.10639206061253
tho30,1,PGD,500,0.3773369789123535,214568.0,43.10639206061253
tho30,1,PGD,520,0.39234375953674316,214568.0,43.10639206061253
tho30,1,PGD,540,0.40737390518188477,214568.0,43.10639206061253
tho30,1,PGD,560,0.4223496913909912,214568.0,43.10639206061253
tho30,1,PGD,580,0.4373476505279541,214568.0,43.10639206061253
tho30,1,PGD,600,0.45233583450317383,214568.0,43.10639206061253
tho30,1,PGD,620,0.4673597812652588,214568.0,43.10639206061253
tho30,1,PGD,640,0.4823269844055176,214568.0,43.10639206061253
tho30,1,PGD,660,0.4973304271697998,214568.0,43.10639206061253
tho30,1,PGD,680,0.5123403072357178,214568.0,43.10639206061253
tho30,1,PGD,700,0.5273647308349609,214568.0,43.10639206061253
tho30,1,PGD,720,0.5423576831817627,214568.0,43.10639206061253
tho30,1,PGD,740,0.5573787689208984,214568.0,43.10639206061253
tho30,1,PGD,760,0.5723633766174316,214568.0,43.10639206061253
tho30,1,PGD,780,0.5873661041259766,214568.0,43.10639206061253
tho30,1,PGD,800,0.6023678779602051,214568.0,43.10639206061253
tho30,1,PGD,820,0.6173992156982422,214568.0,43.10639206061253
tho30,1,PGD,840,0.6323754787445068,214568.0,43.10639206061253
tho30,1,PGD,860,0.647371768951416,214568.0,43.10639206061253
tho30,1,PGD,880,0.6623742580413818,214568.0,43.10639206061253
tho30,1,PGD,900,0.677396297454834,214568.0,43.10639206061253
tho30,1,PGD,920,0.692394495010376,214568.0,43.10639206061253
tho30,1,PGD,940,0.7074229717254639,214568.0,43.10639206061253
tho30,1,PGD,960,0.7224056720733643,214568.0,43.10639206061253
tho30,1,PGD,980,0.7374076843261719,214568.0,43.10639206061253
tho30,1,PGD,1000,0.752418041229248,214568.0,43.10639206061253
tho30,1,PGD,1020,0.7674455642700195,214568.0,43.10639206061253
tho30,1,PGD,1040,0.7824318408966064,214568.0,43.10639206061253
tho30,1,PGD,1060,0.7974228858947754,214568.0,43.10639206061253
tho30,1,PGD,1080,0.8124194145202637,214568.0,43.10639206061253
tho30,1,PGD,1100,0.827439546585083,214568.0,43.10639206061253
tho30,1,PGD,1120,0.8424279689788818,214568.0,43.10639206061253
tho30,1,PGD,1140,0.8574569225311279,214568.0,43.10639206061253
tho30,1,PGD,1160,0.8724455833435059,214568.0,43.10639206061253
tho30,1,PGD,1180,0.8874325752258301,214568.0,43.10639206061253
tho30,1,PGD,1200,0.9024162292480469,214568.0,43.10639206061253
tho30,1,PGD,1220,0.9174320697784424,214568.0,43.10639206061253
tho30,1,PGD,1240,0.9324173927307129,214568.0,43.10639206061253
tho30,1,PGD,1260,0.9474022388458252,214568.0,43.10639206061253
tho30,1,PGD,1280,0.962390661239624,214568.0,43.10639206061253
tho30,1,PGD,1300,0.9773986339569092,214568.0,43.10639206061253
tho30,1,PGD,1320,0.9923861026763916,214568.0,43.10639206061253
tho30,1,PGD,1340,1.007411241531372,214568.0,43.10639206061253
tho30,1,PGD,1360,1.0224065780639648,214568.0,43.10639206061253
tho30,1,PGD,1380,1.0374841690063477,214568.0,43.10639206061253
tho30,1,PGD,1400,1.0525503158569336,214568.0,43.10639206061253
tho30,1,PGD,1420,1.0676512718200684,214568.0,43.10639206061253
tho30,1,PGD,1440,1.0827288627624512,214568.0,43.10639206061253
tho30,1,PGD,1460,1.0978286266326904,214568.0,43.10639206061253
tho30,1,PGD,1480,1.1129000186920166,214568.0,43.10639206061253
tho30,1,PGD,1500,1.1279926300048828,214568.0,43.10639206061253
tho30,1,SK,1,0.016050338745117188,217608.0,45.13392380749119
tho30,1,SK,20,0.28591322898864746,184712.0,23.193896062319926
tho30,1,SK,40,0.5132334232330322,173670.0,15.829420552769182
tho30,1,SK,60,0.7328853607177734,176874.0,17.966332301782092
tho30,1,SK,80,0.9494528770446777,165946.0,10.677889232739302
tho30,1,SK,100,1.1710736751556396,160272.0,6.893607939387472
tho30,1,SK,120,1.3893873691558838,158832.0,5.933198164550208
tho30,1,SK,140,1.617929220199585,160116.0,6.789563547113435
tho30,1,SK,160,1.8341858386993408,163928.0,9.331981645502081
tho30,1,SK,180,2.058154821395874,163030.0,8.733059438693843
tho30,1,SK,200,2.274805784225464,158982.0,6.03324084942909
tho30,1,SK,220,2.4961376190185547,158706.0,5.849162309251947
tho30,1,SK,240,2.7139625549316406,156056.0,4.081741543058372
tho30,1,SK,260,2.935903787612915,153448.0,2.3423327286308826
tho30,1,SK,280,3.152031183242798,152794.0,1.9061466225589585
tho30,1,SK,300,3.3728926181793213,152794.0,1.9061466225589585
tho30,1,SK,320,3.5939173698425293,152794.0,1.9061466225589585
tho30,1,SK,340,3.8134098052978516,152794.0,1.9061466225589585
tho30,1,SK,360,4.0303263664245605,152156.0,1.4806317362074484
tho30,1,SK,380,4.248216390609741,152156.0,1.4806317362074484
tho30,1,SK,400,4.46736216545105,152156.0,1.4806317362074484
tho30,1,SK,420,4.685661554336548,152156.0,1.4806317362074484
tho30,1,SK,440,4.902614593505859,152156.0,1.4806317362074484
tho30,1,SK,460,5.123223066329956,152156.0,1.4806317362074484
tho30,1,SK,480,5.342148303985596,152098.0,1.4419485647209476
tho30,1,SK,500,5.558254241943359,152098.0,1.4419485647209476
tho30,1,SK,520,5.777896881103516,152098.0,1.4419485647209476
tho30,1,SK,540,5.994684457778931,152194.0,1.5059758830434318
tho30,1,SK,560,6.213911294937134,151996.0,1.373919539003308
tho30,1,SK,580,6.430588960647583,151996.0,1.373919539003308
tho30,1,SK,600,6.651754140853882,151996.0,1.373919539003308
tho30,1,SK,620,6.868082761764526,151996.0,1.373919539003308
tho30,1,SK,640,7.0867369174957275,151996.0,1.373919539003308
tho30,1,SK,660,7.303958415985107,151996.0,1.373919539003308
tho30,1,SK,680,7.525138854980469,151996.0,1.373919539003308
tho30,1,SK,700,7.741906642913818,151996.0,1.373919539003308
tho30,1,SK,720,7.96085524559021,151996.0,1.373919539003308
tho30,1,SK,740,8.180031776428223,151996.0,1.373919539003308
tho30,1,SK,760,8.39841079711914,152500.0,1.7100629601963506
tho30,1,SK,780,8.614553928375244,154024.0,2.7264966385657883
tho30,1,SK,800,8.836280584335327,155082.0,3.432131042578167
tho30,1,SK,820,9.054450511932373,155082.0,3.432131042578167
tho30,1,SK,840,9.277867794036865,153176.0,2.1609219933838437
tho30,1,SK,860,9.496272325515747,153176.0,2.1609219933838437
tho30,1,SK,880,9.724471807479858,153176.0,2.1609219933838437
tho30,1,SK,900,9.940489053726196,153176.0,2.1609219933838437
tho30,1,SK,920,10.16029953956604,153626.0,2.4610500480204887
tho30,1,SK,940,10.379647254943848,153626.0,2.4610500480204887
tho30,1,SK,960,10.599071502685547,153626.0,2.4610500480204887
tho30,1,SK,980,10.815963745117188,153626.0,2.4610500480204887
tho30,1,SK,1000,11.035257816314697,153626.0,2.4610500480204887
tho30,1,SK,1020,11.252323150634766,153626.0,2.4610500480204887
tho30,1,SK,1040,11.471050262451172,153626.0,2.4610500480204887
tho30,1,SK,1060,11.689795732498169,153626.0,2.4610500480204887
tho30,1,SK,1080,11.908455848693848,153626.0,2.4610500480204887
tho30,1,SK,1100,12.1278657913208,153626.0,2.4610500480204887
tho30,1,SK,1120,12.350657224655151,153626.0,2.4610500480204887
tho30,1,SK,1140,12.574378728866577,153626.0,2.4610500480204887
tho30,1,SK,1160,12.799113035202026,153626.0,2.4610500480204887
tho30,1,SK,1180,13.020566701889038,153626.0,2.4610500480204887
tho30,1,SK,1200,13.237614870071411,157242.0,4.872745704834062
tho30,1,SK,1220,13.458733081817627,157242.0,4.872745704834062
tho30,1,SK,1240,13.676146984100342,157242.0,4.872745704834062
tho30,1,SK,1260,13.896921634674072,157242.0,4.872745704834062
tho30,1,SK,1280,14.11515760421753,157242.0,4.872745704834062
tho30,1,SK,1300,14.335771083831787,157242.0,4.872745704834062
tho30,1,SK,1320,14.561533212661743,157242.0,4.872745704834062
tho30,1,SK,1340,14.779281616210938,157242.0,4.872745704834062
tho30,1,SK,1360,15.003814697265625,157242.0,4.872745704834062
tho30,1,SK,1380,15.22197413444519,157242.0,4.872745704834062
tho30,1,SK,1400,15.43852972984314,157242.0,4.872745704834062
tho30,1,SK,1420,15.668863773345947,157242.0,4.872745704834062
tho30,1,SK,1440,15.88495397567749,157242.0,4.872745704834062
tho30,1,SK,1460,16.104326248168945,157242.0,4.872745704834062
tho30,1,SK,1480,16.32037663459778,157242.0,4.872745704834062
tho30,1,SK,1500,16.54294443130493,157242.0,4.872745704834062
tho30,2,PGD,1,0.0013751983642578125,208172.0,38.84057197737702
tho30,2,PGD,20,0.0157470703125,224636.0,49.821257069683064
tho30,2,PGD,40,0.030869245529174805,218126.0,45.4794045459396
tho30,2,PGD,60,0.046018362045288086,216464.0,44.370931597481594
tho30,2,PGD,80,0.06123995780944824,214568.0,43.10639206061253
tho30,2,PGD,100,0.07643556594848633,214568.0,43.10639206061253
tho30,2,PGD,120,0.09164094924926758,214568.0,43.10639206061253
tho30,2,PGD,140,0.10679388046264648,214568.0,43.10639206061253
tho30,2,PGD,160,0.12200069427490234,214568.0,43.10639206061253
tho30,2,PGD,180,0.1371898651123047,214568.0,43.10639206061253
tho30,2,PGD,200,0.15243196487426758,214568.0,43.10639206061253
tho30,2,PGD,220,0.16759729385375977,214568.0,43.10639206061253
tho30,2,PGD,240,0.18280673027038574,214568.0,43.10639206061253
tho30,2,PGD,260,0.19796299934387207,214568.0,43.10639206061253
tho30,2,PGD,280,0.21318459510803223,214568.0,43.10639206061253
tho30,2,PGD,300,0.22835588455200195,214568.0,43.10639206061253
tho30,2,PGD,320,0.24356794357299805,214568.0,43.10639206061253
tho30,2,PGD,340,0.25871825218200684,214568.0,43.10639206061253
tho30,2,PGD,360,0.2739107608795166,214568.0,43.10639206061253
tho30,2,PGD,380,0.2890286445617676,214568.0,43.10639206061253
tho30,2,PGD,400,0.3042280673980713,214568.0,43.10639206061253
tho30,2,PGD,420,0.3193800449371338,214568.0,43.10639206061253
tho30,2,PGD,440,0.33457040786743164,214568.0,43.10639206061253
tho30,2,PGD,460,0.34966015815734863,214568.0,43.10639206061253
tho30,2,PGD,480,0.36479735374450684,214568.0,43.10639206061253
tho30,2,PGD,500,0.3798861503601074,214568.0,43.10639206061253
tho30,2,PGD,520,0.395050048828125,214568.0,43.10639206061253
tho30,2,PGD,540,0.4101710319519043,214568.0,43.10639206061253
tho30,2,PGD,560,0.4253239631652832,214568.0,43.10639206061253
tho30,2,PGD,580,0.44040894508361816,214568.0,43.10639206061253
tho30,2,PGD,600,0.4555656909942627,214568.0,43.10639206061253
tho30,2,PGD,620,0.47063517570495605,214568.0,43.10639206061253
tho30,2,PGD,640,0.48578882217407227,214568.0,43.10639206061253
tho30,2,PGD,660,0.500910758972168,214568.0,43.10639206061253
tho30,2,PGD,680,0.5160746574401855,214568.0,43.10639206061253
tho30,2,PGD,700,0.5311622619628906,214568.0,43.10639206061253
tho30,2,PGD,720,0.5463061332702637,214568.0,43.10639206061253
tho30,2,PGD,740,0.561366081237793,214568.0,43.10639206061253
tho30,2,PGD,760,0.5765256881713867,214568.0,43.10639206061253
tho30,2,PGD,780,0.5916299819946289,214568.0,43.10639206061253
tho30,2,PGD,800,0.6067900657653809,214568.0,43.10639206061253
tho30,2,PGD,820,0.6218783855438232,214568.0,43.10639206061253
tho30,2,PGD,840,0.6369881629943848,214568.0,43.10639206061253
tho30,2,PGD,860,0.652033805847168,214568.0,43.10639206061253
tho30,2,PGD,880,0.6671679019927979,214568.0,43.10639206061253
tho30,2,PGD,900,0.6822524070739746,214568.0,43.10639206061253
tho30,2,PGD,920,0.6974081993103027,214568.0,43.10639206061253
tho30,2,PGD,940,0.7125062942504883,214568.0,43.10639206061253
tho30,2,PGD,960,0.7276349067687988,214568.0,43.10639206061253
tho30,2,PGD,980,0.7426929473876953,214568.0,43.10639206061253
tho30,2,PGD,1000,0.7578532695770264,214568.0,43.10639206061253
tho30,2,PGD,1020,0.7729547023773193,214568.0,43.10639206061253
tho30,2,PGD,1040,0.7881309986114502,214568.0,43.10639206061253
tho30,2,PGD,1060,0.8032314777374268,214568.0,43.10639206061253
tho30,2,PGD,1080,0.8183724880218506,214568.0,43.10639206061253
tho30,2,PGD,1100,0.8334813117980957,214568.0,43.10639206061253
tho30,2,PGD,1120,0.8486537933349609,214568.0,43.10639206061253
tho30,2,PGD,1140,0.8637740612030029,214568.0,43.10639206061253
tho30,2,PGD,1160,0.8789386749267578,214568.0,43.10639206061253
tho30,2,PGD,1180,0.8940272331237793,214568.0,43.10639206061253
tho30,2,PGD,1200,0.9091722965240479,214568.0,43.10639206061253
tho30,2,PGD,1220,0.9242527484893799,214568.0,43.10639206061253
tho30,2,PGD,1240,0.9394118785858154,214568.0,43.10639206061253
tho30,2,PGD,1260,0.9545149803161621,214568.0,43.10639206061253
tho30,2,PGD,1280,0.9696471691131592,214568.0,43.10639206061253
tho30,2,PGD,1300,0.9847118854522705,214568.0,43.10639206061253
tho30,2,PGD,1320,0.9998366832733154,214568.0,43.10639206061253
tho30,2,PGD,1340,1.0148842334747314,214568.0,43.10639206061253
tho30,2,PGD,1360,1.0300266742706299,214568.0,43.10639206061253
tho30,2,PGD,1380,1.0451254844665527,214568.0,43.10639206061253
tho30,2,PGD,1400,1.0602874755859375,214568.0,43.10639206061253
tho30,2,PGD,1420,1.0753600597381592,214568.0,43.10639206061253
tho30,2,PGD,1440,1.0904781818389893,214568.0,43.10639206061253
tho30,2,PGD,1460,1.105543851852417,214568.0,43.10639206061253
tho30,2,PGD,1480,1.1207127571105957,214568.0,43.10639206061253
tho30,2,PGD,1500,1.1358230113983154,214568.0,43.10639206061253
tho30,2,SK,1,0.017208576202392578,217608.0,45.13392380749119
tho30,2,SK,20,0.2423396110534668,184712.0,23.193896062319926
tho30,2,SK,40,0.46062135696411133,173670.0,15.829420552769182
tho30,2,SK,60,0.682180643081665,176874.0,17.966332301782092
tho30,2,SK,80,0.9004573822021484,165946.0,10.677889232739302
tho30,2,SK,100,1.1280238628387451,160272.0,6.893607939387472
tho30,2,SK,120,1.34755277633667,158832.0,5.933198164550208
tho30,2,SK,140,1.566244125366211,160116.0,6.789563547113435
tho30,2,SK,160,1.7837607860565186,163928.0,9.331981645502081
tho30,2,SK,180,2.002591133117676,163030.0,8.733059438693843
tho30,2,SK,200,2.220937967300415,158982.0,6.03324084942909
tho30,2,SK,220,2.4393506050109863,158706.0,5.849162309251947
tho30,2,SK,240,2.6616785526275635,156056.0,4.081741543058372
tho30,2,SK,260,2.8795580863952637,153448.0,2.3423327286308826
tho30,2,SK,280,3.1019539833068848,152794.0,1.9061466225589585
tho30,2,SK,300,3.3188507556915283,152794.0,1.9061466225589585
tho30,2,SK,320,3.5377917289733887,152794.0,1.9061466225589585
tho30,2,SK,340,3.7544808387756348,152794.0,1.9061466225589585
tho30,2,SK,360,3.977334499359131,152156.0,1.4806317362074484
tho30,2,SK,380,4.194193363189697,152156.0,1.4806317362074484
tho30,2,SK,400,4.4130377769470215,152156.0,1.4806317362074484
tho30,2,SK,420,4.631904363632202,152156.0,1.4806317362074484
tho30,2,SK,440,4.852898836135864,152156.0,1.4806317362074484
tho30,2,SK,460,5.06998085975647,152156.0,1.4806317362074484
tho30,2,SK,480,5.2946577072143555,152098.0,1.4419485647209476
tho30,2,SK,500,5.511059522628784,152098.0,1.4419485647209476
tho30,2,SK,520,5.729456424713135,152098.0,1.4419485647209476
tho30,2,SK,540,5.948217153549194,152194.0,1.5059758830434318
tho30,2,SK,560,6.169514179229736,151996.0,1.373919539003308
tho30,2,SK,580,6.3862621784210205,151996.0,1.373919539003308
tho30,2,SK,600,6.606426000595093,151996.0,1.373919539003308
tho30,2,SK,620,6.823768615722656,151996.0,1.373919539003308
tho30,2,SK,640,7.044466257095337,151996.0,1.373919539003308
tho30,2,SK,660,7.262266159057617,151996.0,1.373919539003308
tho30,2,SK,680,7.483510732650757,151996.0,1.373919539003308
tho30,2,SK,700,7.701067924499512,151996.0,1.373919539003308
tho30,2,SK,720,7.920138835906982,151996.0,1.373919539003308
tho30,2,SK,740,8.145123720169067,151996.0,1.373919539003308
tho30,2,SK,760,8.368237018585205,152500.0,1.7100629601963506
tho30,2,SK,780,8.585872173309326,154024.0,2.7264966385657883
tho30,2,SK,800,8.803994417190552,155082.0,3.432131042578167
tho30,2,SK,820,9.024934768676758,155082.0,3.432131042578167
tho30,2,SK,840,9.243072509765625,153176.0,2.1609219933838437
tho30,2,SK,860,9.461458444595337,153176.0,2.1609219933838437
tho30,2,SK,880,9.677352905273438,153176.0,2.1609219933838437
tho30,2,SK,900,9.898045778274536,153176.0,2.1609219933838437
tho30,2,SK,920,10.123068571090698,153626.0,2.4610500480204887
tho30,2,SK,940,10.343773365020752,153626.0,2.4610500480204887
tho30,2,SK,960,10.563247442245483,153626.0,2.4610500480204887
tho30,2,SK,980,10.78288197517395,153626.0,2.4610500480204887
tho30,2,SK,1000,10.998955726623535,153626.0,2.4610500480204887
tho30,2,SK,1020,11.219006061553955,153626.0,2.4610500480204887
tho30,2,SK,1040,11.437490463256836,153626.0,2.4610500480204887
tho30,2,SK,1060,11.65733003616333,153626.0,2.4610500480204887
tho30,2,SK,1080,11.875102996826172,153626.0,2.4610500480204887
tho30,2,SK,1100,12.09471344947815,153626.0,2.4610500480204887
tho30,2,SK,1120,12.310768127441406,153626.0,2.4610500480204887
tho30,2,SK,1140,12.53039813041687,153626.0,2.4610500480204887
tho30,2,SK,1160,12.748709201812744,153626.0,2.4610500480204887
tho30,2,SK,1180,12.971562623977661,153626.0,2.4610500480204887
tho30,2,SK,1200,13.187403440475464,157242.0,4.872745704834062
tho30,2,SK,1220,13.406723022460938,157242.0,4.872745704834062
tho30,2,SK,1240,13.625484704971313,157242.0,4.872745704834062
tho30,2,SK,1260,13.844659328460693,157242.0,4.872745704834062
tho30,2,SK,1280,14.06203818321228,157242.0,4.872745704834062
tho30,2,SK,1300,14.284135103225708,157242.0,4.872745704834062
tho30,2,SK,1320,14.502448320388794,157242.0,4.872745704834062
tho30,2,SK,1340,14.720942974090576,157242.0,4.872745704834062
tho30,2,SK,1360,14.936896562576294,157242.0,4.872745704834062
tho30,2,SK,1380,15.159340858459473,157242.0,4.872745704834062
tho30,2,SK,1400,15.376651763916016,157242.0,4.872745704834062
tho30,2,SK,1420,15.594549655914307,157242.0,4.872745704834062
tho30,2,SK,1440,15.82440710067749,157242.0,4.872745704834062
tho30,2,SK,1460,16.041771173477173,157242.0,4.872745704834062
tho30,2,SK,1480,16.26339864730835,157242.0,4.872745704834062
tho30,2,SK,1500,16.47948956489563,157242.0,4.872745704834062
tho30,3,PGD,1,0.0013897418975830078,208172.0,38.84057197737702
tho30,3,PGD,20,0.01569652557373047,224636.0,49.821257069683064
tho30,3,PGD,40,0.030925273895263672,218126.0,45.4794045459396
tho30,3,PGD,60,0.04595589637756348,216464.0,44.370931597481594
tho30,3,PGD,80,0.061063528060913086,214568.0,43.10639206061253
tho30,3,PGD,100,0.07616043090820312,214568.0,43.10639206061253
tho30,3,PGD,120,0.09124064445495605,214568.0,43.10639206061253
tho30,3,PGD,140,0.1063385009765625,214568.0,43.10639206061253
tho30,3,PGD,160,0.12141180038452148,214568.0,43.10639206061253
tho30,3,PGD,180,0.13650941848754883,214568.0,43.10639206061253
tho30,3,PGD,200,0.15156221389770508,214568.0,43.10639206061253
tho30,3,PGD,220,0.16663813591003418,214568.0,43.10639206061253
tho30,3,PGD,240,0.18170809745788574,214568.0,43.10639206061253
tho30,3,PGD,260,0.1967756748199463,214568.0,43.10639206061253
tho30,3,PGD,280,0.2118239402770996,214568.0,43.10639206061253
tho30,3,PGD,300,0.22689223289489746,214568.0,43.10639206061253
tho30,3,PGD,320,0.2419447898864746,214568.0,43.10639206061253
tho30,3,PGD,340,0.2570321559906006,214568.0,43.10639206061253
tho30,3,PGD,360,0.2721133232116699,214568.0,43.10639206061253
tho30,3,PGD,380,0.28720593452453613,214568.0,43.10639206061253
tho30,3,PGD,400,0.3022487163543701,214568.0,43.10639206061253
tho30,3,PGD,420,0.31732988357543945,214568.0,43.10639206061253
tho30,3,PGD,440,0.3323826789855957,214568.0,43.10639206061253
tho30,3,PGD,460,0.34741973876953125,214568.0,43.10639206061253
tho30,3,PGD,480,0.3624155521392822,214568.0,43.10639206061253
tho30,3,PGD,500,0.3774290084838867,214568.0,43.10639206061253
tho30,3,PGD,520,0.3924405574798584,214568.0,43.10639206061253
tho30,3,PGD,540,0.4074420928955078,214568.0,43.10639206061253
tho30,3,PGD,560,0.42241525650024414,214568.0,43.10639206061253
tho30,3,PGD,580,0.4374237060546875,214568.0,43.10639206061253
tho30,3,PGD,600,0.4524264335632324,214568.0,43.10639206061253
tho30,3,PGD,620,0.46743202209472656,214568.0,43.10639206061253
tho30,3,PGD,640,0.48277807235717773,214568.0,43.10639206061253
tho30,3,PGD,660,0.4978325366973877,214568.0,43.10639206061253
tho30,3,PGD,680,0.512866735458374,214568.0,43.10639206061253
tho30,3,PGD,700,0.5278921127319336,214568.0,43.10639206061253
tho30,3,PGD,720,0.5428650379180908,214568.0,43.10639206061253
tho30,3,PGD,740,0.5578808784484863,214568.0,43.10639206061253
tho30,3,PGD,760,0.5728988647460938,214568.0,43.10639206061253
tho30,3,PGD,780,0.5879154205322266,214568.0,43.10639206061253
tho30,3,PGD,800,0.6028928756713867,214568.0,43.10639206061253
tho30,3,PGD,820,0.6179013252258301,214568.0,43.10639206061253
tho30,3,PGD,840,0.6329021453857422,214568.0,43.10639206061253
tho30,3,PGD,860,0.647916316986084,214568.0,43.10639206061253
tho30,3,PGD,880,0.6629161834716797,214568.0,43.10639206061253
tho30,3,PGD,900,0.677943229675293,214568.0,43.10639206061253
tho30,3,PGD,920,0.6929068565368652,214568.0,43.10639206061253
tho30,3,PGD,940,0.7079267501831055,214568.0,43.10639206061253
tho30,3,PGD,960,0.7229313850402832,214568.0,43.10639206061253
tho30,3,PGD,980,0.7379508018493652,214568.0,43.10639206061253
tho30,3,PGD,1000,0.7529234886169434,214568.0,43.10639206061253
tho30,3,PGD,1020,0.7679398059844971,214568.0,43.10639206061253
tho30,3,PGD,1040,0.7829339504241943,214568.0,43.10639206061253
tho30,3,PGD,1060,0.7979278564453125,214568.0,43.10639206061253
tho30,3,PGD,1080,0.8129360675811768,214568.0,43.10639206061253
tho30,3,PGD,1100,0.8279461860656738,214568.0,43.10639206061253
tho30,3,PGD,1120,0.8429269790649414,214568.0,43.10639206061253
tho30,3,PGD,1140,0.8579411506652832,214568.0,43.10639206061253
tho30,3,PGD,1160,0.8729479312896729,214568.0,43.10639206061253
tho30,3,PGD,1180,0.8879656791687012,214568.0,43.10639206061253
tho30,3,PGD,1200,0.9029355049133301,214568.0,43.10639206061253
tho30,3,PGD,1220,0.9179434776306152,214568.0,43.10639206061253
tho30,3,PGD,1240,0.9330055713653564,214568.0,43.10639206061253
tho30,3,PGD,1260,0.9480156898498535,214568.0,43.10639206061253
tho30,3,PGD,1280,0.9630374908447266,214568.0,43.10639206061253
tho30,3,PGD,1300,0.9780635833740234,214568.0,43.10639206061253
tho30,3,PGD,1320,0.9930438995361328,214568.0,43.10639206061253
tho30,3,PGD,1340,1.0080406665802002,214568.0,43.10639206061253
tho30,3,PGD,1360,1.023040533065796,214568.0,43.10639206061253
tho30,3,PGD,1380,1.0380542278289795,214568.0,43.10639206061253
tho30,3,PGD,1400,1.053027868270874,214568.0,43.10639206061253
tho30,3,PGD,1420,1.0680346488952637,214568.0,43.10639206061253
tho30,3,PGD,1440,1.083024024963379,214568.0,43.10639206061253
tho30,3,PGD,1460,1.0980985164642334,214568.0,43.10639206061253
tho30,3,PGD,1480,1.1131799221038818,214568.0,43.10639206061253
tho30,3,PGD,1500,1.1282882690429688,214568.0,43.10639206061253
tho30,3,SK,1,0.016295433044433594,217608.0,45.13392380749119
tho30,3,SK,20,0.22898173332214355,184712.0,23.193896062319926
tho30,3,SK,40,0.45363688468933105,173670.0,15.829420552769182
tho30,3,SK,60,0.6783525943756104,176874.0,17.966332301782092
tho30,3,SK,80,0.905386209487915,165946.0,10.677889232739302
tho30,3,SK,100,1.1240665912628174,160272.0,6.893607939387472
tho30,3,SK,120,1.3446645736694336,158832.0,5.933198164550208
tho30,3,SK,140,1.5627334117889404,160116.0,6.789563547113435
tho30,3,SK,160,1.7810139656066895,163928.0,9.331981645502081
tho30,3,SK,180,1.9966309070587158,163030.0,8.733059438693843
tho30,3,SK,200,2.2204365730285645,158982.0,6.03324084942909
tho30,3,SK,220,2.4468610286712646,158706.0,5.849162309251947
tho30,3,SK,240,2.669428825378418,156056.0,4.081741543058372
tho30,3,SK,260,2.888331174850464,153448.0,2.3423327286308826
tho30,3,SK,280,3.1087825298309326,152794.0,1.9061466225589585
tho30,3,SK,300,3.327629804611206,152794.0,1.9061466225589585
tho30,3,SK,320,3.5499978065490723,152794.0,1.9061466225589585
tho30,3,SK,340,3.7682993412017822,152794.0,1.9061466225589585
tho30,3,SK,360,4.001281261444092,152156.0,1.4806317362074484
tho30,3,SK,380,4.219208717346191,152156.0,1.4806317362074484
tho30,3,SK,400,4.437579393386841,152156.0,1.4806317362074484
tho30,3,SK,420,4.662808656692505,152156.0,1.4806317362074484
tho30,3,SK,440,4.884300231933594,152156.0,1.4806317362074484
tho30,3,SK,460,5.102221250534058,152156.0,1.4806317362074484
tho30,3,SK,480,5.322318077087402,152098.0,1.4419485647209476
tho30,3,SK,500,5.539930820465088,152098.0,1.4419485647209476
tho30,3,SK,520,5.758392095565796,152098.0,1.4419485647209476
tho30,3,SK,540,5.985196828842163,152194.0,1.5059758830434318
tho30,3,SK,560,6.206474781036377,151996.0,1.373919539003308
tho30,3,SK,580,6.425560474395752,151996.0,1.373919539003308
tho30,3,SK,600,6.6419501304626465,151996.0,1.373919539003308
tho30,3,SK,620,6.864612102508545,151996.0,1.373919539003308
tho30,3,SK,640,7.0825111865997314,151996.0,1.373919539003308
tho30,3,SK,660,7.300381183624268,151996.0,1.373919539003308
tho30,3,SK,680,7.516308546066284,151996.0,1.373919539003308
tho30,3,SK,700,7.737308502197266,151996.0,1.373919539003308
tho30,3,SK,720,7.9543774127960205,151996.0,1.373919539003308
tho30,3,SK,740,8.182713747024536,151996.0,1.373919539003308
tho30,3,SK,760,8.402018308639526,152500.0,1.7100629601963506
tho30,3,SK,780,8.62179183959961,154024.0,2.7264966385657883
tho30,3,SK,800,8.840400695800781,155082.0,3.432131042578167
tho30,3,SK,820,9.060876369476318,155082.0,3.432131042578167
tho30,3,SK,840,9.279174327850342,153176.0,2.1609219933838437
tho30,3,SK,860,9.500192642211914,153176.0,2.1609219933838437
tho30,3,SK,880,9.716530084609985,153176.0,2.1609219933838437
tho30,3,SK,900,9.938157320022583,153176.0,2.1609219933838437
tho30,3,SK,920,10.155239820480347,153626.0,2.4610500480204887
tho30,3,SK,940,10.376333951950073,153626.0,2.4610500480204887
tho30,3,SK,960,10.592795372009277,153626.0,2.4610500480204887
tho30,3,SK,980,10.81305480003357,153626.0,2.4610500480204887
tho30,3,SK,1000,11.029529571533203,153626.0,2.4610500480204887
tho30,3,SK,1020,11.250110387802124,153626.0,2.4610500480204887
tho30,3,SK,1040,11.467283964157104,153626.0,2.4610500480204887
tho30,3,SK,1060,11.68700361251831,153626.0,2.4610500480204887
tho30,3,SK,1080,11.905353784561157,153626.0,2.4610500480204887
tho30,3,SK,1100,12.123600721359253,153626.0,2.4610500480204887
tho30,3,SK,1120,12.342904329299927,153626.0,2.4610500480204887
tho30,3,SK,1140,12.562129020690918,153626.0,2.4610500480204887
tho30,3,SK,1160,12.780274391174316,153626.0,2.4610500480204887
tho30,3,SK,1180,13.000466585159302,153626.0,2.4610500480204887
tho30,3,SK,1200,13.218202829360962,157242.0,4.872745704834062
tho30,3,SK,1220,13.43447494506836,157242.0,4.872745704834062
tho30,3,SK,1240,13.652962684631348,157242.0,4.872745704834062
tho30,3,SK,1260,13.872864007949829,157242.0,4.872745704834062
tho30,3,SK,1280,14.092542171478271,157242.0,4.872745704834062
tho30,3,SK,1300,14.30986213684082,157242.0,4.872745704834062
tho30,3,SK,1320,14.531333208084106,157242.0,4.872745704834062
tho30,3,SK,1340,14.74798583984375,157242.0,4.872745704834062
tho30,3,SK,1360,14.966796398162842,157242.0,4.872745704834062
tho30,3,SK,1380,15.184404611587524,157242.0,4.872745704834062
tho30,3,SK,1400,15.4140784740448,157242.0,4.872745704834062
tho30,3,SK,1420,15.630171537399292,157242.0,4.872745704834062
tho30,3,SK,1440,15.851495265960693,157242.0,4.872745704834062
tho30,3,SK,1460,16.075743198394775,157242.0,4.872745704834062
tho30,3,SK,1480,16.298599243164062,157242.0,4.872745704834062
tho30,3,SK,1500,16.517585515975952,157242.0,4.872745704834062
tho30,4,PGD,1,0.0013933181762695312,208172.0,38.84057197737702
tho30,4,PGD,20,0.015764236450195312,224636.0,49.821257069683064
tho30,4,PGD,40,0.030879974365234375,218126.0,45.4794045459396
tho30,4,PGD,60,0.04595494270324707,216464.0,44.370931597481594
tho30,4,PGD,80,0.06116151809692383,214568.0,43.10639206061253
tho30,4,PGD,100,0.07635736465454102,214568.0,43.10639206061253
tho30,4,PGD,120,0.09157323837280273,214568.0,43.10639206061253
tho30,4,PGD,140,0.10672426223754883,214568.0,43.10639206061253
tho30,4,PGD,160,0.12195682525634766,214568.0,43.10639206061253
tho30,4,PGD,180,0.13713836669921875,214568.0,43.10639206061253
tho30,4,PGD,200,0.15236687660217285,214568.0,43.10639206061253
tho30,4,PGD,220,0.16751742362976074,214568.0,43.10639206061253
tho30,4,PGD,240,0.18271827697753906,214568.0,43.10639206061253
tho30,4,PGD,260,0.19786643981933594,214568.0,43.10639206061253
tho30,4,PGD,280,0.21308422088623047,214568.0,43.10639206061253
tho30,4,PGD,300,0.22826504707336426,214568.0,43.10639206061253
tho30,4,PGD,320,0.2434830665588379,214568.0,43.10639206061253
tho30,4,PGD,340,0.25864076614379883,214568.0,43.10639206061253
tho30,4,PGD,360,0.27382779121398926,214568.0,43.10639206061253
tho30,4,PGD,380,0.2889404296875,214568.0,43.10639206061253
tho30,4,PGD,400,0.3041412830352783,214568.0,43.10639206061253
tho30,4,PGD,420,0.3192906379699707,214568.0,43.10639206061253
tho30,4,PGD,440,0.33448171615600586,214568.0,43.10639206061253
tho30,4,PGD,460,0.34959983825683594,214568.0,43.10639206061253
tho30,4,PGD,480,0.36472249031066895,214568.0,43.10639206061253
tho30,4,PGD,500,0.37978601455688477,214568.0,43.10639206061253
tho30,4,PGD,520,0.39493870735168457,214568.0,43.10639206061253
tho30,4,PGD,540,0.41004395484924316,214568.0,43.10639206061253
tho30,4,PGD,560,0.42518138885498047,214568.0,43.10639206061253
tho30,4,PGD,580,0.44027256965637207,214568.0,43.10639206061253
tho30,4,PGD,600,0.45540404319763184,214568.0,43.10639206061253
tho30,4,PGD,620,0.47049617767333984,214568.0,43.10639206061253
tho30,4,PGD,640,0.4856593608856201,214568.0,43.10639206061253
tho30,4,PGD,660,0.5007705688476562,214568.0,43.10639206061253
tho30,4,PGD,680,0.5159411430358887,214568.0,43.10639206061253
tho30,4,PGD,700,0.531043529510498,214568.0,43.10639206061253
tho30,4,PGD,720,0.5461797714233398,214568.0,43.10639206061253
tho30,4,PGD,740,0.5612430572509766,214568.0,43.10639206061253
tho30,4,PGD,760,0.5763940811157227,214568.0,43.10639206061253
tho30,4,PGD,780,0.5915095806121826,214568.0,43.10639206061253
tho30,4,PGD,800,0.6066913604736328,214568.0,43.10639206061253
tho30,4,PGD,820,0.6217939853668213,214568.0,43.10639206061253
tho30,4,PGD,840,0.6369211673736572,214568.0,43.10639206061253
tho30,4,PGD,860,0.651972770690918,214568.0,43.10639206061253
tho30,4,PGD,880,0.6670985221862793,214568.0,43.10639206061253
tho30,4,PGD,900,0.6821889877319336,214568.0,43.10639206061253
tho30,4,PGD,920,0.6973350048065186,214568.0,43.10639206061253
tho30,4,PGD,940,0.7124245166778564,214568.0,43.10639206061253
tho30,4,PGD,960,0.7275683879852295,214568.0,43.10639206061253
tho30,4,PGD,980,0.7426497936248779,214568.0,43.10639206061253
tho30,4,PGD,1000,0.7578036785125732,214568.0,43.10639206061253
tho30,4,PGD,1020,0.7728931903839111,214568.0,43.10639206061253
tho30,4,PGD,1040,0.7880513668060303,214568.0,43.10639206061253
tho30,4,PGD,1060,0.8031473159790039,214568.0,43.10639206061253
tho30,4,PGD,1080,0.8183004856109619,214568.0,43.10639206061253
tho30,4,PGD,1100,0.8333759307861328,214568.0,43.10639206061253
tho30,4,PGD,1120,0.8485229015350342,214568.0,43.10639206061253
tho30,4,PGD,1140,0.8636474609375,214568.0,43.10639206061253
tho30,4,PGD,1160,0.8788158893585205,214568.0,43.10639206061253
tho30,4,PGD,1180,0.8939077854156494,214568.0,43.10639206061253
tho30,4,PGD,1200,0.9090209007263184,214568.0,43.10639206061253
tho30,4,PGD,1220,0.9240779876708984,214568.0,43.10639206061253
tho30,4,PGD,1240,0.9392292499542236,214568.0,43.10639206061253
tho30,4,PGD,1260,0.9543259143829346,214568.0,43.10639206061253
tho30,4,PGD,1280,0.9694750308990479,214568.0,43.10639206061253
tho30,4,PGD,1300,0.9845383167266846,214568.0,43.10639206061253
tho30,4,PGD,1320,0.9996509552001953,214568.0,43.10639206061253
tho30,4,PGD,1340,1.0147085189819336,214568.0,43.10639206061253
tho30,4,PGD,1360,1.0298664569854736,214568.0,43.10639206061253
tho30,4,PGD,1380,1.0449903011322021,214568.0,43.10639206061253
tho30,4,PGD,1400,1.0601494312286377,214568.0,43.10639206061253
tho30,4,PGD,1420,1.0752489566802979,214568.0,43.10639206061253
tho30,4,PGD,1440,1.0903825759887695,214568.0,43.10639206061253
tho30,4,PGD,1460,1.1054463386535645,214568.0,43.10639206061253
tho30,4,PGD,1480,1.1206035614013672,214568.0,43.10639206061253
tho30,4,PGD,1500,1.1357157230377197,214568.0,43.10639206061253
tho30,4,SK,1,0.016178131103515625,217608.0,45.13392380749119
tho30,4,SK,20,0.27278876304626465,184712.0,23.193896062319926
tho30,4,SK,40,0.4928398132324219,173670.0,15.829420552769182
tho30,4,SK,60,0.7086608409881592,176874.0,17.966332301782092
tho30,4,SK,80,0.9302701950073242,165946.0,10.677889232739302
tho30,4,SK,100,1.1499547958374023,160272.0,6.893607939387472
tho30,4,SK,120,1.3711693286895752,158832.0,5.933198164550208
tho30,4,SK,140,1.5887174606323242,160116.0,6.789563547113435
tho30,4,SK,160,1.810974359512329,163928.0,9.331981645502081
tho30,4,SK,180,2.028515100479126,163030.0,8.733059438693843
tho30,4,SK,200,2.2475905418395996,158982.0,6.03324084942909
tho30,4,SK,220,2.465658664703369,158706.0,5.849162309251947
tho30,4,SK,240,2.6891655921936035,156056.0,4.081741543058372
tho30,4,SK,260,2.9076144695281982,153448.0,2.3423327286308826
tho30,4,SK,280,3.1267035007476807,152794.0,1.9061466225589585
tho30,4,SK,300,3.34661865234375,152794.0,1.9061466225589585
tho30,4,SK,320,3.5632190704345703,152794.0,1.9061466225589585
tho30,4,SK,340,3.783755302429199,152794.0,1.9061466225589585
tho30,4,SK,360,4.0024943351745605,152156.0,1.4806317362074484
tho30,4,SK,380,4.226699113845825,152156.0,1.4806317362074484
tho30,4,SK,400,4.4439661502838135,152156.0,1.4806317362074484
tho30,4,SK,420,4.66444730758667,152156.0,1.4806317362074484
tho30,4,SK,440,4.881441354751587,152156.0,1.4806317362074484
tho30,4,SK,460,5.101975679397583,152156.0,1.4806317362074484
tho30,4,SK,480,5.320424556732178,152098.0,1.4419485647209476
tho30,4,SK,500,5.540961742401123,152098.0,1.4419485647209476
tho30,4,SK,520,5.7572853565216064,152098.0,1.4419485647209476
tho30,4,SK,540,5.9780309200286865,152194.0,1.5059758830434318
tho30,4,SK,560,6.1948628425598145,151996.0,1.373919539003308
tho30,4,SK,580,6.415885925292969,151996.0,1.373919539003308
tho30,4,SK,600,6.632078409194946,151996.0,1.373919539003308
tho30,4,SK,620,6.850042104721069,151996.0,1.373919539003308
tho30,4,SK,640,7.06831169128418,151996.0,1.373919539003308
tho30,4,SK,660,7.289370536804199,151996.0,1.373919539003308
tho30,4,SK,680,7.506654500961304,151996.0,1.373919539003308
tho30,4,SK,700,7.726763010025024,151996.0,1.373919539003308
tho30,4,SK,720,7.947018623352051,151996.0,1.373919539003308
tho30,4,SK,740,8.165121078491211,151996.0,1.373919539003308
tho30,4,SK,760,8.381144046783447,152500.0,1.7100629601963506
tho30,4,SK,780,8.603387594223022,154024.0,2.7264966385657883
tho30,4,SK,800,8.824039220809937,155082.0,3.432131042578167
tho30,4,SK,820,9.042988538742065,155082.0,3.432131042578167
tho30,4,SK,840,9.260167121887207,153176.0,2.1609219933838437
tho30,4,SK,860,9.480075359344482,153176.0,2.1609219933838437
tho30,4,SK,880,9.699589967727661,153176.0,2.1609219933838437
tho30,4,SK,900,9.924159288406372,153176.0,2.1609219933838437
tho30,4,SK,920,10.151132106781006,153626.0,2.4610500480204887
tho30,4,SK,940,10.367386817932129,153626.0,2.4610500480204887
tho30,4,SK,960,10.594788551330566,153626.0,2.4610500480204887
tho30,4,SK,980,10.812555313110352,153626.0,2.4610500480204887
tho30,4,SK,1000,11.040109872817993,153626.0,2.4610500480204887
tho30,4,SK,1020,11.257153749465942,153626.0,2.4610500480204887
tho30,4,SK,1040,11.476459741592407,153626.0,2.4610500480204887
tho30,4,SK,1060,11.695106029510498,153626.0,2.4610500480204887
tho30,4,SK,1080,11.916562795639038,153626.0,2.4610500480204887
tho30,4,SK,1100,12.1328444480896,153626.0,2.4610500480204887
tho30,4,SK,1120,12.35270071029663,153626.0,2.4610500480204887
tho30,4,SK,1140,12.569766998291016,153626.0,2.4610500480204887
tho30,4,SK,1160,12.790818214416504,153626.0,2.4610500480204887
tho30,4,SK,1180,13.00724983215332,153626.0,2.4610500480204887
tho30,4,SK,1200,13.228989601135254,157242.0,4.872745704834062
tho30,4,SK,1220,13.445603370666504,157242.0,4.872745704834062
tho30,4,SK,1240,13.663543939590454,157242.0,4.872745704834062
tho30,4,SK,1260,13.882833480834961,157242.0,4.872745704834062
tho30,4,SK,1280,14.101546049118042,157242.0,4.872745704834062
tho30,4,SK,1300,14.317435503005981,157242.0,4.872745704834062
tho30,4,SK,1320,14.538075685501099,157242.0,4.872745704834062
tho30,4,SK,1340,14.76024341583252,157242.0,4.872745704834062
tho30,4,SK,1360,14.980684757232666,157242.0,4.872745704834062
tho30,4,SK,1380,15.198302268981934,157242.0,4.872745704834062
tho30,4,SK,1400,15.420968532562256,157242.0,4.872745704834062
tho30,4,SK,1420,15.638309240341187,157242.0,4.872745704834062
tho30,4,SK,1440,15.858850240707397,157242.0,4.872745704834062
tho30,4,SK,1460,16.079339742660522,157242.0,4.872745704834062
tho30,4,SK,1480,16.29869794845581,157242.0,4.872745704834062
tho30,4,SK,1500,16.51994037628174,157242.0,4.872745704834062
tai40b,0,PGD,1,0.005301952362060547,1159193216.0,81.90529486666217
tai40b,0,PGD,20,0.033556461334228516,1035195520.0,62.4470741469968
tai40b,0,PGD,40,0.060819149017333984,1067250944.0,67.47734112433207
tai40b,0,PGD,60,0.08824634552001953,1122861824.0,76.2040256705903
tai40b,0,PGD,80,0.11786866188049316,1032570240.0,62.03510457547409
tai40b,0,PGD,100,0.1452476978302002,1084052992.0,70.11398655463435
tai40b,0,PGD,120,0.1726846694946289,1032570240.0,62.03510457547409
tai40b,0,PGD,140,0.20237326622009277,1032018048.0,61.94845237013284
tai40b,0,PGD,160,0.22980070114135742,1032018048.0,61.94845237013284
tai40b,0,PGD,180,0.25724029541015625,1032018048.0,61.94845237013284
tai40b,0,PGD,200,0.2846560478210449,1032018048.0,61.94845237013284
tai40b,0,PGD,220,0.312044620513916,1032018048.0,61.94845237013284
tai40b,0,PGD,240,0.3395075798034668,1032018048.0,61.94845237013284
tai40b,0,PGD,260,0.36690258979797363,1032018048.0,61.94845237013284
tai40b,0,PGD,280,0.3943490982055664,1032018048.0,61.94845237013284
tai40b,0,PGD,300,0.42180967330932617,1090071680.0,71.05846345480839
tai40b,0,PGD,320,0.44927239418029785,1090071680.0,71.05846345480839
tai40b,0,PGD,340,0.4767158031463623,1090071680.0,71.05846345480839
tai40b,0,PGD,360,0.5041499137878418,1090071680.0,71.05846345480839
tai40b,0,PGD,380,0.5315594673156738,1090071680.0,71.05846345480839
tai40b,0,PGD,400,0.5589966773986816,1090071680.0,71.05846345480839
tai40b,0,PGD,420,0.5864231586456299,1090071680.0,71.05846345480839
tai40b,0,PGD,440,0.6138315200805664,1090071680.0,71.05846345480839
tai40b,0,PGD,460,0.64127516746521,1090071680.0,71.05846345480839
tai40b,0,PGD,480,0.6687285900115967,1090071680.0,71.05846345480839
tai40b,0,PGD,500,0.6961565017700195,1090071680.0,71.05846345480839
tai40b,0,PGD,520,0.7235422134399414,1090071680.0,71.05846345480839
tai40b,0,PGD,540,0.7509469985961914,1090071680.0,71.05846345480839
tai40b,0,PGD,560,0.7783827781677246,1090071680.0,71.05846345480839
tai40b,0,PGD,580,0.8058285713195801,1090071680.0,71.05846345480839
tai40b,0,PGD,600,0.8332169055938721,1090071680.0,71.05846345480839
tai40b,0,PGD,620,0.8606212139129639,1090071680.0,71.05846345480839
tai40b,0,PGD,640,0.8884119987487793,1090071680.0,71.05846345480839
tai40b,0,PGD,660,0.9162330627441406,1090071680.0,71.05846345480839
tai40b,0,PGD,680,0.9439539909362793,1090071680.0,71.05846345480839
tai40b,0,PGD,700,0.9716336727142334,1090071680.0,71.05846345480839
tai40b,0,PGD,720,0.9992437362670898,1090071680.0,71.05846345480839
tai40b,0,PGD,740,1.0268547534942627,1090071680.0,71.05846345480839
tai40b,0,PGD,760,1.0543584823608398,1090071680.0,71.05846345480839
tai40b,0,PGD,780,1.0817701816558838,1090071680.0,71.05846345480839
tai40b,0,PGD,800,1.1092746257781982,1090071680.0,71.05846345480839
tai40b,0,PGD,820,1.136828899383545,1090071680.0,71.05846345480839
tai40b,0,PGD,840,1.1643180847167969,1090071680.0,71.05846345480839
tai40b,0,PGD,860,1.1918094158172607,1090071680.0,71.05846345480839
tai40b,0,PGD,880,1.2192649841308594,1090071680.0,71.05846345480839
tai40b,0,PGD,900,1.2467319965362549,1090071680.0,71.05846345480839
tai40b,0,PGD,920,1.2742652893066406,1090071680.0,71.05846345480839
tai40b,0,PGD,940,1.3017463684082031,1090071680.0,71.05846345480839
tai40b,0,PGD,960,1.3292698860168457,1090071680.0,71.05846345480839
tai40b,0,PGD,980,1.3567633628845215,1090071680.0,71.05846345480839
tai40b,0,PGD,1000,1.3841962814331055,1090071680.0,71.05846345480839
tai40b,0,PGD,1020,1.411637783050537,1090071680.0,71.05846345480839
tai40b,0,PGD,1040,1.4390850067138672,1090071680.0,71.05846345480839
tai40b,0,PGD,1060,1.466510534286499,1090071680.0,71.05846345480839
tai40b,0,PGD,1080,1.493896484375,1090071680.0,71.05846345480839
tai40b,0,PGD,1100,1.5213277339935303,1090071680.0,71.05846345480839
tai40b,0,PGD,1120,1.5487513542175293,1090071680.0,71.05846345480839
tai40b,0,PGD,1140,1.576157569885254,1090071680.0,71.05846345480839
tai40b,0,PGD,1160,1.6035518646240234,1090071680.0,71.05846345480839
tai40b,0,PGD,1180,1.6309223175048828,1090071680.0,71.05846345480839
tai40b,0,PGD,1200,1.6583755016326904,1090071680.0,71.05846345480839
tai40b,0,PGD,1220,1.6857621669769287,1090071680.0,71.05846345480839
tai40b,0,PGD,1240,1.7131695747375488,1090071680.0,71.05846345480839
tai40b,0,PGD,1260,1.7406468391418457,1090071680.0,71.05846345480839
tai40b,0,PGD,1280,1.7680487632751465,1090071680.0,71.05846345480839
tai40b,0,PGD,1300,1.7955012321472168,1090071680.0,71.05846345480839
tai40b,0,PGD,1320,1.82301926612854,1090071680.0,71.05846345480839
tai40b,0,PGD,1340,1.850545883178711,1090071680.0,71.05846345480839
tai40b,0,PGD,1360,1.8780584335327148,1090071680.0,71.05846345480839
tai40b,0,PGD,1380,1.9055845737457275,1090071680.0,71.05846345480839
tai40b,0,PGD,1400,1.9332082271575928,1090071680.0,71.05846345480839
tai40b,0,PGD,1420,1.9608376026153564,1090071680.0,71.05846345480839
tai40b,0,PGD,1440,1.988464117050171,1090071680.0,71.05846345480839
tai40b,0,PGD,1460,2.0160140991210938,1090071680.0,71.05846345480839
tai40b,0,PGD,1480,2.043491840362549,1090071680.0,71.05846345480839
tai40b,0,PGD,1500,2.0709939002990723,1090071680.0,71.05846345480839
tai40b,0,SK,1,0.0225217342376709,1064570688.0,67.05674449620435
tai40b,0,SK,20,0.42183423042297363,965573504.0,51.52170538630568
tai40b,0,SK,40,0.8419814109802246,932142144.0,46.275520958503144
tai40b,0,SK,60,1.2627222537994385,791907584.0,24.26934577114195
tai40b,0,SK,80,1.6842801570892334,785424896.0,23.25205611149597
tai40b,0,SK,100,2.104856252670288,746516096.0,17.146329612051044
tai40b,0,SK,120,2.5254735946655273,746467840.0,17.13875708506596
tai40b,0,SK,140,2.9463703632354736,737961216.0,15.803863190172923
tai40b,0,SK,160,3.367429494857788,737593728.0,15.746195484671135
tai40b,0,SK,180,3.787003517150879,738622592.0,15.907648991053364
tai40b,0,SK,200,4.20815110206604,734827968.0,15.312181222522089
tai40b,0,SK,220,4.628474712371826,733450880.0,15.09608299554856
tai40b,0,SK,240,5.049372911453247,732129536.0,14.888732342850904
tai40b,0,SK,260,5.469515085220337,771034880.0,20.993916512777
tai40b,0,SK,280,5.891690492630005,723996672.0,13.612490381104934
tai40b,0,SK,300,6.311803102493286,723996672.0,13.612490381104934
tai40b,0,SK,320,6.7325146198272705,723741760.0,13.572488557521925
tai40b,0,SK,340,7.154979467391968,723042240.0,13.462717045655928
tai40b,0,SK,360,7.577366352081299,722014528.0,13.301444315779975
tai40b,0,SK,380,7.997883081436157,720143104.0,13.00777288133591
tai40b,0,SK,400,8.418063163757324,720583040.0,13.07680942045456
tai40b,0,SK,420,8.838584899902344,719217664.0,12.862549087961497
tai40b,0,SK,440,9.259873867034912,719208448.0,12.861102875911296
tai40b,0,SK,460,9.679821968078613,719208448.0,12.861102875911296
tai40b,0,SK,480,10.100614547729492,718336064.0,12.724204844964781
tai40b,0,SK,500,10.52061676979065,718341632.0,12.725078598078445
tai40b,0,SK,520,10.940809965133667,718341632.0,12.725078598078445
tai40b,0,SK,540,11.360905408859253,719132544.0,12.84919171277561
tai40b,0,SK,560,11.781096696853638,719006976.0,12.829487073591611
tai40b,0,SK,580,12.201187372207642,719006976.0,12.829487073591611
tai40b,0,SK,600,12.621265888214111,719006976.0,12.829487073591611
tai40b,0,SK,620,13.041214227676392,719006976.0,12.829487073591611
tai40b,0,SK,640,13.461332559585571,719006976.0,12.829487073591611
tai40b,0,SK,660,13.881518125534058,740433344.0,16.191799529500265
tai40b,0,SK,680,14.301767587661743,740433344.0,16.191799529500265
tai40b,0,SK,700,14.721686840057373,741113664.0,16.298558099595013
tai40b,0,SK,720,15.142039775848389,741121984.0,16.299863707695888
tai40b,0,SK,740,15.56204891204834,754952832.0,18.470256398896716
tai40b,0,SK,760,15.982272863388062,748645120.0,17.480424681926092
tai40b,0,SK,780,16.40219521522522,748645120.0,17.480424681926092
tai40b,0,SK,800,16.82249689102173,748269440.0,17.4214714546019
tai40b,0,SK,820,17.242656469345093,748246976.0,17.417946312729534
tai40b,0,SK,840,17.662796020507812,748246976.0,17.417946312729534
tai40b,0,SK,860,18.082939624786377,748246976.0,17.417946312729534
tai40b,0,SK,880,18.503158807754517,748246976.0,17.417946312729534
tai40b,0,SK,900,18.92329502105713,748246976.0,17.417946312729534
tai40b,0,SK,920,19.343441486358643,748246976.0,17.417946312729534
tai40b,0,SK,940,19.763518571853638,748246976.0,17.417946312729534
tai40b,0,SK,960,20.183912754058838,748246976.0,17.417946312729534
tai40b,0,SK,980,20.6038875579834,748246976.0,17.417946312729534
tai40b,0,SK,1000,21.024068355560303,748246976.0,17.417946312729534
tai40b,0,SK,1020,21.44396948814392,748246976.0,17.417946312729534
tai40b,0,SK,1040,21.86424684524536,748246976.0,17.417946312729534
tai40b,0,SK,1060,22.284289836883545,748246976.0,17.417946312729534
tai40b,0,SK,1080,22.704461574554443,748246976.0,17.417946312729534
tai40b,0,SK,1100,23.124404430389404,748246976.0,17.417946312729534
tai40b,0,SK,1120,23.544787168502808,748246976.0,17.417946312729534
tai40b,0,SK,1140,23.964828491210938,748246976.0,17.417946312729534
tai40b,0,SK,1160,24.38503408432007,748246976.0,17.417946312729534
tai40b,0,SK,1180,24.80489444732666,747174144.0,17.249593169691135
tai40b,0,SK,1200,25.225157022476196,747174144.0,17.249593169691135
tai40b,0,SK,1220,25.64511489868164,753732992.0,18.278834165029757
tai40b,0,SK,1240,26.065368175506592,753732992.0,18.278834165029757
tai40b,0,SK,1260,26.48534893989563,749915520.0,17.67978099579069
tai40b,0,SK,1280,26.905534982681274,749915520.0,17.67978099579069
tai40b,0,SK,1300,27.325539588928223,749915520.0,17.67978099579069
tai40b,0,SK,1320,27.745965480804443,749915520.0,17.67978099579069
tai40b,0,SK,1340,28.16594099998474,749915520.0,17.67978099579069
tai40b,0,SK,1360,28.586130142211914,749915520.0,17.67978099579069
tai40b,0,SK,1380,29.006277084350586,749960000.0,17.68676097756076
tai40b,0,SK,1400,29.42648482322693,749766272.0,17.656360395088814
tai40b,0,SK,1420,29.846515893936157,749766272.0,17.656360395088814
tai40b,0,SK,1440,30.266735076904297,749766272.0,17.656360395088814
tai40b,0,SK,1460,30.68677258491516,749766272.0,17.656360395088814
tai40b,0,SK,1480,31.106918573379517,749766272.0,17.656360395088814
tai40b,0,SK,1500,31.526891946792603,749766272.0,17.656360395088814
tai40b,1,PGD,1,0.0038733482360839844,1159193216.0,81.90529486666217
tai40b,1,PGD,20,0.03199267387390137,1035195520.0,62.4470741469968
tai40b,1,PGD,40,0.05927848815917969,1067250944.0,67.47734112433207
tai40b,1,PGD,60,0.08672142028808594,1122861824.0,76.2040256705903
tai40b,1,PGD,80,0.11476945877075195,1032570240.0,62.03510457547409
tai40b,1,PGD,100,0.1421799659729004,1084052992.0,70.11398655463435
tai40b,1,PGD,120,0.16962456703186035,1032570240.0,62.03510457547409
tai40b,1,PGD,140,0.1976771354675293,1032018048.0,61.94845237013284
tai40b,1,PGD,160,0.22512269020080566,1032018048.0,61.94845237013284
tai40b,1,PGD,180,0.2525925636291504,1032018048.0,61.94845237013284
tai40b,1,PGD,200,0.2800023555755615,1032018048.0,61.94845237013284
tai40b,1,PGD,220,0.3074631690979004,1032018048.0,61.94845237013284
tai40b,1,PGD,240,0.33500051498413086,1032018048.0,61.94845237013284
tai40b,1,PGD,260,0.36249423027038574,1032018048.0,61.94845237013284
tai40b,1,PGD,280,0.3900299072265625,1032018048.0,61.94845237013284
tai40b,1,PGD,300,0.41757798194885254,1090071680.0,71.05846345480839
tai40b,1,PGD,320,0.4450526237487793,1090071680.0,71.05846345480839
tai40b,1,PGD,340,0.4725630283355713,1090071680.0,71.05846345480839
tai40b,1,PGD,360,0.5001027584075928,1090071680.0,71.05846345480839
tai40b,1,PGD,380,0.527604341506958,1090071680.0,71.05846345480839
tai40b,1,PGD,400,0.5550885200500488,1090071680.0,71.05846345480839
tai40b,1,PGD,420,0.5825097560882568,1090071680.0,71.05846345480839
tai40b,1,PGD,440,0.6099517345428467,1090071680.0,71.05846345480839
tai40b,1,PGD,460,0.6374001502990723,1090071680.0,71.05846345480839
tai40b,1,PGD,480,0.664860725402832,1090071680.0,71.05846345480839
tai40b,1,PGD,500,0.692251443862915,1090071680.0,71.05846345480839
tai40b,1,PGD,520,0.7196719646453857,1090071680.0,71.05846345480839
tai40b,1,PGD,540,0.7470934391021729,1090071680.0,71.05846345480839
tai40b,1,PGD,560,0.7745048999786377,1090071680.0,71.05846345480839
tai40b,1,PGD,580,0.8019974231719971,1090071680.0,71.05846345480839
tai40b,1,PGD,600,0.829472541809082,1090071680.0,71.05846345480839
tai40b,1,PGD,620,0.8569250106811523,1090071680.0,71.05846345480839
tai40b,1,PGD,640,0.884521484375,1090071680.0,71.05846345480839
tai40b,1,PGD,660,0.9121794700622559,1090071680.0,71.05846345480839
tai40b,1,PGD,680,0.9397685527801514,1090071680.0,71.05846345480839
tai40b,1,PGD,700,0.9673912525177002,1090071680.0,71.05846345480839
tai40b,1,PGD,720,0.9949123859405518,1090071680.0,71.05846345480839
tai40b,1,PGD,740,1.0224106311798096,1090071680.0,71.05846345480839
tai40b,1,PGD,760,1.0499317646026611,1090071680.0,71.05846345480839
tai40b,1,PGD,780,1.0773472785949707,1090071680.0,71.05846345480839
tai40b,1,PGD,800,1.1048352718353271,1090071680.0,71.05846345480839
tai40b,1,PGD,820,1.1323342323303223,1090071680.0,71.05846345480839
tai40b,1,PGD,840,1.1598577499389648,1090071680.0,71.05846345480839
tai40b,1,PGD,860,1.1873748302459717,1090071680.0,71.05846345480839
tai40b,1,PGD,880,1.2148351669311523,1090071680.0,71.05846345480839
tai40b,1,PGD,900,1.2423381805419922,1090071680.0,71.05846345480839
tai40b,1,PGD,920,1.269808053970337,1090071680.0,71.05846345480839
tai40b,1,PGD,940,1.2972328662872314,1090071680.0,71.05846345480839
tai40b,1,PGD,960,1.3246917724609375,1090071680.0,71.05846345480839
tai40b,1,PGD,980,1.3521232604980469,1090071680.0,71.05846345480839
tai40b,1,PGD,1000,1.3795294761657715,1090071680.0,71.05846345480839
tai40b,1,PGD,1020,1.4069721698760986,1090071680.0,71.05846345480839
tai40b,1,PGD,1040,1.4344589710235596,1090071680.0,71.05846345480839
tai40b,1,PGD,1060,1.4619417190551758,1090071680.0,71.05846345480839
tai40b,1,PGD,1080,1.4893834590911865,1090071680.0,71.05846345480839
tai40b,1,PGD,1100,1.5169012546539307,1090071680.0,71.05846345480839
tai40b,1,PGD,1120,1.5444324016571045,1090071680.0,71.05846345480839
tai40b,1,PGD,1140,1.5719106197357178,1090071680.0,71.05846345480839
tai40b,1,PGD,1160,1.5993568897247314,1090071680.0,71.05846345480839
tai40b,1,PGD,1180,1.6268041133880615,1090071680.0,71.05846345480839
tai40b,1,PGD,1200,1.6543323993682861,1090071680.0,71.05846345480839
tai40b,1,PGD,1220,1.6818065643310547,1090071680.0,71.05846345480839
tai40b,1,PGD,1240,1.7092540264129639,1090071680.0,71.05846345480839
tai40b,1,PGD,1260,1.7367134094238281,1090071680.0,71.05846345480839
tai40b,1,PGD,1280,1.7641363143920898,1090071680.0,71.05846345480839
tai40b,1,PGD,1300,1.7916224002838135,1090071680.0,71.05846345480839
tai40b,1,PGD,1320,1.8191375732421875,1090071680.0,71.05846345480839
tai40b,1,PGD,1340,1.8466286659240723,1090071680.0,71.05846345480839
tai40b,1,PGD,1360,1.874138355255127,1090071680.0,71.05846345480839
tai40b,1,PGD,1380,1.901689052581787,1090071680.0,71.05846345480839
tai40b,1,PGD,1400,1.92921781539917,1090071680.0,71.05846345480839
tai40b,1,PGD,1420,1.956761360168457,1090071680.0,71.05846345480839
tai40b,1,PGD,1440,1.984283447265625,1090071680.0,71.05846345480839
tai40b,1,PGD,1460,2.0117416381835938,1090071680.0,71.05846345480839
tai40b,1,PGD,1480,2.039212942123413,1090071680.0,71.05846345480839
tai40b,1,PGD,1500,2.0667495727539062,1090071680.0,71.05846345480839
tai40b,1,SK,1,0.025601625442504883,1064570688.0,67.05674449620435
tai40b,1,SK,20,0.4261941909790039,965573504.0,51.52170538630568
tai40b,1,SK,40,0.848015308380127,932142144.0,46.275520958503144
tai40b,1,SK,60,1.2689447402954102,791907584.0,24.26934577114195
tai40b,1,SK,80,1.6904942989349365,785424896.0,23.25205611149597
tai40b,1,SK,100,2.112779378890991,746516096.0,17.146329612051044
tai40b,1,SK,120,2.5338025093078613,746467840.0,17.13875708506596
tai40b,1,SK,140,2.9555835723876953,737961216.0,15.803863190172923
tai40b,1,SK,160,3.3781628608703613,737593728.0,15.746195484671135
tai40b,1,SK,180,3.79762864112854,738622592.0,15.907648991053364
tai40b,1,SK,200,4.219054222106934,734827968.0,15.312181222522089
tai40b,1,SK,220,4.641292572021484,733450880.0,15.09608299554856
tai40b,1,SK,240,5.063675880432129,732129536.0,14.888732342850904
tai40b,1,SK,260,5.484011650085449,771034880.0,20.993916512777
tai40b,1,SK,280,5.90460991859436,723996672.0,13.612490381104934
tai40b,1,SK,300,6.324807405471802,723996672.0,13.612490381104934
tai40b,1,SK,320,6.745503902435303,723741760.0,13.572488557521925
tai40b,1,SK,340,7.166869401931763,723042240.0,13.462717045655928
tai40b,1,SK,360,7.589649677276611,722014528.0,13.301444315779975
tai40b,1,SK,380,8.011189222335815,720143104.0,13.00777288133591
tai40b,1,SK,400,8.431407928466797,720583040.0,13.07680942045456
tai40b,1,SK,420,8.853701114654541,719217664.0,12.862549087961497
tai40b,1,SK,440,9.276270866394043,719208448.0,12.861102875911296
tai40b,1,SK,460,9.696102619171143,719208448.0,12.861102875911296
tai40b,1,SK,480,10.117326498031616,718336064.0,12.724204844964781
tai40b,1,SK,500,10.537301301956177,718341632.0,12.725078598078445
tai40b,1,SK,520,10.9576416015625,718341632.0,12.725078598078445
tai40b,1,SK,540,11.377830505371094,719132544.0,12.84919171277561
tai40b,1,SK,560,11.79798412322998,719006976.0,12.829487073591611
tai40b,1,SK,580,12.218131065368652,719006976.0,12.829487073591611
tai40b,1,SK,600,12.638269662857056,719006976.0,12.829487073591611
tai40b,1,SK,620,13.058497190475464,719006976.0,12.829487073591611
tai40b,1,SK,640,13.478773593902588,719006976.0,12.829487073591611
tai40b,1,SK,660,13.898732662200928,740433344.0,16.191799529500265
tai40b,1,SK,680,14.319075584411621,740433344.0,16.191799529500265
tai40b,1,SK,700,14.739053964614868,741113664.0,16.298558099595013
tai40b,1,SK,720,15.15939474105835,741121984.0,16.299863707695888
tai40b,1,SK,740,15.579482555389404,754952832.0,18.470256398896716
tai40b,1,SK,760,15.99978232383728,748645120.0,17.480424681926092
tai40b,1,SK,780,16.419891357421875,748645120.0,17.480424681926092
tai40b,1,SK,800,16.839997053146362,748269440.0,17.4214714546019
tai40b,1,SK,820,17.260089874267578,748246976.0,17.417946312729534
tai40b,1,SK,840,17.68027377128601,748246976.0,17.417946312729534
tai40b,1,SK,860,18.100303411483765,748246976.0,17.417946312729534
tai40b,1,SK,880,18.520588159561157,748246976.0,17.417946312729534
tai40b,1,SK,900,18.940603733062744,748246976.0,17.417946312729534
tai40b,1,SK,920,19.361008882522583,748246976.0,17.417946312729534
tai40b,1,SK,940,19.78104853630066,748246976.0,17.417946312729534
tai40b,1,SK,960,20.20134949684143,748246976.0,17.417946312729534
tai40b,1,SK,980,20.621280431747437,748246976.0,17.417946312729534
tai40b,1,SK,1000,21.041610717773438,748246976.0,17.417946312729534
tai40b,1,SK,1020,21.461721181869507,748246976.0,17.417946312729534
tai40b,1,SK,1040,21.8819477558136,748246976.0,17.417946312729534
tai40b,1,SK,1060,22.302013158798218,748246976.0,17.417946312729534
tai40b,1,SK,1080,22.72225594520569,748246976.0,17.417946312729534
tai40b,1,SK,1100,23.142353296279907,748246976.0,17.417946312729534
tai40b,1,SK,1120,23.56266498565674,748246976.0,17.417946312729534
tai40b,1,SK,1140,23.98276114463806,748246976.0,17.417946312729534
tai40b,1,SK,1160,24.403021335601807,748246976.0,17.417946312729534
tai40b,1,SK,1180,24.823127269744873,747174144.0,17.249593169691135
tai40b,1,SK,1200,25.243378400802612,747174144.0,17.249593169691135
tai40b,1,SK,1220,25.663346529006958,753732992.0,18.278834165029757
tai40b,1,SK,1240,26.08363676071167,753732992.0,18.278834165029757
tai40b,1,SK,1260,26.50362992286682,749915520.0,17.67978099579069
tai40b,1,SK,1280,26.923992395401,749915520.0,17.67978099579069
tai40b,1,SK,1300,27.344075918197632,749915520.0,17.67978099579069
tai40b,1,SK,1320,27.764913082122803,749915520.0,17.67978099579069
tai40b,1,SK,1340,28.18497109413147,749915520.0,17.67978099579069
tai40b,1,SK,1360,28.605188369750977,749915520.0,17.67978099579069
tai40b,1,SK,1380,29.0252742767334,749960000.0,17.68676097756076
tai40b,1,SK,1400,29.44560956954956,749766272.0,17.656360395088814
tai40b,1,SK,1420,29.865776538848877,749766272.0,17.656360395088814
tai40b,1,SK,1440,30.286020040512085,749766272.0,17.656360395088814
tai40b,1,SK,1460,30.706058263778687,749766272.0,17.656360395088814
tai40b,1,SK,1480,31.126431941986084,749766272.0,17.656360395088814
tai40b,1,SK,1500,31.54652714729309,749766272.0,17.656360395088814
tai40b,2,PGD,1,0.0038802623748779297,1159193216.0,81.90529486666217
tai40b,2,PGD,20,0.03200650215148926,1035195520.0,62.4470741469968
tai40b,2,PGD,40,0.05942201614379883,1067250944.0,67.47734112433207
tai40b,2,PGD,60,0.08682513236999512,1122861824.0,76.2040256705903
tai40b,2,PGD,80,0.11488509178161621,1032570240.0,62.03510457547409
tai40b,2,PGD,100,0.14229583740234375,1084052992.0,70.11398655463435
tai40b,2,PGD,120,0.16971898078918457,1032570240.0,62.03510457547409
tai40b,2,PGD,140,0.19785499572753906,1032018048.0,61.94845237013284
tai40b,2,PGD,160,0.22534871101379395,1032018048.0,61.94845237013284
tai40b,2,PGD,180,0.25289058685302734,1032018048.0,61.94845237013284
tai40b,2,PGD,200,0.2803804874420166,1032018048.0,61.94845237013284
tai40b,2,PGD,220,0.3078336715698242,1032018048.0,61.94845237013284
tai40b,2,PGD,240,0.3353750705718994,1032018048.0,61.94845237013284
tai40b,2,PGD,260,0.36287927627563477,1032018048.0,61.94845237013284
tai40b,2,PGD,280,0.39041614532470703,1032018048.0,61.94845237013284
tai40b,2,PGD,300,0.41796278953552246,1090071680.0,71.05846345480839
tai40b,2,PGD,320,0.4454474449157715,1090071680.0,71.05846345480839
tai40b,2,PGD,340,0.47288012504577637,1090071680.0,71.05846345480839
tai40b,2,PGD,360,0.5003387928009033,1090071680.0,71.05846345480839
tai40b,2,PGD,380,0.5277783870697021,1090071680.0,71.05846345480839
tai40b,2,PGD,400,0.5551877021789551,1090071680.0,71.05846345480839
tai40b,2,PGD,420,0.5825963020324707,1090071680.0,71.05846345480839
tai40b,2,PGD,440,0.6100189685821533,1090071680.0,71.05846345480839
tai40b,2,PGD,460,0.6374714374542236,1090071680.0,71.05846345480839
tai40b,2,PGD,480,0.6649215221405029,1090071680.0,71.05846345480839
tai40b,2,PGD,500,0.692307710647583,1090071680.0,71.05846345480839
tai40b,2,PGD,520,0.7198123931884766,1090071680.0,71.05846345480839
tai40b,2,PGD,540,0.7473199367523193,1090071680.0,71.05846345480839
tai40b,2,PGD,560,0.7747817039489746,1090071680.0,71.05846345480839
tai40b,2,PGD,580,0.8022773265838623,1090071680.0,71.05846345480839
tai40b,2,PGD,600,0.8297924995422363,1090071680.0,71.05846345480839
tai40b,2,PGD,620,0.8572249412536621,1090071680.0,71.05846345480839
tai40b,2,PGD,640,0.8847870826721191,1090071680.0,71.05846345480839
tai40b,2,PGD,660,0.9124608039855957,1090071680.0,71.05846345480839
tai40b,2,PGD,680,0.9400761127471924,1090071680.0,71.05846345480839
tai40b,2,PGD,700,0.9676411151885986,1090071680.0,71.05846345480839
tai40b,2,PGD,720,0.9951457977294922,1090071680.0,71.05846345480839
tai40b,2,PGD,740,1.0226216316223145,1090071680.0,71.05846345480839
tai40b,2,PGD,760,1.0501258373260498,1090071680.0,71.05846345480839
tai40b,2,PGD,780,1.0775625705718994,1090071680.0,71.05846345480839
tai40b,2,PGD,800,1.1050260066986084,1090071680.0,71.05846345480839
tai40b,2,PGD,820,1.1325492858886719,1090071680.0,71.05846345480839
tai40b,2,PGD,840,1.160043716430664,1090071680.0,71.05846345480839
tai40b,2,PGD,860,1.1875619888305664,1090071680.0,71.05846345480839
tai40b,2,PGD,880,1.2150578498840332,1090071680.0,71.05846345480839
tai40b,2,PGD,900,1.242530345916748,1090071680.0,71.05846345480839
tai40b,2,PGD,920,1.269956111907959,1090071680.0,71.05846345480839
tai40b,2,PGD,940,1.2973709106445312,1090071680.0,71.05846345480839
tai40b,2,PGD,960,1.324843168258667,1090071680.0,71.05846345480839
tai40b,2,PGD,980,1.352346658706665,1090071680.0,71.05846345480839
tai40b,2,PGD,1000,1.379859447479248,1090071680.0,71.05846345480839
tai40b,2,PGD,1020,1.4073364734649658,1090071680.0,71.05846345480839
tai40b,2,PGD,1040,1.4348714351654053,1090071680.0,71.05846345480839
tai40b,2,PGD,1060,1.4623754024505615,1090071680.0,71.05846345480839
tai40b,2,PGD,1080,1.489800214767456,1090071680.0,71.05846345480839
tai40b,2,PGD,1100,1.5172803401947021,1090071680.0,71.05846345480839
tai40b,2,PGD,1120,1.5448274612426758,1090071680.0,71.05846345480839
tai40b,2,PGD,1140,1.5723087787628174,1090071680.0,71.05846345480839
tai40b,2,PGD,1160,1.599764347076416,1090071680.0,71.05846345480839
tai40b,2,PGD,1180,1.6272075176239014,1090071680.0,71.05846345480839
tai40b,2,PGD,1200,1.6546528339385986,1090071680.0,71.05846345480839
tai40b,2,PGD,1220,1.6820642948150635,1090071680.0,71.05846345480839
tai40b,2,PGD,1240,1.709446668624878,1090071680.0,71.05846345480839
tai40b,2,PGD,1260,1.7368943691253662,1090071680.0,71.05846345480839
tai40b,2,PGD,1280,1.7643256187438965,1090071680.0,71.05846345480839
tai40b,2,PGD,1300,1.7917492389678955,1090071680.0,71.05846345480839
tai40b,2,PGD,1320,1.8192641735076904,1090071680.0,71.05846345480839
tai40b,2,PGD,1340,1.8467750549316406,1090071680.0,71.05846345480839
tai40b,2,PGD,1360,1.8742570877075195,1090071680.0,71.05846345480839
tai40b,2,PGD,1380,1.9017958641052246,1090071680.0,71.05846345480839
tai40b,2,PGD,1400,1.9293322563171387,1090071680.0,71.05846345480839
tai40b,2,PGD,1420,1.9568583965301514,1090071680.0,71.05846345480839
tai40b,2,PGD,1440,1.9843854904174805,1090071680.0,71.05846345480839
tai40b,2,PGD,1460,2.011871576309204,1090071680.0,71.05846345480839
tai40b,2,PGD,1480,2.0393707752227783,1090071680.0,71.05846345480839
tai40b,2,PGD,1500,2.066904306411743,1090071680.0,71.05846345480839
tai40b,2,SK,1,0.022937536239624023,1064570688.0,67.05674449620435
tai40b,2,SK,20,0.4266364574432373,965573504.0,51.52170538630568
tai40b,2,SK,40,0.8468835353851318,932142144.0,46.275520958503144
tai40b,2,SK,60,1.2676701545715332,791907584.0,24.26934577114195
tai40b,2,SK,80,1.689227819442749,785424896.0,23.25205611149597
tai40b,2,SK,100,2.1098055839538574,746516096.0,17.146329612051044
tai40b,2,SK,120,2.530524253845215,746467840.0,17.13875708506596
tai40b,2,SK,140,2.9507274627685547,737961216.0,15.803863190172923
tai40b,2,SK,160,3.3718514442443848,737593728.0,15.746195484671135
tai40b,2,SK,180,3.7915825843811035,738622592.0,15.907648991053364
tai40b,2,SK,200,4.212643146514893,734827968.0,15.312181222522089
tai40b,2,SK,220,4.633045673370361,733450880.0,15.09608299554856
tai40b,2,SK,240,5.053861856460571,732129536.0,14.888732342850904
tai40b,2,SK,260,5.473829746246338,771034880.0,20.993916512777
tai40b,2,SK,280,5.894656181335449,723996672.0,13.612490381104934
tai40b,2,SK,300,6.314955949783325,723996672.0,13.612490381104934
tai40b,2,SK,320,6.737079620361328,723741760.0,13.572488557521925
tai40b,2,SK,340,7.159458160400391,723042240.0,13.462717045655928
tai40b,2,SK,360,7.580179452896118,722014528.0,13.301444315779975
tai40b,2,SK,380,8.002641916275024,720143104.0,13.00777288133591
tai40b,2,SK,400,8.422856092453003,720583040.0,13.07680942045456
tai40b,2,SK,420,8.844956636428833,719217664.0,12.862549087961497
tai40b,2,SK,440,9.266106605529785,719208448.0,12.861102875911296
tai40b,2,SK,460,9.68584942817688,719208448.0,12.861102875911296
tai40b,2,SK,480,10.108470916748047,718336064.0,12.724204844964781
tai40b,2,SK,500,10.528090715408325,718341632.0,12.725078598078445
tai40b,2,SK,520,10.948429822921753,718341632.0,12.725078598078445
tai40b,2,SK,540,11.368366003036499,719132544.0,12.84919171277561
tai40b,2,SK,560,11.788985252380371,719006976.0,12.829487073591611
tai40b,2,SK,580,12.20914340019226,719006976.0,12.829487073591611
tai40b,2,SK,600,12.629040002822876,719006976.0,12.829487073591611
tai40b,2,SK,620,13.049195528030396,719006976.0,12.829487073591611
tai40b,2,SK,640,13.469174146652222,719006976.0,12.829487073591611
tai40b,2,SK,660,13.889257669448853,740433344.0,16.191799529500265
tai40b,2,SK,680,14.3093101978302,740433344.0,16.191799529500265
tai40b,2,SK,700,14.729262828826904,741113664.0,16.298558099595013
tai40b,2,SK,720,15.149636507034302,741121984.0,16.299863707695888
tai40b,2,SK,740,15.569394588470459,754952832.0,18.470256398896716
tai40b,2,SK,760,15.989731550216675,748645120.0,17.480424681926092
tai40b,2,SK,780,16.40944004058838,748645120.0,17.480424681926092
tai40b,2,SK,800,16.82978129386902,748269440.0,17.4214714546019
tai40b,2,SK,820,17.249730825424194,748246976.0,17.417946312729534
tai40b,2,SK,840,17.669979095458984,748246976.0,17.417946312729534
tai40b,2,SK,860,18.09004545211792,748246976.0,17.417946312729534
tai40b,2,SK,880,18.50999093055725,748246976.0,17.417946312729534
tai40b,2,SK,900,18.930057287216187,748246976.0,17.417946312729534
tai40b,2,SK,920,19.34995746612549,748246976.0,17.417946312729534
tai40b,2,SK,940,19.76997971534729,748246976.0,17.417946312729534
tai40b,2,SK,960,20.19022560119629,748246976.0,17.417946312729534
tai40b,2,SK,980,20.610142946243286,748246976.0,17.417946312729534
tai40b,2,SK,1000,21.030335903167725,748246976.0,17.417946312729534
tai40b,2,SK,1020,21.450021505355835,748246976.0,17.417946312729534
tai40b,2,SK,1040,21.87022638320923,748246976.0,17.417946312729534
tai40b,2,SK,1060,22.289992332458496,748246976.0,17.417946312729534
tai40b,2,SK,1080,22.710333347320557,748246976.0,17.417946312729534
tai40b,2,SK,1100,23.13009810447693,748246976.0,17.417946312729534
tai40b,2,SK,1120,23.550321102142334,748246976.0,17.417946312729534
tai40b,2,SK,1140,23.97038960456848,748246976.0,17.417946312729534
tai40b,2,SK,1160,24.390282154083252,748246976.0,17.417946312729534
tai40b,2,SK,1180,24.810269832611084,747174144.0,17.249593169691135
tai40b,2,SK,1200,25.230431079864502,747174144.0,17.249593169691135
tai40b,2,SK,1220,25.65030813217163,753732992.0,18.278834165029757
tai40b,2,SK,1240,26.07050371170044,753732992.0,18.278834165029757
tai40b,2,SK,1260,26.490248918533325,749915520.0,17.67978099579069
tai40b,2,SK,1280,26.91045641899109,749915520.0,17.67978099579069
tai40b,2,SK,1300,27.330464601516724,749915520.0,17.67978099579069
tai40b,2,SK,1320,27.752012014389038,749915520.0,17.67978099579069
tai40b,2,SK,1340,28.171992540359497,749915520.0,17.67978099579069
tai40b,2,SK,1360,28.59181499481201,749915520.0,17.67978099579069
tai40b,2,SK,1380,29.011810779571533,749960000.0,17.68676097756076
tai40b,2,SK,1400,29.431726932525635,749766272.0,17.656360395088814
tai40b,2,SK,1420,29.851651191711426,749766272.0,17.656360395088814
tai40b,2,SK,1440,30.27172827720642,749766272.0,17.656360395088814
tai40b,2,SK,1460,30.691543340682983,749766272.0,17.656360395088814
tai40b,2,SK,1480,31.11170268058777,749766272.0,17.656360395088814
tai40b,2,SK,1500,31.5315158367157,749766272.0,17.656360395088814
tai40b,3,PGD,1,0.0038824081420898438,1159193216.0,81.90529486666217
tai40b,3,PGD,20,0.032041311264038086,1035195520.0,62.4470741469968
tai40b,3,PGD,40,0.05930948257446289,1067250944.0,67.47734112433207
tai40b,3,PGD,60,0.08710837364196777,1122861824.0,76.2040256705903
tai40b,3,PGD,80,0.11516427993774414,1032570240.0,62.03510457547409
tai40b,3,PGD,100,0.1425797939300537,1084052992.0,70.11398655463435
tai40b,3,PGD,120,0.17000675201416016,1032570240.0,62.03510457547409
tai40b,3,PGD,140,0.19806838035583496,1032018048.0,61.94845237013284
tai40b,3,PGD,160,0.2255115509033203,1032018048.0,61.94845237013284
tai40b,3,PGD,180,0.25293421745300293,1032018048.0,61.94845237013284
tai40b,3,PGD,200,0.2803466320037842,1032018048.0,61.94845237013284
tai40b,3,PGD,220,0.307725191116333,1032018048.0,61.94845237013284
tai40b,3,PGD,240,0.33518385887145996,1032018048.0,61.94845237013284
tai40b,3,PGD,260,0.36261796951293945,1032018048.0,61.94845237013284
tai40b,3,PGD,280,0.3900763988494873,1032018048.0,61.94845237013284
tai40b,3,PGD,300,0.4175267219543457,1090071680.0,71.05846345480839
tai40b,3,PGD,320,0.4449787139892578,1090071680.0,71.05846345480839
tai40b,3,PGD,340,0.47241830825805664,1090071680.0,71.05846345480839
tai40b,3,PGD,360,0.4998438358306885,1090071680.0,71.05846345480839
tai40b,3,PGD,380,0.527275562286377,1090071680.0,71.05846345480839
tai40b,3,PGD,400,0.5547165870666504,1090071680.0,71.05846345480839
tai40b,3,PGD,420,0.5821201801300049,1090071680.0,71.05846345480839
tai40b,3,PGD,440,0.6095478534698486,1090071680.0,71.05846345480839
tai40b,3,PGD,460,0.636974573135376,1090071680.0,71.05846345480839
tai40b,3,PGD,480,0.6644623279571533,1090071680.0,71.05846345480839
tai40b,3,PGD,500,0.6918787956237793,1090071680.0,71.05846345480839
tai40b,3,PGD,520,0.7192883491516113,1090071680.0,71.05846345480839
tai40b,3,PGD,540,0.746711015701294,1090071680.0,71.05846345480839
tai40b,3,PGD,560,0.7741408348083496,1090071680.0,71.05846345480839
tai40b,3,PGD,580,0.8015727996826172,1090071680.0,71.05846345480839
tai40b,3,PGD,600,0.8289840221405029,1090071680.0,71.05846345480839
tai40b,3,PGD,620,0.8563587665557861,1090071680.0,71.05846345480839
tai40b,3,PGD,640,0.8839907646179199,1090071680.0,71.05846345480839
tai40b,3,PGD,660,0.9117143154144287,1090071680.0,71.05846345480839
tai40b,3,PGD,680,0.939406156539917,1090071680.0,71.05846345480839
tai40b,3,PGD,700,0.9670393466949463,1090071680.0,71.05846345480839
tai40b,3,PGD,720,0.9946613311767578,1090071680.0,71.05846345480839
tai40b,3,PGD,740,1.0221736431121826,1090071680.0,71.05846345480839
tai40b,3,PGD,760,1.0496506690979004,1090071680.0,71.05846345480839
tai40b,3,PGD,780,1.0771002769470215,1090071680.0,71.05846345480839
tai40b,3,PGD,800,1.1045901775360107,1090071680.0,71.05846345480839
tai40b,3,PGD,820,1.1321113109588623,1090071680.0,71.05846345480839
tai40b,3,PGD,840,1.159595251083374,1090071680.0,71.05846345480839
tai40b,3,PGD,860,1.1870620250701904,1090071680.0,71.05846345480839
tai40b,3,PGD,880,1.2145464420318604,1090071680.0,71.05846345480839
tai40b,3,PGD,900,1.2420730590820312,1090071680.0,71.05846345480839
tai40b,3,PGD,920,1.2695560455322266,1090071680.0,71.05846345480839
tai40b,3,PGD,940,1.2969985008239746,1090071680.0,71.05846345480839
tai40b,3,PGD,960,1.3244507312774658,1090071680.0,71.05846345480839
tai40b,3,PGD,980,1.351912021636963,1090071680.0,71.05846345480839
tai40b,3,PGD,1000,1.379361867904663,1090071680.0,71.05846345480839
tai40b,3,PGD,1020,1.4067554473876953,1090071680.0,71.05846345480839
tai40b,3,PGD,1040,1.4341661930084229,1090071680.0,71.05846345480839
tai40b,3,PGD,1060,1.4616084098815918,1090071680.0,71.05846345480839
tai40b,3,PGD,1080,1.4889731407165527,1090071680.0,71.05846345480839
tai40b,3,PGD,1100,1.5163710117340088,1090071680.0,71.05846345480839
tai40b,3,PGD,1120,1.5438194274902344,1090071680.0,71.05846345480839
tai40b,3,PGD,1140,1.5712435245513916,1090071680.0,71.05846345480839
tai40b,3,PGD,1160,1.5986099243164062,1090071680.0,71.05846345480839
tai40b,3,PGD,1180,1.6259994506835938,1090071680.0,71.05846345480839
tai40b,3,PGD,1200,1.6534514427185059,1090071680.0,71.05846345480839
tai40b,3,PGD,1220,1.6808719635009766,1090071680.0,71.05846345480839
tai40b,3,PGD,1240,1.708280086517334,1090071680.0,71.05846345480839
tai40b,3,PGD,1260,1.7357256412506104,1090071680.0,71.05846345480839
tai40b,3,PGD,1280,1.7631618976593018,1090071680.0,71.05846345480839
tai40b,3,PGD,1300,1.7905910015106201,1090071680.0,71.05846345480839
tai40b,3,PGD,1320,1.817997694015503,1090071680.0,71.05846345480839
tai40b,3,PGD,1340,1.8454859256744385,1090071680.0,71.05846345480839
tai40b,3,PGD,1360,1.8730154037475586,1090071680.0,71.05846345480839
tai40b,3,PGD,1380,1.900550127029419,1090071680.0,71.05846345480839
tai40b,3,PGD,1400,1.9280850887298584,1090071680.0,71.05846345480839
tai40b,3,PGD,1420,1.9556224346160889,1090071680.0,71.05846345480839
tai40b,3,PGD,1440,1.9831395149230957,1090071680.0,71.05846345480839
tai40b,3,PGD,1460,2.0106301307678223,1090071680.0,71.05846345480839
tai40b,3,PGD,1480,2.038135528564453,1090071680.0,71.05846345480839
tai40b,3,PGD,1500,2.0656538009643555,1090071680.0,71.05846345480839
tai40b,3,SK,1,0.025143146514892578,1064570688.0,67.05674449620435
tai40b,3,SK,20,0.4257681369781494,965573504.0,51.52170538630568
tai40b,3,SK,40,0.8459701538085938,932142144.0,46.275520958503144
tai40b,3,SK,60,1.2661817073822021,791907584.0,24.26934577114195
tai40b,3,SK,80,1.6860404014587402,785424896.0,23.25205611149597
tai40b,3,SK,100,2.1065750122070312,746516096.0,17.146329612051044
tai40b,3,SK,120,2.5284500122070312,746467840.0,17.13875708506596
tai40b,3,SK,140,2.949108600616455,737961216.0,15.803863190172923
tai40b,3,SK,160,3.3715481758117676,737593728.0,15.746195484671135
tai40b,3,SK,180,3.7909417152404785,738622592.0,15.907648991053364
tai40b,3,SK,200,4.21351432800293,734827968.0,15.312181222522089
tai40b,3,SK,220,4.633866786956787,733450880.0,15.09608299554856
tai40b,3,SK,240,5.056374549865723,732129536.0,14.888732342850904
tai40b,3,SK,260,5.4762632846832275,771034880.0,20.993916512777
tai40b,3,SK,280,5.898193359375,723996672.0,13.612490381104934
tai40b,3,SK,300,6.31823992729187,723996672.0,13.612490381104934
tai40b,3,SK,320,6.73877477645874,723741760.0,13.572488557521925
tai40b,3,SK,340,7.1591856479644775,723042240.0,13.462717045655928
tai40b,3,SK,360,7.580747604370117,722014528.0,13.301444315779975
tai40b,3,SK,380,8.000925064086914,720143104.0,13.00777288133591
tai40b,3,SK,400,8.421127796173096,720583040.0,13.07680942045456
tai40b,3,SK,420,8.841717004776001,719217664.0,12.862549087961497
tai40b,3,SK,440,9.263854026794434,719208448.0,12.861102875911296
tai40b,3,SK,460,9.683707237243652,719208448.0,12.861102875911296
tai40b,3,SK,480,10.104363441467285,718336064.0,12.724204844964781
tai40b,3,SK,500,10.524198532104492,718341632.0,12.725078598078445
tai40b,3,SK,520,10.944375276565552,718341632.0,12.725078598078445
tai40b,3,SK,540,11.364107131958008,719132544.0,12.84919171277561
tai40b,3,SK,560,11.784363746643066,719006976.0,12.829487073591611
tai40b,3,SK,580,12.203985691070557,719006976.0,12.829487073591611
tai40b,3,SK,600,12.624143838882446,719006976.0,12.829487073591611
tai40b,3,SK,620,13.044138669967651,719006976.0,12.829487073591611
tai40b,3,SK,640,13.463883399963379,719006976.0,12.829487073591611
tai40b,3,SK,660,13.883785486221313,740433344.0,16.191799529500265
tai40b,3,SK,680,14.303691625595093,740433344.0,16.191799529500265
tai40b,3,SK,700,14.72360110282898,741113664.0,16.298558099595013
tai40b,3,SK,720,15.143647909164429,741121984.0,16.299863707695888
tai40b,3,SK,740,15.56314468383789,754952832.0,18.470256398896716
tai40b,3,SK,760,15.983257055282593,748645120.0,17.480424681926092
tai40b,3,SK,780,16.40314483642578,748645120.0,17.480424681926092
tai40b,3,SK,800,16.822984218597412,748269440.0,17.4214714546019
tai40b,3,SK,820,17.24286437034607,748246976.0,17.417946312729534
tai40b,3,SK,840,17.66270613670349,748246976.0,17.417946312729534
tai40b,3,SK,860,18.082602739334106,748246976.0,17.417946312729534
tai40b,3,SK,880,18.502711296081543,748246976.0,17.417946312729534
tai40b,3,SK,900,18.922088623046875,748246976.0,17.417946312729534
tai40b,3,SK,920,19.342165231704712,748246976.0,17.417946312729534
tai40b,3,SK,940,19.762131452560425,748246976.0,17.417946312729534
tai40b,3,SK,960,20.18163228034973,748246976.0,17.417946312729534
tai40b,3,SK,980,20.601495504379272,748246976.0,17.417946312729534
tai40b,3,SK,1000,21.021060705184937,748246976.0,17.417946312729534
tai40b,3,SK,1020,21.441028356552124,748246976.0,17.417946312729534
tai40b,3,SK,1040,21.8605535030365,748246976.0,17.417946312729534
tai40b,3,SK,1060,22.280349731445312,748246976.0,17.417946312729534
tai40b,3,SK,1080,22.700169563293457,748246976.0,17.417946312729534
tai40b,3,SK,1100,23.11985969543457,748246976.0,17.417946312729534
tai40b,3,SK,1120,23.539753198623657,748246976.0,17.417946312729534
tai40b,3,SK,1140,23.959260940551758,748246976.0,17.417946312729534
tai40b,3,SK,1160,24.37927222251892,748246976.0,17.417946312729534
tai40b,3,SK,1180,24.79869532585144,747174144.0,17.249593169691135
tai40b,3,SK,1200,25.219026565551758,747174144.0,17.249593169691135
tai40b,3,SK,1220,25.63858127593994,753732992.0,18.278834165029757
tai40b,3,SK,1240,26.058422088623047,753732992.0,18.278834165029757
tai40b,3,SK,1260,26.478105306625366,749915520.0,17.67978099579069
tai40b,3,SK,1280,26.897818326950073,749915520.0,17.67978099579069
tai40b,3,SK,1300,27.317918062210083,749915520.0,17.67978099579069
tai40b,3,SK,1320,27.73757314682007,749915520.0,17.67978099579069
tai40b,3,SK,1340,28.15748119354248,749915520.0,17.67978099579069
tai40b,3,SK,1360,28.577136516571045,749915520.0,17.67978099579069
tai40b,3,SK,1380,28.996817111968994,749960000.0,17.68676097756076
tai40b,3,SK,1400,29.416813135147095,749766272.0,17.656360395088814
tai40b,3,SK,1420,29.83629560470581,749766272.0,17.656360395088814
tai40b,3,SK,1440,30.256568431854248,749766272.0,17.656360395088814
tai40b,3,SK,1460,30.676113605499268,749766272.0,17.656360395088814
tai40b,3,SK,1480,31.09600853919983,749766272.0,17.656360395088814
tai40b,3,SK,1500,31.515902996063232,749766272.0,17.656360395088814
tai40b,4,PGD,1,0.0038743019104003906,1159193216.0,81.90529486666217
tai40b,4,PGD,20,0.03201484680175781,1035195520.0,62.4470741469968
tai40b,4,PGD,40,0.05933237075805664,1067250944.0,67.47734112433207
tai40b,4,PGD,60,0.08674216270446777,1122861824.0,76.2040256705903
tai40b,4,PGD,80,0.11646056175231934,1032570240.0,62.03510457547409
tai40b,4,PGD,100,0.14382433891296387,1084052992.0,70.11398655463435
tai40b,4,PGD,120,0.17123150825500488,1032570240.0,62.03510457547409
tai40b,4,PGD,140,0.20097112655639648,1032018048.0,61.94845237013284
tai40b,4,PGD,160,0.22833704948425293,1032018048.0,61.94845237013284
tai40b,4,PGD,180,0.255765438079834,1032018048.0,61.94845237013284
tai40b,4,PGD,200,0.2831852436065674,1032018048.0,61.94845237013284
tai40b,4,PGD,220,0.31058311462402344,1032018048.0,61.94845237013284
tai40b,4,PGD,240,0.3380286693572998,1032018048.0,61.94845237013284
tai40b,4,PGD,260,0.3654501438140869,1032018048.0,61.94845237013284
tai40b,4,PGD,280,0.39293956756591797,1032018048.0,61.94845237013284
tai40b,4,PGD,300,0.42038846015930176,1090071680.0,71.05846345480839
tai40b,4,PGD,320,0.4478120803833008,1090071680.0,71.05846345480839
tai40b,4,PGD,340,0.47522950172424316,1090071680.0,71.05846345480839
tai40b,4,PGD,360,0.502678632736206,1090071680.0,71.05846345480839
tai40b,4,PGD,380,0.5301120281219482,1090071680.0,71.05846345480839
tai40b,4,PGD,400,0.5575194358825684,1090071680.0,71.05846345480839
tai40b,4,PGD,420,0.5849246978759766,1090071680.0,71.05846345480839
tai40b,4,PGD,440,0.6123485565185547,1090071680.0,71.05846345480839
tai40b,4,PGD,460,0.6398153305053711,1090071680.0,71.05846345480839
tai40b,4,PGD,480,0.6672728061676025,1090071680.0,71.05846345480839
tai40b,4,PGD,500,0.6946663856506348,1090071680.0,71.05846345480839
tai40b,4,PGD,520,0.72208571434021,1090071680.0,71.05846345480839
tai40b,4,PGD,540,0.7495241165161133,1090071680.0,71.05846345480839
tai40b,4,PGD,560,0.7769279479980469,1090071680.0,71.05846345480839
tai40b,4,PGD,580,0.8043539524078369,1090071680.0,71.05846345480839
tai40b,4,PGD,600,0.8317673206329346,1090071680.0,71.05846345480839
tai40b,4,PGD,620,0.859123945236206,1090071680.0,71.05846345480839
tai40b,4,PGD,640,0.8866555690765381,1090071680.0,71.05846345480839
tai40b,4,PGD,660,0.9142217636108398,1090071680.0,71.05846345480839
tai40b,4,PGD,680,0.9417650699615479,1090071680.0,71.05846345480839
tai40b,4,PGD,700,0.9693000316619873,1090071680.0,71.05846345480839
tai40b,4,PGD,720,0.9968113899230957,1090071680.0,71.05846345480839
tai40b,4,PGD,740,1.024282693862915,1090071680.0,71.05846345480839
tai40b,4,PGD,760,1.0517611503601074,1090071680.0,71.05846345480839
tai40b,4,PGD,780,1.0791738033294678,1090071680.0,71.05846345480839
tai40b,4,PGD,800,1.1066620349884033,1090071680.0,71.05846345480839
tai40b,4,PGD,820,1.134211778640747,1090071680.0,71.05846345480839
tai40b,4,PGD,840,1.1616981029510498,1090071680.0,71.05846345480839
tai40b,4,PGD,860,1.1892004013061523,1090071680.0,71.05846345480839
tai40b,4,PGD,880,1.2167072296142578,1090071680.0,71.05846345480839
tai40b,4,PGD,900,1.2441504001617432,1090071680.0,71.05846345480839
tai40b,4,PGD,920,1.2715797424316406,1090071680.0,71.05846345480839
tai40b,4,PGD,940,1.2989845275878906,1090071680.0,71.05846345480839
tai40b,4,PGD,960,1.326420783996582,1090071680.0,71.05846345480839
tai40b,4,PGD,980,1.353888750076294,1090071680.0,71.05846345480839
tai40b,4,PGD,1000,1.381331443786621,1090071680.0,71.05846345480839
tai40b,4,PGD,1020,1.4087343215942383,1090071680.0,71.05846345480839
tai40b,4,PGD,1040,1.4361562728881836,1090071680.0,71.05846345480839
tai40b,4,PGD,1060,1.4636104106903076,1090071680.0,71.05846345480839
tai40b,4,PGD,1080,1.4909758567810059,1090071680.0,71.05846345480839
tai40b,4,PGD,1100,1.5183711051940918,1090071680.0,71.05846345480839
tai40b,4,PGD,1120,1.545792579650879,1090071680.0,71.05846345480839
tai40b,4,PGD,1140,1.5732083320617676,1090071680.0,71.05846345480839
tai40b,4,PGD,1160,1.600588321685791,1090071680.0,71.05846345480839
tai40b,4,PGD,1180,1.6279628276824951,1090071680.0,71.05846345480839
tai40b,4,PGD,1200,1.6554152965545654,1090071680.0,71.05846345480839
tai40b,4,PGD,1220,1.6828248500823975,1090071680.0,71.05846345480839
tai40b,4,PGD,1240,1.7102084159851074,1090071680.0,71.05846345480839
tai40b,4,PGD,1260,1.737654685974121,1090071680.0,71.05846345480839
tai40b,4,PGD,1280,1.7650949954986572,1090071680.0,71.05846345480839
tai40b,4,PGD,1300,1.7925293445587158,1090071680.0,71.05846345480839
tai40b,4,PGD,1320,1.8199560642242432,1090071680.0,71.05846345480839
tai40b,4,PGD,1340,1.8473899364471436,1090071680.0,71.05846345480839
tai40b,4,PGD,1360,1.8749010562896729,1090071680.0,71.05846345480839
tai40b,4,PGD,1380,1.902461051940918,1090071680.0,71.05846345480839
tai40b,4,PGD,1400,1.9299755096435547,1090071680.0,71.05846345480839
tai40b,4,PGD,1420,1.9574975967407227,1090071680.0,71.05846345480839
tai40b,4,PGD,1440,1.9849860668182373,1090071680.0,71.05846345480839
tai40b,4,PGD,1460,2.0124716758728027,1090071680.0,71.05846345480839
tai40b,4,PGD,1480,2.0399723052978516,1090071680.0,71.05846345480839
tai40b,4,PGD,1500,2.067467451095581,1090071680.0,71.05846345480839
tai40b,4,SK,1,0.02563023567199707,1064570688.0,67.05674449620435
tai40b,4,SK,20,0.42624640464782715,965573504.0,51.52170538630568
tai40b,4,SK,40,0.8463406562805176,932142144.0,46.275520958503144
tai40b,4,SK,60,1.2660062313079834,791907584.0,24.26934577114195
tai40b,4,SK,80,1.6880724430084229,785424896.0,23.25205611149597
tai40b,4,SK,100,2.108290672302246,746516096.0,17.146329612051044
tai40b,4,SK,120,2.530458688735962,746467840.0,17.13875708506596
tai40b,4,SK,140,2.9521753787994385,737961216.0,15.803863190172923
tai40b,4,SK,160,3.3728103637695312,737593728.0,15.746195484671135
tai40b,4,SK,180,3.7927744388580322,738622592.0,15.907648991053364
tai40b,4,SK,200,4.214662551879883,734827968.0,15.312181222522089
tai40b,4,SK,220,4.636791229248047,733450880.0,15.09608299554856
tai40b,4,SK,240,5.057213306427002,732129536.0,14.888732342850904
tai40b,4,SK,260,5.476965427398682,771034880.0,20.993916512777
tai40b,4,SK,280,5.89940071105957,723996672.0,13.612490381104934
tai40b,4,SK,300,6.318812608718872,723996672.0,13.612490381104934
tai40b,4,SK,320,6.7410500049591064,723741760.0,13.572488557521925
tai40b,4,SK,340,7.162745237350464,723042240.0,13.462717045655928
tai40b,4,SK,360,7.58350682258606,722014528.0,13.301444315779975
tai40b,4,SK,380,8.005499839782715,720143104.0,13.00777288133591
tai40b,4,SK,400,8.425029754638672,720583040.0,13.07680942045456
tai40b,4,SK,420,8.84728717803955,719217664.0,12.862549087961497
tai40b,4,SK,440,9.267703533172607,719208448.0,12.861102875911296
tai40b,4,SK,460,9.68754529953003,719208448.0,12.861102875911296
tai40b,4,SK,480,10.109435558319092,718336064.0,12.724204844964781
tai40b,4,SK,500,10.529095649719238,718341632.0,12.725078598078445
tai40b,4,SK,520,10.948885202407837,718341632.0,12.725078598078445
tai40b,4,SK,540,11.368420839309692,719132544.0,12.84919171277561
tai40b,4,SK,560,11.788455486297607,719006976.0,12.829487073591611
tai40b,4,SK,580,12.207815885543823,719006976.0,12.829487073591611
tai40b,4,SK,600,12.628102540969849,719006976.0,12.829487073591611
tai40b,4,SK,620,13.047454595565796,719006976.0,12.829487073591611
tai40b,4,SK,640,13.467362642288208,719006976.0,12.829487073591611
tai40b,4,SK,660,13.886917352676392,740433344.0,16.191799529500265
tai40b,4,SK,680,14.306703805923462,740433344.0,16.191799529500265
tai40b,4,SK,700,14.726334571838379,741113664.0,16.298558099595013
tai40b,4,SK,720,15.145915269851685,741121984.0,16.299863707695888
tai40b,4,SK,740,15.565742015838623,754952832.0,18.470256398896716
tai40b,4,SK,760,15.985211372375488,748645120.0,17.480424681926092
tai40b,4,SK,780,16.40514874458313,748645120.0,17.480424681926092
tai40b,4,SK,800,16.824891090393066,748269440.0,17.4214714546019
tai40b,4,SK,820,17.244433403015137,748246976.0,17.417946312729534
tai40b,4,SK,840,17.664307594299316,748246976.0,17.417946312729534
tai40b,4,SK,860,18.08360743522644,748246976.0,17.417946312729534
tai40b,4,SK,880,18.503942012786865,748246976.0,17.417946312729534
tai40b,4,SK,900,18.9234778881073,748246976.0,17.417946312729534
tai40b,4,SK,920,19.343233823776245,748246976.0,17.417946312729534
tai40b,4,SK,940,19.76282286643982,748246976.0,17.417946312729534
tai40b,4,SK,960,20.182440757751465,748246976.0,17.417946312729534
tai40b,4,SK,980,20.602277517318726,748246976.0,17.417946312729534
tai40b,4,SK,1000,21.021809816360474,748246976.0,17.417946312729534
tai40b,4,SK,1020,21.44168972969055,748246976.0,17.417946312729534
tai40b,4,SK,1040,21.861475944519043,748246976.0,17.417946312729534
tai40b,4,SK,1060,22.280989170074463,748246976.0,17.417946312729534
tai40b,4,SK,1080,22.700966119766235,748246976.0,17.417946312729534
tai40b,4,SK,1100,23.120290279388428,748246976.0,17.417946312729534
tai40b,4,SK,1120,23.540485382080078,748246976.0,17.417946312729534
tai40b,4,SK,1140,23.9599769115448,748246976.0,17.417946312729534
tai40b,4,SK,1160,24.380380630493164,748246976.0,17.417946312729534
tai40b,4,SK,1180,24.80172324180603,747174144.0,17.249593169691135
tai40b,4,SK,1200,25.221428632736206,747174144.0,17.249593169691135
tai40b,4,SK,1220,25.641413927078247,753732992.0,18.278834165029757
tai40b,4,SK,1240,26.06095314025879,753732992.0,18.278834165029757
tai40b,4,SK,1260,26.480759143829346,749915520.0,17.67978099579069
tai40b,4,SK,1280,26.900524139404297,749915520.0,17.67978099579069
tai40b,4,SK,1300,27.319937705993652,749915520.0,17.67978099579069
tai40b,4,SK,1320,27.740058422088623,749915520.0,17.67978099579069
tai40b,4,SK,1340,28.159388303756714,749915520.0,17.67978099579069
tai40b,4,SK,1360,28.579184532165527,749915520.0,17.67978099579069
tai40b,4,SK,1380,28.999025583267212,749960000.0,17.68676097756076
tai40b,4,SK,1400,29.418599605560303,749766272.0,17.656360395088814
tai40b,4,SK,1420,29.83832335472107,749766272.0,17.656360395088814
tai40b,4,SK,1440,30.25797390937805,749766272.0,17.656360395088814
tai40b,4,SK,1460,30.67747449874878,749766272.0,17.656360395088814
tai40b,4,SK,1480,31.09743332862854,749766272.0,17.656360395088814
tai40b,4,SK,1500,31.51689124107361,749766272.0,17.656360395088814
tai50b,0,PGD,1,0.006917238235473633,786045184.0,71.31829150898344
tai50b,0,PGD,20,0.04794454574584961,722898816.0,57.55556119657744
tai50b,0,PGD,40,0.09124755859375,721935104.0,57.34552048046169
tai50b,0,PGD,60,0.13424038887023926,721173760.0,57.17958580395
tai50b,0,PGD,80,0.17725205421447754,719644416.0,56.846265777897244
tai50b,0,PGD,100,0.21682190895080566,722133312.0,57.38871984942241
tai50b,0,PGD,120,0.2599501609802246,703438016.0,53.31408618310287
tai50b,0,PGD,140,0.29957056045532227,715405824.0,55.922466033780196
tai50b,0,PGD,160,0.33922767639160156,714953216.0,55.823820267783994
tai50b,0,PGD,180,0.37882375717163086,714531392.0,55.73188386454857
tai50b,0,PGD,200,0.4184577465057373,714531392.0,55.73188386454857
tai50b,0,PGD,220,0.4580802917480469,714531392.0,55.73188386454857
tai50b,0,PGD,240,0.49768757820129395,714531392.0,55.73188386454857
tai50b,0,PGD,260,0.5373594760894775,714531392.0,55.73188386454857
tai50b,0,PGD,280,0.5770277976989746,714531392.0,55.73188386454857
tai50b,0,PGD,300,0.6166563034057617,714531392.0,55.73188386454857
tai50b,0,PGD,320,0.6562974452972412,714531392.0,55.73188386454857
tai50b,0,PGD,340,0.6959512233734131,714531392.0,55.73188386454857
tai50b,0,PGD,360,0.7355825901031494,714531392.0,55.73188386454857
tai50b,0,PGD,380,0.7752037048339844,714531392.0,55.73188386454857
tai50b,0,PGD,400,0.8148322105407715,714531392.0,55.73188386454857
tai50b,0,PGD,420,0.8544628620147705,714531392.0,55.73188386454857
tai50b,0,PGD,440,0.894263505935669,714531392.0,55.73188386454857
tai50b,0,PGD,460,0.9340848922729492,714531392.0,55.73188386454857
tai50b,0,PGD,480,0.9738507270812988,714531392.0,55.73188386454857
tai50b,0,PGD,500,1.0136058330535889,714531392.0,55.73188386454857
tai50b,0,PGD,520,1.0533640384674072,714531392.0,55.73188386454857
tai50b,0,PGD,540,1.093127727508545,714531392.0,55.73188386454857
tai50b,0,PGD,560,1.1328463554382324,714531392.0,55.73188386454857
tai50b,0,PGD,580,1.172619342803955,714531392.0,55.73188386454857
tai50b,0,PGD,600,1.2123501300811768,714531392.0,55.73188386454857
tai50b,0,PGD,620,1.2521045207977295,714531392.0,55.73188386454857
tai50b,0,PGD,640,1.2918415069580078,714531392.0,55.73188386454857
tai50b,0,PGD,660,1.3315789699554443,714531392.0,55.73188386454857
tai50b,0,PGD,680,1.3713510036468506,714531392.0,55.73188386454857
tai50b,0,PGD,700,1.4110846519470215,714531392.0,55.73188386454857
tai50b,0,PGD,720,1.4508004188537598,714531392.0,55.73188386454857
tai50b,0,PGD,740,1.4904284477233887,714531392.0,55.73188386454857
tai50b,0,PGD,760,1.5300381183624268,714531392.0,55.73188386454857
tai50b,0,PGD,780,1.5696828365325928,714531392.0,55.73188386454857
tai50b,0,PGD,800,1.6092967987060547,714531392.0,55.73188386454857
tai50b,0,PGD,820,1.6489293575286865,714531392.0,55.73188386454857
tai50b,0,PGD,840,1.688572645187378,714531392.0,55.73188386454857
tai50b,0,PGD,860,1.7282261848449707,714531392.0,55.73188386454857
tai50b,0,PGD,880,1.7678682804107666,714531392.0,55.73188386454857
tai50b,0,PGD,900,1.8074755668640137,714531392.0,55.73188386454857
tai50b,0,PGD,920,1.8470957279205322,714531392.0,55.73188386454857
tai50b,0,PGD,940,1.886711835861206,714531392.0,55.73188386454857
tai50b,0,PGD,960,1.926339864730835,714531392.0,55.73188386454857
tai50b,0,PGD,980,1.9659407138824463,714531392.0,55.73188386454857
tai50b,0,PGD,1000,2.0057053565979004,714531392.0,55.73188386454857
tai50b,0,PGD,1020,2.0454354286193848,714531392.0,55.73188386454857
tai50b,0,PGD,1040,2.0851855278015137,714531392.0,55.73188386454857
tai50b,0,PGD,1060,2.1248903274536133,714531392.0,55.73188386454857
tai50b,0,PGD,1080,2.1646203994750977,714531392.0,55.73188386454857
tai50b,0,PGD,1100,2.2043535709381104,714531392.0,55.73188386454857
tai50b,0,PGD,1120,2.2440757751464844,714531392.0,55.73188386454857
tai50b,0,PGD,1140,2.283796548843384,714531392.0,55.73188386454857
tai50b,0,PGD,1160,2.3235909938812256,714531392.0,55.73188386454857
tai50b,0,PGD,1180,2.363291025161743,714531392.0,55.73188386454857
tai50b,0,PGD,1200,2.403064250946045,714531392.0,55.73188386454857
tai50b,0,PGD,1220,2.4427969455718994,714531392.0,55.73188386454857
tai50b,0,PGD,1240,2.482534170150757,714531392.0,55.73188386454857
tai50b,0,PGD,1260,2.522282838821411,714531392.0,55.73188386454857
tai50b,0,PGD,1280,2.562018394470215,714531392.0,55.73188386454857
tai50b,0,PGD,1300,2.601651906967163,714531392.0,55.73188386454857
tai50b,0,PGD,1320,2.6412835121154785,714531392.0,55.73188386454857
tai50b,0,PGD,1340,2.6808958053588867,714531392.0,55.73188386454857
tai50b,0,PGD,1360,2.720550298690796,714531392.0,55.73188386454857
tai50b,0,PGD,1380,2.760153293609619,714531392.0,55.73188386454857
tai50b,0,PGD,1400,2.7997827529907227,714531392.0,55.73188386454857
tai50b,0,PGD,1420,2.8394150733947754,714531392.0,55.73188386454857
tai50b,0,PGD,1440,2.879011869430542,714531392.0,55.73188386454857
tai50b,0,PGD,1460,2.9186816215515137,714531392.0,55.73188386454857
tai50b,0,PGD,1480,2.958305835723877,714531392.0,55.73188386454857
tai50b,0,PGD,1500,2.997922897338867,714531392.0,55.73188386454857
tai50b,0,SK,1,0.03509092330932617,738363264.0,60.92603259493604
tai50b,0,SK,20,0.615349531173706,608507968.0,32.62411317994051
tai50b,0,SK,40,1.223717212677002,574689664.0,25.253424851912516
tai50b,0,SK,60,1.831751823425293,545319616.0,18.85223246842628
tai50b,0,SK,80,2.443087577819824,544670208.0,18.710694206610192
tai50b,0,SK,100,3.0514981746673584,517123904.0,12.706986233167438
tai50b,0,SK,120,3.6628427505493164,512246272.0,11.6439079294531
tai50b,0,SK,140,4.273964881896973,508737664.0,10.87920796007481
tai50b,0,SK,160,4.8822572231292725,505907328.0,10.262337151899526
tai50b,0,SK,180,5.493451833724976,497843392.0,8.504804930497626
tai50b,0,SK,200,6.101430177688599,499494624.0,8.864690406400449
tai50b,0,SK,220,6.7123799324035645,497723776.0,8.478734662306607
tai50b,0,SK,240,7.320296764373779,498840768.0,8.722182704434935
tai50b,0,SK,260,7.929285049438477,496412960.0,8.193042742587854
tai50b,0,SK,280,8.537853956222534,495857600.0,8.072002211700982
tai50b,0,SK,300,9.147443532943726,495496768.0,7.993358994974946
tai50b,0,SK,320,9.759030818939209,494316096.0,7.736031917613838
tai50b,0,SK,340,10.36770486831665,494131264.0,7.695747843490958
tai50b,0,SK,360,10.9791841506958,493766976.0,7.616351392691986
tai50b,0,SK,380,11.587177753448486,493766976.0,7.616351392691986
tai50b,0,SK,400,12.198266744613647,492861344.0,7.4189691936352675
tai50b,0,SK,420,12.806131839752197,492861344.0,7.4189691936352675
tai50b,0,SK,440,13.414180755615234,492865984.0,7.419980480122078
tai50b,0,SK,460,14.022912502288818,492284096.0,7.293158180286476
tai50b,0,SK,480,14.631026268005371,492284096.0,7.293158180286476
tai50b,0,SK,500,15.242499113082886,491601472.0,7.144380502102739
tai50b,0,SK,520,15.853593826293945,491562048.0,7.135788054159631
tai50b,0,SK,540,16.461464405059814,491595328.0,7.14304141930641
tai50b,0,SK,560,17.069501399993896,491605312.0,7.145217428850444
tai50b,0,SK,580,17.67685627937317,505230016.0,10.11471722238345
tai50b,0,SK,600,18.284868001937866,505230016.0,10.11471722238345
tai50b,0,SK,620,18.892848253250122,505230016.0,10.11471722238345
tai50b,0,SK,640,19.50048303604126,513311360.0,11.87604351170828
tai50b,0,SK,660,20.108399629592896,513311360.0,11.87604351170828
tai50b,0,SK,680,20.716488361358643,513311360.0,11.87604351170828
tai50b,0,SK,700,21.323928594589233,492852992.0,7.417148877959008
tai50b,0,SK,720,21.932169675827026,511334976.0,11.445291263443515
tai50b,0,SK,740,22.540155172348022,511335264.0,11.445354032949592
tai50b,0,SK,760,23.147748231887817,511335264.0,11.445354032949592
tai50b,0,SK,780,23.75566005706787,502147136.0,9.442804531767415
tai50b,0,SK,800,24.363808393478394,502147136.0,9.442804531767415
tai50b,0,SK,820,24.971256017684937,502147136.0,9.442804531767415
tai50b,0,SK,840,25.579358339309692,502147136.0,9.442804531767415
tai50b,0,SK,860,26.187326192855835,502147136.0,9.442804531767415
tai50b,0,SK,880,26.794899940490723,502147136.0,9.442804531767415
tai50b,0,SK,900,27.403634548187256,491404448.0,7.101439185555894
tai50b,0,SK,920,28.011800527572632,498225376.0,8.588058218725605
tai50b,0,SK,940,28.619216442108154,498225376.0,8.588058218725605
tai50b,0,SK,960,29.2272469997406,498225376.0,8.588058218725605
tai50b,0,SK,980,29.835230350494385,498225376.0,8.588058218725605
tai50b,0,SK,1000,30.442874431610107,498225376.0,8.588058218725605
tai50b,0,SK,1020,31.050827980041504,500348736.0,9.050843838258789
tai50b,0,SK,1040,31.65888023376465,500348736.0,9.050843838258789
tai50b,0,SK,1060,32.2663049697876,500348736.0,9.050843838258789
tai50b,0,SK,1080,32.8742880821228,500348736.0,9.050843838258789
tai50b,0,SK,1100,33.482330322265625,500348736.0,9.050843838258789
tai50b,0,SK,1120,34.089970111846924,500348736.0,9.050843838258789
tai50b,0,SK,1140,34.69793391227722,500348736.0,9.050843838258789
tai50b,0,SK,1160,35.306257009506226,500348736.0,9.050843838258789
tai50b,0,SK,1180,35.913628578186035,500559424.0,9.096763219149551
tai50b,0,SK,1200,36.52166676521301,500559424.0,9.096763219149551
tai50b,0,SK,1220,37.12970757484436,500173024.0,9.01254746516171
tai50b,0,SK,1240,37.737340450286865,500559424.0,9.096763219149551
tai50b,0,SK,1260,38.345279693603516,500559424.0,9.096763219149551
tai50b,0,SK,1280,38.9533748626709,500559424.0,9.096763219149551
tai50b,0,SK,1300,39.5608069896698,500559424.0,9.096763219149551
tai50b,0,SK,1320,40.16881799697876,500559424.0,9.096763219149551
tai50b,0,SK,1340,40.776850938797,500559424.0,9.096763219149551
tai50b,0,SK,1360,41.384483337402344,500559424.0,9.096763219149551
tai50b,0,SK,1380,41.9923837184906,500559424.0,9.096763219149551
tai50b,0,SK,1400,42.600481033325195,500559424.0,9.096763219149551
tai50b,0,SK,1420,43.207974910736084,500559424.0,9.096763219149551
tai50b,0,SK,1440,43.81601357460022,500559424.0,9.096763219149551
tai50b,0,SK,1460,44.423991203308105,500559424.0,9.096763219149551
tai50b,0,SK,1480,45.0315318107605,500559424.0,9.096763219149551
tai50b,0,SK,1500,45.63934350013733,500559424.0,9.096763219149551
tai50b,1,PGD,1,0.0059070587158203125,786045184.0,71.31829150898344
tai50b,1,PGD,20,0.04673457145690918,722898816.0,57.55556119657744
tai50b,1,PGD,40,0.08702898025512695,721935104.0,57.34552048046169
tai50b,1,PGD,60,0.12751364707946777,721173760.0,57.17958580395
tai50b,1,PGD,80,0.1679520606994629,719644416.0,56.846265777897244
tai50b,1,PGD,100,0.20754265785217285,722133312.0,57.38871984942241
tai50b,1,PGD,120,0.24797701835632324,703438016.0,53.31408618310287
tai50b,1,PGD,140,0.28753209114074707,715405824.0,55.922466033780196
tai50b,1,PGD,160,0.3271033763885498,714953216.0,55.823820267783994
tai50b,1,PGD,180,0.3667423725128174,714531392.0,55.73188386454857
tai50b,1,PGD,200,0.4063720703125,714531392.0,55.73188386454857
tai50b,1,PGD,220,0.44602322578430176,714531392.0,55.73188386454857
tai50b,1,PGD,240,0.48563504219055176,714531392.0,55.73188386454857
tai50b,1,PGD,260,0.5252699851989746,714531392.0,55.73188386454857
tai50b,1,PGD,280,0.564903736114502,714531392.0,55.73188386454857
tai50b,1,PGD,300,0.6045069694519043,714531392.0,55.73188386454857
tai50b,1,PGD,320,0.6441657543182373,714531392.0,55.73188386454857
tai50b,1,PGD,340,0.6837856769561768,714531392.0,55.73188386454857
tai50b,1,PGD,360,0.7233238220214844,714531392.0,55.73188386454857
tai50b,1,PGD,380,0.7628848552703857,714531392.0,55.73188386454857
tai50b,1,PGD,400,0.8025219440460205,714531392.0,55.73188386454857
tai50b,1,PGD,420,0.8421556949615479,714531392.0,55.73188386454857
tai50b,1,PGD,440,0.8818378448486328,714531392.0,55.73188386454857
tai50b,1,PGD,460,0.9216840267181396,714531392.0,55.73188386454857
tai50b,1,PGD,480,0.9614362716674805,714531392.0,55.73188386454857
tai50b,1,PGD,500,1.001070261001587,714531392.0,55.73188386454857
tai50b,1,PGD,520,1.0406956672668457,714531392.0,55.73188386454857
tai50b,1,PGD,540,1.0803563594818115,714531392.0,55.73188386454857
tai50b,1,PGD,560,1.11997389793396,714531392.0,55.73188386454857
tai50b,1,PGD,580,1.1596295833587646,714531392.0,55.73188386454857
tai50b,1,PGD,600,1.1992413997650146,714531392.0,55.73188386454857
tai50b,1,PGD,620,1.2388763427734375,714531392.0,55.73188386454857
tai50b,1,PGD,640,1.278529167175293,714531392.0,55.73188386454857
tai50b,1,PGD,660,1.3181562423706055,714531392.0,55.73188386454857
tai50b,1,PGD,680,1.357774019241333,714531392.0,55.73188386454857
tai50b,1,PGD,700,1.3973195552825928,714531392.0,55.73188386454857
tai50b,1,PGD,720,1.436844825744629,714531392.0,55.73188386454857
tai50b,1,PGD,740,1.4763898849487305,714531392.0,55.73188386454857
tai50b,1,PGD,760,1.5159859657287598,714531392.0,55.73188386454857
tai50b,1,PGD,780,1.5556004047393799,714531392.0,55.73188386454857
tai50b,1,PGD,800,1.5952553749084473,714531392.0,55.73188386454857
tai50b,1,PGD,820,1.6348648071289062,714531392.0,55.73188386454857
tai50b,1,PGD,840,1.6744887828826904,714531392.0,55.73188386454857
tai50b,1,PGD,860,1.714123010635376,714531392.0,55.73188386454857
tai50b,1,PGD,880,1.7537200450897217,714531392.0,55.73188386454857
tai50b,1,PGD,900,1.7933671474456787,714531392.0,55.73188386454857
tai50b,1,PGD,920,1.8330063819885254,714531392.0,55.73188386454857
tai50b,1,PGD,940,1.8726391792297363,714531392.0,55.73188386454857
tai50b,1,PGD,960,1.9123077392578125,714531392.0,55.73188386454857
tai50b,1,PGD,980,1.9519238471984863,714531392.0,55.73188386454857
tai50b,1,PGD,1000,1.9915471076965332,714531392.0,55.73188386454857
tai50b,1,PGD,1020,2.031217336654663,714531392.0,55.73188386454857
tai50b,1,PGD,1040,2.07084321975708,714531392.0,55.73188386454857
tai50b,1,PGD,1060,2.110538959503174,714531392.0,55.73188386454857
tai50b,1,PGD,1080,2.1502206325531006,714531392.0,55.73188386454857
tai50b,1,PGD,1100,2.1898465156555176,714531392.0,55.73188386454857
tai50b,1,PGD,1120,2.229508638381958,714531392.0,55.73188386454857
tai50b,1,PGD,1140,2.2691330909729004,714531392.0,55.73188386454857
tai50b,1,PGD,1160,2.308753490447998,714531392.0,55.73188386454857
tai50b,1,PGD,1180,2.3483591079711914,714531392.0,55.73188386454857
tai50b,1,PGD,1200,2.3879804611206055,714531392.0,55.73188386454857
tai50b,1,PGD,1220,2.427631378173828,714531392.0,55.73188386454857
tai50b,1,PGD,1240,2.4672369956970215,714531392.0,55.73188386454857
tai50b,1,PGD,1260,2.506765604019165,714531392.0,55.73188386454857
tai50b,1,PGD,1280,2.5462961196899414,714531392.0,55.73188386454857
tai50b,1,PGD,1300,2.5858330726623535,714531392.0,55.73188386454857
tai50b,1,PGD,1320,2.6254799365997314,714531392.0,55.73188386454857
tai50b,1,PGD,1340,2.6650803089141846,714531392.0,55.73188386454857
tai50b,1,PGD,1360,2.7047135829925537,714531392.0,55.73188386454857
tai50b,1,PGD,1380,2.744344472885132,714531392.0,55.73188386454857
tai50b,1,PGD,1400,2.7839741706848145,714531392.0,55.73188386454857
tai50b,1,PGD,1420,2.823594331741333,714531392.0,55.73188386454857
tai50b,1,PGD,1440,2.863231658935547,714531392.0,55.73188386454857
tai50b,1,PGD,1460,2.902860403060913,714531392.0,55.73188386454857
tai50b,1,PGD,1480,2.942462205886841,714531392.0,55.73188386454857
tai50b,1,PGD,1500,2.9820938110351562,714531392.0,55.73188386454857
tai50b,1,SK,1,0.03515934944152832,738363264.0,60.92603259493604
tai50b,1,SK,20,0.6147043704986572,608507968.0,32.62411317994051
tai50b,1,SK,40,1.222926378250122,574689664.0,25.253424851912516
tai50b,1,SK,60,1.8303015232086182,545319616.0,18.85223246842628
tai50b,1,SK,80,2.4390244483947754,544670208.0,18.710694206610192
tai50b,1,SK,100,3.0483741760253906,517123904.0,12.706986233167438
tai50b,1,SK,120,3.6589088439941406,512246272.0,11.6439079294531
tai50b,1,SK,140,4.267248630523682,508737664.0,10.87920796007481
tai50b,1,SK,160,4.877307415008545,505907328.0,10.262337151899526
tai50b,1,SK,180,5.48775577545166,497843392.0,8.504804930497626
tai50b,1,SK,200,6.094849348068237,499494624.0,8.864690406400449
tai50b,1,SK,220,6.702310085296631,497723776.0,8.478734662306607
tai50b,1,SK,240,7.309476137161255,498840768.0,8.722182704434935
tai50b,1,SK,260,7.91747260093689,496412960.0,8.193042742587854
tai50b,1,SK,280,8.525081396102905,495857600.0,8.072002211700982
tai50b,1,SK,300,9.132905006408691,495496768.0,7.993358994974946
tai50b,1,SK,320,9.740977764129639,494316096.0,7.736031917613838
tai50b,1,SK,340,10.348363637924194,494131264.0,7.695747843490958
tai50b,1,SK,360,10.956338882446289,493766976.0,7.616351392691986
tai50b,1,SK,380,11.563423156738281,493766976.0,7.616351392691986
tai50b,1,SK,400,12.171721458435059,492861344.0,7.4189691936352675
tai50b,1,SK,420,12.778979778289795,492861344.0,7.4189691936352675
tai50b,1,SK,440,13.386209487915039,492865984.0,7.419980480122078
tai50b,1,SK,460,13.996349334716797,492284096.0,7.293158180286476
tai50b,1,SK,480,14.60348916053772,492284096.0,7.293158180286476
tai50b,1,SK,500,15.214044094085693,491601472.0,7.144380502102739
tai50b,1,SK,520,15.822277307510376,491562048.0,7.135788054159631
tai50b,1,SK,540,16.429344654083252,491595328.0,7.14304141930641
tai50b,1,SK,560,17.036598920822144,491605312.0,7.145217428850444
tai50b,1,SK,580,17.64311671257019,505230016.0,10.11471722238345
tai50b,1,SK,600,18.25027108192444,505230016.0,10.11471722238345
tai50b,1,SK,620,18.85742974281311,505230016.0,10.11471722238345
tai50b,1,SK,640,19.464120864868164,513311360.0,11.87604351170828
tai50b,1,SK,660,20.07120442390442,513311360.0,11.87604351170828
tai50b,1,SK,680,20.678401947021484,513311360.0,11.87604351170828
tai50b,1,SK,700,21.284925937652588,492852992.0,7.417148877959008
tai50b,1,SK,720,21.892125129699707,511334976.0,11.445291263443515
tai50b,1,SK,740,22.49925947189331,511335264.0,11.445354032949592
tai50b,1,SK,760,23.10598611831665,511335264.0,11.445354032949592
tai50b,1,SK,780,23.713030338287354,502147136.0,9.442804531767415
tai50b,1,SK,800,24.32021999359131,502147136.0,9.442804531767415
tai50b,1,SK,820,24.926781177520752,502147136.0,9.442804531767415
tai50b,1,SK,840,25.53393530845642,502147136.0,9.442804531767415
tai50b,1,SK,860,26.14108443260193,502147136.0,9.442804531767415
tai50b,1,SK,880,26.74767780303955,502147136.0,9.442804531767415
tai50b,1,SK,900,27.358200073242188,491404448.0,7.101439185555894
tai50b,1,SK,920,27.965423107147217,498225376.0,8.588058218725605
tai50b,1,SK,940,28.57196307182312,498225376.0,8.588058218725605
tai50b,1,SK,960,29.179080486297607,498225376.0,8.588058218725605
tai50b,1,SK,980,29.786272048950195,498225376.0,8.588058218725605
tai50b,1,SK,1000,30.392966270446777,498225376.0,8.588058218725605
tai50b,1,SK,1020,30.99997091293335,500348736.0,9.050843838258789
tai50b,1,SK,1040,31.60713768005371,500348736.0,9.050843838258789
tai50b,1,SK,1060,32.21360802650452,500348736.0,9.050843838258789
tai50b,1,SK,1080,32.82075071334839,500348736.0,9.050843838258789
tai50b,1,SK,1100,33.42793321609497,500348736.0,9.050843838258789
tai50b,1,SK,1120,34.03465795516968,500348736.0,9.050843838258789
tai50b,1,SK,1140,34.64166784286499,500348736.0,9.050843838258789
tai50b,1,SK,1160,35.24883270263672,500348736.0,9.050843838258789
tai50b,1,SK,1180,35.855364084243774,500559424.0,9.096763219149551
tai50b,1,SK,1200,36.46246528625488,500559424.0,9.096763219149551
tai50b,1,SK,1220,37.06959652900696,500173024.0,9.01254746516171
tai50b,1,SK,1240,37.676313161849976,500559424.0,9.096763219149551
tai50b,1,SK,1260,38.28330397605896,500559424.0,9.096763219149551
tai50b,1,SK,1280,38.89052724838257,500559424.0,9.096763219149551
tai50b,1,SK,1300,39.4970703125,500559424.0,9.096763219149551
tai50b,1,SK,1320,40.104170083999634,500559424.0,9.096763219149551
tai50b,1,SK,1340,40.71128511428833,500559424.0,9.096763219149551
tai50b,1,SK,1360,41.317997217178345,500559424.0,9.096763219149551
tai50b,1,SK,1380,41.92497158050537,500559424.0,9.096763219149551
tai50b,1,SK,1400,42.53216195106506,500559424.0,9.096763219149551
tai50b,1,SK,1420,43.13874626159668,500559424.0,9.096763219149551
tai50b,1,SK,1440,43.74587368965149,500559424.0,9.096763219149551
tai50b,1,SK,1460,44.3529748916626,500559424.0,9.096763219149551
tai50b,1,SK,1480,44.95966124534607,500559424.0,9.096763219149551
tai50b,1,SK,1500,45.566742181777954,500559424.0,9.096763219149551
tai50b,2,PGD,1,0.00591278076171875,786045184.0,71.31829150898344
tai50b,2,PGD,20,0.046678781509399414,722898816.0,57.55556119657744
tai50b,2,PGD,40,0.08967208862304688,721935104.0,57.34552048046169
tai50b,2,PGD,60,0.1333942413330078,721173760.0,57.17958580395
tai50b,2,PGD,80,0.17675495147705078,719644416.0,56.846265777897244
tai50b,2,PGD,100,0.2162342071533203,722133312.0,57.38871984942241
tai50b,2,PGD,120,0.2593255043029785,703438016.0,53.31408618310287
tai50b,2,PGD,140,0.29882192611694336,715405824.0,55.922466033780196
tai50b,2,PGD,160,0.3383305072784424,714953216.0,55.823820267783994
tai50b,2,PGD,180,0.3779737949371338,714531392.0,55.73188386454857
tai50b,2,PGD,200,0.4175894260406494,714531392.0,55.73188386454857
tai50b,2,PGD,220,0.45721888542175293,714531392.0,55.73188386454857
tai50b,2,PGD,240,0.4968268871307373,714531392.0,55.73188386454857
tai50b,2,PGD,260,0.5364644527435303,714531392.0,55.73188386454857
tai50b,2,PGD,280,0.5761106014251709,714531392.0,55.73188386454857
tai50b,2,PGD,300,0.6157193183898926,714531392.0,55.73188386454857
tai50b,2,PGD,320,0.6552786827087402,714531392.0,55.73188386454857
tai50b,2,PGD,340,0.694843053817749,714531392.0,55.73188386454857
tai50b,2,PGD,360,0.7343728542327881,714531392.0,55.73188386454857
tai50b,2,PGD,380,0.7739050388336182,714531392.0,55.73188386454857
tai50b,2,PGD,400,0.813441276550293,714531392.0,55.73188386454857
tai50b,2,PGD,420,0.8530659675598145,714531392.0,55.73188386454857
tai50b,2,PGD,440,0.8927221298217773,714531392.0,55.73188386454857
tai50b,2,PGD,460,0.9323654174804688,714531392.0,55.73188386454857
tai50b,2,PGD,480,0.9719934463500977,714531392.0,55.73188386454857
tai50b,2,PGD,500,1.011594533920288,714531392.0,55.73188386454857
tai50b,2,PGD,520,1.0512573719024658,714531392.0,55.73188386454857
tai50b,2,PGD,540,1.0909883975982666,714531392.0,55.73188386454857
tai50b,2,PGD,560,1.1307330131530762,714531392.0,55.73188386454857
tai50b,2,PGD,580,1.1704580783843994,714531392.0,55.73188386454857
tai50b,2,PGD,600,1.210148811340332,714531392.0,55.73188386454857
tai50b,2,PGD,620,1.2497437000274658,714531392.0,55.73188386454857
tai50b,2,PGD,640,1.2893595695495605,714531392.0,55.73188386454857
tai50b,2,PGD,660,1.3290083408355713,714531392.0,55.73188386454857
tai50b,2,PGD,680,1.3686764240264893,714531392.0,55.73188386454857
tai50b,2,PGD,700,1.4083178043365479,714531392.0,55.73188386454857
tai50b,2,PGD,720,1.4479095935821533,714531392.0,55.73188386454857
tai50b,2,PGD,740,1.487440586090088,714531392.0,55.73188386454857
tai50b,2,PGD,760,1.5269896984100342,714531392.0,55.73188386454857
tai50b,2,PGD,780,1.5666077136993408,714531392.0,55.73188386454857
tai50b,2,PGD,800,1.6062469482421875,714531392.0,55.73188386454857
tai50b,2,PGD,820,1.6458685398101807,714531392.0,55.73188386454857
tai50b,2,PGD,840,1.6855010986328125,714531392.0,55.73188386454857
tai50b,2,PGD,860,1.7251396179199219,714531392.0,55.73188386454857
tai50b,2,PGD,880,1.7647573947906494,714531392.0,55.73188386454857
tai50b,2,PGD,900,1.8043718338012695,714531392.0,55.73188386454857
tai50b,2,PGD,920,1.8438975811004639,714531392.0,55.73188386454857
tai50b,2,PGD,940,1.8834271430969238,714531392.0,55.73188386454857
tai50b,2,PGD,960,1.9229648113250732,714531392.0,55.73188386454857
tai50b,2,PGD,980,1.9625837802886963,714531392.0,55.73188386454857
tai50b,2,PGD,1000,2.0022432804107666,714531392.0,55.73188386454857
tai50b,2,PGD,1020,2.04189133644104,714531392.0,55.73188386454857
tai50b,2,PGD,1040,2.08154559135437,714531392.0,55.73188386454857
tai50b,2,PGD,1060,2.1211774349212646,714531392.0,55.73188386454857
tai50b,2,PGD,1080,2.160860061645508,714531392.0,55.73188386454857
tai50b,2,PGD,1100,2.200500249862671,714531392.0,55.73188386454857
tai50b,2,PGD,1120,2.2401390075683594,714531392.0,55.73188386454857
tai50b,2,PGD,1140,2.2798242568969727,714531392.0,55.73188386454857
tai50b,2,PGD,1160,2.3194305896759033,714531392.0,55.73188386454857
tai50b,2,PGD,1180,2.3590903282165527,714531392.0,55.73188386454857
tai50b,2,PGD,1200,2.3987085819244385,714531392.0,55.73188386454857
tai50b,2,PGD,1220,2.438338279724121,714531392.0,55.73188386454857
tai50b,2,PGD,1240,2.477999448776245,714531392.0,55.73188386454857
tai50b,2,PGD,1260,2.5176219940185547,714531392.0,55.73188386454857
tai50b,2,PGD,1280,2.557262659072876,714531392.0,55.73188386454857
tai50b,2,PGD,1300,2.5968639850616455,714531392.0,55.73188386454857
tai50b,2,PGD,1320,2.6364011764526367,714531392.0,55.73188386454857
tai50b,2,PGD,1340,2.6759378910064697,714531392.0,55.73188386454857
tai50b,2,PGD,1360,2.715449094772339,714531392.0,55.73188386454857
tai50b,2,PGD,1380,2.754987955093384,714531392.0,55.73188386454857
tai50b,2,PGD,1400,2.794539213180542,714531392.0,55.73188386454857
tai50b,2,PGD,1420,2.8340723514556885,714531392.0,55.73188386454857
tai50b,2,PGD,1440,2.8737101554870605,714531392.0,55.73188386454857
tai50b,2,PGD,1460,2.9133572578430176,714531392.0,55.73188386454857
tai50b,2,PGD,1480,2.952986001968384,714531392.0,55.73188386454857
tai50b,2,PGD,1500,2.992668628692627,714531392.0,55.73188386454857
tai50b,2,SK,1,0.03503870964050293,738363264.0,60.92603259493604
tai50b,2,SK,20,0.6145741939544678,608507968.0,32.62411317994051
tai50b,2,SK,40,1.2223680019378662,574689664.0,25.253424851912516
tai50b,2,SK,60,1.829697608947754,545319616.0,18.85223246842628
tai50b,2,SK,80,2.4402477741241455,544670208.0,18.710694206610192
tai50b,2,SK,100,3.048527956008911,517123904.0,12.706986233167438
tai50b,2,SK,120,3.65903639793396,512246272.0,11.6439079294531
tai50b,2,SK,140,4.269501447677612,508737664.0,10.87920796007481
tai50b,2,SK,160,4.8774192333221436,505907328.0,10.262337151899526
tai50b,2,SK,180,5.4877893924713135,497843392.0,8.504804930497626
tai50b,2,SK,200,6.094911813735962,499494624.0,8.864690406400449
tai50b,2,SK,220,6.7049336433410645,497723776.0,8.478734662306607
tai50b,2,SK,240,7.312072515487671,498840768.0,8.722182704434935
tai50b,2,SK,260,7.920464038848877,496412960.0,8.193042742587854
tai50b,2,SK,280,8.530623197555542,495857600.0,8.072002211700982
tai50b,2,SK,300,9.1411771774292,495496768.0,7.993358994974946
tai50b,2,SK,320,9.749701261520386,494316096.0,7.736031917613838
tai50b,2,SK,340,10.359656572341919,494131264.0,7.695747843490958
tai50b,2,SK,360,10.970301151275635,493766976.0,7.616351392691986
tai50b,2,SK,380,11.577365398406982,493766976.0,7.616351392691986
tai50b,2,SK,400,12.184898614883423,492861344.0,7.4189691936352675
tai50b,2,SK,420,12.792239904403687,492861344.0,7.4189691936352675
tai50b,2,SK,440,13.399372816085815,492865984.0,7.419980480122078
tai50b,2,SK,460,14.0067458152771,492284096.0,7.293158180286476
tai50b,2,SK,480,14.613871097564697,492284096.0,7.293158180286476
tai50b,2,SK,500,15.224481344223022,491601472.0,7.144380502102739
tai50b,2,SK,520,15.832424640655518,491562048.0,7.135788054159631
tai50b,2,SK,540,16.4394850730896,491595328.0,7.14304141930641
tai50b,2,SK,560,17.04669952392578,491605312.0,7.145217428850444
tai50b,2,SK,580,17.653221130371094,505230016.0,10.11471722238345
tai50b,2,SK,600,18.26038885116577,505230016.0,10.11471722238345
tai50b,2,SK,620,18.867488145828247,505230016.0,10.11471722238345
tai50b,2,SK,640,19.474124431610107,513311360.0,11.87604351170828
tai50b,2,SK,660,20.081083297729492,513311360.0,11.87604351170828
tai50b,2,SK,680,20.688220500946045,513311360.0,11.87604351170828
tai50b,2,SK,700,21.29482126235962,492852992.0,7.417148877959008
tai50b,2,SK,720,21.901962280273438,511334976.0,11.445291263443515
tai50b,2,SK,740,22.509120225906372,511335264.0,11.445354032949592
tai50b,2,SK,760,23.115735292434692,511335264.0,11.445354032949592
tai50b,2,SK,780,23.72271466255188,502147136.0,9.442804531767415
tai50b,2,SK,800,24.32993721961975,502147136.0,9.442804531767415
tai50b,2,SK,820,24.936443328857422,502147136.0,9.442804531767415
tai50b,2,SK,840,25.543583869934082,502147136.0,9.442804531767415
tai50b,2,SK,860,26.15067458152771,502147136.0,9.442804531767415
tai50b,2,SK,880,26.75736141204834,502147136.0,9.442804531767415
tai50b,2,SK,900,27.367764234542847,491404448.0,7.101439185555894
tai50b,2,SK,920,27.974874258041382,498225376.0,8.588058218725605
tai50b,2,SK,940,28.58141303062439,498225376.0,8.588058218725605
tai50b,2,SK,960,29.18856143951416,498225376.0,8.588058218725605
tai50b,2,SK,980,29.795692443847656,498225376.0,8.588058218725605
tai50b,2,SK,1000,30.402451992034912,498225376.0,8.588058218725605
tai50b,2,SK,1020,31.009473085403442,500348736.0,9.050843838258789
tai50b,2,SK,1040,31.616630792617798,500348736.0,9.050843838258789
tai50b,2,SK,1060,32.223172426223755,500348736.0,9.050843838258789
tai50b,2,SK,1080,32.83034563064575,500348736.0,9.050843838258789
tai50b,2,SK,1100,33.43749666213989,500348736.0,9.050843838258789
tai50b,2,SK,1120,34.04415941238403,500348736.0,9.050843838258789
tai50b,2,SK,1140,34.65125608444214,500348736.0,9.050843838258789
tai50b,2,SK,1160,35.25844764709473,500348736.0,9.050843838258789
tai50b,2,SK,1180,35.86500144004822,500559424.0,9.096763219149551
tai50b,2,SK,1200,36.472121477127075,500559424.0,9.096763219149551
tai50b,2,SK,1220,37.07922983169556,500173024.0,9.01254746516171
tai50b,2,SK,1240,37.68590569496155,500559424.0,9.096763219149551
tai50b,2,SK,1260,38.29292392730713,500559424.0,9.096763219149551
tai50b,2,SK,1280,38.90011239051819,500559424.0,9.096763219149551
tai50b,2,SK,1300,39.506669998168945,500559424.0,9.096763219149551
tai50b,2,SK,1320,40.11384630203247,500559424.0,9.096763219149551
tai50b,2,SK,1340,40.72092819213867,500559424.0,9.096763219149551
tai50b,2,SK,1360,41.32761740684509,500559424.0,9.096763219149551
tai50b,2,SK,1380,41.934688568115234,500559424.0,9.096763219149551
tai50b,2,SK,1400,42.54191327095032,500559424.0,9.096763219149551
tai50b,2,SK,1420,43.14842963218689,500559424.0,9.096763219149551
tai50b,2,SK,1440,43.75551247596741,500559424.0,9.096763219149551
tai50b,2,SK,1460,44.36263871192932,500559424.0,9.096763219149551
tai50b,2,SK,1480,44.96933913230896,500559424.0,9.096763219149551
tai50b,2,SK,1500,45.57641077041626,500559424.0,9.096763219149551
tai50b,3,PGD,1,0.0059146881103515625,786045184.0,71.31829150898344
tai50b,3,PGD,20,0.046640872955322266,722898816.0,57.55556119657744
tai50b,3,PGD,40,0.08965778350830078,721935104.0,57.34552048046169
tai50b,3,PGD,60,0.1325969696044922,721173760.0,57.17958580395
tai50b,3,PGD,80,0.17557001113891602,719644416.0,56.846265777897244
tai50b,3,PGD,100,0.21508073806762695,722133312.0,57.38871984942241
tai50b,3,PGD,120,0.2581660747528076,703438016.0,53.31408618310287
tai50b,3,PGD,140,0.29769325256347656,715405824.0,55.922466033780196
tai50b,3,PGD,160,0.3372657299041748,714953216.0,55.823820267783994
tai50b,3,PGD,180,0.37688708305358887,714531392.0,55.73188386454857
tai50b,3,PGD,200,0.41651415824890137,714531392.0,55.73188386454857
tai50b,3,PGD,220,0.4561316967010498,714531392.0,55.73188386454857
tai50b,3,PGD,240,0.4957578182220459,714531392.0,55.73188386454857
tai50b,3,PGD,260,0.5354053974151611,714531392.0,55.73188386454857
tai50b,3,PGD,280,0.5750937461853027,714531392.0,55.73188386454857
tai50b,3,PGD,300,0.6146993637084961,714531392.0,55.73188386454857
tai50b,3,PGD,320,0.6543483734130859,714531392.0,55.73188386454857
tai50b,3,PGD,340,0.6939871311187744,714531392.0,55.73188386454857
tai50b,3,PGD,360,0.7335970401763916,714531392.0,55.73188386454857
tai50b,3,PGD,380,0.7732360363006592,714531392.0,55.73188386454857
tai50b,3,PGD,400,0.8128304481506348,714531392.0,55.73188386454857
tai50b,3,PGD,420,0.8523750305175781,714531392.0,55.73188386454857
tai50b,3,PGD,440,0.8919849395751953,714531392.0,55.73188386454857
tai50b,3,PGD,460,0.9316065311431885,714531392.0,55.73188386454857
tai50b,3,PGD,480,0.9712612628936768,714531392.0,55.73188386454857
tai50b,3,PGD,500,1.0108778476715088,714531392.0,55.73188386454857
tai50b,3,PGD,520,1.0505023002624512,714531392.0,55.73188386454857
tai50b,3,PGD,540,1.0901455879211426,714531392.0,55.73188386454857
tai50b,3,PGD,560,1.129772424697876,714531392.0,55.73188386454857
tai50b,3,PGD,580,1.1694495677947998,714531392.0,55.73188386454857
tai50b,3,PGD,600,1.2090752124786377,714531392.0,55.73188386454857
tai50b,3,PGD,620,1.2487049102783203,714531392.0,55.73188386454857
tai50b,3,PGD,640,1.2883164882659912,714531392.0,55.73188386454857
tai50b,3,PGD,660,1.327939748764038,714531392.0,55.73188386454857
tai50b,3,PGD,680,1.3675544261932373,714531392.0,55.73188386454857
tai50b,3,PGD,700,1.40718674659729,714531392.0,55.73188386454857
tai50b,3,PGD,720,1.4468104839324951,714531392.0,55.73188386454857
tai50b,3,PGD,740,1.4863483905792236,714531392.0,55.73188386454857
tai50b,3,PGD,760,1.5258760452270508,714531392.0,55.73188386454857
tai50b,3,PGD,780,1.5655064582824707,714531392.0,55.73188386454857
tai50b,3,PGD,800,1.6051521301269531,714531392.0,55.73188386454857
tai50b,3,PGD,820,1.6447744369506836,714531392.0,55.73188386454857
tai50b,3,PGD,840,1.6843950748443604,714531392.0,55.73188386454857
tai50b,3,PGD,860,1.7240700721740723,714531392.0,55.73188386454857
tai50b,3,PGD,880,1.7637178897857666,714531392.0,55.73188386454857
tai50b,3,PGD,900,1.8033473491668701,714531392.0,55.73188386454857
tai50b,3,PGD,920,1.8429653644561768,714531392.0,55.73188386454857
tai50b,3,PGD,940,1.8824796676635742,714531392.0,55.73188386454857
tai50b,3,PGD,960,1.9220447540283203,714531392.0,55.73188386454857
tai50b,3,PGD,980,1.9616632461547852,714531392.0,55.73188386454857
tai50b,3,PGD,1000,2.0012781620025635,714531392.0,55.73188386454857
tai50b,3,PGD,1020,2.0409398078918457,714531392.0,55.73188386454857
tai50b,3,PGD,1040,2.0805633068084717,714531392.0,55.73188386454857
tai50b,3,PGD,1060,2.120215892791748,714531392.0,55.73188386454857
tai50b,3,PGD,1080,2.159825325012207,714531392.0,55.73188386454857
tai50b,3,PGD,1100,2.1994540691375732,714531392.0,55.73188386454857
tai50b,3,PGD,1120,2.2390995025634766,714531392.0,55.73188386454857
tai50b,3,PGD,1140,2.2787046432495117,714531392.0,55.73188386454857
tai50b,3,PGD,1160,2.318330764770508,714531392.0,55.73188386454857
tai50b,3,PGD,1180,2.3579626083374023,714531392.0,55.73188386454857
tai50b,3,PGD,1200,2.3975908756256104,714531392.0,55.73188386454857
tai50b,3,PGD,1220,2.4372317790985107,714531392.0,55.73188386454857
tai50b,3,PGD,1240,2.476757049560547,714531392.0,55.73188386454857
tai50b,3,PGD,1260,2.516277551651001,714531392.0,55.73188386454857
tai50b,3,PGD,1280,2.555837631225586,714531392.0,55.73188386454857
tai50b,3,PGD,1300,2.595452308654785,714531392.0,55.73188386454857
tai50b,3,PGD,1320,2.6350977420806885,714531392.0,55.73188386454857
tai50b,3,PGD,1340,2.674704074859619,714531392.0,55.73188386454857
tai50b,3,PGD,1360,2.7143139839172363,714531392.0,55.73188386454857
tai50b,3,PGD,1380,2.7539422512054443,714531392.0,55.73188386454857
tai50b,3,PGD,1400,2.7935452461242676,714531392.0,55.73188386454857
tai50b,3,PGD,1420,2.8331570625305176,714531392.0,55.73188386454857
tai50b,3,PGD,1440,2.8727762699127197,714531392.0,55.73188386454857
tai50b,3,PGD,1460,2.912409782409668,714531392.0,55.73188386454857
tai50b,3,PGD,1480,2.9541525840759277,714531392.0,55.73188386454857
tai50b,3,PGD,1500,2.99368953704834,714531392.0,55.73188386454857
tai50b,3,SK,1,0.0349888801574707,738363264.0,60.92603259493604
tai50b,3,SK,20,0.6144125461578369,608507968.0,32.62411317994051
tai50b,3,SK,40,1.2249958515167236,574689664.0,25.253424851912516
tai50b,3,SK,60,1.8348875045776367,545319616.0,18.85223246842628
tai50b,3,SK,80,2.4432287216186523,544670208.0,18.710694206610192
tai50b,3,SK,100,3.0539090633392334,517123904.0,12.706986233167438
tai50b,3,SK,120,3.6644506454467773,512246272.0,11.6439079294531
tai50b,3,SK,140,4.27275013923645,508737664.0,10.87920796007481
tai50b,3,SK,160,4.88283371925354,505907328.0,10.262337151899526
tai50b,3,SK,180,5.4933836460113525,497843392.0,8.504804930497626
tai50b,3,SK,200,6.10051703453064,499494624.0,8.864690406400449
tai50b,3,SK,220,6.708358287811279,497723776.0,8.478734662306607
tai50b,3,SK,240,7.315495729446411,498840768.0,8.722182704434935
tai50b,3,SK,260,7.926079988479614,496412960.0,8.193042742587854
tai50b,3,SK,280,8.536169528961182,495857600.0,8.072002211700982
tai50b,3,SK,300,9.144377708435059,495496768.0,7.993358994974946
tai50b,3,SK,320,9.754959344863892,494316096.0,7.736031917613838
tai50b,3,SK,340,10.365052223205566,494131264.0,7.695747843490958
tai50b,3,SK,360,10.973437070846558,493766976.0,7.616351392691986
tai50b,3,SK,380,11.580519437789917,493766976.0,7.616351392691986
tai50b,3,SK,400,12.190592050552368,492861344.0,7.4189691936352675
tai50b,3,SK,420,12.79751467704773,492861344.0,7.4189691936352675
tai50b,3,SK,440,13.404708623886108,492865984.0,7.419980480122078
tai50b,3,SK,460,14.014719724655151,492284096.0,7.293158180286476
tai50b,3,SK,480,14.621844053268433,492284096.0,7.293158180286476
tai50b,3,SK,500,15.230300664901733,491601472.0,7.144380502102739
tai50b,3,SK,520,15.8403902053833,491562048.0,7.135788054159631
tai50b,3,SK,540,16.44735050201416,491595328.0,7.14304141930641
tai50b,3,SK,560,17.05457592010498,491605312.0,7.145217428850444
tai50b,3,SK,580,17.661044597625732,505230016.0,10.11471722238345
tai50b,3,SK,600,18.268192529678345,505230016.0,10.11471722238345
tai50b,3,SK,620,18.875324010849,505230016.0,10.11471722238345
tai50b,3,SK,640,19.481975078582764,513311360.0,11.87604351170828
tai50b,3,SK,660,20.08905863761902,513311360.0,11.87604351170828
tai50b,3,SK,680,20.696218252182007,513311360.0,11.87604351170828
tai50b,3,SK,700,21.302719116210938,492852992.0,7.417148877959008
tai50b,3,SK,720,21.90981364250183,511334976.0,11.445291263443515
tai50b,3,SK,740,22.51691222190857,511335264.0,11.445354032949592
tai50b,3,SK,760,23.12357497215271,511335264.0,11.445354032949592
tai50b,3,SK,780,23.730517864227295,502147136.0,9.442804531767415
tai50b,3,SK,800,24.33866596221924,502147136.0,9.442804531767415
tai50b,3,SK,820,24.94514226913452,502147136.0,9.442804531767415
tai50b,3,SK,840,25.552240133285522,502147136.0,9.442804531767415
tai50b,3,SK,860,26.159314393997192,502147136.0,9.442804531767415
tai50b,3,SK,880,26.765949487686157,502147136.0,9.442804531767415
tai50b,3,SK,900,27.376484870910645,491404448.0,7.101439185555894
tai50b,3,SK,920,27.98350238800049,498225376.0,8.588058218725605
tai50b,3,SK,940,28.59002161026001,498225376.0,8.588058218725605
tai50b,3,SK,960,29.19714379310608,498225376.0,8.588058218725605
tai50b,3,SK,980,29.80422568321228,498225376.0,8.588058218725605
tai50b,3,SK,1000,30.41085124015808,498225376.0,8.588058218725605
tai50b,3,SK,1020,31.0178542137146,500348736.0,9.050843838258789
tai50b,3,SK,1040,31.625030517578125,500348736.0,9.050843838258789
tai50b,3,SK,1060,32.231566429138184,500348736.0,9.050843838258789
tai50b,3,SK,1080,32.83870196342468,500348736.0,9.050843838258789
tai50b,3,SK,1100,33.44577765464783,500348736.0,9.050843838258789
tai50b,3,SK,1120,34.052531242370605,500348736.0,9.050843838258789
tai50b,3,SK,1140,34.659461975097656,500348736.0,9.050843838258789
tai50b,3,SK,1160,35.266640186309814,500348736.0,9.050843838258789
tai50b,3,SK,1180,35.87317442893982,500559424.0,9.096763219149551
tai50b,3,SK,1200,36.48028206825256,500559424.0,9.096763219149551
tai50b,3,SK,1220,37.087292432785034,500173024.0,9.01254746516171
tai50b,3,SK,1240,37.69394636154175,500559424.0,9.096763219149551
tai50b,3,SK,1260,38.30096197128296,500559424.0,9.096763219149551
tai50b,3,SK,1280,38.908140659332275,500559424.0,9.096763219149551
tai50b,3,SK,1300,39.51471948623657,500559424.0,9.096763219149551
tai50b,3,SK,1320,40.121827363967896,500559424.0,9.096763219149551
tai50b,3,SK,1340,40.72887921333313,500559424.0,9.096763219149551
tai50b,3,SK,1360,41.33555054664612,500559424.0,9.096763219149551
tai50b,3,SK,1380,41.9425163269043,500559424.0,9.096763219149551
tai50b,3,SK,1400,42.549659967422485,500559424.0,9.096763219149551
tai50b,3,SK,1420,43.156158685684204,500559424.0,9.096763219149551
tai50b,3,SK,1440,43.76333260536194,500559424.0,9.096763219149551
tai50b,3,SK,1460,44.370420932769775,500559424.0,9.096763219149551
tai50b,3,SK,1480,44.97699046134949,500559424.0,9.096763219149551
tai50b,3,SK,1500,45.58396530151367,500559424.0,9.096763219149551
tai50b,4,PGD,1,0.005917787551879883,786045184.0,71.31829150898344
tai50b,4,PGD,20,0.04665827751159668,722898816.0,57.55556119657744
tai50b,4,PGD,40,0.08962130546569824,721935104.0,57.34552048046169
tai50b,4,PGD,60,0.1325681209564209,721173760.0,57.17958580395
tai50b,4,PGD,80,0.17300105094909668,719644416.0,56.846265777897244
tai50b,4,PGD,100,0.21254825592041016,722133312.0,57.38871984942241
tai50b,4,PGD,120,0.2556493282318115,703438016.0,53.31408618310287
tai50b,4,PGD,140,0.2951540946960449,715405824.0,55.922466033780196
tai50b,4,PGD,160,0.33466434478759766,714953216.0,55.823820267783994
tai50b,4,PGD,180,0.37421298027038574,714531392.0,55.73188386454857
tai50b,4,PGD,200,0.41372013092041016,714531392.0,55.73188386454857
tai50b,4,PGD,220,0.45325398445129395,714531392.0,55.73188386454857
tai50b,4,PGD,240,0.4928016662597656,714531392.0,55.73188386454857
tai50b,4,PGD,260,0.5323176383972168,714531392.0,55.73188386454857
tai50b,4,PGD,280,0.5718827247619629,714531392.0,55.73188386454857
tai50b,4,PGD,300,0.6114110946655273,714531392.0,55.73188386454857
tai50b,4,PGD,320,0.6509354114532471,714531392.0,55.73188386454857
tai50b,4,PGD,340,0.6905050277709961,714531392.0,55.73188386454857
tai50b,4,PGD,360,0.7300243377685547,714531392.0,55.73188386454857
tai50b,4,PGD,380,0.7695393562316895,714531392.0,55.73188386454857
tai50b,4,PGD,400,0.8091139793395996,714531392.0,55.73188386454857
tai50b,4,PGD,420,0.8487324714660645,714531392.0,55.73188386454857
tai50b,4,PGD,440,0.8884122371673584,714531392.0,55.73188386454857
tai50b,4,PGD,460,0.9282398223876953,714531392.0,55.73188386454857
tai50b,4,PGD,480,0.968024730682373,714531392.0,55.73188386454857
tai50b,4,PGD,500,1.007777214050293,714531392.0,55.73188386454857
tai50b,4,PGD,520,1.0475094318389893,714531392.0,55.73188386454857
tai50b,4,PGD,540,1.0871572494506836,714531392.0,55.73188386454857
tai50b,4,PGD,560,1.1268210411071777,714531392.0,55.73188386454857
tai50b,4,PGD,580,1.1664674282073975,714531392.0,55.73188386454857
tai50b,4,PGD,600,1.2061271667480469,714531392.0,55.73188386454857
tai50b,4,PGD,620,1.245748519897461,714531392.0,55.73188386454857
tai50b,4,PGD,640,1.2853572368621826,714531392.0,55.73188386454857
tai50b,4,PGD,660,1.3250055313110352,714531392.0,55.73188386454857
tai50b,4,PGD,680,1.3645966053009033,714531392.0,55.73188386454857
tai50b,4,PGD,700,1.4042198657989502,714531392.0,55.73188386454857
tai50b,4,PGD,720,1.4437949657440186,714531392.0,55.73188386454857
tai50b,4,PGD,740,1.4833028316497803,714531392.0,55.73188386454857
tai50b,4,PGD,760,1.5228626728057861,714531392.0,55.73188386454857
tai50b,4,PGD,780,1.5623672008514404,714531392.0,55.73188386454857
tai50b,4,PGD,800,1.601881980895996,714531392.0,55.73188386454857
tai50b,4,PGD,820,1.6414506435394287,714531392.0,55.73188386454857
tai50b,4,PGD,840,1.680990219116211,714531392.0,55.73188386454857
tai50b,4,PGD,860,1.7205188274383545,714531392.0,55.73188386454857
tai50b,4,PGD,880,1.7600576877593994,714531392.0,55.73188386454857
tai50b,4,PGD,900,1.7995717525482178,714531392.0,55.73188386454857
tai50b,4,PGD,920,1.8390967845916748,714531392.0,55.73188386454857
tai50b,4,PGD,940,1.8787333965301514,714531392.0,55.73188386454857
tai50b,4,PGD,960,1.9183809757232666,714531392.0,55.73188386454857
tai50b,4,PGD,980,1.9580485820770264,714531392.0,55.73188386454857
tai50b,4,PGD,1000,1.9976990222930908,714531392.0,55.73188386454857
tai50b,4,PGD,1020,2.037339210510254,714531392.0,55.73188386454857
tai50b,4,PGD,1040,2.0769999027252197,714531392.0,55.73188386454857
tai50b,4,PGD,1060,2.116633415222168,714531392.0,55.73188386454857
tai50b,4,PGD,1080,2.1563210487365723,714531392.0,55.73188386454857
tai50b,4,PGD,1100,2.195951223373413,714531392.0,55.73188386454857
tai50b,4,PGD,1120,2.235584259033203,714531392.0,55.73188386454857
tai50b,4,PGD,1140,2.275235891342163,714531392.0,55.73188386454857
tai50b,4,PGD,1160,2.314854860305786,714531392.0,55.73188386454857
tai50b,4,PGD,1180,2.3544657230377197,714531392.0,55.73188386454857
tai50b,4,PGD,1200,2.39406418800354,714531392.0,55.73188386454857
tai50b,4,PGD,1220,2.43367600440979,714531392.0,55.73188386454857
tai50b,4,PGD,1240,2.4733057022094727,714531392.0,55.73188386454857
tai50b,4,PGD,1260,2.512918472290039,714531392.0,55.73188386454857
tai50b,4,PGD,1280,2.5525307655334473,714531392.0,55.73188386454857
tai50b,4,PGD,1300,2.5920681953430176,714531392.0,55.73188386454857
tai50b,4,PGD,1320,2.6315979957580566,714531392.0,55.73188386454857
tai50b,4,PGD,1340,2.6711044311523438,714531392.0,55.73188386454857
tai50b,4,PGD,1360,2.710615634918213,714531392.0,55.73188386454857
tai50b,4,PGD,1380,2.7501370906829834,714531392.0,55.73188386454857
tai50b,4,PGD,1400,2.7896928787231445,714531392.0,55.73188386454857
tai50b,4,PGD,1420,2.8292205333709717,714531392.0,55.73188386454857
tai50b,4,PGD,1440,2.868746042251587,714531392.0,55.73188386454857
tai50b,4,PGD,1460,2.9083094596862793,714531392.0,55.73188386454857
tai50b,4,PGD,1480,2.9479281902313232,714531392.0,55.73188386454857
tai50b,4,PGD,1500,2.987562417984009,714531392.0,55.73188386454857
tai50b,4,SK,1,0.03506350517272949,738363264.0,60.92603259493604
tai50b,4,SK,20,0.6146273612976074,608507968.0,32.62411317994051
tai50b,4,SK,40,1.2221534252166748,574689664.0,25.253424851912516
tai50b,4,SK,60,1.8294341564178467,545319616.0,18.85223246842628
tai50b,4,SK,80,2.4428791999816895,544670208.0,18.710694206610192
tai50b,4,SK,100,3.0510759353637695,517123904.0,12.706986233167438
tai50b,4,SK,120,3.6614878177642822,512246272.0,11.6439079294531
tai50b,4,SK,140,4.272001504898071,508737664.0,10.87920796007481
tai50b,4,SK,160,4.8794896602630615,505907328.0,10.262337151899526
tai50b,4,SK,180,5.487337589263916,497843392.0,8.504804930497626
tai50b,4,SK,200,6.094465970993042,499494624.0,8.864690406400449
tai50b,4,SK,220,6.701809406280518,497723776.0,8.478734662306607
tai50b,4,SK,240,7.308899641036987,498840768.0,8.722182704434935
tai50b,4,SK,260,7.916888475418091,496412960.0,8.193042742587854
tai50b,4,SK,280,8.524484157562256,495857600.0,8.072002211700982
tai50b,4,SK,300,9.132411241531372,495496768.0,7.993358994974946
tai50b,4,SK,320,9.740502834320068,494316096.0,7.736031917613838
tai50b,4,SK,340,10.347941160202026,494131264.0,7.695747843490958
tai50b,4,SK,360,10.955947160720825,493766976.0,7.616351392691986
tai50b,4,SK,380,11.563091516494751,493766976.0,7.616351392691986
tai50b,4,SK,400,12.170686721801758,492861344.0,7.4189691936352675
tai50b,4,SK,420,12.77769947052002,492861344.0,7.4189691936352675
tai50b,4,SK,440,13.384871006011963,492865984.0,7.419980480122078
tai50b,4,SK,460,13.99221396446228,492284096.0,7.293158180286476
tai50b,4,SK,480,14.599337816238403,492284096.0,7.293158180286476
tai50b,4,SK,500,15.209943771362305,491601472.0,7.144380502102739
tai50b,4,SK,520,15.820064306259155,491562048.0,7.135788054159631
tai50b,4,SK,540,16.42705202102661,491595328.0,7.14304141930641
tai50b,4,SK,560,17.034292936325073,491605312.0,7.145217428850444
tai50b,4,SK,580,17.640767574310303,505230016.0,10.11471722238345
tai50b,4,SK,600,18.247872352600098,505230016.0,10.11471722238345
tai50b,4,SK,620,18.854892015457153,505230016.0,10.11471722238345
tai50b,4,SK,640,19.461570739746094,513311360.0,11.87604351170828
tai50b,4,SK,660,20.06851315498352,513311360.0,11.87604351170828
tai50b,4,SK,680,20.67564582824707,513311360.0,11.87604351170828
tai50b,4,SK,700,21.282199144363403,492852992.0,7.417148877959008
tai50b,4,SK,720,21.889315605163574,511334976.0,11.445291263443515
tai50b,4,SK,740,22.49641466140747,511335264.0,11.445354032949592
tai50b,4,SK,760,23.103046655654907,511335264.0,11.445354032949592
tai50b,4,SK,780,23.710010290145874,502147136.0,9.442804531767415
tai50b,4,SK,800,24.317209243774414,502147136.0,9.442804531767415
tai50b,4,SK,820,24.92376160621643,502147136.0,9.442804531767415
tai50b,4,SK,840,25.530890464782715,502147136.0,9.442804531767415
tai50b,4,SK,860,26.13792872428894,502147136.0,9.442804531767415
tai50b,4,SK,880,26.744548797607422,502147136.0,9.442804531767415
tai50b,4,SK,900,27.352779865264893,491404448.0,7.101439185555894
tai50b,4,SK,920,27.959875106811523,498225376.0,8.588058218725605
tai50b,4,SK,940,28.56635022163391,498225376.0,8.588058218725605
tai50b,4,SK,960,29.173348903656006,498225376.0,8.588058218725605
tai50b,4,SK,980,29.780426263809204,498225376.0,8.588058218725605
tai50b,4,SK,1000,30.38708758354187,498225376.0,8.588058218725605
tai50b,4,SK,1020,30.99402666091919,500348736.0,9.050843838258789
tai50b,4,SK,1040,31.601147890090942,500348736.0,9.050843838258789
tai50b,4,SK,1060,32.20768165588379,500348736.0,9.050843838258789
tai50b,4,SK,1080,32.81477093696594,500348736.0,9.050843838258789
tai50b,4,SK,1100,33.42176938056946,500348736.0,9.050843838258789
tai50b,4,SK,1120,34.02835655212402,500348736.0,9.050843838258789
tai50b,4,SK,1140,34.63534235954285,500348736.0,9.050843838258789
tai50b,4,SK,1160,35.24246168136597,500348736.0,9.050843838258789
tai50b,4,SK,1180,35.84929156303406,500559424.0,9.096763219149551
tai50b,4,SK,1200,36.4564266204834,500559424.0,9.096763219149551
tai50b,4,SK,1220,37.063509941101074,500173024.0,9.01254746516171
tai50b,4,SK,1240,37.6701979637146,500559424.0,9.096763219149551
tai50b,4,SK,1260,38.27717924118042,500559424.0,9.096763219149551
tai50b,4,SK,1280,38.88438630104065,500559424.0,9.096763219149551
tai50b,4,SK,1300,39.49092221260071,500559424.0,9.096763219149551
tai50b,4,SK,1320,40.09813141822815,500559424.0,9.096763219149551
tai50b,4,SK,1340,40.705116748809814,500559424.0,9.096763219149551
tai50b,4,SK,1360,41.31174945831299,500559424.0,9.096763219149551
tai50b,4,SK,1380,41.91873478889465,500559424.0,9.096763219149551
tai50b,4,SK,1400,42.52589201927185,500559424.0,9.096763219149551
tai50b,4,SK,1420,43.13243842124939,500559424.0,9.096763219149551
tai50b,4,SK,1440,43.73961162567139,500559424.0,9.096763219149551
tai50b,4,SK,1460,44.34668517112732,500559424.0,9.096763219149551
tai50b,4,SK,1480,44.953394651412964,500559424.0,9.096763219149551
tai50b,4,SK,1500,45.560365438461304,500559424.0,9.096763219149551
tai60b,0,PGD,1,0.027863740921020508,993186496.0,63.295283381788835
tai60b,0,PGD,20,0.06232166290283203,821316608.0,35.03720478447743
tai60b,0,PGD,40,0.0992591381072998,832070912.0,36.805379368331124
tai60b,0,PGD,60,0.132737398147583,827752000.0,36.09528316607567
tai60b,0,PGD,80,0.1662001609802246,858459456.0,41.144065796174786
tai60b,0,PGD,100,0.20232081413269043,813819072.0,33.80449343498164
tai60b,0,PGD,120,0.23591899871826172,830032960.0,36.47030841166914
tai60b,0,PGD,140,0.26937294006347656,882296064.0,45.06317431597147
tai60b,0,PGD,160,0.3028707504272461,867848128.0,42.6877092719905
tai60b,0,PGD,180,0.33648228645324707,818288192.0,34.53928616505438
tai60b,0,PGD,200,0.3699910640716553,818322816.0,34.54497888833906
tai60b,0,PGD,220,0.4041752815246582,804777024.0,32.31784032757597
tai60b,0,PGD,240,0.4383869171142578,804727040.0,32.309622181762045
tai60b,0,PGD,260,0.4719390869140625,804727040.0,32.309622181762045
tai60b,0,PGD,280,0.5054352283477783,819479104.0,34.73509059182215
tai60b,0,PGD,300,0.5389964580535889,819479104.0,34.73509059182215
tai60b,0,PGD,320,0.5726065635681152,847032192.0,39.265246137758375
tai60b,0,PGD,340,0.606112003326416,846952000.0,39.252061327636916
tai60b,0,PGD,360,0.6396958827972412,846952000.0,39.252061327636916
tai60b,0,PGD,380,0.6732780933380127,846952000.0,39.252061327636916
tai60b,0,PGD,400,0.7067794799804688,831865152.0,36.771549229033056
tai60b,0,PGD,420,0.7403521537780762,831865152.0,36.771549229033056
tai60b,0,PGD,440,0.7738821506500244,831865152.0,36.771549229033056
tai60b,0,PGD,460,0.8073689937591553,831865152.0,36.771549229033056
tai60b,0,PGD,480,0.8439064025878906,831865152.0,36.771549229033056
tai60b,0,PGD,500,0.8774991035461426,831865152.0,36.771549229033056
tai60b,0,PGD,520,0.9109971523284912,831865152.0,36.771549229033056
tai60b,0,PGD,540,0.9445147514343262,831865152.0,36.771549229033056
tai60b,0,PGD,560,0.9781031608581543,831865152.0,36.771549229033056
tai60b,0,PGD,580,1.011631727218628,831859776.0,36.770665331147825
tai60b,0,PGD,600,1.045147180557251,819479104.0,34.73509059182215
tai60b,0,PGD,620,1.0787298679351807,828670336.0,36.246271865543136
tai60b,0,PGD,640,1.1123528480529785,821555072.0,35.07641196924403
tai60b,0,PGD,660,1.1458547115325928,824864320.0,35.62050373057685
tai60b,0,PGD,680,1.1794095039367676,824864320.0,35.62050373057685
tai60b,0,PGD,700,1.212986707687378,821483584.0,35.06465823188915
tai60b,0,PGD,720,1.2465014457702637,816543680.0,34.252461301294915
tai60b,0,PGD,740,1.2801008224487305,805095168.0,32.370148141713045
tai60b,0,PGD,760,1.3136920928955078,805095168.0,32.370148141713045
tai60b,0,PGD,780,1.3471789360046387,805095168.0,32.370148141713045
tai60b,0,PGD,800,1.3807437419891357,805095168.0,32.370148141713045
tai60b,0,PGD,820,1.414304494857788,805095168.0,32.370148141713045
tai60b,0,PGD,840,1.4477450847625732,805095168.0,32.370148141713045
tai60b,0,PGD,860,1.4812042713165283,805095168.0,32.370148141713045
tai60b,0,PGD,880,1.5147957801818848,805095168.0,32.370148141713045
tai60b,0,PGD,900,1.548302412033081,805095168.0,32.370148141713045
tai60b,0,PGD,920,1.585012674331665,805095168.0,32.370148141713045
tai60b,0,PGD,940,1.6185801029205322,805095168.0,32.370148141713045
tai60b,0,PGD,960,1.6521525382995605,805095168.0,32.370148141713045
tai60b,0,PGD,980,1.6856770515441895,805095168.0,32.370148141713045
tai60b,0,PGD,1000,1.719245195388794,805095168.0,32.370148141713045
tai60b,0,PGD,1020,1.7528300285339355,805095168.0,32.370148141713045
tai60b,0,PGD,1040,1.7863357067108154,805095168.0,32.370148141713045
tai60b,0,PGD,1060,1.8198840618133545,805095168.0,32.370148141713045
tai60b,0,PGD,1080,1.853459119796753,841110720.0,38.291664184951266
tai60b,0,PGD,1100,1.8869664669036865,841110720.0,38.291664184951266
tai60b,0,PGD,1120,1.9205448627471924,841110720.0,38.291664184951266
tai60b,0,PGD,1140,1.9541020393371582,841110720.0,38.291664184951266
tai60b,0,PGD,1160,1.987574815750122,841110720.0,38.291664184951266
tai60b,0,PGD,1180,2.0210750102996826,841110720.0,38.291664184951266
tai60b,0,PGD,1200,2.0546488761901855,841110720.0,38.291664184951266
tai60b,0,PGD,1220,2.0881240367889404,841110720.0,38.291664184951266
tai60b,0,PGD,1240,2.121610641479492,841110720.0,38.291664184951266
tai60b,0,PGD,1260,2.155179023742676,841110720.0,38.291664184951266
tai60b,0,PGD,1280,2.1886775493621826,841110720.0,38.291664184951266
tai60b,0,PGD,1300,2.2221662998199463,841110720.0,38.291664184951266
tai60b,0,PGD,1320,2.2557146549224854,841110720.0,38.291664184951266
tai60b,0,PGD,1340,2.289210796356201,841110720.0,38.291664184951266
tai60b,0,PGD,1360,2.3252413272857666,841110720.0,38.291664184951266
tai60b,0,PGD,1380,2.3586063385009766,841110720.0,38.291664184951266
tai60b,0,PGD,1400,2.392014980316162,841082816.0,38.287076334023126
tai60b,0,PGD,1420,2.4253315925598145,841082816.0,38.287076334023126
tai60b,0,PGD,1440,2.4587321281433105,841082816.0,38.287076334023126
tai60b,0,PGD,1460,2.4921391010284424,841082816.0,38.287076334023126
tai60b,0,PGD,1480,2.525458335876465,841082816.0,38.287076334023126
tai60b,0,PGD,1500,2.5588290691375732,841082816.0,38.287076334023126
tai60b,0,PGD,1520,2.5922417640686035,841082816.0,38.287076334023126
tai60b,0,PGD,1540,2.625553846359253,841082816.0,38.287076334023126
tai60b,0,PGD,1560,2.6589198112487793,841082816.0,38.287076334023126
tai60b,0,PGD,1580,2.6923093795776367,841082816.0,38.287076334023126
tai60b,0,PGD,1600,2.725639581680298,841082816.0,38.287076334023126
tai60b,0,PGD,1620,2.7590136528015137,841082816.0,38.287076334023126
tai60b,0,PGD,1640,2.792429208755493,841082816.0,38.287076334023126
tai60b,0,PGD,1660,2.825774669647217,841082816.0,38.287076334023126
tai60b,0,PGD,1680,2.8591549396514893,841082816.0,38.287076334023126
tai60b,0,PGD,1700,2.892556667327881,841082816.0,38.287076334023126
tai60b,0,PGD,1720,2.925901412963867,841082816.0,38.287076334023126
tai60b,0,PGD,1740,2.9592816829681396,841082816.0,38.287076334023126
tai60b,0,PGD,1760,2.9926726818084717,841082816.0,38.287076334023126
tai60b,0,PGD,1780,3.026685953140259,841082816.0,38.287076334023126
tai60b,0,PGD,1800,3.0635266304016113,841082816.0,38.287076334023126
tai60b,0,PGD,1820,3.097022533416748,841082816.0,38.287076334023126
tai60b,0,PGD,1840,3.130411148071289,841082816.0,38.287076334023126
tai60b,0,PGD,1860,3.1640138626098633,841082816.0,38.287076334023126
tai60b,0,PGD,1880,3.1974031925201416,841082816.0,38.287076334023126
tai60b,0,PGD,1900,3.230790615081787,841082816.0,38.287076334023126
tai60b,0,PGD,1920,3.2641313076019287,841082816.0,38.287076334023126
tai60b,0,PGD,1940,3.2975382804870605,841082816.0,38.287076334023126
tai60b,0,PGD,1960,3.3309476375579834,841082816.0,38.287076334023126
tai60b,0,PGD,1980,3.364254951477051,841082816.0,38.287076334023126
tai60b,0,PGD,2000,3.3976409435272217,841082816.0,38.287076334023126
tai60b,0,SK,1,0.033689260482788086,1015134592.0,66.90389120161436
tai60b,0,SK,20,0.47249484062194824,836475712.0,37.52959689156263
tai60b,0,SK,40,0.9325017929077148,806294976.0,32.56741520902901
tai60b,0,SK,60,1.3928444385528564,774878080.0,27.401989625860196
tai60b,0,SK,80,1.8550238609313965,723803072.0,19.00446515419528
tai60b,0,SK,100,2.314822196960449,690034560.0,13.452397381798445
tai60b,0,SK,120,2.7753231525421143,671005184.0,10.323672455499597
tai60b,0,SK,140,3.2371246814727783,662307904.0,8.893704561281709
tai60b,0,SK,160,3.697618246078491,658506880.0,8.268757188637425
tai60b,0,SK,180,4.157465934753418,658047744.0,8.193268100200623
tai60b,0,SK,200,4.6180784702301025,655567488.0,7.785475497290141
tai60b,0,SK,220,5.0780029296875,643151872.0,5.744155421710427
tai60b,0,SK,240,5.538531064987183,643062528.0,5.729465880665295
tai60b,0,SK,260,5.998437404632568,640270144.0,5.270354587441698
tai60b,0,SK,280,6.459036111831665,639976320.0,5.222045358975938
tai60b,0,SK,300,6.919141054153442,637926528.0,4.885027722447659
tai60b,0,SK,320,7.379727840423584,637842944.0,4.871285214850996
tai60b,0,SK,340,7.839056730270386,638539328.0,4.985781558770822
tai60b,0,SK,360,8.298947811126709,638326208.0,4.950741321177492
tai60b,0,SK,380,8.758357048034668,638028608.0,4.901811259673293
tai60b,0,SK,400,9.218945741653442,637563328.0,4.825312002224792
tai60b,0,SK,420,9.678975820541382,637016000.0,4.735322779432552
tai60b,0,SK,440,10.140756130218506,636671488.0,4.678679656620272
tai60b,0,SK,460,10.60009503364563,636671488.0,4.678679656620272
tai60b,0,SK,480,11.059986352920532,636671488.0,4.678679656620272
tai60b,0,SK,500,11.521884202957153,636612224.0,4.668935734694919
tai60b,0,SK,520,11.982385635375977,636464512.0,4.644649588038641
tai60b,0,SK,540,12.44161319732666,636464512.0,4.644649588038641
tai60b,0,SK,560,12.901777029037476,637161536.0,4.759251157897187
tai60b,0,SK,580,13.360984563827515,665659456.0,9.44475175716384
tai60b,0,SK,600,13.821028470993042,649437440.0,6.777600411054607
tai60b,0,SK,620,14.280324220657349,650823680.0,7.00551979431933
tai60b,0,SK,640,14.740268230438232,676851712.0,11.284932450882742
tai60b,0,SK,660,15.199604034423828,685847168.0,12.763925109949678
tai60b,0,SK,680,15.65953254699707,657293312.0,8.06922776363901
tai60b,0,SK,700,16.11892342567444,685938432.0,12.778930328810967
tai60b,0,SK,720,16.578879833221436,685938432.0,12.778930328810967
tai60b,0,SK,740,17.03818964958191,685952000.0,12.781161118711804
tai60b,0,SK,760,17.49816346168518,685952000.0,12.781161118711804
tai60b,0,SK,780,17.957468271255493,685952000.0,12.781161118711804
tai60b,0,SK,800,18.41742968559265,683951488.0,12.452245879464865
tai60b,0,SK,820,18.876673221588135,683951488.0,12.452245879464865
tai60b,0,SK,840,19.336594343185425,684195456.0,12.492358007304436
tai60b,0,SK,860,19.79582905769348,669157888.0,10.019948305981917
tai60b,0,SK,880,20.255619525909424,669157888.0,10.019948305981917
tai60b,0,SK,900,20.714967489242554,669157888.0,10.019948305981917
tai60b,0,SK,920,21.17487072944641,669157888.0,10.019948305981917
tai60b,0,SK,940,21.63414478302002,669443456.0,10.066900119838204
tai60b,0,SK,960,22.093929529190063,682341312.0,12.187507940242465
tai60b,0,SK,980,22.553216218948364,682341312.0,12.187507940242465
tai60b,0,SK,1000,23.013043880462646,682341312.0,12.187507940242465
tai60b,0,SK,1020,23.47233533859253,682315136.0,12.183204199348872
tai60b,0,SK,1040,23.9322566986084,682315136.0,12.183204199348872
tai60b,0,SK,1060,24.391608476638794,682315136.0,12.183204199348872
tai60b,0,SK,1080,24.851455211639404,682315136.0,12.183204199348872
tai60b,0,SK,1100,25.310770988464355,682315136.0,12.183204199348872
tai60b,0,SK,1120,25.770663738250732,682315136.0,12.183204199348872
tai60b,0,SK,1140,26.229925870895386,682315136.0,12.183204199348872
tai60b,0,SK,1160,26.689836978912354,682315136.0,12.183204199348872
tai60b,0,SK,1180,27.151394605636597,682315136.0,12.183204199348872
tai60b,0,SK,1200,27.61128854751587,682315136.0,12.183204199348872
tai60b,0,SK,1220,28.070690393447876,682315136.0,12.183204199348872
tai60b,0,SK,1240,28.530581951141357,682315136.0,12.183204199348872
tai60b,0,SK,1260,28.989989519119263,682315136.0,12.183204199348872
tai60b,0,SK,1280,29.450111389160156,682315136.0,12.183204199348872
tai60b,0,SK,1300,29.909509897232056,682315136.0,12.183204199348872
tai60b,0,SK,1320,30.369295120239258,682315136.0,12.183204199348872
tai60b,0,SK,1340,30.82859754562378,682315136.0,12.183204199348872
tai60b,0,SK,1360,31.288562059402466,682315136.0,12.183204199348872
tai60b,0,SK,1380,31.747955083847046,682315136.0,12.183204199348872
tai60b,0,SK,1400,32.207961559295654,682315136.0,12.183204199348872
tai60b,0,SK,1420,32.66722559928894,682315136.0,12.183204199348872
tai60b,0,SK,1440,33.127110958099365,682315136.0,12.183204199348872
tai60b,0,SK,1460,33.586408853530884,682315136.0,12.183204199348872
tai60b,0,SK,1480,34.04633092880249,682315136.0,12.183204199348872
tai60b,0,SK,1500,34.50563430786133,682315136.0,12.183204199348872
tai60b,0,SK,1520,34.965510845184326,682315136.0,12.183204199348872
tai60b,0,SK,1540,35.42486047744751,682315136.0,12.183204199348872
tai60b,0,SK,1560,35.88468098640442,682315136.0,12.183204199348872
tai60b,0,SK,1580,36.34398651123047,682315136.0,12.183204199348872
tai60b,0,SK,1600,36.803717374801636,682315136.0,12.183204199348872
tai60b,0,SK,1620,37.26315951347351,682315136.0,12.183204199348872
tai60b,0,SK,1640,37.72309756278992,682107840.0,12.149121517797882
tai60b,0,SK,1660,38.18254041671753,682107840.0,12.149121517797882
tai60b,0,SK,1680,38.642396450042725,682107840.0,12.149121517797882
tai60b,0,SK,1700,39.10178470611572,682107840.0,12.149121517797882
tai60b,0,SK,1720,39.561657667160034,681836736.0,12.104547810156637
tai60b,0,SK,1740,40.021159410476685,681836736.0,12.104547810156637
tai60b,0,SK,1760,40.48087286949158,681836736.0,12.104547810156637
tai60b,0,SK,1780,40.94055938720703,681836736.0,12.104547810156637
tai60b,0,SK,1800,41.40045714378357,681836736.0,12.104547810156637
tai60b,0,SK,1820,41.85996079444885,681836736.0,12.104547810156637
tai60b,0,SK,1840,42.31967306137085,681836736.0,12.104547810156637
tai60b,0,SK,1860,42.77910876274109,681836736.0,12.104547810156637
tai60b,0,SK,1880,43.2389931678772,681836736.0,12.104547810156637
tai60b,0,SK,1900,43.69848847389221,681836736.0,12.104547810156637
tai60b,0,SK,1920,44.15893077850342,681836736.0,12.104547810156637
tai60b,0,SK,1940,44.61838507652283,681836736.0,12.104547810156637
tai60b,0,SK,1960,45.0782744884491,681836736.0,12.104547810156637
tai60b,0,SK,1980,45.537731409072876,681836736.0,12.104547810156637
tai60b,0,SK,2000,45.9976532459259,682044032.0,12.138630491707625
tai60b,1,PGD,1,0.009169340133666992,993186496.0,63.295283381788835
tai60b,1,PGD,20,0.0437467098236084,821316608.0,35.03720478447743
tai60b,1,PGD,40,0.077362060546875,832070912.0,36.805379368331124
tai60b,1,PGD,60,0.11101651191711426,827752000.0,36.09528316607567
tai60b,1,PGD,80,0.14465641975402832,858459456.0,41.144065796174786
tai60b,1,PGD,100,0.17895174026489258,813819072.0,33.80449343498164
tai60b,1,PGD,120,0.21259140968322754,830032960.0,36.47030841166914
tai60b,1,PGD,140,0.24657845497131348,882296064.0,45.06317431597147
tai60b,1,PGD,160,0.2801346778869629,867848128.0,42.6877092719905
tai60b,1,PGD,180,0.31374597549438477,818288192.0,34.53928616505438
tai60b,1,PGD,200,0.34729862213134766,818322816.0,34.54497888833906
tai60b,1,PGD,220,0.38147425651550293,804777024.0,32.31784032757597
tai60b,1,PGD,240,0.4175567626953125,804727040.0,32.309622181762045
tai60b,1,PGD,260,0.4510936737060547,804727040.0,32.309622181762045
tai60b,1,PGD,280,0.4846005439758301,819479104.0,34.73509059182215
tai60b,1,PGD,300,0.5181593894958496,819479104.0,34.73509059182215
tai60b,1,PGD,320,0.5548090934753418,847032192.0,39.265246137758375
tai60b,1,PGD,340,0.5884091854095459,846952000.0,39.252061327636916
tai60b,1,PGD,360,0.621957540512085,846952000.0,39.252061327636916
tai60b,1,PGD,380,0.6555907726287842,846952000.0,39.252061327636916
tai60b,1,PGD,400,0.6891639232635498,831865152.0,36.771549229033056
tai60b,1,PGD,420,0.7227489948272705,831865152.0,36.771549229033056
tai60b,1,PGD,440,0.7563788890838623,831865152.0,36.771549229033056
tai60b,1,PGD,460,0.7900116443634033,831865152.0,36.771549229033056
tai60b,1,PGD,480,0.8235814571380615,831865152.0,36.771549229033056
tai60b,1,PGD,500,0.8571841716766357,831865152.0,36.771549229033056
tai60b,1,PGD,520,0.8908512592315674,831865152.0,36.771549229033056
tai60b,1,PGD,540,0.9244599342346191,831865152.0,36.771549229033056
tai60b,1,PGD,560,0.95806884765625,831865152.0,36.771549229033056
tai60b,1,PGD,580,0.9916720390319824,831859776.0,36.770665331147825
tai60b,1,PGD,600,1.025190830230713,819479104.0,34.73509059182215
tai60b,1,PGD,620,1.058781623840332,828670336.0,36.246271865543136
tai60b,1,PGD,640,1.0924115180969238,821555072.0,35.07641196924403
tai60b,1,PGD,660,1.1259498596191406,824864320.0,35.62050373057685
tai60b,1,PGD,680,1.1594836711883545,824864320.0,35.62050373057685
tai60b,1,PGD,700,1.1930606365203857,821483584.0,35.06465823188915
tai60b,1,PGD,720,1.2265815734863281,816543680.0,34.252461301294915
tai60b,1,PGD,740,1.2600650787353516,805095168.0,32.370148141713045
tai60b,1,PGD,760,1.296821117401123,805095168.0,32.370148141713045
tai60b,1,PGD,780,1.3303990364074707,805095168.0,32.370148141713045
tai60b,1,PGD,800,1.3638842105865479,805095168.0,32.370148141713045
tai60b,1,PGD,820,1.3975019454956055,805095168.0,32.370148141713045
tai60b,1,PGD,840,1.4311654567718506,805095168.0,32.370148141713045
tai60b,1,PGD,860,1.4647274017333984,805095168.0,32.370148141713045
tai60b,1,PGD,880,1.4983279705047607,805095168.0,32.370148141713045
tai60b,1,PGD,900,1.5319654941558838,805095168.0,32.370148141713045
tai60b,1,PGD,920,1.565469741821289,805095168.0,32.370148141713045
tai60b,1,PGD,940,1.5990240573883057,805095168.0,32.370148141713045
tai60b,1,PGD,960,1.6326727867126465,805095168.0,32.370148141713045
tai60b,1,PGD,980,1.6662447452545166,805095168.0,32.370148141713045
tai60b,1,PGD,1000,1.6997613906860352,805095168.0,32.370148141713045
tai60b,1,PGD,1020,1.7334156036376953,805095168.0,32.370148141713045
tai60b,1,PGD,1040,1.7669665813446045,805095168.0,32.370148141713045
tai60b,1,PGD,1060,1.8005037307739258,805095168.0,32.370148141713045
tai60b,1,PGD,1080,1.8341364860534668,841110720.0,38.291664184951266
tai60b,1,PGD,1100,1.8676793575286865,841110720.0,38.291664184951266
tai60b,1,PGD,1120,1.9011774063110352,841110720.0,38.291664184951266
tai60b,1,PGD,1140,1.9347925186157227,841110720.0,38.291664184951266
tai60b,1,PGD,1160,1.968310832977295,841110720.0,38.291664184951266
tai60b,1,PGD,1180,2.002025842666626,841110720.0,38.291664184951266
tai60b,1,PGD,1200,2.0391199588775635,841110720.0,38.291664184951266
tai60b,1,PGD,1220,2.0728604793548584,841110720.0,38.291664184951266
tai60b,1,PGD,1240,2.1064553260803223,841110720.0,38.291664184951266
tai60b,1,PGD,1260,2.140016794204712,841110720.0,38.291664184951266
tai60b,1,PGD,1280,2.173682928085327,841110720.0,38.291664184951266
tai60b,1,PGD,1300,2.2072770595550537,841110720.0,38.291664184951266
tai60b,1,PGD,1320,2.2408554553985596,841110720.0,38.291664184951266
tai60b,1,PGD,1340,2.274510145187378,841110720.0,38.291664184951266
tai60b,1,PGD,1360,2.308077812194824,841110720.0,38.291664184951266
tai60b,1,PGD,1380,2.341614007949829,841110720.0,38.291664184951266
tai60b,1,PGD,1400,2.3752176761627197,841082816.0,38.287076334023126
tai60b,1,PGD,1420,2.408780336380005,841082816.0,38.287076334023126
tai60b,1,PGD,1440,2.44230580329895,841082816.0,38.287076334023126
tai60b,1,PGD,1460,2.4759268760681152,841082816.0,38.287076334023126
tai60b,1,PGD,1480,2.509580135345459,841082816.0,38.287076334023126
tai60b,1,PGD,1500,2.543138265609741,841082816.0,38.287076334023126
tai60b,1,PGD,1520,2.5767769813537598,841082816.0,38.287076334023126
tai60b,1,PGD,1540,2.6104183197021484,841082816.0,38.287076334023126
tai60b,1,PGD,1560,2.643949270248413,841082816.0,38.287076334023126
tai60b,1,PGD,1580,2.6775338649749756,841082816.0,38.287076334023126
tai60b,1,PGD,1600,2.7111353874206543,841082816.0,38.287076334023126
tai60b,1,PGD,1620,2.746950149536133,841082816.0,38.287076334023126
tai60b,1,PGD,1640,2.7805469036102295,841082816.0,38.287076334023126
tai60b,1,PGD,1660,2.814176321029663,841082816.0,38.287076334023126
tai60b,1,PGD,1680,2.8477494716644287,841082816.0,38.287076334023126
tai60b,1,PGD,1700,2.8812878131866455,841082816.0,38.287076334023126
tai60b,1,PGD,1720,2.914909601211548,841082816.0,38.287076334023126
tai60b,1,PGD,1740,2.9484386444091797,841082816.0,38.287076334023126
tai60b,1,PGD,1760,2.9819350242614746,841082816.0,38.287076334023126
tai60b,1,PGD,1780,3.015545606613159,841082816.0,38.287076334023126
tai60b,1,PGD,1800,3.049190044403076,841082816.0,38.287076334023126
tai60b,1,PGD,1820,3.082772970199585,841082816.0,38.287076334023126
tai60b,1,PGD,1840,3.116379737854004,841082816.0,38.287076334023126
tai60b,1,PGD,1860,3.149996757507324,841082816.0,38.287076334023126
tai60b,1,PGD,1880,3.1835391521453857,841082816.0,38.287076334023126
tai60b,1,PGD,1900,3.217148780822754,841082816.0,38.287076334023126
tai60b,1,PGD,1920,3.250809907913208,841082816.0,38.287076334023126
tai60b,1,PGD,1940,3.2843306064605713,841082816.0,38.287076334023126
tai60b,1,PGD,1960,3.317913055419922,841082816.0,38.287076334023126
tai60b,1,PGD,1980,3.351513147354126,841082816.0,38.287076334023126
tai60b,1,PGD,2000,3.385040283203125,841082816.0,38.287076334023126
tai60b,1,SK,1,0.0363764762878418,1015134592.0,66.90389120161436
tai60b,1,SK,20,0.47559642791748047,836475712.0,37.52959689156263
tai60b,1,SK,40,0.9387528896331787,806294976.0,32.56741520902901
tai60b,1,SK,60,1.398996353149414,774878080.0,27.401989625860196
tai60b,1,SK,80,1.8592033386230469,723803072.0,19.00446515419528
tai60b,1,SK,100,2.319385528564453,690034560.0,13.452397381798445
tai60b,1,SK,120,2.779862403869629,671005184.0,10.323672455499597
tai60b,1,SK,140,3.240157127380371,662307904.0,8.893704561281709
tai60b,1,SK,160,3.7004101276397705,658506880.0,8.268757188637425
tai60b,1,SK,180,4.1615495681762695,658047744.0,8.193268100200623
tai60b,1,SK,200,4.62180757522583,655567488.0,7.785475497290141
tai60b,1,SK,220,5.082237958908081,643151872.0,5.744155421710427
tai60b,1,SK,240,5.5424439907073975,643062528.0,5.729465880665295
tai60b,1,SK,260,6.003097772598267,640270144.0,5.270354587441698
tai60b,1,SK,280,6.463206768035889,639976320.0,5.222045358975938
tai60b,1,SK,300,6.923715591430664,637926528.0,4.885027722447659
tai60b,1,SK,320,7.384003162384033,637842944.0,4.871285214850996
tai60b,1,SK,340,7.843759536743164,638539328.0,4.985781558770822
tai60b,1,SK,360,8.303408145904541,638326208.0,4.950741321177492
tai60b,1,SK,380,8.763183116912842,638028608.0,4.901811259673293
tai60b,1,SK,400,9.223522186279297,637563328.0,4.825312002224792
tai60b,1,SK,420,9.68397831916809,637016000.0,4.735322779432552
tai60b,1,SK,440,10.144218683242798,636671488.0,4.678679656620272
tai60b,1,SK,460,10.604037284851074,636671488.0,4.678679656620272
tai60b,1,SK,480,11.063690185546875,636671488.0,4.678679656620272
tai60b,1,SK,500,11.524194717407227,636612224.0,4.668935734694919
tai60b,1,SK,520,11.984473705291748,636464512.0,4.644649588038641
tai60b,1,SK,540,12.444379329681396,636464512.0,4.644649588038641
tai60b,1,SK,560,12.90395975112915,637161536.0,4.759251157897187
tai60b,1,SK,580,13.363897800445557,665659456.0,9.44475175716384
tai60b,1,SK,600,13.823529243469238,649437440.0,6.777600411054607
tai60b,1,SK,620,14.283494234085083,650823680.0,7.00551979431933
tai60b,1,SK,640,14.743097305297852,676851712.0,11.284932450882742
tai60b,1,SK,660,15.202988386154175,685847168.0,12.763925109949678
tai60b,1,SK,680,15.662689208984375,657293312.0,8.06922776363901
tai60b,1,SK,700,16.122601985931396,685938432.0,12.778930328810967
tai60b,1,SK,720,16.582439184188843,685938432.0,12.778930328810967
tai60b,1,SK,740,17.042282819747925,685952000.0,12.781161118711804
tai60b,1,SK,760,17.501978397369385,685952000.0,12.781161118711804
tai60b,1,SK,780,17.96199607849121,685952000.0,12.781161118711804
tai60b,1,SK,800,18.42166042327881,683951488.0,12.452245879464865
tai60b,1,SK,820,18.881568908691406,683951488.0,12.452245879464865
tai60b,1,SK,840,19.34120750427246,684195456.0,12.492358007304436
tai60b,1,SK,860,19.801180839538574,669157888.0,10.019948305981917
tai60b,1,SK,880,20.26073932647705,669157888.0,10.019948305981917
tai60b,1,SK,900,20.720656156539917,669157888.0,10.019948305981917
tai60b,1,SK,920,21.182685613632202,669157888.0,10.019948305981917
tai60b,1,SK,940,21.64245867729187,669443456.0,10.066900119838204
tai60b,1,SK,960,22.10216450691223,682341312.0,12.187507940242465
tai60b,1,SK,980,22.56185531616211,682341312.0,12.187507940242465
tai60b,1,SK,1000,23.02164888381958,682341312.0,12.187507940242465
tai60b,1,SK,1020,23.48142099380493,682315136.0,12.183204199348872
tai60b,1,SK,1040,23.941182136535645,682315136.0,12.183204199348872
tai60b,1,SK,1060,24.40083909034729,682315136.0,12.183204199348872
tai60b,1,SK,1080,24.86065173149109,682315136.0,12.183204199348872
tai60b,1,SK,1100,25.3205509185791,682315136.0,12.183204199348872
tai60b,1,SK,1120,25.78028964996338,682315136.0,12.183204199348872
tai60b,1,SK,1140,26.240228176116943,682315136.0,12.183204199348872
tai60b,1,SK,1160,26.699989557266235,682315136.0,12.183204199348872
tai60b,1,SK,1180,27.159822940826416,682315136.0,12.183204199348872
tai60b,1,SK,1200,27.619503021240234,682315136.0,12.183204199348872
tai60b,1,SK,1220,28.07932758331299,682315136.0,12.183204199348872
tai60b,1,SK,1240,28.53907299041748,682315136.0,12.183204199348872
tai60b,1,SK,1260,28.9989914894104,682315136.0,12.183204199348872
tai60b,1,SK,1280,29.459085702896118,682315136.0,12.183204199348872
tai60b,1,SK,1300,29.918994188308716,682315136.0,12.183204199348872
tai60b,1,SK,1320,30.378730058670044,682315136.0,12.183204199348872
tai60b,1,SK,1340,30.838642120361328,682315136.0,12.183204199348872
tai60b,1,SK,1360,31.29836678504944,682315136.0,12.183204199348872
tai60b,1,SK,1380,31.758280515670776,682315136.0,12.183204199348872
tai60b,1,SK,1400,32.21801257133484,682315136.0,12.183204199348872
tai60b,1,SK,1420,32.678221225738525,682315136.0,12.183204199348872
tai60b,1,SK,1440,33.13793206214905,682315136.0,12.183204199348872
tai60b,1,SK,1460,33.597904682159424,682315136.0,12.183204199348872
tai60b,1,SK,1480,34.05785536766052,682315136.0,12.183204199348872
tai60b,1,SK,1500,34.517988204956055,682315136.0,12.183204199348872
tai60b,1,SK,1520,34.977696657180786,682315136.0,12.183204199348872
tai60b,1,SK,1540,35.438133239746094,682315136.0,12.183204199348872
tai60b,1,SK,1560,35.89780259132385,682315136.0,12.183204199348872
tai60b,1,SK,1580,36.35785460472107,682315136.0,12.183204199348872
tai60b,1,SK,1600,36.81748151779175,682315136.0,12.183204199348872
tai60b,1,SK,1620,37.27733278274536,682315136.0,12.183204199348872
tai60b,1,SK,1640,37.73705816268921,682107840.0,12.149121517797882
tai60b,1,SK,1660,38.197566986083984,682107840.0,12.149121517797882
tai60b,1,SK,1680,38.657302141189575,682107840.0,12.149121517797882
tai60b,1,SK,1700,39.11721158027649,682107840.0,12.149121517797882
tai60b,1,SK,1720,39.57691216468811,681836736.0,12.104547810156637
tai60b,1,SK,1740,40.036945819854736,681836736.0,12.104547810156637
tai60b,1,SK,1760,40.49663686752319,681836736.0,12.104547810156637
tai60b,1,SK,1780,40.956584453582764,681836736.0,12.104547810156637
tai60b,1,SK,1800,41.41631722450256,681836736.0,12.104547810156637
tai60b,1,SK,1820,41.8762629032135,681836736.0,12.104547810156637
tai60b,1,SK,1840,42.3360435962677,681836736.0,12.104547810156637
tai60b,1,SK,1860,42.796173095703125,681836736.0,12.104547810156637
tai60b,1,SK,1880,43.256059408187866,681836736.0,12.104547810156637
tai60b,1,SK,1900,43.71595788002014,681836736.0,12.104547810156637
tai60b,1,SK,1920,44.175673484802246,681836736.0,12.104547810156637
tai60b,1,SK,1940,44.63555955886841,681836736.0,12.104547810156637
tai60b,1,SK,1960,45.095252990722656,681836736.0,12.104547810156637
tai60b,1,SK,1980,45.55531859397888,681836736.0,12.104547810156637
tai60b,1,SK,2000,46.01502013206482,682044032.0,12.138630491707625
tai60b,2,PGD,1,0.009091377258300781,993186496.0,63.295283381788835
tai60b,2,PGD,20,0.04355454444885254,821316608.0,35.03720478447743
tai60b,2,PGD,40,0.07699966430664062,832070912.0,36.805379368331124
tai60b,2,PGD,60,0.11057114601135254,827752000.0,36.09528316607567
tai60b,2,PGD,80,0.14419317245483398,858459456.0,41.144065796174786
tai60b,2,PGD,100,0.17838788032531738,813819072.0,33.80449343498164
tai60b,2,PGD,120,0.21196818351745605,830032960.0,36.47030841166914
tai60b,2,PGD,140,0.24791646003723145,882296064.0,45.06317431597147
tai60b,2,PGD,160,0.28200793266296387,867848128.0,42.6877092719905
tai60b,2,PGD,180,0.31574153900146484,818288192.0,34.53928616505438
tai60b,2,PGD,200,0.34941601753234863,818322816.0,34.54497888833906
tai60b,2,PGD,220,0.3836839199066162,804777024.0,32.31784032757597
tai60b,2,PGD,240,0.419741153717041,804727040.0,32.309622181762045
tai60b,2,PGD,260,0.453322172164917,804727040.0,32.309622181762045
tai60b,2,PGD,280,0.48693060874938965,819479104.0,34.73509059182215
tai60b,2,PGD,300,0.5204603672027588,819479104.0,34.73509059182215
tai60b,2,PGD,320,0.5540170669555664,847032192.0,39.265246137758375
tai60b,2,PGD,340,0.5876295566558838,846952000.0,39.252061327636916
tai60b,2,PGD,360,0.6211738586425781,846952000.0,39.252061327636916
tai60b,2,PGD,380,0.6546914577484131,846952000.0,39.252061327636916
tai60b,2,PGD,400,0.6882870197296143,831865152.0,36.771549229033056
tai60b,2,PGD,420,0.7218794822692871,831865152.0,36.771549229033056
tai60b,2,PGD,440,0.7553999423980713,831865152.0,36.771549229033056
tai60b,2,PGD,460,0.7889893054962158,831865152.0,36.771549229033056
tai60b,2,PGD,480,0.822598934173584,831865152.0,36.771549229033056
tai60b,2,PGD,500,0.8561077117919922,831865152.0,36.771549229033056
tai60b,2,PGD,520,0.8896512985229492,831865152.0,36.771549229033056
tai60b,2,PGD,540,0.9231946468353271,831865152.0,36.771549229033056
tai60b,2,PGD,560,0.9566857814788818,831865152.0,36.771549229033056
tai60b,2,PGD,580,0.9927613735198975,831859776.0,36.770665331147825
tai60b,2,PGD,600,1.02656888961792,819479104.0,34.73509059182215
tai60b,2,PGD,620,1.0601274967193604,828670336.0,36.246271865543136
tai60b,2,PGD,640,1.093674898147583,821555072.0,35.07641196924403
tai60b,2,PGD,660,1.1273186206817627,824864320.0,35.62050373057685
tai60b,2,PGD,680,1.1608808040618896,824864320.0,35.62050373057685
tai60b,2,PGD,700,1.1944384574890137,821483584.0,35.06465823188915
tai60b,2,PGD,720,1.2280747890472412,816543680.0,34.252461301294915
tai60b,2,PGD,740,1.2616775035858154,805095168.0,32.370148141713045
tai60b,2,PGD,760,1.2952358722686768,805095168.0,32.370148141713045
tai60b,2,PGD,780,1.328873872756958,805095168.0,32.370148141713045
tai60b,2,PGD,800,1.3625209331512451,805095168.0,32.370148141713045
tai60b,2,PGD,820,1.3960506916046143,805095168.0,32.370148141713045
tai60b,2,PGD,840,1.4296038150787354,805095168.0,32.370148141713045
tai60b,2,PGD,860,1.4631874561309814,805095168.0,32.370148141713045
tai60b,2,PGD,880,1.496713399887085,805095168.0,32.370148141713045
tai60b,2,PGD,900,1.5303030014038086,805095168.0,32.370148141713045
tai60b,2,PGD,920,1.563887596130371,805095168.0,32.370148141713045
tai60b,2,PGD,940,1.597407579421997,805095168.0,32.370148141713045
tai60b,2,PGD,960,1.6309611797332764,805095168.0,32.370148141713045
tai60b,2,PGD,980,1.6645257472991943,805095168.0,32.370148141713045
tai60b,2,PGD,1000,1.698000192642212,805095168.0,32.370148141713045
tai60b,2,PGD,1020,1.7336022853851318,805095168.0,32.370148141713045
tai60b,2,PGD,1040,1.767153263092041,805095168.0,32.370148141713045
tai60b,2,PGD,1060,1.8007025718688965,805095168.0,32.370148141713045
tai60b,2,PGD,1080,1.8342006206512451,841110720.0,38.291664184951266
tai60b,2,PGD,1100,1.867774486541748,841110720.0,38.291664184951266
tai60b,2,PGD,1120,1.901418924331665,841110720.0,38.291664184951266
tai60b,2,PGD,1140,1.935009241104126,841110720.0,38.291664184951266
tai60b,2,PGD,1160,1.968614101409912,841110720.0,38.291664184951266
tai60b,2,PGD,1180,2.0022268295288086,841110720.0,38.291664184951266
tai60b,2,PGD,1200,2.0357518196105957,841110720.0,38.291664184951266
tai60b,2,PGD,1220,2.0693628787994385,841110720.0,38.291664184951266
tai60b,2,PGD,1240,2.102982759475708,841110720.0,38.291664184951266
tai60b,2,PGD,1260,2.1365184783935547,841110720.0,38.291664184951266
tai60b,2,PGD,1280,2.1700987815856934,841110720.0,38.291664184951266
tai60b,2,PGD,1300,2.2036993503570557,841110720.0,38.291664184951266
tai60b,2,PGD,1320,2.2372353076934814,841110720.0,38.291664184951266
tai60b,2,PGD,1340,2.2708327770233154,841110720.0,38.291664184951266
tai60b,2,PGD,1360,2.3044230937957764,841110720.0,38.291664184951266
tai60b,2,PGD,1380,2.337914228439331,841110720.0,38.291664184951266
tai60b,2,PGD,1400,2.3714232444763184,841082816.0,38.287076334023126
tai60b,2,PGD,1420,2.4050097465515137,841082816.0,38.287076334023126
tai60b,2,PGD,1440,2.438552141189575,841082816.0,38.287076334023126
tai60b,2,PGD,1460,2.4747612476348877,841082816.0,38.287076334023126
tai60b,2,PGD,1480,2.5084140300750732,841082816.0,38.287076334023126
tai60b,2,PGD,1500,2.542098045349121,841082816.0,38.287076334023126
tai60b,2,PGD,1520,2.5756514072418213,841082816.0,38.287076334023126
tai60b,2,PGD,1540,2.6092379093170166,841082816.0,38.287076334023126
tai60b,2,PGD,1560,2.642868757247925,841082816.0,38.287076334023126
tai60b,2,PGD,1580,2.676419258117676,841082816.0,38.287076334023126
tai60b,2,PGD,1600,2.709998369216919,841082816.0,38.287076334023126
tai60b,2,PGD,1620,2.74360990524292,841082816.0,38.287076334023126
tai60b,2,PGD,1640,2.7771799564361572,841082816.0,38.287076334023126
tai60b,2,PGD,1660,2.8107690811157227,841082816.0,38.287076334023126
tai60b,2,PGD,1680,2.844398260116577,841082816.0,38.287076334023126
tai60b,2,PGD,1700,2.8779406547546387,841082816.0,38.287076334023126
tai60b,2,PGD,1720,2.9114603996276855,841082816.0,38.287076334023126
tai60b,2,PGD,1740,2.9450361728668213,841082816.0,38.287076334023126
tai60b,2,PGD,1760,2.978586435317993,841082816.0,38.287076334023126
tai60b,2,PGD,1780,3.012075662612915,841082816.0,38.287076334023126
tai60b,2,PGD,1800,3.0456626415252686,841082816.0,38.287076334023126
tai60b,2,PGD,1820,3.0792315006256104,841082816.0,38.287076334023126
tai60b,2,PGD,1840,3.1127195358276367,841082816.0,38.287076334023126
tai60b,2,PGD,1860,3.1463096141815186,841082816.0,38.287076334023126
tai60b,2,PGD,1880,3.179863214492798,841082816.0,38.287076334023126
tai60b,2,PGD,1900,3.216150999069214,841082816.0,38.287076334023126
tai60b,2,PGD,1920,3.2497730255126953,841082816.0,38.287076334023126
tai60b,2,PGD,1940,3.2834537029266357,841082816.0,38.287076334023126
tai60b,2,PGD,1960,3.3170008659362793,841082816.0,38.287076334023126
tai60b,2,PGD,1980,3.3505754470825195,841082816.0,38.287076334023126
tai60b,2,PGD,2000,3.3841328620910645,841082816.0,38.287076334023126
tai60b,2,SK,1,0.03171586990356445,1015134592.0,66.90389120161436
tai60b,2,SK,20,0.4705328941345215,836475712.0,37.52959689156263
tai60b,2,SK,40,0.9325394630432129,806294976.0,32.56741520902901
tai60b,2,SK,60,1.3927159309387207,774878080.0,27.401989625860196
tai60b,2,SK,80,1.8532578945159912,723803072.0,19.00446515419528
tai60b,2,SK,100,2.313624382019043,690034560.0,13.452397381798445
tai60b,2,SK,120,2.7740588188171387,671005184.0,10.323672455499597
tai60b,2,SK,140,3.234419822692871,662307904.0,8.893704561281709
tai60b,2,SK,160,3.69486403465271,658506880.0,8.268757188637425
tai60b,2,SK,180,4.155202388763428,658047744.0,8.193268100200623
tai60b,2,SK,200,4.615628719329834,655567488.0,7.785475497290141
tai60b,2,SK,220,5.075932741165161,643151872.0,5.744155421710427
tai60b,2,SK,240,5.536697149276733,643062528.0,5.729465880665295
tai60b,2,SK,260,5.996901273727417,640270144.0,5.270354587441698
tai60b,2,SK,280,6.457771301269531,639976320.0,5.222045358975938
tai60b,2,SK,300,6.917714357376099,637926528.0,4.885027722447659
tai60b,2,SK,320,7.37869668006897,637842944.0,4.871285214850996
tai60b,2,SK,340,7.839644432067871,638539328.0,4.985781558770822
tai60b,2,SK,360,8.299941062927246,638326208.0,4.950741321177492
tai60b,2,SK,380,8.759623527526855,638028608.0,4.901811259673293
tai60b,2,SK,400,9.220741033554077,637563328.0,4.825312002224792
tai60b,2,SK,420,9.683025598526001,637016000.0,4.735322779432552
tai60b,2,SK,440,10.143452882766724,636671488.0,4.678679656620272
tai60b,2,SK,460,10.603364944458008,636671488.0,4.678679656620272
tai60b,2,SK,480,11.063265800476074,636671488.0,4.678679656620272
tai60b,2,SK,500,11.523754358291626,636612224.0,4.668935734694919
tai60b,2,SK,520,11.984510660171509,636464512.0,4.644649588038641
tai60b,2,SK,540,12.444379091262817,636464512.0,4.644649588038641
tai60b,2,SK,560,12.904373407363892,637161536.0,4.759251157897187
tai60b,2,SK,580,13.364157676696777,665659456.0,9.44475175716384
tai60b,2,SK,600,13.82415246963501,649437440.0,6.777600411054607
tai60b,2,SK,620,14.28390884399414,650823680.0,7.00551979431933
tai60b,2,SK,640,14.744006872177124,676851712.0,11.284932450882742
tai60b,2,SK,660,15.205942869186401,685847168.0,12.763925109949678
tai60b,2,SK,680,15.66585373878479,657293312.0,8.06922776363901
tai60b,2,SK,700,16.12564754486084,685938432.0,12.778930328810967
tai60b,2,SK,720,16.585894107818604,685938432.0,12.778930328810967
tai60b,2,SK,740,17.04555368423462,685952000.0,12.781161118711804
tai60b,2,SK,760,17.505783081054688,685952000.0,12.781161118711804
tai60b,2,SK,780,17.965242385864258,685952000.0,12.781161118711804
tai60b,2,SK,800,18.425511837005615,683951488.0,12.452245879464865
tai60b,2,SK,820,18.884899139404297,683951488.0,12.452245879464865
tai60b,2,SK,840,19.34518790245056,684195456.0,12.492358007304436
tai60b,2,SK,860,19.80450963973999,669157888.0,10.019948305981917
tai60b,2,SK,880,20.264845848083496,669157888.0,10.019948305981917
tai60b,2,SK,900,20.724045991897583,669157888.0,10.019948305981917
tai60b,2,SK,920,21.184324026107788,669157888.0,10.019948305981917
tai60b,2,SK,940,21.6435444355011,669443456.0,10.066900119838204
tai60b,2,SK,960,22.103962421417236,682341312.0,12.187507940242465
tai60b,2,SK,980,22.56331491470337,682341312.0,12.187507940242465
tai60b,2,SK,1000,23.023600578308105,682341312.0,12.187507940242465
tai60b,2,SK,1020,23.482935905456543,682315136.0,12.183204199348872
tai60b,2,SK,1040,23.943225383758545,682315136.0,12.183204199348872
tai60b,2,SK,1060,24.40264582633972,682315136.0,12.183204199348872
tai60b,2,SK,1080,24.86285638809204,682315136.0,12.183204199348872
tai60b,2,SK,1100,25.322380781173706,682315136.0,12.183204199348872
tai60b,2,SK,1120,25.782612085342407,682315136.0,12.183204199348872
tai60b,2,SK,1140,26.242035150527954,682315136.0,12.183204199348872
tai60b,2,SK,1160,26.702298164367676,682315136.0,12.183204199348872
tai60b,2,SK,1180,27.16169548034668,682315136.0,12.183204199348872
tai60b,2,SK,1200,27.622018814086914,682315136.0,12.183204199348872
tai60b,2,SK,1220,28.081398963928223,682315136.0,12.183204199348872
tai60b,2,SK,1240,28.541603088378906,682315136.0,12.183204199348872
tai60b,2,SK,1260,29.002304553985596,682315136.0,12.183204199348872
tai60b,2,SK,1280,29.462681531906128,682315136.0,12.183204199348872
tai60b,2,SK,1300,29.92219638824463,682315136.0,12.183204199348872
tai60b,2,SK,1320,30.38233733177185,682315136.0,12.183204199348872
tai60b,2,SK,1340,30.841814517974854,682315136.0,12.183204199348872
tai60b,2,SK,1360,31.301915645599365,682315136.0,12.183204199348872
tai60b,2,SK,1380,31.761411905288696,682315136.0,12.183204199348872
tai60b,2,SK,1400,32.22226309776306,682315136.0,12.183204199348872
tai60b,2,SK,1420,32.68177247047424,682315136.0,12.183204199348872
tai60b,2,SK,1440,33.14199638366699,682315136.0,12.183204199348872
tai60b,2,SK,1460,33.601441383361816,682315136.0,12.183204199348872
tai60b,2,SK,1480,34.06153917312622,682315136.0,12.183204199348872
tai60b,2,SK,1500,34.52102494239807,682315136.0,12.183204199348872
tai60b,2,SK,1520,34.981297969818115,682315136.0,12.183204199348872
tai60b,2,SK,1540,35.44063401222229,682315136.0,12.183204199348872
tai60b,2,SK,1560,35.90086889266968,682315136.0,12.183204199348872
tai60b,2,SK,1580,36.360278367996216,682315136.0,12.183204199348872
tai60b,2,SK,1600,36.820533752441406,682315136.0,12.183204199348872
tai60b,2,SK,1620,37.28005909919739,682315136.0,12.183204199348872
tai60b,2,SK,1640,37.740200996398926,682107840.0,12.149121517797882
tai60b,2,SK,1660,38.19973134994507,682107840.0,12.149121517797882
tai60b,2,SK,1680,38.659968852996826,682107840.0,12.149121517797882
tai60b,2,SK,1700,39.11939716339111,682107840.0,12.149121517797882
tai60b,2,SK,1720,39.579713582992554,681836736.0,12.104547810156637
tai60b,2,SK,1740,40.03914952278137,681836736.0,12.104547810156637
tai60b,2,SK,1760,40.49948740005493,681836736.0,12.104547810156637
tai60b,2,SK,1780,40.95883870124817,681836736.0,12.104547810156637
tai60b,2,SK,1800,41.419105768203735,681836736.0,12.104547810156637
tai60b,2,SK,1820,41.87852883338928,681836736.0,12.104547810156637
tai60b,2,SK,1840,42.3388397693634,681836736.0,12.104547810156637
tai60b,2,SK,1860,42.79858660697937,681836736.0,12.104547810156637
tai60b,2,SK,1880,43.25894379615784,681836736.0,12.104547810156637
tai60b,2,SK,1900,43.718446254730225,681836736.0,12.104547810156637
tai60b,2,SK,1920,44.17865514755249,681836736.0,12.104547810156637
tai60b,2,SK,1940,44.638139724731445,681836736.0,12.104547810156637
tai60b,2,SK,1960,45.09823536872864,681836736.0,12.104547810156637
tai60b,2,SK,1980,45.557737588882446,681836736.0,12.104547810156637
tai60b,2,SK,2000,46.018107891082764,682044032.0,12.138630491707625
tai60b,3,PGD,1,0.009238243103027344,993186496.0,63.295283381788835
tai60b,3,PGD,20,0.04384255409240723,821316608.0,35.03720478447743
tai60b,3,PGD,40,0.07748293876647949,832070912.0,36.805379368331124
tai60b,3,PGD,60,0.11119890213012695,827752000.0,36.09528316607567
tai60b,3,PGD,80,0.14480137825012207,858459456.0,41.144065796174786
tai60b,3,PGD,100,0.1809074878692627,813819072.0,33.80449343498164
tai60b,3,PGD,120,0.21451973915100098,830032960.0,36.47030841166914
tai60b,3,PGD,140,0.2480306625366211,882296064.0,45.06317431597147
tai60b,3,PGD,160,0.2815968990325928,867848128.0,42.6877092719905
tai60b,3,PGD,180,0.31523799896240234,818288192.0,34.53928616505438
tai60b,3,PGD,200,0.3487882614135742,818322816.0,34.54497888833906
tai60b,3,PGD,220,0.3829686641693115,804777024.0,32.31784032757597
tai60b,3,PGD,240,0.41904473304748535,804727040.0,32.309622181762045
tai60b,3,PGD,260,0.4526100158691406,804727040.0,32.309622181762045
tai60b,3,PGD,280,0.48615074157714844,819479104.0,34.73509059182215
tai60b,3,PGD,300,0.5197789669036865,819479104.0,34.73509059182215
tai60b,3,PGD,320,0.5534002780914307,847032192.0,39.265246137758375
tai60b,3,PGD,340,0.5869290828704834,846952000.0,39.252061327636916
tai60b,3,PGD,360,0.6204416751861572,846952000.0,39.252061327636916
tai60b,3,PGD,380,0.6539990901947021,846952000.0,39.252061327636916
tai60b,3,PGD,400,0.6875073909759521,831865152.0,36.771549229033056
tai60b,3,PGD,420,0.7239475250244141,831865152.0,36.771549229033056
tai60b,3,PGD,440,0.7575819492340088,831865152.0,36.771549229033056
tai60b,3,PGD,460,0.791252613067627,831865152.0,36.771549229033056
tai60b,3,PGD,480,0.8248283863067627,831865152.0,36.771549229033056
tai60b,3,PGD,500,0.8584766387939453,831865152.0,36.771549229033056
tai60b,3,PGD,520,0.8921358585357666,831865152.0,36.771549229033056
tai60b,3,PGD,540,0.9256868362426758,831865152.0,36.771549229033056
tai60b,3,PGD,560,0.9593071937561035,831865152.0,36.771549229033056
tai60b,3,PGD,580,0.9929535388946533,831859776.0,36.770665331147825
tai60b,3,PGD,600,1.026505470275879,819479104.0,34.73509059182215
tai60b,3,PGD,620,1.0601401329040527,828670336.0,36.246271865543136
tai60b,3,PGD,640,1.093759298324585,821555072.0,35.07641196924403
tai60b,3,PGD,660,1.1272735595703125,824864320.0,35.62050373057685
tai60b,3,PGD,680,1.1608314514160156,824864320.0,35.62050373057685
tai60b,3,PGD,700,1.194427728652954,821483584.0,35.06465823188915
tai60b,3,PGD,720,1.2280213832855225,816543680.0,34.252461301294915
tai60b,3,PGD,740,1.261561393737793,805095168.0,32.370148141713045
tai60b,3,PGD,760,1.295198678970337,805095168.0,32.370148141713045
tai60b,3,PGD,780,1.3287315368652344,805095168.0,32.370148141713045
tai60b,3,PGD,800,1.362241506576538,805095168.0,32.370148141713045
tai60b,3,PGD,820,1.3958384990692139,805095168.0,32.370148141713045
tai60b,3,PGD,840,1.4293773174285889,805095168.0,32.370148141713045
tai60b,3,PGD,860,1.4658336639404297,805095168.0,32.370148141713045
tai60b,3,PGD,880,1.4994709491729736,805095168.0,32.370148141713045
tai60b,3,PGD,900,1.5330979824066162,805095168.0,32.370148141713045
tai60b,3,PGD,920,1.5666391849517822,805095168.0,32.370148141713045
tai60b,3,PGD,940,1.600268840789795,805095168.0,32.370148141713045
tai60b,3,PGD,960,1.6339240074157715,805095168.0,32.370148141713045
tai60b,3,PGD,980,1.6674752235412598,805095168.0,32.370148141713045
tai60b,3,PGD,1000,1.7010319232940674,805095168.0,32.370148141713045
tai60b,3,PGD,1020,1.7346465587615967,805095168.0,32.370148141713045
tai60b,3,PGD,1040,1.7682054042816162,805095168.0,32.370148141713045
tai60b,3,PGD,1060,1.8017370700836182,805095168.0,32.370148141713045
tai60b,3,PGD,1080,1.835378646850586,841110720.0,38.291664184951266
tai60b,3,PGD,1100,1.8689301013946533,841110720.0,38.291664184951266
tai60b,3,PGD,1120,1.9024665355682373,841110720.0,38.291664184951266
tai60b,3,PGD,1140,1.9360871315002441,841110720.0,38.291664184951266
tai60b,3,PGD,1160,1.969803810119629,841110720.0,38.291664184951266
tai60b,3,PGD,1180,2.003326177597046,841110720.0,38.291664184951266
tai60b,3,PGD,1200,2.037005662918091,841110720.0,38.291664184951266
tai60b,3,PGD,1220,2.0706560611724854,841110720.0,38.291664184951266
tai60b,3,PGD,1240,2.1041972637176514,841110720.0,38.291664184951266
tai60b,3,PGD,1260,2.1378400325775146,841110720.0,38.291664184951266
tai60b,3,PGD,1280,2.1714508533477783,841110720.0,38.291664184951266
tai60b,3,PGD,1300,2.2080798149108887,841110720.0,38.291664184951266
tai60b,3,PGD,1320,2.241741895675659,841110720.0,38.291664184951266
tai60b,3,PGD,1340,2.275360107421875,841110720.0,38.291664184951266
tai60b,3,PGD,1360,2.308950424194336,841110720.0,38.291664184951266
tai60b,3,PGD,1380,2.3424835205078125,841110720.0,38.291664184951266
tai60b,3,PGD,1400,2.3761093616485596,841082816.0,38.287076334023126
tai60b,3,PGD,1420,2.4096884727478027,841082816.0,38.287076334023126
tai60b,3,PGD,1440,2.443220376968384,841082816.0,38.287076334023126
tai60b,3,PGD,1460,2.4768290519714355,841082816.0,38.287076334023126
tai60b,3,PGD,1480,2.5104687213897705,841082816.0,38.287076334023126
tai60b,3,PGD,1500,2.543991804122925,841082816.0,38.287076334023126
tai60b,3,PGD,1520,2.5776209831237793,841082816.0,38.287076334023126
tai60b,3,PGD,1540,2.6112468242645264,841082816.0,38.287076334023126
tai60b,3,PGD,1560,2.6448278427124023,841082816.0,38.287076334023126
tai60b,3,PGD,1580,2.678445816040039,841082816.0,38.287076334023126
tai60b,3,PGD,1600,2.712024688720703,841082816.0,38.287076334023126
tai60b,3,PGD,1620,2.7455713748931885,841082816.0,38.287076334023126
tai60b,3,PGD,1640,2.779170274734497,841082816.0,38.287076334023126
tai60b,3,PGD,1660,2.8127732276916504,841082816.0,38.287076334023126
tai60b,3,PGD,1680,2.8463261127471924,841082816.0,38.287076334023126
tai60b,3,PGD,1700,2.8799242973327637,841082816.0,38.287076334023126
tai60b,3,PGD,1720,2.9135360717773438,841082816.0,38.287076334023126
tai60b,3,PGD,1740,2.950406789779663,841082816.0,38.287076334023126
tai60b,3,PGD,1760,2.98396635055542,841082816.0,38.287076334023126
tai60b,3,PGD,1780,3.017524480819702,841082816.0,38.287076334023126
tai60b,3,PGD,1800,3.0511341094970703,841082816.0,38.287076334023126
tai60b,3,PGD,1820,3.0846619606018066,841082816.0,38.287076334023126
tai60b,3,PGD,1840,3.118251323699951,841082816.0,38.287076334023126
tai60b,3,PGD,1860,3.151865005493164,841082816.0,38.287076334023126
tai60b,3,PGD,1880,3.185403823852539,841082816.0,38.287076334023126
tai60b,3,PGD,1900,3.2189807891845703,841082816.0,38.287076334023126
tai60b,3,PGD,1920,3.2526214122772217,841082816.0,38.287076334023126
tai60b,3,PGD,1940,3.2861526012420654,841082816.0,38.287076334023126
tai60b,3,PGD,1960,3.319716691970825,841082816.0,38.287076334023126
tai60b,3,PGD,1980,3.3533287048339844,841082816.0,38.287076334023126
tai60b,3,PGD,2000,3.386869430541992,841082816.0,38.287076334023126
tai60b,3,SK,1,0.031546592712402344,1015134592.0,66.90389120161436
tai60b,3,SK,20,0.47069358825683594,836475712.0,37.52959689156263
tai60b,3,SK,40,0.9323289394378662,806294976.0,32.56741520902901
tai60b,3,SK,60,1.3929836750030518,774878080.0,27.401989625860196
tai60b,3,SK,80,1.8532142639160156,723803072.0,19.00446515419528
tai60b,3,SK,100,2.3137240409851074,690034560.0,13.452397381798445
tai60b,3,SK,120,2.774030923843384,671005184.0,10.323672455499597
tai60b,3,SK,140,3.2346303462982178,662307904.0,8.893704561281709
tai60b,3,SK,160,3.694892168045044,658506880.0,8.268757188637425
tai60b,3,SK,180,4.155479431152344,658047744.0,8.193268100200623
tai60b,3,SK,200,4.615812063217163,655567488.0,7.785475497290141
tai60b,3,SK,220,5.076388597488403,643151872.0,5.744155421710427
tai60b,3,SK,240,5.536872386932373,643062528.0,5.729465880665295
tai60b,3,SK,260,5.997677326202393,640270144.0,5.270354587441698
tai60b,3,SK,280,6.458136796951294,639976320.0,5.222045358975938
tai60b,3,SK,300,6.918730020523071,637926528.0,4.885027722447659
tai60b,3,SK,320,7.379366159439087,637842944.0,4.871285214850996
tai60b,3,SK,340,7.839235067367554,638539328.0,4.985781558770822
tai60b,3,SK,360,8.299190044403076,638326208.0,4.950741321177492
tai60b,3,SK,380,8.759037017822266,638028608.0,4.901811259673293
tai60b,3,SK,400,9.222269058227539,637563328.0,4.825312002224792
tai60b,3,SK,420,9.682626008987427,637016000.0,4.735322779432552
tai60b,3,SK,440,10.143699645996094,636671488.0,4.678679656620272
tai60b,3,SK,460,10.603575229644775,636671488.0,4.678679656620272
tai60b,3,SK,480,11.063663721084595,636671488.0,4.678679656620272
tai60b,3,SK,500,11.525055170059204,636612224.0,4.668935734694919
tai60b,3,SK,520,11.98757266998291,636464512.0,4.644649588038641
tai60b,3,SK,540,12.44734239578247,636464512.0,4.644649588038641
tai60b,3,SK,560,12.907333374023438,637161536.0,4.759251157897187
tai60b,3,SK,580,13.367437362670898,665659456.0,9.44475175716384
tai60b,3,SK,600,13.827239990234375,649437440.0,6.777600411054607
tai60b,3,SK,620,14.287380695343018,650823680.0,7.00551979431933
tai60b,3,SK,640,14.74699091911316,676851712.0,11.284932450882742
tai60b,3,SK,660,15.207226514816284,685847168.0,12.763925109949678
tai60b,3,SK,680,15.666867971420288,657293312.0,8.06922776363901
tai60b,3,SK,700,16.1270534992218,685938432.0,12.778930328810967
tai60b,3,SK,720,16.586740016937256,685938432.0,12.778930328810967
tai60b,3,SK,740,17.046963930130005,685952000.0,12.781161118711804
tai60b,3,SK,760,17.506651878356934,685952000.0,12.781161118711804
tai60b,3,SK,780,17.967023849487305,685952000.0,12.781161118711804
tai60b,3,SK,800,18.42672371864319,683951488.0,12.452245879464865
tai60b,3,SK,820,18.88666033744812,683951488.0,12.452245879464865
tai60b,3,SK,840,19.346434593200684,684195456.0,12.492358007304436
tai60b,3,SK,860,19.806426763534546,669157888.0,10.019948305981917
tai60b,3,SK,880,20.266093015670776,669157888.0,10.019948305981917
tai60b,3,SK,900,20.726171731948853,669157888.0,10.019948305981917
tai60b,3,SK,920,21.18587636947632,669157888.0,10.019948305981917
tai60b,3,SK,940,21.64581847190857,669443456.0,10.066900119838204
tai60b,3,SK,960,22.105536937713623,682341312.0,12.187507940242465
tai60b,3,SK,980,22.565511465072632,682341312.0,12.187507940242465
tai60b,3,SK,1000,23.026554346084595,682341312.0,12.187507940242465
tai60b,3,SK,1020,23.486648559570312,682315136.0,12.183204199348872
tai60b,3,SK,1040,23.94662046432495,682315136.0,12.183204199348872
tai60b,3,SK,1060,24.40639901161194,682315136.0,12.183204199348872
tai60b,3,SK,1080,24.86645483970642,682315136.0,12.183204199348872
tai60b,3,SK,1100,25.326093673706055,682315136.0,12.183204199348872
tai60b,3,SK,1120,25.786251306533813,682315136.0,12.183204199348872
tai60b,3,SK,1140,26.246586084365845,682315136.0,12.183204199348872
tai60b,3,SK,1160,26.706685066223145,682315136.0,12.183204199348872
tai60b,3,SK,1180,27.166311979293823,682315136.0,12.183204199348872
tai60b,3,SK,1200,27.62647271156311,682315136.0,12.183204199348872
tai60b,3,SK,1220,28.086132526397705,682315136.0,12.183204199348872
tai60b,3,SK,1240,28.54615569114685,682315136.0,12.183204199348872
tai60b,3,SK,1260,29.005901098251343,682315136.0,12.183204199348872
tai60b,3,SK,1280,29.4659161567688,682315136.0,12.183204199348872
tai60b,3,SK,1300,29.925569534301758,682315136.0,12.183204199348872
tai60b,3,SK,1320,30.38563561439514,682315136.0,12.183204199348872
tai60b,3,SK,1340,30.845357179641724,682315136.0,12.183204199348872
tai60b,3,SK,1360,31.305527687072754,682315136.0,12.183204199348872
tai60b,3,SK,1380,31.76521635055542,682315136.0,12.183204199348872
tai60b,3,SK,1400,32.22530174255371,682315136.0,12.183204199348872
tai60b,3,SK,1420,32.68496513366699,682315136.0,12.183204199348872
tai60b,3,SK,1440,33.14498853683472,682315136.0,12.183204199348872
tai60b,3,SK,1460,33.60481309890747,682315136.0,12.183204199348872
tai60b,3,SK,1480,34.06483483314514,682315136.0,12.183204199348872
tai60b,3,SK,1500,34.52461910247803,682315136.0,12.183204199348872
tai60b,3,SK,1520,34.98453450202942,682315136.0,12.183204199348872
tai60b,3,SK,1540,35.444334506988525,682315136.0,12.183204199348872
tai60b,3,SK,1560,35.904141902923584,682315136.0,12.183204199348872
tai60b,3,SK,1580,36.36396813392639,682315136.0,12.183204199348872
tai60b,3,SK,1600,36.82392501831055,682315136.0,12.183204199348872
tai60b,3,SK,1620,37.28375792503357,682315136.0,12.183204199348872
tai60b,3,SK,1640,37.743693828582764,682107840.0,12.149121517797882
tai60b,3,SK,1660,38.20346522331238,682107840.0,12.149121517797882
tai60b,3,SK,1680,38.66339349746704,682107840.0,12.149121517797882
tai60b,3,SK,1700,39.12320017814636,682107840.0,12.149121517797882
tai60b,3,SK,1720,39.583070039749146,681836736.0,12.104547810156637
tai60b,3,SK,1740,40.04305601119995,681836736.0,12.104547810156637
tai60b,3,SK,1760,40.50300979614258,681836736.0,12.104547810156637
tai60b,3,SK,1780,40.96287512779236,681836736.0,12.104547810156637
tai60b,3,SK,1800,41.4227499961853,681836736.0,12.104547810156637
tai60b,3,SK,1820,41.88257098197937,681836736.0,12.104547810156637
tai60b,3,SK,1840,42.34244704246521,681836736.0,12.104547810156637
tai60b,3,SK,1860,42.80240559577942,681836736.0,12.104547810156637
tai60b,3,SK,1880,43.26481056213379,681836736.0,12.104547810156637
tai60b,3,SK,1900,43.72455835342407,681836736.0,12.104547810156637
tai60b,3,SK,1920,44.184491872787476,681836736.0,12.104547810156637
tai60b,3,SK,1940,44.64431190490723,681836736.0,12.104547810156637
tai60b,3,SK,1960,45.10415291786194,681836736.0,12.104547810156637
tai60b,3,SK,1980,45.563987016677856,681836736.0,12.104547810156637
tai60b,3,SK,2000,46.0237603187561,682044032.0,12.138630491707625
tai60b,4,PGD,1,0.009456634521484375,993186496.0,63.295283381788835
tai60b,4,PGD,20,0.0441899299621582,821316608.0,35.03720478447743
tai60b,4,PGD,40,0.07767772674560547,832070912.0,36.805379368331124
tai60b,4,PGD,60,0.11162328720092773,827752000.0,36.09528316607567
tai60b,4,PGD,80,0.1452498435974121,858459456.0,41.144065796174786
tai60b,4,PGD,100,0.1794908046722412,813819072.0,33.80449343498164
tai60b,4,PGD,120,0.21302175521850586,830032960.0,36.47030841166914
tai60b,4,PGD,140,0.24660849571228027,882296064.0,45.06317431597147
tai60b,4,PGD,160,0.28016233444213867,867848128.0,42.6877092719905
tai60b,4,PGD,180,0.31370019912719727,818288192.0,34.53928616505438
tai60b,4,PGD,200,0.34723925590515137,818322816.0,34.54497888833906
tai60b,4,PGD,220,0.3814666271209717,804777024.0,32.31784032757597
tai60b,4,PGD,240,0.415635347366333,804727040.0,32.309622181762045
tai60b,4,PGD,260,0.45241546630859375,804727040.0,32.309622181762045
tai60b,4,PGD,280,0.4860548973083496,819479104.0,34.73509059182215
tai60b,4,PGD,300,0.5196430683135986,819479104.0,34.73509059182215
tai60b,4,PGD,320,0.5531370639801025,847032192.0,39.265246137758375
tai60b,4,PGD,340,0.586695671081543,846952000.0,39.252061327636916
tai60b,4,PGD,360,0.6202378273010254,846952000.0,39.252061327636916
tai60b,4,PGD,380,0.6537303924560547,846952000.0,39.252061327636916
tai60b,4,PGD,400,0.6873204708099365,831865152.0,36.771549229033056
tai60b,4,PGD,420,0.7209522724151611,831865152.0,36.771549229033056
tai60b,4,PGD,440,0.7544372081756592,831865152.0,36.771549229033056
tai60b,4,PGD,460,0.7880067825317383,831865152.0,36.771549229033056
tai60b,4,PGD,480,0.8215782642364502,831865152.0,36.771549229033056
tai60b,4,PGD,500,0.8550844192504883,831865152.0,36.771549229033056
tai60b,4,PGD,520,0.8886492252349854,831865152.0,36.771549229033056
tai60b,4,PGD,540,0.9222404956817627,831865152.0,36.771549229033056
tai60b,4,PGD,560,0.9557454586029053,831865152.0,36.771549229033056
tai60b,4,PGD,580,0.9893112182617188,831859776.0,36.770665331147825
tai60b,4,PGD,600,1.0228586196899414,819479104.0,34.73509059182215
tai60b,4,PGD,620,1.056328535079956,828670336.0,36.246271865543136
tai60b,4,PGD,640,1.08986234664917,821555072.0,35.07641196924403
tai60b,4,PGD,660,1.123431921005249,824864320.0,35.62050373057685
tai60b,4,PGD,680,1.1569085121154785,824864320.0,35.62050373057685
tai60b,4,PGD,700,1.193140983581543,821483584.0,35.06465823188915
tai60b,4,PGD,720,1.2267050743103027,816543680.0,34.252461301294915
tai60b,4,PGD,740,1.260251760482788,805095168.0,32.370148141713045
tai60b,4,PGD,760,1.2937440872192383,805095168.0,32.370148141713045
tai60b,4,PGD,780,1.3272900581359863,805095168.0,32.370148141713045
tai60b,4,PGD,800,1.3608713150024414,805095168.0,32.370148141713045
tai60b,4,PGD,820,1.3943886756896973,805095168.0,32.370148141713045
tai60b,4,PGD,840,1.4279494285583496,805095168.0,32.370148141713045
tai60b,4,PGD,860,1.46152925491333,805095168.0,32.370148141713045
tai60b,4,PGD,880,1.4950296878814697,805095168.0,32.370148141713045
tai60b,4,PGD,900,1.5286004543304443,805095168.0,32.370148141713045
tai60b,4,PGD,920,1.5622122287750244,805095168.0,32.370148141713045
tai60b,4,PGD,940,1.5957460403442383,805095168.0,32.370148141713045
tai60b,4,PGD,960,1.6292831897735596,805095168.0,32.370148141713045
tai60b,4,PGD,980,1.6628632545471191,805095168.0,32.370148141713045
tai60b,4,PGD,1000,1.696364402770996,805095168.0,32.370148141713045
tai60b,4,PGD,1020,1.7299301624298096,805095168.0,32.370148141713045
tai60b,4,PGD,1040,1.7635002136230469,805095168.0,32.370148141713045
tai60b,4,PGD,1060,1.797020673751831,805095168.0,32.370148141713045
tai60b,4,PGD,1080,1.8304955959320068,841110720.0,38.291664184951266
tai60b,4,PGD,1100,1.8640501499176025,841110720.0,38.291664184951266
tai60b,4,PGD,1120,1.8982863426208496,841110720.0,38.291664184951266
tai60b,4,PGD,1140,1.935271978378296,841110720.0,38.291664184951266
tai60b,4,PGD,1160,1.9690051078796387,841110720.0,38.291664184951266
tai60b,4,PGD,1180,2.0026912689208984,841110720.0,38.291664184951266
tai60b,4,PGD,1200,2.036247730255127,841110720.0,38.291664184951266
tai60b,4,PGD,1220,2.0698115825653076,841110720.0,38.291664184951266
tai60b,4,PGD,1240,2.1034059524536133,841110720.0,38.291664184951266
tai60b,4,PGD,1260,2.1369411945343018,841110720.0,38.291664184951266
tai60b,4,PGD,1280,2.1704628467559814,841110720.0,38.291664184951266
tai60b,4,PGD,1300,2.2040929794311523,841110720.0,38.291664184951266
tai60b,4,PGD,1320,2.2376277446746826,841110720.0,38.291664184951266
tai60b,4,PGD,1340,2.2711427211761475,841110720.0,38.291664184951266
tai60b,4,PGD,1360,2.3047285079956055,841110720.0,38.291664184951266
tai60b,4,PGD,1380,2.3382277488708496,841110720.0,38.291664184951266
tai60b,4,PGD,1400,2.371704578399658,841082816.0,38.287076334023126
tai60b,4,PGD,1420,2.4052462577819824,841082816.0,38.287076334023126
tai60b,4,PGD,1440,2.4388022422790527,841082816.0,38.287076334023126
tai60b,4,PGD,1460,2.472290277481079,841082816.0,38.287076334023126
tai60b,4,PGD,1480,2.505856990814209,841082816.0,38.287076334023126
tai60b,4,PGD,1500,2.5393784046173096,841082816.0,38.287076334023126
tai60b,4,PGD,1520,2.5728511810302734,841082816.0,38.287076334023126
tai60b,4,PGD,1540,2.6063616275787354,841082816.0,38.287076334023126
tai60b,4,PGD,1560,2.642672538757324,841082816.0,38.287076334023126
tai60b,4,PGD,1580,2.676434278488159,841082816.0,38.287076334023126
tai60b,4,PGD,1600,2.7100830078125,841082816.0,38.287076334023126
tai60b,4,PGD,1620,2.7436885833740234,841082816.0,38.287076334023126
tai60b,4,PGD,1640,2.7772397994995117,841082816.0,38.287076334023126
tai60b,4,PGD,1660,2.8107473850250244,841082816.0,38.287076334023126
tai60b,4,PGD,1680,2.8443527221679688,841082816.0,38.287076334023126
tai60b,4,PGD,1700,2.877906322479248,841082816.0,38.287076334023126
tai60b,4,PGD,1720,2.911384105682373,841082816.0,38.287076334023126
tai60b,4,PGD,1740,2.944979429244995,841082816.0,38.287076334023126
tai60b,4,PGD,1760,2.9785072803497314,841082816.0,38.287076334023126
tai60b,4,PGD,1780,3.0120081901550293,841082816.0,38.287076334023126
tai60b,4,PGD,1800,3.045611619949341,841082816.0,38.287076334023126
tai60b,4,PGD,1820,3.0791380405426025,841082816.0,38.287076334023126
tai60b,4,PGD,1840,3.1126151084899902,841082816.0,38.287076334023126
tai60b,4,PGD,1860,3.1461679935455322,841082816.0,38.287076334023126
tai60b,4,PGD,1880,3.179763078689575,841082816.0,38.287076334023126
tai60b,4,PGD,1900,3.2132511138916016,841082816.0,38.287076334023126
tai60b,4,PGD,1920,3.247082233428955,841082816.0,38.287076334023126
tai60b,4,PGD,1940,3.2806665897369385,841082816.0,38.287076334023126
tai60b,4,PGD,1960,3.3141183853149414,841082816.0,38.287076334023126
tai60b,4,PGD,1980,3.347644090652466,841082816.0,38.287076334023126
tai60b,4,PGD,2000,3.3834195137023926,841082816.0,38.287076334023126
tai60b,4,SK,1,0.03030705451965332,1015134592.0,66.90389120161436
tai60b,4,SK,20,0.46734070777893066,836475712.0,37.52959689156263
tai60b,4,SK,40,0.9275369644165039,806294976.0,32.56741520902901
tai60b,4,SK,60,1.3879828453063965,774878080.0,27.401989625860196
tai60b,4,SK,80,1.850334882736206,723803072.0,19.00446515419528
tai60b,4,SK,100,2.310321092605591,690034560.0,13.452397381798445
tai60b,4,SK,120,2.770888328552246,671005184.0,10.323672455499597
tai60b,4,SK,140,3.2334437370300293,662307904.0,8.893704561281709
tai60b,4,SK,160,3.69390869140625,658506880.0,8.268757188637425
tai60b,4,SK,180,4.154083967208862,658047744.0,8.193268100200623
tai60b,4,SK,200,4.614874362945557,655567488.0,7.785475497290141
tai60b,4,SK,220,5.074841260910034,643151872.0,5.744155421710427
tai60b,4,SK,240,5.5357160568237305,643062528.0,5.729465880665295
tai60b,4,SK,260,5.9956207275390625,640270144.0,5.270354587441698
tai60b,4,SK,280,6.456520080566406,639976320.0,5.222045358975938
tai60b,4,SK,300,6.916388034820557,637926528.0,4.885027722447659
tai60b,4,SK,320,7.377559423446655,637842944.0,4.871285214850996
tai60b,4,SK,340,7.836864471435547,638539328.0,4.985781558770822
tai60b,4,SK,360,8.29715871810913,638326208.0,4.950741321177492
tai60b,4,SK,380,8.756428956985474,638028608.0,4.901811259673293
tai60b,4,SK,400,9.217356204986572,637563328.0,4.825312002224792
tai60b,4,SK,420,9.677256107330322,637016000.0,4.735322779432552
tai60b,4,SK,440,10.139950513839722,636671488.0,4.678679656620272
tai60b,4,SK,460,10.59919548034668,636671488.0,4.678679656620272
tai60b,4,SK,480,11.059499263763428,636671488.0,4.678679656620272
tai60b,4,SK,500,11.519492626190186,636612224.0,4.668935734694919
tai60b,4,SK,520,11.980323314666748,636464512.0,4.644649588038641
tai60b,4,SK,540,12.439661026000977,636464512.0,4.644649588038641
tai60b,4,SK,560,12.899851083755493,637161536.0,4.759251157897187
tai60b,4,SK,580,13.359258651733398,665659456.0,9.44475175716384
tai60b,4,SK,600,13.81948709487915,649437440.0,6.777600411054607
tai60b,4,SK,620,14.278871059417725,650823680.0,7.00551979431933
tai60b,4,SK,640,14.739067316055298,676851712.0,11.284932450882742
tai60b,4,SK,660,15.198498010635376,685847168.0,12.763925109949678
tai60b,4,SK,680,15.658685445785522,657293312.0,8.06922776363901
tai60b,4,SK,700,16.118037700653076,685938432.0,12.778930328810967
tai60b,4,SK,720,16.57828187942505,685938432.0,12.778930328810967
tai60b,4,SK,740,17.039363622665405,685952000.0,12.781161118711804
tai60b,4,SK,760,17.499398469924927,685952000.0,12.781161118711804
tai60b,4,SK,780,17.958956480026245,685952000.0,12.781161118711804
tai60b,4,SK,800,18.418954133987427,683951488.0,12.452245879464865
tai60b,4,SK,820,18.878398895263672,683951488.0,12.452245879464865
tai60b,4,SK,840,19.338370323181152,684195456.0,12.492358007304436
tai60b,4,SK,860,19.797845363616943,669157888.0,10.019948305981917
tai60b,4,SK,880,20.25826382637024,669157888.0,10.019948305981917
tai60b,4,SK,900,20.71772074699402,669157888.0,10.019948305981917
tai60b,4,SK,920,21.177818775177002,669157888.0,10.019948305981917
tai60b,4,SK,940,21.637206554412842,669443456.0,10.066900119838204
tai60b,4,SK,960,22.097253561019897,682341312.0,12.187507940242465
tai60b,4,SK,980,22.556704998016357,682341312.0,12.187507940242465
tai60b,4,SK,1000,23.016780376434326,682341312.0,12.187507940242465
tai60b,4,SK,1020,23.476471662521362,682315136.0,12.183204199348872
tai60b,4,SK,1040,23.93661093711853,682315136.0,12.183204199348872
tai60b,4,SK,1060,24.39607310295105,682315136.0,12.183204199348872
tai60b,4,SK,1080,24.856069087982178,682315136.0,12.183204199348872
tai60b,4,SK,1100,25.315490007400513,682315136.0,12.183204199348872
tai60b,4,SK,1120,25.775418758392334,682315136.0,12.183204199348872
tai60b,4,SK,1140,26.2348690032959,682315136.0,12.183204199348872
tai60b,4,SK,1160,26.69478440284729,682315136.0,12.183204199348872
tai60b,4,SK,1180,27.15430188179016,682315136.0,12.183204199348872
tai60b,4,SK,1200,27.614158391952515,682315136.0,12.183204199348872
tai60b,4,SK,1220,28.07378387451172,682315136.0,12.183204199348872
tai60b,4,SK,1240,28.533952236175537,682315136.0,12.183204199348872
tai60b,4,SK,1260,28.99351143836975,682315136.0,12.183204199348872
tai60b,4,SK,1280,29.453354120254517,682315136.0,12.183204199348872
tai60b,4,SK,1300,29.91291880607605,682315136.0,12.183204199348872
tai60b,4,SK,1320,30.3727924823761,682315136.0,12.183204199348872
tai60b,4,SK,1340,30.832364797592163,682315136.0,12.183204199348872
tai60b,4,SK,1360,31.29217767715454,682315136.0,12.183204199348872
tai60b,4,SK,1380,31.751774072647095,682315136.0,12.183204199348872
tai60b,4,SK,1400,32.21162986755371,682315136.0,12.183204199348872
tai60b,4,SK,1420,32.671181201934814,682315136.0,12.183204199348872
tai60b,4,SK,1440,33.13103985786438,682315136.0,12.183204199348872
tai60b,4,SK,1460,33.590659618377686,682315136.0,12.183204199348872
tai60b,4,SK,1480,34.05063223838806,682315136.0,12.183204199348872
tai60b,4,SK,1500,34.51026177406311,682315136.0,12.183204199348872
tai60b,4,SK,1520,34.970168590545654,682315136.0,12.183204199348872
tai60b,4,SK,1540,35.4296555519104,682315136.0,12.183204199348872
tai60b,4,SK,1560,35.889607429504395,682315136.0,12.183204199348872
tai60b,4,SK,1580,36.34917449951172,682315136.0,12.183204199348872
tai60b,4,SK,1600,36.80934119224548,682315136.0,12.183204199348872
tai60b,4,SK,1620,37.27147102355957,682315136.0,12.183204199348872
tai60b,4,SK,1640,37.73130702972412,682107840.0,12.149121517797882
tai60b,4,SK,1660,38.190871477127075,682107840.0,12.149121517797882
tai60b,4,SK,1680,38.65074372291565,682107840.0,12.149121517797882
tai60b,4,SK,1700,39.1103196144104,682107840.0,12.149121517797882
tai60b,4,SK,1720,39.57028293609619,681836736.0,12.104547810156637
tai60b,4,SK,1740,40.02965688705444,681836736.0,12.104547810156637
tai60b,4,SK,1760,40.48969078063965,681836736.0,12.104547810156637
tai60b,4,SK,1780,40.94901371002197,681836736.0,12.104547810156637
tai60b,4,SK,1800,41.40915250778198,681836736.0,12.104547810156637
tai60b,4,SK,1820,41.86841797828674,681836736.0,12.104547810156637
tai60b,4,SK,1840,42.3284854888916,681836736.0,12.104547810156637
tai60b,4,SK,1860,42.78781080245972,681836736.0,12.104547810156637
tai60b,4,SK,1880,43.24794626235962,681836736.0,12.104547810156637
tai60b,4,SK,1900,43.707186698913574,681836736.0,12.104547810156637
tai60b,4,SK,1920,44.167312145233154,681836736.0,12.104547810156637
tai60b,4,SK,1940,44.626614809036255,681836736.0,12.104547810156637
tai60b,4,SK,1960,45.08674430847168,681836736.0,12.104547810156637
tai60b,4,SK,1980,45.5460262298584,681836736.0,12.104547810156637
tai60b,4,SK,2000,46.00609064102173,682044032.0,12.138630491707625
tai80b,0,PGD,1,0.011627197265625,1174461696.0,43.50441210059723
tai80b,0,PGD,20,0.03869748115539551,1161253120.0,41.890490641922376
tai80b,0,PGD,40,0.06671762466430664,1140597888.0,39.36668170455415
tai80b,0,PGD,60,0.09473156929016113,1139176064.0,39.19295273755129
tai80b,0,PGD,80,0.12396097183227539,1150152704.0,40.53415975639636
tai80b,0,PGD,100,0.150834321975708,1130056960.0,38.07871319882374
tai80b,0,PGD,120,0.1772313117980957,1130254592.0,38.1028613375573
tai80b,0,PGD,140,0.20397567749023438,1124593280.0,37.41112038674978
tai80b,0,PGD,160,0.23027682304382324,1126216960.0,37.609513612031684
tai80b,0,PGD,180,0.25655126571655273,1125543680.0,37.527247284480815
tai80b,0,PGD,200,0.28283238410949707,1125836032.0,37.56296901302192
tai80b,0,PGD,220,0.309070348739624,1125137920.0,37.47766852814312
tai80b,0,PGD,240,0.33541369438171387,1125191680.0,37.48423732235821
tai80b,0,PGD,260,0.361663818359375,1125191680.0,37.48423732235821
tai80b,0,PGD,280,0.38791489601135254,1125191680.0,37.48423732235821
tai80b,0,PGD,300,0.41419100761413574,1124820224.0,37.438850082329196
tai80b,0,PGD,320,0.4404606819152832,1124803584.0,37.436816884119764
tai80b,0,PGD,340,0.46666812896728516,1124803584.0,37.436816884119764
tai80b,0,PGD,360,0.49297142028808594,1124803584.0,37.436816884119764
tai80b,0,PGD,380,0.5191826820373535,1124803584.0,37.436816884119764
tai80b,0,PGD,400,0.5453779697418213,1124820224.0,37.438850082329196
tai80b,0,PGD,420,0.571617603302002,1124820224.0,37.438850082329196
tai80b,0,PGD,440,0.5978844165802002,1124803584.0,37.436816884119764
tai80b,0,PGD,460,0.624103307723999,1124820224.0,37.438850082329196
tai80b,0,PGD,480,0.6528418064117432,1124803584.0,37.436816884119764
tai80b,0,PGD,500,0.6792092323303223,1124820224.0,37.438850082329196
tai80b,0,PGD,520,0.7055163383483887,1124803584.0,37.436816884119764
tai80b,0,PGD,540,0.7318451404571533,1125022592.0,37.463576900553136
tai80b,0,PGD,560,0.7581326961517334,1125022592.0,37.463576900553136
tai80b,0,PGD,580,0.784409761428833,1125022592.0,37.463576900553136
tai80b,0,PGD,600,0.8107337951660156,1125029888.0,37.46446837976804
tai80b,0,PGD,620,0.8369772434234619,1125022592.0,37.463576900553136
tai80b,0,PGD,640,0.8632206916809082,1125022592.0,37.463576900553136
tai80b,0,PGD,660,0.8894791603088379,1125022592.0,37.463576900553136
tai80b,0,PGD,680,0.9157767295837402,1125022592.0,37.463576900553136
tai80b,0,PGD,700,0.9420249462127686,1125022592.0,37.463576900553136
tai80b,0,PGD,720,0.9682607650756836,1125029888.0,37.46446837976804
tai80b,0,PGD,740,0.9945685863494873,1125022592.0,37.463576900553136
tai80b,0,PGD,760,1.0207993984222412,1125022592.0,37.463576900553136
tai80b,0,PGD,780,1.0470123291015625,1125022592.0,37.463576900553136
tai80b,0,PGD,800,1.0733013153076172,1125029888.0,37.46446837976804
tai80b,0,PGD,820,1.0995090007781982,1125029888.0,37.46446837976804
tai80b,0,PGD,840,1.1257286071777344,1125029888.0,37.46446837976804
tai80b,0,PGD,860,1.1519806385040283,1125022592.0,37.463576900553136
tai80b,0,PGD,880,1.1807551383972168,1125029888.0,37.46446837976804
tai80b,0,PGD,900,1.2071011066436768,1125022592.0,37.463576900553136
tai80b,0,PGD,920,1.2335243225097656,1125029888.0,37.46446837976804
tai80b,0,PGD,940,1.259873628616333,1125022592.0,37.463576900553136
tai80b,0,PGD,960,1.286193609237671,1125022592.0,37.463576900553136
tai80b,0,PGD,980,1.312535285949707,1125029888.0,37.46446837976804
tai80b,0,PGD,1000,1.3388097286224365,1125029888.0,37.46446837976804
tai80b,0,PGD,1020,1.365016222000122,1125022592.0,37.463576900553136
tai80b,0,PGD,1040,1.3913094997406006,1125029888.0,37.46446837976804
tai80b,0,PGD,1060,1.4175963401794434,1125022592.0,37.463576900553136
tai80b,0,PGD,1080,1.4438426494598389,1125022592.0,37.463576900553136
tai80b,0,PGD,1100,1.4700970649719238,1125022592.0,37.463576900553136
tai80b,0,PGD,1120,1.4963278770446777,1125029888.0,37.46446837976804
tai80b,0,PGD,1140,1.5225791931152344,1125022592.0,37.463576900553136
tai80b,0,PGD,1160,1.5488204956054688,1125029888.0,37.46446837976804
tai80b,0,PGD,1180,1.5750696659088135,1125022592.0,37.463576900553136
tai80b,0,PGD,1200,1.6013147830963135,1125022592.0,37.463576900553136
tai80b,0,PGD,1220,1.6275012493133545,1125022592.0,37.463576900553136
tai80b,0,PGD,1240,1.6538097858428955,1125029888.0,37.46446837976804
tai80b,0,PGD,1260,1.68003249168396,1125022592.0,37.463576900553136
tai80b,0,PGD,1280,1.7087593078613281,1125029888.0,37.46446837976804
tai80b,0,PGD,1300,1.7351932525634766,1125022592.0,37.463576900553136
tai80b,0,PGD,1320,1.761526346206665,1125022592.0,37.463576900553136
tai80b,0,PGD,1340,1.7878563404083252,1125029888.0,37.46446837976804
tai80b,0,PGD,1360,1.814173698425293,1125022592.0,37.463576900553136
tai80b,0,PGD,1380,1.840428113937378,1125022592.0,37.463576900553136
tai80b,0,PGD,1400,1.8666753768920898,1125022592.0,37.463576900553136
tai80b,0,PGD,1420,1.8929805755615234,1125029888.0,37.46446837976804
tai80b,0,PGD,1440,1.9192721843719482,1125029888.0,37.46446837976804
tai80b,0,PGD,1460,1.9455244541168213,1125022592.0,37.463576900553136
tai80b,0,PGD,1480,1.9718036651611328,1125022592.0,37.463576900553136
tai80b,0,PGD,1500,1.998058557510376,1125029888.0,37.46446837976804
tai80b,0,PGD,1520,2.024287462234497,1125029888.0,37.46446837976804
tai80b,0,PGD,1540,2.050496816635132,1125029888.0,37.46446837976804
tai80b,0,PGD,1560,2.076748847961426,1125022592.0,37.463576900553136
tai80b,0,PGD,1580,2.102996587753296,1125022592.0,37.463576900553136
tai80b,0,PGD,1600,2.129243850708008,1125029888.0,37.46446837976804
tai80b,0,PGD,1620,2.1554763317108154,1125029888.0,37.46446837976804
tai80b,0,PGD,1640,2.1816763877868652,1125022592.0,37.463576900553136
tai80b,0,PGD,1660,2.2078890800476074,1125029888.0,37.46446837976804
tai80b,0,PGD,1680,2.2367098331451416,1125029888.0,37.46446837976804
tai80b,0,PGD,1700,2.2630631923675537,1125029888.0,37.46446837976804
tai80b,0,PGD,1720,2.289415121078491,1125022592.0,37.463576900553136
tai80b,0,PGD,1740,2.315798759460449,1124853632.0,37.442932118734284
tai80b,0,PGD,1760,2.34207820892334,1125022592.0,37.463576900553136
tai80b,0,PGD,1780,2.3683395385742188,1125022592.0,37.463576900553136
tai80b,0,PGD,1800,2.3946399688720703,1125022592.0,37.463576900553136
tai80b,0,PGD,1820,2.420912027359009,1125022592.0,37.463576900553136
tai80b,0,PGD,1840,2.4472053050994873,1125022592.0,37.463576900553136
tai80b,0,PGD,1860,2.473545551300049,1125022592.0,37.463576900553136
tai80b,0,PGD,1880,2.49981951713562,1125022592.0,37.463576900553136
tai80b,0,PGD,1900,2.526050329208374,1125022592.0,37.463576900553136
tai80b,0,PGD,1920,2.552382469177246,1125022592.0,37.463576900553136
tai80b,0,PGD,1940,2.578627586364746,1125022592.0,37.463576900553136
tai80b,0,PGD,1960,2.6048519611358643,1124853632.0,37.442932118734284
tai80b,0,PGD,1980,2.631077766418457,1124853632.0,37.442932118734284
tai80b,0,PGD,2000,2.6572887897491455,1124853632.0,37.442932118734284
tai80b,0,PGD,2020,2.6834659576416016,1124853632.0,37.442932118734284
tai80b,0,PGD,2040,2.7096853256225586,1124853632.0,37.442932118734284
tai80b,0,PGD,2060,2.7359232902526855,1124853632.0,37.442932118734284
tai80b,0,PGD,2080,2.764495849609375,1124795648.0,37.43584720497372
tai80b,0,PGD,2100,2.790820837020874,1124853632.0,37.442932118734284
tai80b,0,PGD,2120,2.8171226978302,1124853632.0,37.442932118734284
tai80b,0,PGD,2140,2.843440532684326,1124853632.0,37.442932118734284
tai80b,0,PGD,2160,2.869765281677246,1124853632.0,37.442932118734284
tai80b,0,PGD,2180,2.8960821628570557,1124795648.0,37.43584720497372
tai80b,0,PGD,2200,2.9223437309265137,1124853632.0,37.442932118734284
tai80b,0,PGD,2220,2.9485788345336914,1124853632.0,37.442932118734284
tai80b,0,PGD,2240,2.974855422973633,1124795648.0,37.43584720497372
tai80b,0,PGD,2260,3.0011374950408936,1124795648.0,37.43584720497372
tai80b,0,PGD,2280,3.027385711669922,1124795648.0,37.43584720497372
tai80b,0,PGD,2300,3.053680896759033,1124795648.0,37.43584720497372
tai80b,0,PGD,2320,3.079939603805542,1124853632.0,37.442932118734284
tai80b,0,PGD,2340,3.1061599254608154,1124795648.0,37.43584720497372
tai80b,0,PGD,2360,3.1324615478515625,1124853632.0,37.442932118734284
tai80b,0,PGD,2380,3.1586759090423584,1124853632.0,37.442932118734284
tai80b,0,PGD,2400,3.184907913208008,1124853632.0,37.442932118734284
tai80b,0,PGD,2420,3.2111306190490723,1124795648.0,37.43584720497372
tai80b,0,PGD,2440,3.237361431121826,1124853632.0,37.442932118734284
tai80b,0,PGD,2460,3.2635738849639893,1124795648.0,37.43584720497372
tai80b,0,PGD,2480,3.29227614402771,1124853632.0,37.442932118734284
tai80b,0,PGD,2500,3.3186466693878174,1124853632.0,37.442932118734284
tai80b,0,SK,1,0.029430866241455078,1168902016.0,42.82508929885347
tai80b,0,SK,20,0.32300853729248047,1095718144.0,33.88294281389449
tai80b,0,SK,40,0.6296648979187012,1048531072.0,28.117277531517708
tai80b,0,SK,60,0.9362344741821289,967937216.0,18.26972442391922
tai80b,0,SK,80,1.2427825927734375,926639488.0,13.223662727812298
tai80b,0,SK,100,1.549478530883789,918577536.0,12.238593835328611
tai80b,0,SK,120,1.8560378551483154,897513856.0,9.664877701911937
tai80b,0,SK,140,2.162689685821533,891389184.0,8.91652000096484
tai80b,0,SK,160,2.469301223754883,878634112.0,7.358011013490132
tai80b,0,SK,180,2.7769381999969482,873305216.0,6.706887106912573
tai80b,0,SK,200,3.083463191986084,867576448.0,6.006903883363737
tai80b,0,SK,220,3.3897340297698975,868201664.0,6.083297396086597
tai80b,0,SK,240,3.6959879398345947,890597888.0,8.819833606113225
tai80b,0,SK,260,4.002280950546265,874197120.0,6.815866530938141
tai80b,0,SK,280,4.30846905708313,873799296.0,6.767257453746485
tai80b,0,SK,300,4.61494255065918,872896640.0,6.656964270877899
tai80b,0,SK,320,4.921482563018799,860337152.0,5.122353182357133
tai80b,0,SK,340,5.228548526763916,859260928.0,4.9908521781655475
tai80b,0,SK,360,5.5346150398254395,861966656.0,5.321458027012341
tai80b,0,SK,380,5.841403007507324,869188352.0,6.203858229912814
tai80b,0,SK,400,6.148599863052368,869149824.0,6.1991505940586675
tai80b,0,SK,420,6.455083608627319,874711808.0,6.878754915554502
tai80b,0,SK,440,6.761805534362793,874627968.0,6.86851072457621
tai80b,0,SK,460,7.068012714385986,874627968.0,6.86851072457621
tai80b,0,SK,480,7.374180793762207,874571904.0,6.861660410609045
tai80b,0,SK,500,7.680858135223389,874577152.0,6.862301650044328
tai80b,0,SK,520,7.987491130828857,874605568.0,6.865773726986589
tai80b,0,SK,540,8.293754577636719,874709376.0,6.878457755816202
tai80b,0,SK,560,8.600427627563477,876161280.0,7.055862119582276
tai80b,0,SK,580,8.906861305236816,875955712.0,7.030744301702676
tai80b,0,SK,600,9.213154554367065,875955712.0,7.030744301702676
tai80b,0,SK,620,9.51998257637024,885947904.0,8.251664186480502
tai80b,0,SK,640,9.82660961151123,896017664.0,9.482061902911527
tai80b,0,SK,660,10.132930040359497,915328768.0,11.841635344916309
tai80b,0,SK,680,10.439669609069824,886393920.0,8.306161718486399
tai80b,0,SK,700,10.745949506759644,886393920.0,8.306161718486399
tai80b,0,SK,720,11.053978443145752,879930112.0,7.51636587403245
tai80b,0,SK,740,11.360845804214478,879532928.0,7.467834996771925
tai80b,0,SK,760,11.666951656341553,879551744.0,7.4701340747472065
tai80b,0,SK,780,11.97323727607727,877328384.0,7.198467513994608
tai80b,0,SK,800,12.279758930206299,882162688.0,7.78915851379335
tai80b,0,SK,820,12.586399555206299,880029568.0,7.528518143330364
tai80b,0,SK,840,12.892641305923462,887682368.0,8.463593819841359
tai80b,0,SK,860,13.199389219284058,887682368.0,8.463593819841359
tai80b,0,SK,880,13.505578517913818,892915264.0,9.102987736749116
tai80b,0,SK,900,13.812066793441772,890165760.0,8.767033012612893
tai80b,0,SK,920,14.118383407592773,886402176.0,8.307170497598001
tai80b,0,SK,940,14.425094366073608,885886080.0,8.24411007313315
tai80b,0,SK,960,14.731261014938354,885905664.0,8.246502991025789
tai80b,0,SK,980,15.03748893737793,885905664.0,8.246502991025789
tai80b,0,SK,1000,15.343742370605469,885905664.0,8.246502991025789
tai80b,0,SK,1020,15.65268349647522,886257664.0,8.289512953148394
tai80b,0,SK,1040,15.959019184112549,912950528.0,11.551044400829763
tai80b,0,SK,1060,16.26522183418274,912950528.0,11.551044400829763
tai80b,0,SK,1080,16.571467876434326,912950528.0,11.551044400829763
tai80b,0,SK,1100,16.877896308898926,912950528.0,11.551044400829763
tai80b,0,SK,1120,17.184016227722168,912947584.0,11.550684681146556
tai80b,0,SK,1140,17.490628242492676,912947584.0,11.550684681146556
tai80b,0,SK,1160,17.796881198883057,912947584.0,11.550684681146556
tai80b,0,SK,1180,18.103641271591187,912947584.0,11.550684681146556
tai80b,0,SK,1200,18.409807920455933,911786432.0,11.408806546093754
tai80b,0,SK,1220,18.716136932373047,878529472.0,7.345225324750048
tai80b,0,SK,1240,19.022549629211426,912199296.0,11.459253321667012
tai80b,0,SK,1260,19.329142093658447,913526528.0,11.621424338848572
tai80b,0,SK,1280,19.635369539260864,913508608.0,11.619234740776875
tai80b,0,SK,1300,19.941588878631592,915164736.0,11.821592702567173
tai80b,0,SK,1320,20.248036861419678,915164736.0,11.821592702567173
tai80b,0,SK,1340,20.55443525314331,915079232.0,11.811145191767938
tai80b,0,SK,1360,20.860600233078003,915079232.0,11.811145191767938
tai80b,0,SK,1380,21.167046070098877,915079232.0,11.811145191767938
tai80b,0,SK,1400,21.473395824432373,915079232.0,11.811145191767938
tai80b,0,SK,1420,21.779622316360474,915173632.0,11.822679681609909
tai80b,0,SK,1440,22.08587121963501,915173632.0,11.822679681609909
tai80b,0,SK,1460,22.392499446868896,915173632.0,11.822679681609909
tai80b,0,SK,1480,22.698780298233032,915173632.0,11.822679681609909
tai80b,0,SK,1500,23.005162477493286,915173632.0,11.822679681609909
tai80b,0,SK,1520,23.31147050857544,915079232.0,11.811145191767938
tai80b,0,SK,1540,23.617827892303467,915079232.0,11.811145191767938
tai80b,0,SK,1560,23.924023628234863,915079232.0,11.811145191767938
tai80b,0,SK,1580,24.23040199279785,915079232.0,11.811145191767938
tai80b,0,SK,1600,24.536535501480103,915079232.0,11.811145191767938
tai80b,0,SK,1620,24.84296178817749,915079232.0,11.811145191767938
tai80b,0,SK,1640,25.149293899536133,915079232.0,11.811145191767938
tai80b,0,SK,1660,25.457600831985474,915079232.0,11.811145191767938
tai80b,0,SK,1680,25.763850212097168,915079232.0,11.811145191767938
tai80b,0,SK,1700,26.070303916931152,915079232.0,11.811145191767938
tai80b,0,SK,1720,26.376657009124756,915079232.0,11.811145191767938
tai80b,0,SK,1740,26.683019161224365,915079232.0,11.811145191767938
tai80b,0,SK,1760,26.989332675933838,915079232.0,11.811145191767938
tai80b,0,SK,1780,27.295771837234497,915079232.0,11.811145191767938
tai80b,0,SK,1800,27.602108001708984,915079232.0,11.811145191767938
tai80b,0,SK,1820,27.908341884613037,915079232.0,11.811145191767938
tai80b,0,SK,1840,28.214582681655884,915079232.0,11.811145191767938
tai80b,0,SK,1860,28.52343487739563,915079232.0,11.811145191767938
tai80b,0,SK,1880,28.829691410064697,915079232.0,11.811145191767938
tai80b,0,SK,1900,29.135930061340332,915079232.0,11.811145191767938
tai80b,0,SK,1920,29.442129135131836,915079232.0,11.811145191767938
tai80b,0,SK,1940,29.7486093044281,915079232.0,11.811145191767938
tai80b,0,SK,1960,30.05476951599121,915079232.0,11.811145191767938
tai80b,0,SK,1980,30.361170291900635,915079232.0,11.811145191767938
tai80b,0,SK,2000,30.667434453964233,915079232.0,11.811145191767938
tai80b,0,SK,2020,30.973782300949097,915079232.0,11.811145191767938
tai80b,0,SK,2040,31.279958724975586,915079232.0,11.811145191767938
tai80b,0,SK,2060,31.586385250091553,915079232.0,11.811145191767938
tai80b,0,SK,2080,31.892775535583496,915079232.0,11.811145191767938
tai80b,0,SK,2100,32.19912242889404,915079232.0,11.811145191767938
tai80b,0,SK,2120,32.50555968284607,915079232.0,11.811145191767938
tai80b,0,SK,2140,32.81186318397522,915079232.0,11.811145191767938
tai80b,0,SK,2160,33.11801481246948,915079232.0,11.811145191767938
tai80b,0,SK,2180,33.42458128929138,915079232.0,11.811145191767938
tai80b,0,SK,2200,33.730820417404175,915079232.0,11.811145191767938
tai80b,0,SK,2220,34.03709077835083,886347776.0,8.300523503451782
tai80b,0,SK,2240,34.343520402908325,909581184.0,11.139353043392191
tai80b,0,SK,2260,34.649853229522705,902258496.0,10.244612891359086
tai80b,0,SK,2280,34.95607924461365,896289920.0,9.515328153615084
tai80b,0,SK,2300,35.26252102851868,896289920.0,9.515328153615084
tai80b,0,SK,2320,35.568809270858765,896365952.0,9.524618305433567
tai80b,0,SK,2340,35.87523031234741,896365952.0,9.524618305433567
tai80b,0,SK,2360,36.1816132068634,902312064.0,10.251158225594835
tai80b,0,SK,2380,36.48802900314331,902312064.0,10.251158225594835
tai80b,0,SK,2400,36.794179916381836,902312064.0,10.251158225594835
tai80b,0,SK,2420,37.100629568099976,902312064.0,10.251158225594835
tai80b,0,SK,2440,37.4068443775177,902312064.0,10.251158225594835
tai80b,0,SK,2460,37.71320557594299,902312064.0,10.251158225594835
tai80b,0,SK,2480,38.01941275596619,902312064.0,10.251158225594835
tai80b,0,SK,2500,38.32825183868408,902312064.0,10.251158225594835
tai80b,1,PGD,1,0.009908676147460938,1174461696.0,43.50441210059723
tai80b,1,PGD,20,0.03697943687438965,1161253120.0,41.890490641922376
tai80b,1,PGD,40,0.06372976303100586,1140597888.0,39.36668170455415
tai80b,1,PGD,60,0.0904531478881836,1139176064.0,39.19295273755129
tai80b,1,PGD,80,0.11689114570617676,1150152704.0,40.53415975639636
tai80b,1,PGD,100,0.14364862442016602,1130056960.0,38.07871319882374
tai80b,1,PGD,120,0.16994285583496094,1130254592.0,38.1028613375573
tai80b,1,PGD,140,0.1967465877532959,1124593280.0,37.41112038674978
tai80b,1,PGD,160,0.22302985191345215,1126216960.0,37.609513612031684
tai80b,1,PGD,180,0.24996447563171387,1125543680.0,37.527247284480815
tai80b,1,PGD,200,0.2797737121582031,1125836032.0,37.56296901302192
tai80b,1,PGD,220,0.30630016326904297,1125137920.0,37.47766852814312
tai80b,1,PGD,240,0.33273959159851074,1125191680.0,37.48423732235821
tai80b,1,PGD,260,0.3591341972351074,1125191680.0,37.48423732235821
tai80b,1,PGD,280,0.38549041748046875,1125191680.0,37.48423732235821
tai80b,1,PGD,300,0.4118161201477051,1124820224.0,37.438850082329196
tai80b,1,PGD,320,0.43814897537231445,1124803584.0,37.436816884119764
tai80b,1,PGD,340,0.4644351005554199,1124803584.0,37.436816884119764
tai80b,1,PGD,360,0.49071788787841797,1124803584.0,37.436816884119764
tai80b,1,PGD,380,0.5170376300811768,1124803584.0,37.436816884119764
tai80b,1,PGD,400,0.5433669090270996,1124820224.0,37.438850082329196
tai80b,1,PGD,420,0.5696427822113037,1124820224.0,37.438850082329196
tai80b,1,PGD,440,0.5959975719451904,1124803584.0,37.436816884119764
tai80b,1,PGD,460,0.622208833694458,1124820224.0,37.438850082329196
tai80b,1,PGD,480,0.6484589576721191,1124803584.0,37.436816884119764
tai80b,1,PGD,500,0.6748385429382324,1124820224.0,37.438850082329196
tai80b,1,PGD,520,0.7011470794677734,1124803584.0,37.436816884119764
tai80b,1,PGD,540,0.727736234664917,1125022592.0,37.463576900553136
tai80b,1,PGD,560,0.754044771194458,1125022592.0,37.463576900553136
tai80b,1,PGD,580,0.782881498336792,1125022592.0,37.463576900553136
tai80b,1,PGD,600,0.809455394744873,1125029888.0,37.46446837976804
tai80b,1,PGD,620,0.8358867168426514,1125022592.0,37.463576900553136
tai80b,1,PGD,640,0.8622987270355225,1125022592.0,37.463576900553136
tai80b,1,PGD,660,0.8885877132415771,1125022592.0,37.463576900553136
tai80b,1,PGD,680,0.9149649143218994,1125022592.0,37.463576900553136
tai80b,1,PGD,700,0.9412937164306641,1125022592.0,37.463576900553136
tai80b,1,PGD,720,0.9675924777984619,1125029888.0,37.46446837976804
tai80b,1,PGD,740,0.9939498901367188,1125022592.0,37.463576900553136
tai80b,1,PGD,760,1.0202116966247559,1125022592.0,37.463576900553136
tai80b,1,PGD,780,1.0464684963226318,1125022592.0,37.463576900553136
tai80b,1,PGD,800,1.0727746486663818,1125029888.0,37.46446837976804
tai80b,1,PGD,820,1.0990281105041504,1125029888.0,37.46446837976804
tai80b,1,PGD,840,1.1252925395965576,1125029888.0,37.46446837976804
tai80b,1,PGD,860,1.1515522003173828,1125022592.0,37.463576900553136
tai80b,1,PGD,880,1.177833080291748,1125029888.0,37.46446837976804
tai80b,1,PGD,900,1.2040894031524658,1125022592.0,37.463576900553136
tai80b,1,PGD,920,1.2303786277770996,1125029888.0,37.46446837976804
tai80b,1,PGD,940,1.2566051483154297,1125022592.0,37.463576900553136
tai80b,1,PGD,960,1.2828648090362549,1125022592.0,37.463576900553136
tai80b,1,PGD,980,1.3116421699523926,1125029888.0,37.46446837976804
tai80b,1,PGD,1000,1.338243007659912,1125029888.0,37.46446837976804
tai80b,1,PGD,1020,1.3646204471588135,1125022592.0,37.463576900553136
tai80b,1,PGD,1040,1.3909707069396973,1125029888.0,37.46446837976804
tai80b,1,PGD,1060,1.417271375656128,1125022592.0,37.463576900553136
tai80b,1,PGD,1080,1.443594217300415,1125022592.0,37.463576900553136
tai80b,1,PGD,1100,1.4698905944824219,1125022592.0,37.463576900553136
tai80b,1,PGD,1120,1.4962987899780273,1125029888.0,37.46446837976804
tai80b,1,PGD,1140,1.5226104259490967,1125022592.0,37.463576900553136
tai80b,1,PGD,1160,1.5489158630371094,1125029888.0,37.46446837976804
tai80b,1,PGD,1180,1.5752520561218262,1125022592.0,37.463576900553136
tai80b,1,PGD,1200,1.6015310287475586,1125022592.0,37.463576900553136
tai80b,1,PGD,1220,1.6278150081634521,1125022592.0,37.463576900553136
tai80b,1,PGD,1240,1.654184341430664,1125029888.0,37.46446837976804
tai80b,1,PGD,1260,1.6804406642913818,1125022592.0,37.463576900553136
tai80b,1,PGD,1280,1.70668363571167,1125029888.0,37.46446837976804
tai80b,1,PGD,1300,1.7329237461090088,1125022592.0,37.463576900553136
tai80b,1,PGD,1320,1.7592158317565918,1125022592.0,37.463576900553136
tai80b,1,PGD,1340,1.7854385375976562,1125029888.0,37.46446837976804
tai80b,1,PGD,1360,1.8117218017578125,1125022592.0,37.463576900553136
tai80b,1,PGD,1380,1.840651273727417,1125022592.0,37.463576900553136
tai80b,1,PGD,1400,1.8670334815979004,1125022592.0,37.463576900553136
tai80b,1,PGD,1420,1.8932645320892334,1125029888.0,37.46446837976804
tai80b,1,PGD,1440,1.919424295425415,1125029888.0,37.46446837976804
tai80b,1,PGD,1460,1.9455289840698242,1125022592.0,37.463576900553136
tai80b,1,PGD,1480,1.9716625213623047,1125022592.0,37.463576900553136
tai80b,1,PGD,1500,1.9978063106536865,1125029888.0,37.46446837976804
tai80b,1,PGD,1520,2.0239315032958984,1125029888.0,37.46446837976804
tai80b,1,PGD,1540,2.0500311851501465,1125029888.0,37.46446837976804
tai80b,1,PGD,1560,2.076159954071045,1125022592.0,37.463576900553136
tai80b,1,PGD,1580,2.102229595184326,1125022592.0,37.463576900553136
tai80b,1,PGD,1600,2.1283512115478516,1125029888.0,37.46446837976804
tai80b,1,PGD,1620,2.1544854640960693,1125029888.0,37.46446837976804
tai80b,1,PGD,1640,2.1805810928344727,1125022592.0,37.463576900553136
tai80b,1,PGD,1660,2.206646203994751,1125029888.0,37.46446837976804
tai80b,1,PGD,1680,2.232731580734253,1125029888.0,37.46446837976804
tai80b,1,PGD,1700,2.258814573287964,1125029888.0,37.46446837976804
tai80b,1,PGD,1720,2.2848684787750244,1125022592.0,37.463576900553136
tai80b,1,PGD,1740,2.310920476913452,1124853632.0,37.442932118734284
tai80b,1,PGD,1760,2.3369789123535156,1125022592.0,37.463576900553136
tai80b,1,PGD,1780,2.3657588958740234,1125022592.0,37.463576900553136
tai80b,1,PGD,1800,2.392152786254883,1125022592.0,37.463576900553136
tai80b,1,PGD,1820,2.4183292388916016,1125022592.0,37.463576900553136
tai80b,1,PGD,1840,2.444481611251831,1125022592.0,37.463576900553136
tai80b,1,PGD,1860,2.4705870151519775,1125022592.0,37.463576900553136
tai80b,1,PGD,1880,2.496699571609497,1125022592.0,37.463576900553136
tai80b,1,PGD,1900,2.522796392440796,1125022592.0,37.463576900553136
tai80b,1,PGD,1920,2.5489184856414795,1125022592.0,37.463576900553136
tai80b,1,PGD,1940,2.5750725269317627,1125022592.0,37.463576900553136
tai80b,1,PGD,1960,2.601208209991455,1124853632.0,37.442932118734284
tai80b,1,PGD,1980,2.627312421798706,1124853632.0,37.442932118734284
tai80b,1,PGD,2000,2.653470277786255,1124853632.0,37.442932118734284
tai80b,1,PGD,2020,2.6795356273651123,1124853632.0,37.442932118734284
tai80b,1,PGD,2040,2.705591917037964,1124853632.0,37.442932118734284
tai80b,1,PGD,2060,2.7316536903381348,1124853632.0,37.442932118734284
tai80b,1,PGD,2080,2.757734775543213,1124795648.0,37.43584720497372
tai80b,1,PGD,2100,2.7837958335876465,1124853632.0,37.442932118734284
tai80b,1,PGD,2120,2.809887647628784,1124853632.0,37.442932118734284
tai80b,1,PGD,2140,2.835963487625122,1124853632.0,37.442932118734284
tai80b,1,PGD,2160,2.862056016921997,1124853632.0,37.442932118734284
tai80b,1,PGD,2180,2.8919589519500732,1124795648.0,37.43584720497372
tai80b,1,PGD,2200,2.918574094772339,1124853632.0,37.442932118734284
tai80b,1,PGD,2220,2.944979667663574,1124853632.0,37.442932118734284
tai80b,1,PGD,2240,2.971378803253174,1124795648.0,37.43584720497372
tai80b,1,PGD,2260,2.9977502822875977,1124795648.0,37.43584720497372
tai80b,1,PGD,2280,3.024049997329712,1124795648.0,37.43584720497372
tai80b,1,PGD,2300,3.0503456592559814,1124795648.0,37.43584720497372
tai80b,1,PGD,2320,3.076700448989868,1124853632.0,37.442932118734284
tai80b,1,PGD,2340,3.1029720306396484,1124795648.0,37.43584720497372
tai80b,1,PGD,2360,3.1292829513549805,1124853632.0,37.442932118734284
tai80b,1,PGD,2380,3.1556344032287598,1124853632.0,37.442932118734284
tai80b,1,PGD,2400,3.181919574737549,1124853632.0,37.442932118734284
tai80b,1,PGD,2420,3.2081916332244873,1124795648.0,37.43584720497372
tai80b,1,PGD,2440,3.234553337097168,1124853632.0,37.442932118734284
tai80b,1,PGD,2460,3.260830879211426,1124795648.0,37.43584720497372
tai80b,1,PGD,2480,3.2870731353759766,1124853632.0,37.442932118734284
tai80b,1,PGD,2500,3.313396692276001,1124853632.0,37.442932118734284
tai80b,1,SK,1,0.027105093002319336,1168902016.0,42.82508929885347
tai80b,1,SK,20,0.3207240104675293,1095718144.0,33.88294281389449
tai80b,1,SK,40,0.6274645328521729,1048531072.0,28.117277531517708
tai80b,1,SK,60,0.9341516494750977,967937216.0,18.26972442391922
tai80b,1,SK,80,1.2423219680786133,926639488.0,13.223662727812298
tai80b,1,SK,100,1.5509259700775146,918577536.0,12.238593835328611
tai80b,1,SK,120,1.8573925495147705,897513856.0,9.664877701911937
tai80b,1,SK,140,2.1642038822174072,891389184.0,8.91652000096484
tai80b,1,SK,160,2.4706544876098633,878634112.0,7.358011013490132
tai80b,1,SK,180,2.7773287296295166,873305216.0,6.706887106912573
tai80b,1,SK,200,3.0839920043945312,867576448.0,6.006903883363737
tai80b,1,SK,220,3.390211582183838,868201664.0,6.083297396086597
tai80b,1,SK,240,3.696747064590454,890597888.0,8.819833606113225
tai80b,1,SK,260,4.003219842910767,874197120.0,6.815866530938141
tai80b,1,SK,280,4.309440851211548,873799296.0,6.767257453746485
tai80b,1,SK,300,4.616994857788086,872896640.0,6.656964270877899
tai80b,1,SK,320,4.924213886260986,860337152.0,5.122353182357133
tai80b,1,SK,340,5.232012033462524,859260928.0,4.9908521781655475
tai80b,1,SK,360,5.538206100463867,861966656.0,5.321458027012341
tai80b,1,SK,380,5.844719409942627,869188352.0,6.203858229912814
tai80b,1,SK,400,6.150776147842407,869149824.0,6.1991505940586675
tai80b,1,SK,420,6.457113981246948,874711808.0,6.878754915554502
tai80b,1,SK,440,6.763316869735718,874627968.0,6.86851072457621
tai80b,1,SK,460,7.069553852081299,874627968.0,6.86851072457621
tai80b,1,SK,480,7.376610994338989,874571904.0,6.861660410609045
tai80b,1,SK,500,7.682967901229858,874577152.0,6.862301650044328
tai80b,1,SK,520,7.989224672317505,874605568.0,6.865773726986589
tai80b,1,SK,540,8.295580625534058,874709376.0,6.878457755816202
tai80b,1,SK,560,8.601826190948486,876161280.0,7.055862119582276
tai80b,1,SK,580,8.908472776412964,875955712.0,7.030744301702676
tai80b,1,SK,600,9.214563369750977,875955712.0,7.030744301702676
tai80b,1,SK,620,9.520740032196045,885947904.0,8.251664186480502
tai80b,1,SK,640,9.827366352081299,896017664.0,9.482061902911527
tai80b,1,SK,660,10.133418321609497,915328768.0,11.841635344916309
tai80b,1,SK,680,10.439558982849121,886393920.0,8.306161718486399
tai80b,1,SK,700,10.74616265296936,886393920.0,8.306161718486399
tai80b,1,SK,720,11.052416563034058,879930112.0,7.51636587403245
tai80b,1,SK,740,11.358635902404785,879532928.0,7.467834996771925
tai80b,1,SK,760,11.665198564529419,879551744.0,7.4701340747472065
tai80b,1,SK,780,11.971893072128296,877328384.0,7.198467513994608
tai80b,1,SK,800,12.277936220169067,882162688.0,7.78915851379335
tai80b,1,SK,820,12.5846848487854,880029568.0,7.528518143330364
tai80b,1,SK,840,12.890674591064453,887682368.0,8.463593819841359
tai80b,1,SK,860,13.197554588317871,887682368.0,8.463593819841359
tai80b,1,SK,880,13.504278421401978,892915264.0,9.102987736749116
tai80b,1,SK,900,13.810996770858765,890165760.0,8.767033012612893
tai80b,1,SK,920,14.117023468017578,886402176.0,8.307170497598001
tai80b,1,SK,940,14.424370050430298,885886080.0,8.24411007313315
tai80b,1,SK,960,14.73089599609375,885905664.0,8.246502991025789
tai80b,1,SK,980,15.037025690078735,885905664.0,8.246502991025789
tai80b,1,SK,1000,15.344197511672974,885905664.0,8.246502991025789
tai80b,1,SK,1020,15.651337385177612,886257664.0,8.289512953148394
tai80b,1,SK,1040,15.958454847335815,912950528.0,11.551044400829763
tai80b,1,SK,1060,16.265583992004395,912950528.0,11.551044400829763
tai80b,1,SK,1080,16.572678565979004,912950528.0,11.551044400829763
tai80b,1,SK,1100,16.879844903945923,912950528.0,11.551044400829763
tai80b,1,SK,1120,17.18684458732605,912947584.0,11.550684681146556
tai80b,1,SK,1140,17.494245767593384,912947584.0,11.550684681146556
tai80b,1,SK,1160,17.801398992538452,912947584.0,11.550684681146556
tai80b,1,SK,1180,18.108514308929443,912947584.0,11.550684681146556
tai80b,1,SK,1200,18.4155216217041,911786432.0,11.408806546093754
tai80b,1,SK,1220,18.72274088859558,878529472.0,7.345225324750048
tai80b,1,SK,1240,19.029805898666382,912199296.0,11.459253321667012
tai80b,1,SK,1260,19.337031364440918,913526528.0,11.621424338848572
tai80b,1,SK,1280,19.644124507904053,913508608.0,11.619234740776875
tai80b,1,SK,1300,19.951358795166016,915164736.0,11.821592702567173
tai80b,1,SK,1320,20.25836730003357,915164736.0,11.821592702567173
tai80b,1,SK,1340,20.56555485725403,915079232.0,11.811145191767938
tai80b,1,SK,1360,20.872694730758667,915079232.0,11.811145191767938
tai80b,1,SK,1380,21.179945707321167,915079232.0,11.811145191767938
tai80b,1,SK,1400,21.486950874328613,915079232.0,11.811145191767938
tai80b,1,SK,1420,21.79415273666382,915173632.0,11.822679681609909
tai80b,1,SK,1440,22.101202487945557,915173632.0,11.822679681609909
tai80b,1,SK,1460,22.40835189819336,915173632.0,11.822679681609909
tai80b,1,SK,1480,22.71584177017212,915173632.0,11.822679681609909
tai80b,1,SK,1500,23.02321743965149,915173632.0,11.822679681609909
tai80b,1,SK,1520,23.330286502838135,915079232.0,11.811145191767938
tai80b,1,SK,1540,23.637428522109985,915079232.0,11.811145191767938
tai80b,1,SK,1560,23.944862127304077,915079232.0,11.811145191767938
tai80b,1,SK,1580,24.252063035964966,915079232.0,11.811145191767938
tai80b,1,SK,1600,24.559129238128662,915079232.0,11.811145191767938
tai80b,1,SK,1620,24.866430521011353,915079232.0,11.811145191767938
tai80b,1,SK,1640,25.173444509506226,915079232.0,11.811145191767938
tai80b,1,SK,1660,25.4806969165802,915079232.0,11.811145191767938
tai80b,1,SK,1680,25.78769063949585,915079232.0,11.811145191767938
tai80b,1,SK,1700,26.09496545791626,915079232.0,11.811145191767938
tai80b,1,SK,1720,26.40200972557068,915079232.0,11.811145191767938
tai80b,1,SK,1740,26.709171533584595,915079232.0,11.811145191767938
tai80b,1,SK,1760,27.01883029937744,915079232.0,11.811145191767938
tai80b,1,SK,1780,27.3261079788208,915079232.0,11.811145191767938
tai80b,1,SK,1800,27.63317084312439,915079232.0,11.811145191767938
tai80b,1,SK,1820,27.94037890434265,915079232.0,11.811145191767938
tai80b,1,SK,1840,28.24738121032715,915079232.0,11.811145191767938
tai80b,1,SK,1860,28.55451202392578,915079232.0,11.811145191767938
tai80b,1,SK,1880,28.86164164543152,915079232.0,11.811145191767938
tai80b,1,SK,1900,29.16865849494934,915079232.0,11.811145191767938
tai80b,1,SK,1920,29.475733518600464,915079232.0,11.811145191767938
tai80b,1,SK,1940,29.78296709060669,915079232.0,11.811145191767938
tai80b,1,SK,1960,30.089999437332153,915079232.0,11.811145191767938
tai80b,1,SK,1980,30.39736294746399,915079232.0,11.811145191767938
tai80b,1,SK,2000,30.704413890838623,915079232.0,11.811145191767938
tai80b,1,SK,2020,31.01168942451477,915079232.0,11.811145191767938
tai80b,1,SK,2040,31.31878900527954,915079232.0,11.811145191767938
tai80b,1,SK,2060,31.625951051712036,915079232.0,11.811145191767938
tai80b,1,SK,2080,31.932958364486694,915079232.0,11.811145191767938
tai80b,1,SK,2100,32.240482568740845,915079232.0,11.811145191767938
tai80b,1,SK,2120,32.54760479927063,915079232.0,11.811145191767938
tai80b,1,SK,2140,32.85721254348755,915079232.0,11.811145191767938
tai80b,1,SK,2160,33.16413712501526,915079232.0,11.811145191767938
tai80b,1,SK,2180,33.47169375419617,915079232.0,11.811145191767938
tai80b,1,SK,2200,33.77883291244507,915079232.0,11.811145191767938
tai80b,1,SK,2220,34.08598804473877,886347776.0,8.300523503451782
tai80b,1,SK,2240,34.39307761192322,909581184.0,11.139353043392191
tai80b,1,SK,2260,34.70036172866821,902258496.0,10.244612891359086
tai80b,1,SK,2280,35.00738787651062,896289920.0,9.515328153615084
tai80b,1,SK,2300,35.314831256866455,896289920.0,9.515328153615084
tai80b,1,SK,2320,35.622060775756836,896365952.0,9.524618305433567
tai80b,1,SK,2340,35.929208517074585,896365952.0,9.524618305433567
tai80b,1,SK,2360,36.23650574684143,902312064.0,10.251158225594835
tai80b,1,SK,2380,36.546292543411255,902312064.0,10.251158225594835
tai80b,1,SK,2400,36.853471755981445,902312064.0,10.251158225594835
tai80b,1,SK,2420,37.160979986190796,902312064.0,10.251158225594835
tai80b,1,SK,2440,37.46795654296875,902312064.0,10.251158225594835
tai80b,1,SK,2460,37.775240898132324,902312064.0,10.251158225594835
tai80b,1,SK,2480,38.08223223686218,902312064.0,10.251158225594835
tai80b,1,SK,2500,38.3895366191864,902312064.0,10.251158225594835
tai80b,2,PGD,1,0.009917259216308594,1174461696.0,43.50441210059723
tai80b,2,PGD,20,0.03711199760437012,1161253120.0,41.890490641922376
tai80b,2,PGD,40,0.06522750854492188,1140597888.0,39.36668170455415
tai80b,2,PGD,60,0.09206986427307129,1139176064.0,39.19295273755129
tai80b,2,PGD,80,0.11846470832824707,1150152704.0,40.53415975639636
tai80b,2,PGD,100,0.14653635025024414,1130056960.0,38.07871319882374
tai80b,2,PGD,120,0.17286992073059082,1130254592.0,38.1028613375573
tai80b,2,PGD,140,0.19974565505981445,1124593280.0,37.41112038674978
tai80b,2,PGD,160,0.22609949111938477,1126216960.0,37.609513612031684
tai80b,2,PGD,180,0.2524383068084717,1125543680.0,37.527247284480815
tai80b,2,PGD,200,0.2787942886352539,1125836032.0,37.56296901302192
tai80b,2,PGD,220,0.3051590919494629,1125137920.0,37.47766852814312
tai80b,2,PGD,240,0.331467866897583,1125191680.0,37.48423732235821
tai80b,2,PGD,260,0.3578071594238281,1125191680.0,37.48423732235821
tai80b,2,PGD,280,0.38675713539123535,1125191680.0,37.48423732235821
tai80b,2,PGD,300,0.41324663162231445,1124820224.0,37.438850082329196
tai80b,2,PGD,320,0.43975281715393066,1124803584.0,37.436816884119764
tai80b,2,PGD,340,0.4661874771118164,1124803584.0,37.436816884119764
tai80b,2,PGD,360,0.4926178455352783,1124803584.0,37.436816884119764
tai80b,2,PGD,380,0.5190279483795166,1124803584.0,37.436816884119764
tai80b,2,PGD,400,0.5453956127166748,1124820224.0,37.438850082329196
tai80b,2,PGD,420,0.571768045425415,1124820224.0,37.438850082329196
tai80b,2,PGD,440,0.5981595516204834,1124803584.0,37.436816884119764
tai80b,2,PGD,460,0.6245276927947998,1124820224.0,37.438850082329196
tai80b,2,PGD,480,0.650883674621582,1124803584.0,37.436816884119764
tai80b,2,PGD,500,0.6772196292877197,1124820224.0,37.438850082329196
tai80b,2,PGD,520,0.7035794258117676,1124803584.0,37.436816884119764
tai80b,2,PGD,540,0.7299094200134277,1125022592.0,37.463576900553136
tai80b,2,PGD,560,0.756230354309082,1125022592.0,37.463576900553136
tai80b,2,PGD,580,0.7825615406036377,1125022592.0,37.463576900553136
tai80b,2,PGD,600,0.8089377880096436,1125029888.0,37.46446837976804
tai80b,2,PGD,620,0.8352377414703369,1125022592.0,37.463576900553136
tai80b,2,PGD,640,0.8615763187408447,1125022592.0,37.463576900553136
tai80b,2,PGD,660,0.8878636360168457,1125022592.0,37.463576900553136
tai80b,2,PGD,680,0.9166452884674072,1125022592.0,37.463576900553136
tai80b,2,PGD,700,0.94319748878479,1125022592.0,37.463576900553136
tai80b,2,PGD,720,0.9696617126464844,1125029888.0,37.46446837976804
tai80b,2,PGD,740,0.996018648147583,1125022592.0,37.463576900553136
tai80b,2,PGD,760,1.0224244594573975,1125022592.0,37.463576900553136
tai80b,2,PGD,780,1.0487926006317139,1125022592.0,37.463576900553136
tai80b,2,PGD,800,1.0751760005950928,1125029888.0,37.46446837976804
tai80b,2,PGD,820,1.1015605926513672,1125029888.0,37.46446837976804
tai80b,2,PGD,840,1.1279456615447998,1125029888.0,37.46446837976804
tai80b,2,PGD,860,1.1543116569519043,1125022592.0,37.463576900553136
tai80b,2,PGD,880,1.1807515621185303,1125029888.0,37.46446837976804
tai80b,2,PGD,900,1.2071146965026855,1125022592.0,37.463576900553136
tai80b,2,PGD,920,1.2334680557250977,1125029888.0,37.46446837976804
tai80b,2,PGD,940,1.2598626613616943,1125022592.0,37.463576900553136
tai80b,2,PGD,960,1.286189079284668,1125022592.0,37.463576900553136
tai80b,2,PGD,980,1.3124759197235107,1125029888.0,37.46446837976804
tai80b,2,PGD,1000,1.33888578414917,1125029888.0,37.46446837976804
tai80b,2,PGD,1020,1.3651995658874512,1125022592.0,37.463576900553136
tai80b,2,PGD,1040,1.3915369510650635,1125029888.0,37.46446837976804
tai80b,2,PGD,1060,1.4178619384765625,1125022592.0,37.463576900553136
tai80b,2,PGD,1080,1.4466564655303955,1125022592.0,37.463576900553136
tai80b,2,PGD,1100,1.4731125831604004,1125022592.0,37.463576900553136
tai80b,2,PGD,1120,1.4996223449707031,1125029888.0,37.46446837976804
tai80b,2,PGD,1140,1.5260541439056396,1125022592.0,37.463576900553136
tai80b,2,PGD,1160,1.552436113357544,1125029888.0,37.46446837976804
tai80b,2,PGD,1180,1.5788605213165283,1125022592.0,37.463576900553136
tai80b,2,PGD,1200,1.6052765846252441,1125022592.0,37.463576900553136
tai80b,2,PGD,1220,1.6316397190093994,1125022592.0,37.463576900553136
tai80b,2,PGD,1240,1.6580355167388916,1125029888.0,37.46446837976804
tai80b,2,PGD,1260,1.6843938827514648,1125022592.0,37.463576900553136
tai80b,2,PGD,1280,1.7107384204864502,1125029888.0,37.46446837976804
tai80b,2,PGD,1300,1.7370779514312744,1125022592.0,37.463576900553136
tai80b,2,PGD,1320,1.763394832611084,1125022592.0,37.463576900553136
tai80b,2,PGD,1340,1.7897043228149414,1125029888.0,37.46446837976804
tai80b,2,PGD,1360,1.8160488605499268,1125022592.0,37.463576900553136
tai80b,2,PGD,1380,1.8423807621002197,1125022592.0,37.463576900553136
tai80b,2,PGD,1400,1.8687129020690918,1125022592.0,37.463576900553136
tai80b,2,PGD,1420,1.8950228691101074,1125029888.0,37.46446837976804
tai80b,2,PGD,1440,1.9213550090789795,1125029888.0,37.46446837976804
tai80b,2,PGD,1460,1.9476511478424072,1125022592.0,37.463576900553136
tai80b,2,PGD,1480,1.9764902591705322,1125022592.0,37.463576900553136
tai80b,2,PGD,1500,2.0030264854431152,1125029888.0,37.46446837976804
tai80b,2,PGD,1520,2.0294337272644043,1125029888.0,37.46446837976804
tai80b,2,PGD,1540,2.055790662765503,1125029888.0,37.46446837976804
tai80b,2,PGD,1560,2.082165479660034,1125022592.0,37.463576900553136
tai80b,2,PGD,1580,2.1085445880889893,1125022592.0,37.463576900553136
tai80b,2,PGD,1600,2.1349000930786133,1125029888.0,37.46446837976804
tai80b,2,PGD,1620,2.161268949508667,1125029888.0,37.46446837976804
tai80b,2,PGD,1640,2.1876420974731445,1125022592.0,37.463576900553136
tai80b,2,PGD,1660,2.2140069007873535,1125029888.0,37.46446837976804
tai80b,2,PGD,1680,2.2404439449310303,1125029888.0,37.46446837976804
tai80b,2,PGD,1700,2.2667770385742188,1125029888.0,37.46446837976804
tai80b,2,PGD,1720,2.2930712699890137,1125022592.0,37.463576900553136
tai80b,2,PGD,1740,2.3194611072540283,1124853632.0,37.442932118734284
tai80b,2,PGD,1760,2.3457796573638916,1125022592.0,37.463576900553136
tai80b,2,PGD,1780,2.3720855712890625,1125022592.0,37.463576900553136
tai80b,2,PGD,1800,2.39847993850708,1125022592.0,37.463576900553136
tai80b,2,PGD,1820,2.4248130321502686,1125022592.0,37.463576900553136
tai80b,2,PGD,1840,2.4511563777923584,1125022592.0,37.463576900553136
tai80b,2,PGD,1860,2.4774670600891113,1125022592.0,37.463576900553136
tai80b,2,PGD,1880,2.5063347816467285,1125022592.0,37.463576900553136
tai80b,2,PGD,1900,2.5328316688537598,1125022592.0,37.463576900553136
tai80b,2,PGD,1920,2.5593507289886475,1125022592.0,37.463576900553136
tai80b,2,PGD,1940,2.585766553878784,1125022592.0,37.463576900553136
tai80b,2,PGD,1960,2.6121175289154053,1124853632.0,37.442932118734284
tai80b,2,PGD,1980,2.6385581493377686,1124853632.0,37.442932118734284
tai80b,2,PGD,2000,2.6649341583251953,1124853632.0,37.442932118734284
tai80b,2,PGD,2020,2.691288709640503,1124853632.0,37.442932118734284
tai80b,2,PGD,2040,2.717665910720825,1124853632.0,37.442932118734284
tai80b,2,PGD,2060,2.7439913749694824,1124853632.0,37.442932118734284
tai80b,2,PGD,2080,2.7703568935394287,1124795648.0,37.43584720497372
tai80b,2,PGD,2100,2.796689033508301,1124853632.0,37.442932118734284
tai80b,2,PGD,2120,2.82303786277771,1124853632.0,37.442932118734284
tai80b,2,PGD,2140,2.8493833541870117,1124853632.0,37.442932118734284
tai80b,2,PGD,2160,2.8757359981536865,1124853632.0,37.442932118734284
tai80b,2,PGD,2180,2.9020793437957764,1124795648.0,37.43584720497372
tai80b,2,PGD,2200,2.928391218185425,1124853632.0,37.442932118734284
tai80b,2,PGD,2220,2.954683303833008,1124853632.0,37.442932118734284
tai80b,2,PGD,2240,2.981039047241211,1124795648.0,37.43584720497372
tai80b,2,PGD,2260,3.0073325634002686,1124795648.0,37.43584720497372
tai80b,2,PGD,2280,3.0362818241119385,1124795648.0,37.43584720497372
tai80b,2,PGD,2300,3.0628135204315186,1124795648.0,37.43584720497372
tai80b,2,PGD,2320,3.0892653465270996,1124853632.0,37.442932118734284
tai80b,2,PGD,2340,3.115636110305786,1124795648.0,37.43584720497372
tai80b,2,PGD,2360,3.1420202255249023,1124853632.0,37.442932118734284
tai80b,2,PGD,2380,3.1683545112609863,1124853632.0,37.442932118734284
tai80b,2,PGD,2400,3.194716215133667,1124853632.0,37.442932118734284
tai80b,2,PGD,2420,3.2210843563079834,1124795648.0,37.43584720497372
tai80b,2,PGD,2440,3.2474496364593506,1124853632.0,37.442932118734284
tai80b,2,PGD,2460,3.273806095123291,1124795648.0,37.43584720497372
tai80b,2,PGD,2480,3.300252914428711,1124853632.0,37.442932118734284
tai80b,2,PGD,2500,3.326568603515625,1124853632.0,37.442932118734284
tai80b,2,SK,1,0.03041219711303711,1168902016.0,42.82508929885347
tai80b,2,SK,20,0.33241915702819824,1095718144.0,33.88294281389449
tai80b,2,SK,40,0.6413776874542236,1048531072.0,28.117277531517708
tai80b,2,SK,60,0.9490606784820557,967937216.0,18.26972442391922
tai80b,2,SK,80,1.2564280033111572,926639488.0,13.223662727812298
tai80b,2,SK,100,1.5642294883728027,918577536.0,12.238593835328611
tai80b,2,SK,120,1.8716309070587158,897513856.0,9.664877701911937
tai80b,2,SK,140,2.17926287651062,891389184.0,8.91652000096484
tai80b,2,SK,160,2.4866626262664795,878634112.0,7.358011013490132
tai80b,2,SK,180,2.794374704360962,873305216.0,6.706887106912573
tai80b,2,SK,200,3.1019484996795654,867576448.0,6.006903883363737
tai80b,2,SK,220,3.409425735473633,868201664.0,6.083297396086597
tai80b,2,SK,240,3.7166969776153564,890597888.0,8.819833606113225
tai80b,2,SK,260,4.023775577545166,874197120.0,6.815866530938141
tai80b,2,SK,280,4.3310112953186035,873799296.0,6.767257453746485
tai80b,2,SK,300,4.638251543045044,872896640.0,6.656964270877899
tai80b,2,SK,320,4.945803642272949,860337152.0,5.122353182357133
tai80b,2,SK,340,5.253436803817749,859260928.0,4.9908521781655475
tai80b,2,SK,360,5.560755729675293,861966656.0,5.321458027012341
tai80b,2,SK,380,5.8680031299591064,869188352.0,6.203858229912814
tai80b,2,SK,400,6.177749872207642,869149824.0,6.1991505940586675
tai80b,2,SK,420,6.484961032867432,874711808.0,6.878754915554502
tai80b,2,SK,440,6.792291641235352,874627968.0,6.86851072457621
tai80b,2,SK,460,7.09966516494751,874627968.0,6.86851072457621
tai80b,2,SK,480,7.40690803527832,874571904.0,6.861660410609045
tai80b,2,SK,500,7.714459419250488,874577152.0,6.862301650044328
tai80b,2,SK,520,8.021620750427246,874605568.0,6.865773726986589
tai80b,2,SK,540,8.328906059265137,874709376.0,6.878457755816202
tai80b,2,SK,560,8.63602876663208,876161280.0,7.055862119582276
tai80b,2,SK,580,8.94348955154419,875955712.0,7.030744301702676
tai80b,2,SK,600,9.251022577285767,875955712.0,7.030744301702676
tai80b,2,SK,620,9.558531284332275,885947904.0,8.251664186480502
tai80b,2,SK,640,9.865814208984375,896017664.0,9.482061902911527
tai80b,2,SK,660,10.17314076423645,915328768.0,11.841635344916309
tai80b,2,SK,680,10.48064374923706,886393920.0,8.306161718486399
tai80b,2,SK,700,10.788128852844238,886393920.0,8.306161718486399
tai80b,2,SK,720,11.095372200012207,879930112.0,7.51636587403245
tai80b,2,SK,740,11.402606010437012,879532928.0,7.467834996771925
tai80b,2,SK,760,11.710022926330566,879551744.0,7.4701340747472065
tai80b,2,SK,780,12.017297983169556,877328384.0,7.198467513994608
tai80b,2,SK,800,12.324383020401001,882162688.0,7.78915851379335
tai80b,2,SK,820,12.632092475891113,880029568.0,7.528518143330364
tai80b,2,SK,840,12.939552307128906,887682368.0,8.463593819841359
tai80b,2,SK,860,13.247138261795044,887682368.0,8.463593819841359
tai80b,2,SK,880,13.554333448410034,892915264.0,9.102987736749116
tai80b,2,SK,900,13.861640214920044,890165760.0,8.767033012612893
tai80b,2,SK,920,14.168952226638794,886402176.0,8.307170497598001
tai80b,2,SK,940,14.476395606994629,885886080.0,8.24411007313315
tai80b,2,SK,960,14.783611536026001,885905664.0,8.246502991025789
tai80b,2,SK,980,15.09119963645935,885905664.0,8.246502991025789
tai80b,2,SK,1000,15.39831256866455,885905664.0,8.246502991025789
tai80b,2,SK,1020,15.708236455917358,886257664.0,8.289512953148394
tai80b,2,SK,1040,16.015613317489624,912950528.0,11.551044400829763
tai80b,2,SK,1060,16.323067665100098,912950528.0,11.551044400829763
tai80b,2,SK,1080,16.630472660064697,912950528.0,11.551044400829763
tai80b,2,SK,1100,16.937852382659912,912950528.0,11.551044400829763
tai80b,2,SK,1120,17.245245933532715,912947584.0,11.550684681146556
tai80b,2,SK,1140,17.552640676498413,912947584.0,11.550684681146556
tai80b,2,SK,1160,17.85978651046753,912947584.0,11.550684681146556
tai80b,2,SK,1180,18.16722321510315,912947584.0,11.550684681146556
tai80b,2,SK,1200,18.474573612213135,911786432.0,11.408806546093754
tai80b,2,SK,1220,18.7848117351532,878529472.0,7.345225324750048
tai80b,2,SK,1240,19.092190504074097,912199296.0,11.459253321667012
tai80b,2,SK,1260,19.399534225463867,913526528.0,11.621424338848572
tai80b,2,SK,1280,19.706888675689697,913508608.0,11.619234740776875
tai80b,2,SK,1300,20.014679670333862,915164736.0,11.821592702567173
tai80b,2,SK,1320,20.32182478904724,915164736.0,11.821592702567173
tai80b,2,SK,1340,20.629156827926636,915079232.0,11.811145191767938
tai80b,2,SK,1360,20.936596870422363,915079232.0,11.811145191767938
tai80b,2,SK,1380,21.243940830230713,915079232.0,11.811145191767938
tai80b,2,SK,1400,21.551156520843506,915079232.0,11.811145191767938
tai80b,2,SK,1420,21.858709812164307,915173632.0,11.822679681609909
tai80b,2,SK,1440,22.166205883026123,915173632.0,11.822679681609909
tai80b,2,SK,1460,22.473807334899902,915173632.0,11.822679681609909
tai80b,2,SK,1480,22.781237840652466,915173632.0,11.822679681609909
tai80b,2,SK,1500,23.088770151138306,915173632.0,11.822679681609909
tai80b,2,SK,1520,23.395989656448364,915079232.0,11.811145191767938
tai80b,2,SK,1540,23.703322649002075,915079232.0,11.811145191767938
tai80b,2,SK,1560,24.010746002197266,915079232.0,11.811145191767938
tai80b,2,SK,1580,24.31790852546692,915079232.0,11.811145191767938
tai80b,2,SK,1600,24.625406742095947,915079232.0,11.811145191767938
tai80b,2,SK,1620,24.932833671569824,915079232.0,11.811145191767938
tai80b,2,SK,1640,25.24019145965576,915079232.0,11.811145191767938
tai80b,2,SK,1660,25.547723293304443,915079232.0,11.811145191767938
tai80b,2,SK,1680,25.85509943962097,915079232.0,11.811145191767938
tai80b,2,SK,1700,26.16265606880188,915079232.0,11.811145191767938
tai80b,2,SK,1720,26.469929218292236,915079232.0,11.811145191767938
tai80b,2,SK,1740,26.777784824371338,915079232.0,11.811145191767938
tai80b,2,SK,1760,27.084879398345947,915079232.0,11.811145191767938
tai80b,2,SK,1780,27.392237663269043,915079232.0,11.811145191767938
tai80b,2,SK,1800,27.699589252471924,915079232.0,11.811145191767938
tai80b,2,SK,1820,28.007155418395996,915079232.0,11.811145191767938
tai80b,2,SK,1840,28.314244747161865,915079232.0,11.811145191767938
tai80b,2,SK,1860,28.622101068496704,915079232.0,11.811145191767938
tai80b,2,SK,1880,28.92961883544922,915079232.0,11.811145191767938
tai80b,2,SK,1900,29.2374587059021,915079232.0,11.811145191767938
tai80b,2,SK,1920,29.544679641723633,915079232.0,11.811145191767938
tai80b,2,SK,1940,29.852439403533936,915079232.0,11.811145191767938
tai80b,2,SK,1960,30.159667253494263,915079232.0,11.811145191767938
tai80b,2,SK,1980,30.46691107749939,915079232.0,11.811145191767938
tai80b,2,SK,2000,30.77447199821472,915079232.0,11.811145191767938
tai80b,2,SK,2020,31.0819411277771,915079232.0,11.811145191767938
tai80b,2,SK,2040,31.389108180999756,915079232.0,11.811145191767938
tai80b,2,SK,2060,31.697392225265503,915079232.0,11.811145191767938
tai80b,2,SK,2080,32.00642991065979,915079232.0,11.811145191767938
tai80b,2,SK,2100,32.31376361846924,915079232.0,11.811145191767938
tai80b,2,SK,2120,32.621180057525635,915079232.0,11.811145191767938
tai80b,2,SK,2140,32.928996324539185,915079232.0,11.811145191767938
tai80b,2,SK,2160,33.23662042617798,915079232.0,11.811145191767938
tai80b,2,SK,2180,33.54395818710327,915079232.0,11.811145191767938
tai80b,2,SK,2200,33.85164165496826,915079232.0,11.811145191767938
tai80b,2,SK,2220,34.15900683403015,886347776.0,8.300523503451782
tai80b,2,SK,2240,34.46611166000366,909581184.0,11.139353043392191
tai80b,2,SK,2260,34.77377390861511,902258496.0,10.244612891359086
tai80b,2,SK,2280,35.081252098083496,896289920.0,9.515328153615084
tai80b,2,SK,2300,35.388625383377075,896289920.0,9.515328153615084
tai80b,2,SK,2320,35.6963415145874,896365952.0,9.524618305433567
tai80b,2,SK,2340,36.00363850593567,896365952.0,9.524618305433567
tai80b,2,SK,2360,36.31138896942139,902312064.0,10.251158225594835
tai80b,2,SK,2380,36.61867070198059,902312064.0,10.251158225594835
tai80b,2,SK,2400,36.92635917663574,902312064.0,10.251158225594835
tai80b,2,SK,2420,37.2340772151947,902312064.0,10.251158225594835
tai80b,2,SK,2440,37.541377544403076,902312064.0,10.251158225594835
tai80b,2,SK,2460,37.84917449951172,902312064.0,10.251158225594835
tai80b,2,SK,2480,38.15791392326355,902312064.0,10.251158225594835
tai80b,2,SK,2500,38.4657838344574,902312064.0,10.251158225594835
tai80b,3,PGD,1,0.009974002838134766,1174461696.0,43.50441210059723
tai80b,3,PGD,20,0.03719067573547363,1161253120.0,41.890490641922376
tai80b,3,PGD,40,0.06537771224975586,1140597888.0,39.36668170455415
tai80b,3,PGD,60,0.09225678443908691,1139176064.0,39.19295273755129
tai80b,3,PGD,80,0.11868166923522949,1150152704.0,40.53415975639636
tai80b,3,PGD,100,0.1455230712890625,1130056960.0,38.07871319882374
tai80b,3,PGD,120,0.1719808578491211,1130254592.0,38.1028613375573
tai80b,3,PGD,140,0.198805570602417,1124593280.0,37.41112038674978
tai80b,3,PGD,160,0.2252030372619629,1126216960.0,37.609513612031684
tai80b,3,PGD,180,0.2516179084777832,1125543680.0,37.527247284480815
tai80b,3,PGD,200,0.27800726890563965,1125836032.0,37.56296901302192
tai80b,3,PGD,220,0.3043701648712158,1125137920.0,37.47766852814312
tai80b,3,PGD,240,0.33071351051330566,1125191680.0,37.48423732235821
tai80b,3,PGD,260,0.35706233978271484,1125191680.0,37.48423732235821
tai80b,3,PGD,280,0.3833765983581543,1125191680.0,37.48423732235821
tai80b,3,PGD,300,0.40969395637512207,1124820224.0,37.438850082329196
tai80b,3,PGD,320,0.436115026473999,1124803584.0,37.436816884119764
tai80b,3,PGD,340,0.46241164207458496,1124803584.0,37.436816884119764
tai80b,3,PGD,360,0.48967409133911133,1124803584.0,37.436816884119764
tai80b,3,PGD,380,0.519416093826294,1124803584.0,37.436816884119764
tai80b,3,PGD,400,0.5460696220397949,1124820224.0,37.438850082329196
tai80b,3,PGD,420,0.5725693702697754,1124820224.0,37.438850082329196
tai80b,3,PGD,440,0.5989968776702881,1124803584.0,37.436816884119764
tai80b,3,PGD,460,0.6253657341003418,1124820224.0,37.438850082329196
tai80b,3,PGD,480,0.6518011093139648,1124803584.0,37.436816884119764
tai80b,3,PGD,500,0.6781735420227051,1124820224.0,37.438850082329196
tai80b,3,PGD,520,0.7046058177947998,1124803584.0,37.436816884119764
tai80b,3,PGD,540,0.7309587001800537,1125022592.0,37.463576900553136
tai80b,3,PGD,560,0.7573518753051758,1125022592.0,37.463576900553136
tai80b,3,PGD,580,0.7837681770324707,1125022592.0,37.463576900553136
tai80b,3,PGD,600,0.8101282119750977,1125029888.0,37.46446837976804
tai80b,3,PGD,620,0.8365218639373779,1125022592.0,37.463576900553136
tai80b,3,PGD,640,0.8628876209259033,1125022592.0,37.463576900553136
tai80b,3,PGD,660,0.8892505168914795,1125022592.0,37.463576900553136
tai80b,3,PGD,680,0.9156687259674072,1125022592.0,37.463576900553136
tai80b,3,PGD,700,0.9420020580291748,1125022592.0,37.463576900553136
tai80b,3,PGD,720,0.9683618545532227,1125029888.0,37.46446837976804
tai80b,3,PGD,740,0.9947776794433594,1125022592.0,37.463576900553136
tai80b,3,PGD,760,1.0237679481506348,1125022592.0,37.463576900553136
tai80b,3,PGD,780,1.050306797027588,1125022592.0,37.463576900553136
tai80b,3,PGD,800,1.0768589973449707,1125029888.0,37.46446837976804
tai80b,3,PGD,820,1.1032941341400146,1125029888.0,37.46446837976804
tai80b,3,PGD,840,1.1297309398651123,1125029888.0,37.46446837976804
tai80b,3,PGD,860,1.156156301498413,1125022592.0,37.463576900553136
tai80b,3,PGD,880,1.1825282573699951,1125029888.0,37.46446837976804
tai80b,3,PGD,900,1.208911657333374,1125022592.0,37.463576900553136
tai80b,3,PGD,920,1.235381841659546,1125029888.0,37.46446837976804
tai80b,3,PGD,940,1.261730432510376,1125022592.0,37.463576900553136
tai80b,3,PGD,960,1.288133144378662,1125022592.0,37.463576900553136
tai80b,3,PGD,980,1.3145503997802734,1125029888.0,37.46446837976804
tai80b,3,PGD,1000,1.3409113883972168,1125029888.0,37.46446837976804
tai80b,3,PGD,1020,1.3672504425048828,1125022592.0,37.463576900553136
tai80b,3,PGD,1040,1.393707513809204,1125029888.0,37.46446837976804
tai80b,3,PGD,1060,1.42012619972229,1125022592.0,37.463576900553136
tai80b,3,PGD,1080,1.4464876651763916,1125022592.0,37.463576900553136
tai80b,3,PGD,1100,1.4729349613189697,1125022592.0,37.463576900553136
tai80b,3,PGD,1120,1.4992866516113281,1125029888.0,37.46446837976804
tai80b,3,PGD,1140,1.5255906581878662,1125022592.0,37.463576900553136
tai80b,3,PGD,1160,1.554764986038208,1125029888.0,37.46446837976804
tai80b,3,PGD,1180,1.5813629627227783,1125022592.0,37.463576900553136
tai80b,3,PGD,1200,1.6078698635101318,1125022592.0,37.463576900553136
tai80b,3,PGD,1220,1.6343705654144287,1125022592.0,37.463576900553136
tai80b,3,PGD,1240,1.6608359813690186,1125029888.0,37.46446837976804
tai80b,3,PGD,1260,1.687192678451538,1125022592.0,37.463576900553136
tai80b,3,PGD,1280,1.7136740684509277,1125029888.0,37.46446837976804
tai80b,3,PGD,1300,1.7400879859924316,1125022592.0,37.463576900553136
tai80b,3,PGD,1320,1.7664990425109863,1125022592.0,37.463576900553136
tai80b,3,PGD,1340,1.7929275035858154,1125029888.0,37.46446837976804
tai80b,3,PGD,1360,1.8193504810333252,1125022592.0,37.463576900553136
tai80b,3,PGD,1380,1.8457341194152832,1125022592.0,37.463576900553136
tai80b,3,PGD,1400,1.8721339702606201,1125022592.0,37.463576900553136
tai80b,3,PGD,1420,1.8985226154327393,1125029888.0,37.46446837976804
tai80b,3,PGD,1440,1.9248719215393066,1125029888.0,37.46446837976804
tai80b,3,PGD,1460,1.9512543678283691,1125022592.0,37.463576900553136
tai80b,3,PGD,1480,1.977581262588501,1125022592.0,37.463576900553136
tai80b,3,PGD,1500,2.003917694091797,1125029888.0,37.46446837976804
tai80b,3,PGD,1520,2.030244827270508,1125029888.0,37.46446837976804
tai80b,3,PGD,1540,2.0565638542175293,1125029888.0,37.46446837976804
tai80b,3,PGD,1560,2.085782527923584,1125022592.0,37.463576900553136
tai80b,3,PGD,1580,2.112398862838745,1125022592.0,37.463576900553136
tai80b,3,PGD,1600,2.1388967037200928,1125029888.0,37.46446837976804
tai80b,3,PGD,1620,2.1653494834899902,1125029888.0,37.46446837976804
tai80b,3,PGD,1640,2.191835880279541,1125022592.0,37.463576900553136
tai80b,3,PGD,1660,2.218273639678955,1125029888.0,37.46446837976804
tai80b,3,PGD,1680,2.2446837425231934,1125029888.0,37.46446837976804
tai80b,3,PGD,1700,2.2711169719696045,1125029888.0,37.46446837976804
tai80b,3,PGD,1720,2.2975363731384277,1125022592.0,37.463576900553136
tai80b,3,PGD,1740,2.323951482772827,1124853632.0,37.442932118734284
tai80b,3,PGD,1760,2.3503596782684326,1125022592.0,37.463576900553136
tai80b,3,PGD,1780,2.3767740726470947,1125022592.0,37.463576900553136
tai80b,3,PGD,1800,2.403146743774414,1125022592.0,37.463576900553136
tai80b,3,PGD,1820,2.4294724464416504,1125022592.0,37.463576900553136
tai80b,3,PGD,1840,2.455853223800659,1125022592.0,37.463576900553136
tai80b,3,PGD,1860,2.482243299484253,1125022592.0,37.463576900553136
tai80b,3,PGD,1880,2.508601427078247,1125022592.0,37.463576900553136
tai80b,3,PGD,1900,2.5350420475006104,1125022592.0,37.463576900553136
tai80b,3,PGD,1920,2.5614025592803955,1125022592.0,37.463576900553136
tai80b,3,PGD,1940,2.5877346992492676,1125022592.0,37.463576900553136
tai80b,3,PGD,1960,2.6173458099365234,1124853632.0,37.442932118734284
tai80b,3,PGD,1980,2.643747091293335,1124853632.0,37.442932118734284
tai80b,3,PGD,2000,2.670072555541992,1124853632.0,37.442932118734284
tai80b,3,PGD,2020,2.6965625286102295,1124853632.0,37.442932118734284
tai80b,3,PGD,2040,2.7228097915649414,1124853632.0,37.442932118734284
tai80b,3,PGD,2060,2.7489731311798096,1124853632.0,37.442932118734284
tai80b,3,PGD,2080,2.7752013206481934,1124795648.0,37.43584720497372
tai80b,3,PGD,2100,2.801393508911133,1124853632.0,37.442932118734284
tai80b,3,PGD,2120,2.827592134475708,1124853632.0,37.442932118734284
tai80b,3,PGD,2140,2.8538622856140137,1124853632.0,37.442932118734284
tai80b,3,PGD,2160,2.880079746246338,1124853632.0,37.442932118734284
tai80b,3,PGD,2180,2.906254291534424,1124795648.0,37.43584720497372
tai80b,3,PGD,2200,2.9325273036956787,1124853632.0,37.442932118734284
tai80b,3,PGD,2220,2.9586760997772217,1124853632.0,37.442932118734284
tai80b,3,PGD,2240,2.984853506088257,1124795648.0,37.43584720497372
tai80b,3,PGD,2260,3.0110182762145996,1124795648.0,37.43584720497372
tai80b,3,PGD,2280,3.0371899604797363,1124795648.0,37.43584720497372
tai80b,3,PGD,2300,3.0633513927459717,1124795648.0,37.43584720497372
tai80b,3,PGD,2320,3.0895309448242188,1124853632.0,37.442932118734284
tai80b,3,PGD,2340,3.1156604290008545,1124795648.0,37.43584720497372
tai80b,3,PGD,2360,3.1450510025024414,1124853632.0,37.442932118734284
tai80b,3,PGD,2380,3.1714494228363037,1124853632.0,37.442932118734284
tai80b,3,PGD,2400,3.1977744102478027,1124853632.0,37.442932118734284
tai80b,3,PGD,2420,3.2240097522735596,1124795648.0,37.43584720497372
tai80b,3,PGD,2440,3.2502899169921875,1124853632.0,37.442932118734284
tai80b,3,PGD,2460,3.2765071392059326,1124795648.0,37.43584720497372
tai80b,3,PGD,2480,3.302722692489624,1124853632.0,37.442932118734284
tai80b,3,PGD,2500,3.328921318054199,1124853632.0,37.442932118734284
tai80b,3,SK,1,0.03411126136779785,1168902016.0,42.82508929885347
tai80b,3,SK,20,0.3283274173736572,1095718144.0,33.88294281389449
tai80b,3,SK,40,0.6360077857971191,1048531072.0,28.117277531517708
tai80b,3,SK,60,0.9453701972961426,967937216.0,18.26972442391922
tai80b,3,SK,80,1.254840612411499,926639488.0,13.223662727812298
tai80b,3,SK,100,1.5624797344207764,918577536.0,12.238593835328611
tai80b,3,SK,120,1.8699467182159424,897513856.0,9.664877701911937
tai80b,3,SK,140,2.177793502807617,891389184.0,8.91652000096484
tai80b,3,SK,160,2.485424518585205,878634112.0,7.358011013490132
tai80b,3,SK,180,2.7931835651397705,873305216.0,6.706887106912573
tai80b,3,SK,200,3.1007330417633057,867576448.0,6.006903883363737
tai80b,3,SK,220,3.4082107543945312,868201664.0,6.083297396086597
tai80b,3,SK,240,3.715298891067505,890597888.0,8.819833606113225
tai80b,3,SK,260,4.022736310958862,874197120.0,6.815866530938141
tai80b,3,SK,280,4.330279588699341,873799296.0,6.767257453746485
tai80b,3,SK,300,4.637777805328369,872896640.0,6.656964270877899
tai80b,3,SK,320,4.945566892623901,860337152.0,5.122353182357133
tai80b,3,SK,340,5.253096580505371,859260928.0,4.9908521781655475
tai80b,3,SK,360,5.5602850914001465,861966656.0,5.321458027012341
tai80b,3,SK,380,5.867755174636841,869188352.0,6.203858229912814
tai80b,3,SK,400,6.1748340129852295,869149824.0,6.1991505940586675
tai80b,3,SK,420,6.482253789901733,874711808.0,6.878754915554502
tai80b,3,SK,440,6.78954291343689,874627968.0,6.86851072457621
tai80b,3,SK,460,7.097198963165283,874627968.0,6.86851072457621
tai80b,3,SK,480,7.404527187347412,874571904.0,6.861660410609045
tai80b,3,SK,500,7.712353706359863,874577152.0,6.862301650044328
tai80b,3,SK,520,8.019395351409912,874605568.0,6.865773726986589
tai80b,3,SK,540,8.327172994613647,874709376.0,6.878457755816202
tai80b,3,SK,560,8.634214401245117,876161280.0,7.055862119582276
tai80b,3,SK,580,8.94147253036499,875955712.0,7.030744301702676
tai80b,3,SK,600,9.24876880645752,875955712.0,7.030744301702676
tai80b,3,SK,620,9.556558847427368,885947904.0,8.251664186480502
tai80b,3,SK,640,9.863494873046875,896017664.0,9.482061902911527
tai80b,3,SK,660,10.170677900314331,915328768.0,11.841635344916309
tai80b,3,SK,680,10.478581666946411,886393920.0,8.306161718486399
tai80b,3,SK,700,10.78600811958313,886393920.0,8.306161718486399
tai80b,3,SK,720,11.0930495262146,879930112.0,7.51636587403245
tai80b,3,SK,740,11.400293111801147,879532928.0,7.467834996771925
tai80b,3,SK,760,11.707479476928711,879551744.0,7.4701340747472065
tai80b,3,SK,780,12.014737844467163,877328384.0,7.198467513994608
tai80b,3,SK,800,12.32202959060669,882162688.0,7.78915851379335
tai80b,3,SK,820,12.629378080368042,880029568.0,7.528518143330364
tai80b,3,SK,840,12.936596632003784,887682368.0,8.463593819841359
tai80b,3,SK,860,13.243900299072266,887682368.0,8.463593819841359
tai80b,3,SK,880,13.551011800765991,892915264.0,9.102987736749116
tai80b,3,SK,900,13.858587741851807,890165760.0,8.767033012612893
tai80b,3,SK,920,14.165944337844849,886402176.0,8.307170497598001
tai80b,3,SK,940,14.473323822021484,885886080.0,8.24411007313315
tai80b,3,SK,960,14.7806396484375,885905664.0,8.246502991025789
tai80b,3,SK,980,15.08805251121521,885905664.0,8.246502991025789
tai80b,3,SK,1000,15.395625591278076,885905664.0,8.246502991025789
tai80b,3,SK,1020,15.702847242355347,886257664.0,8.289512953148394
tai80b,3,SK,1040,16.010381937026978,912950528.0,11.551044400829763
tai80b,3,SK,1060,16.31763505935669,912950528.0,11.551044400829763
tai80b,3,SK,1080,16.62464690208435,912950528.0,11.551044400829763
tai80b,3,SK,1100,16.932118892669678,912950528.0,11.551044400829763
tai80b,3,SK,1120,17.239400148391724,912947584.0,11.550684681146556
tai80b,3,SK,1140,17.546692609786987,912947584.0,11.550684681146556
tai80b,3,SK,1160,17.85384440422058,912947584.0,11.550684681146556
tai80b,3,SK,1180,18.161340951919556,912947584.0,11.550684681146556
tai80b,3,SK,1200,18.46856379508972,911786432.0,11.408806546093754
tai80b,3,SK,1220,18.77584457397461,878529472.0,7.345225324750048
tai80b,3,SK,1240,19.083163499832153,912199296.0,11.459253321667012
tai80b,3,SK,1260,19.390446186065674,913526528.0,11.621424338848572
tai80b,3,SK,1280,19.697702646255493,913508608.0,11.619234740776875
tai80b,3,SK,1300,20.005316019058228,915164736.0,11.821592702567173
tai80b,3,SK,1320,20.315634965896606,915164736.0,11.821592702567173
tai80b,3,SK,1340,20.623385429382324,915079232.0,11.811145191767938
tai80b,3,SK,1360,20.930477380752563,915079232.0,11.811145191767938
tai80b,3,SK,1380,21.237733125686646,915079232.0,11.811145191767938
tai80b,3,SK,1400,21.544872760772705,915079232.0,11.811145191767938
tai80b,3,SK,1420,21.852588891983032,915173632.0,11.822679681609909
tai80b,3,SK,1440,22.159717798233032,915173632.0,11.822679681609909
tai80b,3,SK,1460,22.466925144195557,915173632.0,11.822679681609909
tai80b,3,SK,1480,22.77419137954712,915173632.0,11.822679681609909
tai80b,3,SK,1500,23.081723928451538,915173632.0,11.822679681609909
tai80b,3,SK,1520,23.38900589942932,915079232.0,11.811145191767938
tai80b,3,SK,1540,23.696467638015747,915079232.0,11.811145191767938
tai80b,3,SK,1560,24.00366711616516,915079232.0,11.811145191767938
tai80b,3,SK,1580,24.31141710281372,915079232.0,11.811145191767938
tai80b,3,SK,1600,24.61845302581787,915079232.0,11.811145191767938
tai80b,3,SK,1620,24.926234483718872,915079232.0,11.811145191767938
tai80b,3,SK,1640,25.233267307281494,915079232.0,11.811145191767938
tai80b,3,SK,1660,25.540313482284546,915079232.0,11.811145191767938
tai80b,3,SK,1680,25.84768509864807,915079232.0,11.811145191767938
tai80b,3,SK,1700,26.155011892318726,915079232.0,11.811145191767938
tai80b,3,SK,1720,26.462151765823364,915079232.0,11.811145191767938
tai80b,3,SK,1740,26.76992964744568,915079232.0,11.811145191767938
tai80b,3,SK,1760,27.07703423500061,915079232.0,11.811145191767938
tai80b,3,SK,1780,27.384857654571533,915079232.0,11.811145191767938
tai80b,3,SK,1800,27.69193124771118,915079232.0,11.811145191767938
tai80b,3,SK,1820,27.999124765396118,915079232.0,11.811145191767938
tai80b,3,SK,1840,28.306684970855713,915079232.0,11.811145191767938
tai80b,3,SK,1860,28.613981008529663,915079232.0,11.811145191767938
tai80b,3,SK,1880,28.92155122756958,915079232.0,11.811145191767938
tai80b,3,SK,1900,29.229222297668457,915079232.0,11.811145191767938
tai80b,3,SK,1920,29.536385536193848,915079232.0,11.811145191767938
tai80b,3,SK,1940,29.846132278442383,915079232.0,11.811145191767938
tai80b,3,SK,1960,30.153395414352417,915079232.0,11.811145191767938
tai80b,3,SK,1980,30.46076536178589,915079232.0,11.811145191767938
tai80b,3,SK,2000,30.768424034118652,915079232.0,11.811145191767938
tai80b,3,SK,2020,31.075685739517212,915079232.0,11.811145191767938
tai80b,3,SK,2040,31.383305072784424,915079232.0,11.811145191767938
tai80b,3,SK,2060,31.690496683120728,915079232.0,11.811145191767938
tai80b,3,SK,2080,31.997482538223267,915079232.0,11.811145191767938
tai80b,3,SK,2100,32.30517578125,915079232.0,11.811145191767938
tai80b,3,SK,2120,32.61227226257324,915079232.0,11.811145191767938
tai80b,3,SK,2140,32.92168426513672,915079232.0,11.811145191767938
tai80b,3,SK,2160,33.228981494903564,915079232.0,11.811145191767938
tai80b,3,SK,2180,33.536476850509644,915079232.0,11.811145191767938
tai80b,3,SK,2200,33.8455286026001,915079232.0,11.811145191767938
tai80b,3,SK,2220,34.15264296531677,886347776.0,8.300523503451782
tai80b,3,SK,2240,34.459872245788574,909581184.0,11.139353043392191
tai80b,3,SK,2260,34.76763439178467,902258496.0,10.244612891359086
tai80b,3,SK,2280,35.07466101646423,896289920.0,9.515328153615084
tai80b,3,SK,2300,35.38185930252075,896289920.0,9.515328153615084
tai80b,3,SK,2320,35.689409255981445,896365952.0,9.524618305433567
tai80b,3,SK,2340,35.99678874015808,896365952.0,9.524618305433567
tai80b,3,SK,2360,36.30397033691406,902312064.0,10.251158225594835
tai80b,3,SK,2380,36.612738847732544,902312064.0,10.251158225594835
tai80b,3,SK,2400,36.91999316215515,902312064.0,10.251158225594835
tai80b,3,SK,2420,37.22776436805725,902312064.0,10.251158225594835
tai80b,3,SK,2440,37.53491711616516,902312064.0,10.251158225594835
tai80b,3,SK,2460,37.8425977230072,902312064.0,10.251158225594835
tai80b,3,SK,2480,38.14963436126709,902312064.0,10.251158225594835
tai80b,3,SK,2500,38.45688509941101,902312064.0,10.251158225594835
tai80b,4,PGD,1,0.00985097885131836,1174461696.0,43.50441210059723
tai80b,4,PGD,20,0.036978960037231445,1161253120.0,41.890490641922376
tai80b,4,PGD,40,0.06656765937805176,1140597888.0,39.36668170455415
tai80b,4,PGD,60,0.09370923042297363,1139176064.0,39.19295273755129
tai80b,4,PGD,80,0.12029862403869629,1150152704.0,40.53415975639636
tai80b,4,PGD,100,0.14722537994384766,1130056960.0,38.07871319882374
tai80b,4,PGD,120,0.17364788055419922,1130254592.0,38.1028613375573
tai80b,4,PGD,140,0.20173954963684082,1124593280.0,37.41112038674978
tai80b,4,PGD,160,0.22808408737182617,1126216960.0,37.609513612031684
tai80b,4,PGD,180,0.25452351570129395,1125543680.0,37.527247284480815
tai80b,4,PGD,200,0.28093552589416504,1125836032.0,37.56296901302192
tai80b,4,PGD,220,0.3072667121887207,1125137920.0,37.47766852814312
tai80b,4,PGD,240,0.3337085247039795,1125191680.0,37.48423732235821
tai80b,4,PGD,260,0.36002254486083984,1125191680.0,37.48423732235821
tai80b,4,PGD,280,0.3863697052001953,1125191680.0,37.48423732235821
tai80b,4,PGD,300,0.4127018451690674,1124820224.0,37.438850082329196
tai80b,4,PGD,320,0.4390556812286377,1124803584.0,37.436816884119764
tai80b,4,PGD,340,0.4653811454772949,1124803584.0,37.436816884119764
tai80b,4,PGD,360,0.4917271137237549,1124803584.0,37.436816884119764
tai80b,4,PGD,380,0.5180215835571289,1124803584.0,37.436816884119764
tai80b,4,PGD,400,0.5443084239959717,1124820224.0,37.438850082329196
tai80b,4,PGD,420,0.570582389831543,1124820224.0,37.438850082329196
tai80b,4,PGD,440,0.5991737842559814,1124803584.0,37.436816884119764
tai80b,4,PGD,460,0.6257505416870117,1124820224.0,37.438850082329196
tai80b,4,PGD,480,0.6522605419158936,1124803584.0,37.436816884119764
tai80b,4,PGD,500,0.6786761283874512,1124820224.0,37.438850082329196
tai80b,4,PGD,520,0.7050848007202148,1124803584.0,37.436816884119764
tai80b,4,PGD,540,0.7314631938934326,1125022592.0,37.463576900553136
tai80b,4,PGD,560,0.7578895092010498,1125022592.0,37.463576900553136
tai80b,4,PGD,580,0.784252405166626,1125022592.0,37.463576900553136
tai80b,4,PGD,600,0.8106365203857422,1125029888.0,37.46446837976804
tai80b,4,PGD,620,0.8372600078582764,1125022592.0,37.463576900553136
tai80b,4,PGD,640,0.8635997772216797,1125022592.0,37.463576900553136
tai80b,4,PGD,660,0.8899412155151367,1125022592.0,37.463576900553136
tai80b,4,PGD,680,0.9163172245025635,1125022592.0,37.463576900553136
tai80b,4,PGD,700,0.9426229000091553,1125022592.0,37.463576900553136
tai80b,4,PGD,720,0.9689264297485352,1125029888.0,37.46446837976804
tai80b,4,PGD,740,0.9953036308288574,1125022592.0,37.463576900553136
tai80b,4,PGD,760,1.021589756011963,1125022592.0,37.463576900553136
tai80b,4,PGD,780,1.047849416732788,1125022592.0,37.463576900553136
tai80b,4,PGD,800,1.074246883392334,1125029888.0,37.46446837976804
tai80b,4,PGD,820,1.1005656719207764,1125029888.0,37.46446837976804
tai80b,4,PGD,840,1.1295535564422607,1125029888.0,37.46446837976804
tai80b,4,PGD,860,1.1559276580810547,1125022592.0,37.463576900553136
tai80b,4,PGD,880,1.1822385787963867,1125029888.0,37.46446837976804
tai80b,4,PGD,900,1.2084906101226807,1125022592.0,37.463576900553136
tai80b,4,PGD,920,1.2348017692565918,1125029888.0,37.46446837976804
tai80b,4,PGD,940,1.2609946727752686,1125022592.0,37.463576900553136
tai80b,4,PGD,960,1.2871856689453125,1125022592.0,37.463576900553136
tai80b,4,PGD,980,1.3134410381317139,1125029888.0,37.46446837976804
tai80b,4,PGD,1000,1.339684247970581,1125029888.0,37.46446837976804
tai80b,4,PGD,1020,1.365844964981079,1125022592.0,37.463576900553136
tai80b,4,PGD,1040,1.392030954360962,1125029888.0,37.46446837976804
tai80b,4,PGD,1060,1.4181897640228271,1125022592.0,37.463576900553136
tai80b,4,PGD,1080,1.4443614482879639,1125022592.0,37.463576900553136
tai80b,4,PGD,1100,1.470482349395752,1125022592.0,37.463576900553136
tai80b,4,PGD,1120,1.4966468811035156,1125029888.0,37.46446837976804
tai80b,4,PGD,1140,1.5227506160736084,1125022592.0,37.463576900553136
tai80b,4,PGD,1160,1.5488698482513428,1125029888.0,37.46446837976804
tai80b,4,PGD,1180,1.5750770568847656,1125022592.0,37.463576900553136
tai80b,4,PGD,1200,1.6011962890625,1125022592.0,37.463576900553136
tai80b,4,PGD,1220,1.6272978782653809,1125022592.0,37.463576900553136
tai80b,4,PGD,1240,1.6564643383026123,1125029888.0,37.46446837976804
tai80b,4,PGD,1260,1.6830358505249023,1125022592.0,37.463576900553136
tai80b,4,PGD,1280,1.7094039916992188,1125029888.0,37.46446837976804
tai80b,4,PGD,1300,1.7357020378112793,1125022592.0,37.463576900553136
tai80b,4,PGD,1320,1.7619595527648926,1125022592.0,37.463576900553136
tai80b,4,PGD,1340,1.7881357669830322,1125029888.0,37.46446837976804
tai80b,4,PGD,1360,1.8144145011901855,1125022592.0,37.463576900553136
tai80b,4,PGD,1380,1.840653657913208,1125022592.0,37.463576900553136
tai80b,4,PGD,1400,1.8668863773345947,1125022592.0,37.463576900553136
tai80b,4,PGD,1420,1.8931469917297363,1125029888.0,37.46446837976804
tai80b,4,PGD,1440,1.9193644523620605,1125029888.0,37.46446837976804
tai80b,4,PGD,1460,1.9455645084381104,1125022592.0,37.463576900553136
tai80b,4,PGD,1480,1.971742868423462,1125022592.0,37.463576900553136
tai80b,4,PGD,1500,1.997864007949829,1125029888.0,37.46446837976804
tai80b,4,PGD,1520,2.0240509510040283,1125029888.0,37.46446837976804
tai80b,4,PGD,1540,2.050187349319458,1125029888.0,37.46446837976804
tai80b,4,PGD,1560,2.0766055583953857,1125022592.0,37.463576900553136
tai80b,4,PGD,1580,2.1027281284332275,1125022592.0,37.463576900553136
tai80b,4,PGD,1600,2.1289072036743164,1125029888.0,37.46446837976804
tai80b,4,PGD,1620,2.1551084518432617,1125029888.0,37.46446837976804
tai80b,4,PGD,1640,2.1844003200531006,1125022592.0,37.463576900553136
tai80b,4,PGD,1660,2.2108089923858643,1125029888.0,37.46446837976804
tai80b,4,PGD,1680,2.237147092819214,1125029888.0,37.46446837976804
tai80b,4,PGD,1700,2.263406991958618,1125029888.0,37.46446837976804
tai80b,4,PGD,1720,2.2896530628204346,1125022592.0,37.463576900553136
tai80b,4,PGD,1740,2.3158528804779053,1124853632.0,37.442932118734284
tai80b,4,PGD,1760,2.342064380645752,1125022592.0,37.463576900553136
tai80b,4,PGD,1780,2.3682994842529297,1125022592.0,37.463576900553136
tai80b,4,PGD,1800,2.3945834636688232,1125022592.0,37.463576900553136
tai80b,4,PGD,1820,2.4207637310028076,1125022592.0,37.463576900553136
tai80b,4,PGD,1840,2.446959972381592,1125022592.0,37.463576900553136
tai80b,4,PGD,1860,2.473196029663086,1125022592.0,37.463576900553136
tai80b,4,PGD,1880,2.4993948936462402,1125022592.0,37.463576900553136
tai80b,4,PGD,1900,2.5255470275878906,1125022592.0,37.463576900553136
tai80b,4,PGD,1920,2.551724433898926,1125022592.0,37.463576900553136
tai80b,4,PGD,1940,2.577894687652588,1125022592.0,37.463576900553136
tai80b,4,PGD,1960,2.6040096282958984,1124853632.0,37.442932118734284
tai80b,4,PGD,1980,2.630145311355591,1124853632.0,37.442932118734284
tai80b,4,PGD,2000,2.6563165187835693,1124853632.0,37.442932118734284
tai80b,4,PGD,2020,2.682415246963501,1124853632.0,37.442932118734284
tai80b,4,PGD,2040,2.7117090225219727,1124853632.0,37.442932118734284
tai80b,4,PGD,2060,2.7383346557617188,1124853632.0,37.442932118734284
tai80b,4,PGD,2080,2.764826774597168,1124795648.0,37.43584720497372
tai80b,4,PGD,2100,2.791297674179077,1124853632.0,37.442932118734284
tai80b,4,PGD,2120,2.8176960945129395,1124853632.0,37.442932118734284
tai80b,4,PGD,2140,2.8440630435943604,1124853632.0,37.442932118734284
tai80b,4,PGD,2160,2.870454788208008,1124853632.0,37.442932118734284
tai80b,4,PGD,2180,2.8968327045440674,1124795648.0,37.43584720497372
tai80b,4,PGD,2200,2.9232490062713623,1124853632.0,37.442932118734284
tai80b,4,PGD,2220,2.9496171474456787,1124853632.0,37.442932118734284
tai80b,4,PGD,2240,2.976036310195923,1124795648.0,37.43584720497372
tai80b,4,PGD,2260,3.0023601055145264,1124795648.0,37.43584720497372
tai80b,4,PGD,2280,3.0287179946899414,1124795648.0,37.43584720497372
tai80b,4,PGD,2300,3.055110216140747,1124795648.0,37.43584720497372
tai80b,4,PGD,2320,3.0814526081085205,1124853632.0,37.442932118734284
tai80b,4,PGD,2340,3.1077585220336914,1124795648.0,37.43584720497372
tai80b,4,PGD,2360,3.13417649269104,1124853632.0,37.442932118734284
tai80b,4,PGD,2380,3.160492181777954,1124853632.0,37.442932118734284
tai80b,4,PGD,2400,3.1868062019348145,1124853632.0,37.442932118734284
tai80b,4,PGD,2420,3.213217258453369,1124795648.0,37.43584720497372
tai80b,4,PGD,2440,3.24297833442688,1124853632.0,37.442932118734284
tai80b,4,PGD,2460,3.2695934772491455,1124795648.0,37.43584720497372
tai80b,4,PGD,2480,3.2961530685424805,1124853632.0,37.442932118734284
tai80b,4,PGD,2500,3.322922468185425,1124853632.0,37.442932118734284
tai80b,4,SK,1,0.02629399299621582,1168902016.0,42.82508929885347
tai80b,4,SK,20,0.3203883171081543,1095718144.0,33.88294281389449
tai80b,4,SK,40,0.631000280380249,1048531072.0,28.117277531517708
tai80b,4,SK,60,0.9422423839569092,967937216.0,18.26972442391922
tai80b,4,SK,80,1.2496623992919922,926639488.0,13.223662727812298
tai80b,4,SK,100,1.557373046875,918577536.0,12.238593835328611
tai80b,4,SK,120,1.864896535873413,897513856.0,9.664877701911937
tai80b,4,SK,140,2.175240993499756,891389184.0,8.91652000096484
tai80b,4,SK,160,2.482802629470825,878634112.0,7.358011013490132
tai80b,4,SK,180,2.790713310241699,873305216.0,6.706887106912573
tai80b,4,SK,200,3.0982613563537598,867576448.0,6.006903883363737
tai80b,4,SK,220,3.405606985092163,868201664.0,6.083297396086597
tai80b,4,SK,240,3.712602138519287,890597888.0,8.819833606113225
tai80b,4,SK,260,4.01995062828064,874197120.0,6.815866530938141
tai80b,4,SK,280,4.327026844024658,873799296.0,6.767257453746485
tai80b,4,SK,300,4.634437084197998,872896640.0,6.656964270877899
tai80b,4,SK,320,4.941880702972412,860337152.0,5.122353182357133
tai80b,4,SK,340,5.249606132507324,859260928.0,4.9908521781655475
tai80b,4,SK,360,5.55765962600708,861966656.0,5.321458027012341
tai80b,4,SK,380,5.865110874176025,869188352.0,6.203858229912814
tai80b,4,SK,400,6.172468423843384,869149824.0,6.1991505940586675
tai80b,4,SK,420,6.479841232299805,874711808.0,6.878754915554502
tai80b,4,SK,440,6.787268161773682,874627968.0,6.86851072457621
tai80b,4,SK,460,7.094773292541504,874627968.0,6.86851072457621
tai80b,4,SK,480,7.4020326137542725,874571904.0,6.861660410609045
tai80b,4,SK,500,7.70953106880188,874577152.0,6.862301650044328
tai80b,4,SK,520,8.016909122467041,874605568.0,6.865773726986589
tai80b,4,SK,540,8.324179410934448,874709376.0,6.878457755816202
tai80b,4,SK,560,8.631625652313232,876161280.0,7.055862119582276
tai80b,4,SK,580,8.939080715179443,875955712.0,7.030744301702676
tai80b,4,SK,600,9.246498823165894,875955712.0,7.030744301702676
tai80b,4,SK,620,9.553968667984009,885947904.0,8.251664186480502
tai80b,4,SK,640,9.861645698547363,896017664.0,9.482061902911527
tai80b,4,SK,660,10.169315576553345,915328768.0,11.841635344916309
tai80b,4,SK,680,10.476556539535522,886393920.0,8.306161718486399
tai80b,4,SK,700,10.784075021743774,886393920.0,8.306161718486399
tai80b,4,SK,720,11.091304779052734,879930112.0,7.51636587403245
tai80b,4,SK,740,11.3987295627594,879532928.0,7.467834996771925
tai80b,4,SK,760,11.708329200744629,879551744.0,7.4701340747472065
tai80b,4,SK,780,12.015796899795532,877328384.0,7.198467513994608
tai80b,4,SK,800,12.323046922683716,882162688.0,7.78915851379335
tai80b,4,SK,820,12.630517721176147,880029568.0,7.528518143330364
tai80b,4,SK,840,12.937846183776855,887682368.0,8.463593819841359
tai80b,4,SK,860,13.245349645614624,887682368.0,8.463593819841359
tai80b,4,SK,880,13.552609205245972,892915264.0,9.102987736749116
tai80b,4,SK,900,13.859935522079468,890165760.0,8.767033012612893
tai80b,4,SK,920,14.167380094528198,886402176.0,8.307170497598001
tai80b,4,SK,940,14.474678039550781,885886080.0,8.24411007313315
tai80b,4,SK,960,14.781959772109985,885905664.0,8.246502991025789
tai80b,4,SK,980,15.092361688613892,885905664.0,8.246502991025789
tai80b,4,SK,1000,15.399628639221191,885905664.0,8.246502991025789
tai80b,4,SK,1020,15.707100868225098,886257664.0,8.289512953148394
tai80b,4,SK,1040,16.01439070701599,912950528.0,11.551044400829763
tai80b,4,SK,1060,16.321929216384888,912950528.0,11.551044400829763
tai80b,4,SK,1080,16.629250288009644,912950528.0,11.551044400829763
tai80b,4,SK,1100,16.93664789199829,912950528.0,11.551044400829763
tai80b,4,SK,1120,17.24384570121765,912947584.0,11.550684681146556
tai80b,4,SK,1140,17.551384687423706,912947584.0,11.550684681146556
tai80b,4,SK,1160,17.85857915878296,912947584.0,11.550684681146556
tai80b,4,SK,1180,18.166173934936523,912947584.0,11.550684681146556
tai80b,4,SK,1200,18.473507404327393,911786432.0,11.408806546093754
tai80b,4,SK,1220,18.780916213989258,878529472.0,7.345225324750048
tai80b,4,SK,1240,19.0883207321167,912199296.0,11.459253321667012
tai80b,4,SK,1260,19.395705699920654,913526528.0,11.621424338848572
tai80b,4,SK,1280,19.7031307220459,913508608.0,11.619234740776875
tai80b,4,SK,1300,20.0106680393219,915164736.0,11.821592702567173
tai80b,4,SK,1320,20.317980527877808,915164736.0,11.821592702567173
tai80b,4,SK,1340,20.62533140182495,915079232.0,11.811145191767938
tai80b,4,SK,1360,20.93262767791748,915079232.0,11.811145191767938
tai80b,4,SK,1380,21.241503477096558,915079232.0,11.811145191767938
tai80b,4,SK,1400,21.55018949508667,915079232.0,11.811145191767938
tai80b,4,SK,1420,21.85751438140869,915173632.0,11.822679681609909
tai80b,4,SK,1440,22.164828300476074,915173632.0,11.822679681609909
tai80b,4,SK,1460,22.472432613372803,915173632.0,11.822679681609909
tai80b,4,SK,1480,22.779605865478516,915173632.0,11.822679681609909
tai80b,4,SK,1500,23.0870943069458,915173632.0,11.822679681609909
tai80b,4,SK,1520,23.394253492355347,915079232.0,11.811145191767938
tai80b,4,SK,1540,23.701786518096924,915079232.0,11.811145191767938
tai80b,4,SK,1560,24.009448051452637,915079232.0,11.811145191767938
tai80b,4,SK,1580,24.316789865493774,915079232.0,11.811145191767938
tai80b,4,SK,1600,24.625672578811646,915079232.0,11.811145191767938
tai80b,4,SK,1620,24.933310985565186,915079232.0,11.811145191767938
tai80b,4,SK,1640,25.24057173728943,915079232.0,11.811145191767938
tai80b,4,SK,1660,25.548044204711914,915079232.0,11.811145191767938
tai80b,4,SK,1680,25.8554584980011,915079232.0,11.811145191767938
tai80b,4,SK,1700,26.162847757339478,915079232.0,11.811145191767938
tai80b,4,SK,1720,26.47019362449646,915079232.0,11.811145191767938
tai80b,4,SK,1740,26.777547359466553,915079232.0,11.811145191767938
tai80b,4,SK,1760,27.084890604019165,915079232.0,11.811145191767938
tai80b,4,SK,1780,27.392318964004517,915079232.0,11.811145191767938
tai80b,4,SK,1800,27.69977903366089,915079232.0,11.811145191767938
tai80b,4,SK,1820,28.007243394851685,915079232.0,11.811145191767938
tai80b,4,SK,1840,28.3144588470459,915079232.0,11.811145191767938
tai80b,4,SK,1860,28.62213373184204,915079232.0,11.811145191767938
tai80b,4,SK,1880,28.929422616958618,915079232.0,11.811145191767938
tai80b,4,SK,1900,29.2370707988739,915079232.0,11.811145191767938
tai80b,4,SK,1920,29.544594764709473,915079232.0,11.811145191767938
tai80b,4,SK,1940,29.85206151008606,915079232.0,11.811145191767938
tai80b,4,SK,1960,30.159432888031006,915079232.0,11.811145191767938
tai80b,4,SK,1980,30.466893196105957,915079232.0,11.811145191767938
tai80b,4,SK,2000,30.774067401885986,915079232.0,11.811145191767938
tai80b,4,SK,2020,31.08412742614746,915079232.0,11.811145191767938
tai80b,4,SK,2040,31.39148449897766,915079232.0,11.811145191767938
tai80b,4,SK,2060,31.699014902114868,915079232.0,11.811145191767938
tai80b,4,SK,2080,32.00651144981384,915079232.0,11.811145191767938
tai80b,4,SK,2100,32.313886880874634,915079232.0,11.811145191767938
tai80b,4,SK,2120,32.62137317657471,915079232.0,11.811145191767938
tai80b,4,SK,2140,32.92864513397217,915079232.0,11.811145191767938
tai80b,4,SK,2160,33.23597598075867,915079232.0,11.811145191767938
tai80b,4,SK,2180,33.54351091384888,915079232.0,11.811145191767938
tai80b,4,SK,2200,33.85079646110535,915079232.0,11.811145191767938
tai80b,4,SK,2220,34.16100883483887,886347776.0,8.300523503451782
tai80b,4,SK,2240,34.46837115287781,909581184.0,11.139353043392191
tai80b,4,SK,2260,34.77596926689148,902258496.0,10.244612891359086
tai80b,4,SK,2280,35.08336305618286,896289920.0,9.515328153615084
tai80b,4,SK,2300,35.39078068733215,896289920.0,9.515328153615084
tai80b,4,SK,2320,35.698086977005005,896365952.0,9.524618305433567
tai80b,4,SK,2340,36.00561881065369,896365952.0,9.524618305433567
tai80b,4,SK,2360,36.312726974487305,902312064.0,10.251158225594835
tai80b,4,SK,2380,36.62031292915344,902312064.0,10.251158225594835
tai80b,4,SK,2400,36.92764115333557,902312064.0,10.251158225594835
tai80b,4,SK,2420,37.23509669303894,902312064.0,10.251158225594835
tai80b,4,SK,2440,37.54245138168335,902312064.0,10.251158225594835
tai80b,4,SK,2460,37.84995365142822,902312064.0,10.251158225594835
tai80b,4,SK,2480,38.15732979774475,902312064.0,10.251158225594835
tai80b,4,SK,2500,38.46482253074646,902312064.0,10.251158225594835
tho150,0,PGD,1,0.023553848266601562,9912132.0,21.86950644736677
tho150,0,PGD,20,0.108489990234375,9486190.0,16.632556282134477
tho150,0,PGD,40,0.19075965881347656,9553624.0,17.461656247487213
tho150,0,PGD,60,0.2731363773345947,9530364.0,17.17567491471584
tho150,0,PGD,80,0.3626563549041748,9454930.0,16.248215075667023
tho150,0,PGD,100,0.4549887180328369,9442416.0,16.09435564323792
tho150,0,PGD,120,0.5376815795898438,9482316.0,16.58492551329715
tho150,0,PGD,140,0.620011568069458,9444372.0,16.11840463235661
tho150,0,PGD,160,0.7082288265228271,9431152.0,15.95586494107383
tho150,0,PGD,180,0.7905483245849609,9440824.0,16.074782028372397
tho150,0,PGD,200,0.8730108737945557,9432132.0,15.967914025601598
tho150,0,PGD,220,0.9568688869476318,9422358.0,15.847742849913407
tho150,0,PGD,240,1.0450537204742432,9392550.0,15.48125396052179
tho150,0,PGD,260,1.1273689270019531,9432348.0,15.970569742191392
tho150,0,PGD,280,1.209775686264038,9452656.0,16.220256281568908
tho150,0,PGD,300,1.2921807765960693,9479462.0,16.549835628356067
tho150,0,PGD,320,1.3745043277740479,9472228.0,16.46089371256638
tho150,0,PGD,340,1.4568378925323486,9462562.0,16.34205039517309
tho150,0,PGD,360,1.5391335487365723,9465062.0,16.372787855703113
tho150,0,PGD,380,1.6241044998168945,9465062.0,16.372787855703113
tho150,0,PGD,400,1.7067193984985352,9462562.0,16.34205039517309
tho150,0,PGD,420,1.7892117500305176,9462562.0,16.34205039517309
tho150,0,PGD,440,1.8716349601745605,9462562.0,16.34205039517309
tho150,0,PGD,460,1.9540495872497559,9462562.0,16.34205039517309
tho150,0,PGD,480,2.0364508628845215,9462562.0,16.34205039517309
tho150,0,PGD,500,2.118793249130249,9462562.0,16.34205039517309
tho150,0,PGD,520,2.2011027336120605,9473950.0,16.482065675379467
tho150,0,PGD,540,2.2833409309387207,9473950.0,16.482065675379467
tho150,0,PGD,560,2.3657166957855225,9468536.0,16.41550063085564
tho150,0,PGD,580,2.448049545288086,9472344.0,16.462319930734978
tho150,0,PGD,600,2.5303902626037598,9472344.0,16.462319930734978
tho150,0,PGD,620,2.6128110885620117,9476992.0,16.5194670173524
tho150,0,PGD,640,2.695201873779297,9476992.0,16.5194670173524
tho150,0,PGD,660,2.777364492416382,9439846.0,16.062757533813052
tho150,0,PGD,680,2.8627400398254395,9416022.0,15.769841829946108
tho150,0,PGD,700,2.945310354232788,9416022.0,15.769841829946108
tho150,0,PGD,720,3.027744770050049,9426190.0,15.89485722941383
tho150,0,PGD,740,3.110147714614868,9433346.0,15.98284013643498
tho150,0,PGD,760,3.192657232284546,9421688.0,15.839505210491359
tho150,0,PGD,780,3.275083065032959,9440322.0,16.06860994629797
tho150,0,PGD,800,3.357393980026245,9433550.0,15.985348313214232
tho150,0,PGD,820,3.4397146701812744,9429850.0,15.93985687162979
tho150,0,PGD,840,3.5222599506378174,9432404.0,15.971258261307266
tho150,0,PGD,860,3.6045730113983154,9433936.0,15.990094177120067
tho150,0,PGD,880,3.686924457550049,9433936.0,15.990094177120067
tho150,0,PGD,900,3.7692959308624268,9433936.0,15.990094177120067
tho150,0,PGD,920,3.8516428470611572,9433936.0,15.990094177120067
tho150,0,PGD,940,3.9339182376861572,9433936.0,15.990094177120067
tho150,0,PGD,960,4.016233682632446,9433936.0,15.990094177120067
tho150,0,PGD,980,4.101639032363892,9433936.0,15.990094177120067
tho150,0,PGD,1000,4.184194087982178,9433936.0,15.990094177120067
tho150,0,PGD,1020,4.2666544914245605,9433936.0,15.990094177120067
tho150,0,PGD,1040,4.349167823791504,9433936.0,15.990094177120067
tho150,0,PGD,1060,4.43163275718689,9433936.0,15.990094177120067
tho150,0,PGD,1080,4.514064788818359,9433936.0,15.990094177120067
tho150,0,PGD,1100,4.596480369567871,9432992.0,15.978487712023929
tho150,0,PGD,1120,4.678747177124023,9432992.0,15.978487712023929
tho150,0,PGD,1140,4.760971307754517,9432992.0,15.978487712023929
tho150,0,PGD,1160,4.8432910442352295,9432992.0,15.978487712023929
tho150,0,PGD,1180,4.925607919692993,9432992.0,15.978487712023929
tho150,0,PGD,1200,5.007993698120117,9432992.0,15.978487712023929
tho150,0,PGD,1220,5.090324401855469,9432992.0,15.978487712023929
tho150,0,PGD,1240,5.172652006149292,9432992.0,15.978487712023929
tho150,0,PGD,1260,5.2549684047698975,9432992.0,15.978487712023929
tho150,0,PGD,1280,5.340563058853149,9432992.0,15.978487712023929
tho150,0,PGD,1300,5.423196077346802,9432992.0,15.978487712023929
tho150,0,PGD,1320,5.5056939125061035,9430220.0,15.944406015788234
tho150,0,PGD,1340,5.5882110595703125,9426514.0,15.898840804298523
tho150,0,PGD,1360,5.670618295669556,9426514.0,15.898840804298523
tho150,0,PGD,1380,5.7530388832092285,9426514.0,15.898840804298523
tho150,0,PGD,1400,5.835442543029785,9440360.0,16.069077155698025
tho150,0,PGD,1420,5.917699813842773,9440360.0,16.069077155698025
tho150,0,PGD,1440,6.000057220458984,9437232.0,16.030618445082855
tho150,0,PGD,1460,6.082351922988892,9437232.0,16.030618445082855
tho150,0,PGD,1480,6.164595603942871,9437232.0,16.030618445082855
tho150,0,PGD,1500,6.246932029724121,9437232.0,16.030618445082855
tho150,0,PGD,1520,6.329258918762207,9440360.0,16.069077155698025
tho150,0,PGD,1540,6.4115564823150635,9445912.0,16.13733890804311
tho150,0,PGD,1560,6.4938225746154785,9427048.0,15.905406325867737
tho150,0,PGD,1580,6.57905650138855,9448958.0,16.17478942995289
tho150,0,PGD,1600,6.662596225738525,9447396.0,16.15558466461373
tho150,0,PGD,1620,6.745079040527344,9476274.0,16.51063921868818
tho150,0,PGD,1640,6.827595949172974,9487572.0,16.649547950315476
tho150,0,PGD,1660,6.9100611209869385,9452374.0,16.216789096021124
tho150,0,PGD,1680,6.992547512054443,9468078.0,16.40986952808654
tho150,0,PGD,1700,7.075011253356934,9468078.0,16.40986952808654
tho150,0,PGD,1720,7.157371520996094,9468078.0,16.40986952808654
tho150,0,PGD,1740,7.239672422409058,9453984.0,16.23658402060246
tho150,0,PGD,1760,7.32196569442749,9454828.0,16.246960987277394
tho150,0,PGD,1780,7.404249668121338,9453488.0,16.2304857084333
tho150,0,PGD,1800,7.486600875854492,9449480.0,16.18120741171156
tho150,0,PGD,1820,7.56892728805542,9440184.0,16.066913238476708
tho150,0,PGD,1840,7.651315927505493,9435752.0,16.012421868449078
tho150,0,PGD,1860,7.733671188354492,9435752.0,16.012421868449078
tho150,0,PGD,1880,7.815980672836304,9435752.0,16.012421868449078
tho150,0,PGD,1900,7.90069842338562,9433574.0,15.98564339283532
tho150,0,PGD,1920,7.983050346374512,9432066.0,15.967102556643606
tho150,0,PGD,1940,8.065377950668335,9432066.0,15.967102556643606
tho150,0,PGD,1960,8.147772073745728,9432066.0,15.967102556643606
tho150,0,PGD,1980,8.230137348175049,9432066.0,15.967102556643606
tho150,0,PGD,2000,8.31247091293335,9432066.0,15.967102556643606
tho150,0,PGD,2020,8.39475965499878,9432066.0,15.967102556643606
tho150,0,PGD,2040,8.477016925811768,9435130.0,16.004774388269208
tho150,0,PGD,2060,8.559303998947144,9435130.0,16.004774388269208
tho150,0,PGD,2080,8.641627788543701,9436400.0,16.020389018218463
tho150,0,PGD,2100,8.723914384841919,9436400.0,16.020389018218463
tho150,0,PGD,2120,8.806408882141113,9436400.0,16.020389018218463
tho150,0,PGD,2140,8.888767957687378,9436400.0,16.020389018218463
tho150,0,PGD,2160,8.971062898635864,9440994.0,16.07687217568844
tho150,0,PGD,2180,9.05341362953186,9443270.0,16.104855559754977
tho150,0,PGD,2200,9.139889001846313,9443270.0,16.104855559754977
tho150,0,PGD,2220,9.222204446792603,9443270.0,16.104855559754977
tho150,0,PGD,2240,9.304506063461304,9443270.0,16.104855559754977
tho150,0,PGD,2260,9.38694715499878,9443270.0,16.104855559754977
tho150,0,PGD,2280,9.469336986541748,9428868.0,15.927783197133596
tho150,0,PGD,2300,9.551690340042114,9428868.0,15.927783197133596
tho150,0,PGD,2320,9.634043455123901,9428868.0,15.927783197133596
tho150,0,PGD,2340,9.716353416442871,9428868.0,15.927783197133596
tho150,0,PGD,2360,9.79858946800232,9428868.0,15.927783197133596
tho150,0,PGD,2380,9.880818843841553,9429496.0,15.93550444721874
tho150,0,PGD,2400,9.963159561157227,9429496.0,15.93550444721874
tho150,0,PGD,2420,10.04547381401062,9429496.0,15.93550444721874
tho150,0,PGD,2440,10.127790689468384,9429496.0,15.93550444721874
tho150,0,PGD,2460,10.210155487060547,9429496.0,15.93550444721874
tho150,0,PGD,2480,10.292734622955322,9429496.0,15.93550444721874
tho150,0,PGD,2500,10.378802061080933,9429496.0,15.93550444721874
tho150,0,SK,1,0.07147359848022461,9941224.0,22.22719212806259
tho150,0,SK,20,1.0555129051208496,9309608.0,14.461483380009192
tho150,0,SK,40,2.086141347885132,9090462.0,11.767086769883878
tho150,0,SK,60,3.1171298027038574,8866468.0,9.013084076298737
tho150,0,SK,80,4.152503728866577,8676832.0,6.681512450269862
tho150,0,SK,100,5.1844165325164795,8545674.0,5.068926910990953
tho150,0,SK,120,6.219813346862793,8465224.0,4.079795431134687
tho150,0,SK,140,7.255177974700928,8408636.0,3.384046864545421
tho150,0,SK,160,8.285940408706665,8376620.0,2.9904106500136844
tho150,0,SK,180,9.316927194595337,8365064.0,2.8483298124596876
tho150,0,SK,200,10.348536491394043,8363822.0,2.8330594420683703
tho150,0,SK,220,11.384145021438599,8315910.0,2.24398215850251
tho150,0,SK,240,12.41356086730957,8353104.0,2.701281801284039
tho150,0,SK,260,13.444743871688843,8299934.0,2.047557490731426
tho150,0,SK,280,14.474205255508423,8311328.0,2.187646540843077
tho150,0,SK,300,15.505222797393799,8287946.0,1.900165219997841
tho150,0,SK,320,16.534751176834106,8302262.0,2.076180213976987
tho150,0,SK,340,17.565963745117188,8273694.0,1.7249371050082636
tho150,0,SK,360,18.595454931259155,8278922.0,1.7892152824686556
tho150,0,SK,380,19.62503433227539,8329982.0,2.416997176333926
tho150,0,SK,400,20.654597759246826,8323860.0,2.341727282987996
tho150,0,SK,420,21.68410062789917,8305808.0,2.1197782279927773
tho150,0,SK,440,22.71353840827942,8277554.0,1.7723957440666251
tho150,0,SK,460,23.742872714996338,8309236.0,2.1619254338715503
tho150,0,SK,480,24.7723548412323,8313706.0,2.2168840132992385
tho150,0,SK,500,25.80247449874878,8307760.0,2.1437780371746222
tho150,0,SK,520,26.831802368164062,8340090.0,2.541274876748931
tho150,0,SK,540,27.86136817932129,8339512.0,2.5341683758743883
tho150,0,SK,560,28.890721797943115,8374204.0,2.960705968157466
tho150,0,SK,580,29.920195817947388,8354750.0,2.7215193452970086
tho150,0,SK,600,30.951932191848755,8345808.0,2.611577596473208
tho150,0,SK,620,31.98118782043457,8350384.0,2.66783944422737
tho150,0,SK,640,33.01055121421814,8316172.0,2.247203444366057
tho150,0,SK,660,34.03981161117554,8376456.0,2.9883942726029145
tho150,0,SK,680,35.06907916069031,8376456.0,2.9883942726029145
tho150,0,SK,700,36.09893441200256,8342826.0,2.574913953552992
tho150,0,SK,720,37.12819766998291,8369624.0,2.904394940466457
tho150,0,SK,740,38.15759038925171,8349586.0,2.658028046826185
tho150,0,SK,760,39.18670415878296,8359388.0,2.7785434820723145
tho150,0,SK,780,40.2159743309021,8349666.0,2.659011645563146
tho150,0,SK,800,41.245665311813354,8355296.0,2.7282324066767663
tho150,0,SK,820,42.274288177490234,8385190.0,3.0957786647106165
tho150,0,SK,840,43.30278563499451,8400306.0,3.281629646059372
tho150,0,SK,860,44.33116817474365,8412644.0,3.4333251612671605
tho150,0,SK,880,45.359559059143066,8412644.0,3.4333251612671605
tho150,0,SK,900,46.38787508010864,8412644.0,3.4333251612671605
tho150,0,SK,920,47.41618061065674,8369920.0,2.908034255793212
tho150,0,SK,940,48.44465374946594,8368886.0,2.8953212421179932
tho150,0,SK,960,49.47296476364136,8367118.0,2.873583710031158
tho150,0,SK,980,50.5016188621521,8386286.0,3.1092539674069806
tho150,0,SK,1000,51.52990102767944,8376498.0,2.988910661939819
tho150,0,SK,1020,52.558310985565186,8384102.0,3.082401721887949
tho150,0,SK,1040,53.586827993392944,8385366.0,3.0979425819319304
tho150,0,SK,1060,54.615119218826294,8404276.0,3.3304407333810544
tho150,0,SK,1080,55.6435284614563,8382382.0,3.0612543490432906
tho150,0,SK,1100,56.67175626754761,8384498.0,3.087270535635905
tho150,0,SK,1120,57.700016498565674,8421636.0,3.543881659301561
tho150,0,SK,1140,58.72855758666992,8405658.0,3.3474324015620534
tho150,0,SK,1160,59.75662636756897,8383598.0,3.0762050498450955
tho150,0,SK,1180,60.7850444316864,8392692.0,3.188015636269122
tho150,0,SK,1200,61.81343388557434,8391420.0,3.172376416351444
tho150,0,SK,1220,62.84185004234314,8455490.0,3.9601160548149736
tho150,0,SK,1240,63.87043261528015,8427410.0,3.6148728981417113
tho150,0,SK,1260,64.89873623847961,8442182.0,3.7964944049215346
tho150,0,SK,1280,65.92716717720032,8442182.0,3.7964944049215346
tho150,0,SK,1300,66.95534753799438,8444068.0,3.819682745145387
tho150,0,SK,1320,67.98355793952942,8451500.0,3.9110590678090507
tho150,0,SK,1340,69.01175451278687,8451500.0,3.9110590678090507
tho150,0,SK,1360,70.0398678779602,8417564.0,3.4938164835902534
tho150,0,SK,1380,71.06803464889526,8406630.0,3.3593831262161276
tho150,0,SK,1400,72.09617161750793,8401246.0,3.293186931218662
tho150,0,SK,1420,73.12446975708008,8443418.0,3.8116910054075794
tho150,0,SK,1440,74.15273475646973,8424758.0,3.5822666000114594
tho150,0,SK,1460,75.18092179298401,8400454.0,3.2834493037227492
tho150,0,SK,1480,76.20922446250916,8433174.0,3.685741187139742
tho150,0,SK,1500,77.23731899261475,8433174.0,3.685741187139742
tho150,0,SK,1520,78.26546239852905,8433174.0,3.685741187139742
tho150,0,SK,1540,79.29379510879517,8430134.0,3.648364435135229
tho150,0,SK,1560,80.32182192802429,8468732.0,4.122926235750421
tho150,0,SK,1580,81.35008382797241,8454280.0,3.9452391239184412
tho150,0,SK,1600,82.37826251983643,8475522.0,4.206409178549974
tho150,0,SK,1620,83.40650916099548,8429692.0,3.6429300521135204
tho150,0,SK,1640,84.43468999862671,8462484.0,4.046107174393778
tho150,0,SK,1660,85.46273946762085,8450558.0,3.8994771926813367
tho150,0,SK,1680,86.49099206924438,8450558.0,3.8994771926813367
tho150,0,SK,1700,87.51922106742859,8438354.0,3.749429205357958
tho150,0,SK,1720,88.54728865623474,8432518.0,3.6776756774966626
tho150,0,SK,1740,89.57559299468994,8413206.0,3.4402349423943104
tho150,0,SK,1760,90.60372924804688,8442392.0,3.7990763516060566
tho150,0,SK,1780,91.63206315040588,8478798.0,4.246687546828521
tho150,0,SK,1800,92.66015958786011,8478678.0,4.24521214872308
tho150,0,SK,1820,93.68833494186401,8492250.0,4.41207967444849
tho150,0,SK,1840,94.71657800674438,8442064.0,3.7950435967845175
tho150,0,SK,1860,95.74500298500061,8450274.0,3.8959854171651256
tho150,0,SK,1880,96.77317190170288,8429028.0,3.634766182596745
tho150,0,SK,1900,97.80153346061707,8463716.0,4.061254594942974
tho150,0,SK,1920,98.829824924469,8463628.0,4.060172636332317
tho150,0,SK,1940,99.85810828208923,8462074.0,4.041066230866853
tho150,0,SK,1960,100.886239528656,8465896.0,4.088057660525158
tho150,0,SK,1980,101.91457056999207,8431892.0,3.669979017379944
tho150,0,SK,2000,102.94274067878723,8427236.0,3.6127335708888215
tho150,0,SK,2020,103.97105431556702,8445138.0,3.8328383782522386
tho150,0,SK,2040,104.99923396110535,8445138.0,3.8328383782522386
tho150,0,SK,2060,106.02745628356934,8445138.0,3.8328383782522386
tho150,0,SK,2080,107.05574440956116,8427880.0,3.620651540721356
tho150,0,SK,2100,108.08390974998474,8427880.0,3.620651540721356
tho150,0,SK,2120,109.11214423179626,8427880.0,3.620651540721356
tho150,0,SK,2140,110.1403706073761,8424880.0,3.5837665880853242
tho150,0,SK,2160,111.16854572296143,8431422.0,3.6642003748002985
tho150,0,SK,2180,112.19679093360901,8464368.0,4.069270924649206
tho150,0,SK,2200,113.22498679161072,8477302.0,4.228294250447353
tho150,0,SK,2220,114.2533540725708,8522476.0,4.783707867240727
tho150,0,SK,2240,115.2815523147583,8494986.0,4.445718751252552
tho150,0,SK,2260,116.30988597869873,8484964.0,4.322498419479779
tho150,0,SK,2280,117.33812165260315,8468604.0,4.121352477771283
tho150,0,SK,2300,118.36627984046936,8467896.0,4.11264762894918
tho150,0,SK,2320,119.39478731155396,8467896.0,4.11264762894918
tho150,0,SK,2340,120.4233934879303,8457276.0,3.9820748966176254
tho150,0,SK,2360,121.45157122612,8447690.0,3.8642151779612903
tho150,0,SK,2380,122.47973728179932,8447690.0,3.8642151779612903
tho150,0,SK,2400,123.50823092460632,8447690.0,3.8642151779612903
tho150,0,SK,2420,124.53645706176758,8447690.0,3.8642151779612903
tho150,0,SK,2440,125.56500220298767,8447690.0,3.8642151779612903
tho150,0,SK,2460,126.5931544303894,8447690.0,3.8642151779612903
tho150,0,SK,2480,127.62138152122498,8447690.0,3.8642151779612903
tho150,0,SK,2500,128.64954495429993,8464516.0,4.071090582312583
tho150,1,PGD,1,0.023672819137573242,9912132.0,21.86950644736677
tho150,1,PGD,20,0.10811376571655273,9486190.0,16.632556282134477
tho150,1,PGD,40,0.1910107135772705,9553624.0,17.461656247487213
tho150,1,PGD,60,0.278245210647583,9530364.0,17.17567491471584
tho150,1,PGD,80,0.3619096279144287,9454930.0,16.248215075667023
tho150,1,PGD,100,0.4455115795135498,9442416.0,16.09435564323792
tho150,1,PGD,120,0.5277225971221924,9482316.0,16.58492551329715
tho150,1,PGD,140,0.6099967956542969,9444372.0,16.11840463235661
tho150,1,PGD,160,0.6982238292694092,9431152.0,15.95586494107383
tho150,1,PGD,180,0.7803621292114258,9440824.0,16.074782028372397
tho150,1,PGD,200,0.8626344203948975,9432132.0,15.967914025601598
tho150,1,PGD,220,0.9463043212890625,9422358.0,15.847742849913407
tho150,1,PGD,240,1.030005693435669,9392550.0,15.48125396052179
tho150,1,PGD,260,1.1122698783874512,9432348.0,15.970569742191392
tho150,1,PGD,280,1.1944775581359863,9452656.0,16.220256281568908
tho150,1,PGD,300,1.2765779495239258,9479462.0,16.549835628356067
tho150,1,PGD,320,1.3587651252746582,9472228.0,16.46089371256638
tho150,1,PGD,340,1.442070484161377,9462562.0,16.34205039517309
tho150,1,PGD,360,1.5273947715759277,9465062.0,16.372787855703113
tho150,1,PGD,380,1.6093876361846924,9465062.0,16.372787855703113
tho150,1,PGD,400,1.691359043121338,9462562.0,16.34205039517309
tho150,1,PGD,420,1.7732832431793213,9462562.0,16.34205039517309
tho150,1,PGD,440,1.855231761932373,9462562.0,16.34205039517309
tho150,1,PGD,460,1.9370756149291992,9462562.0,16.34205039517309
tho150,1,PGD,480,2.018953323364258,9462562.0,16.34205039517309
tho150,1,PGD,500,2.1008057594299316,9462562.0,16.34205039517309
tho150,1,PGD,520,2.1827304363250732,9473950.0,16.482065675379467
tho150,1,PGD,540,2.2645673751831055,9473950.0,16.482065675379467
tho150,1,PGD,560,2.3464181423187256,9468536.0,16.41550063085564
tho150,1,PGD,580,2.428345203399658,9472344.0,16.462319930734978
tho150,1,PGD,600,2.5102224349975586,9472344.0,16.462319930734978
tho150,1,PGD,620,2.5921430587768555,9476992.0,16.5194670173524
tho150,1,PGD,640,2.6739501953125,9476992.0,16.5194670173524
tho150,1,PGD,660,2.7576467990875244,9439846.0,16.062757533813052
tho150,1,PGD,680,2.8394973278045654,9416022.0,15.769841829946108
tho150,1,PGD,700,2.921360731124878,9416022.0,15.769841829946108
tho150,1,PGD,720,3.0032565593719482,9426190.0,15.89485722941383
tho150,1,PGD,740,3.085195541381836,9433346.0,15.98284013643498
tho150,1,PGD,760,3.1670570373535156,9421688.0,15.839505210491359
tho150,1,PGD,780,3.2492575645446777,9440322.0,16.06860994629797
tho150,1,PGD,800,3.331136703491211,9433550.0,15.985348313214232
tho150,1,PGD,820,3.413010597229004,9429850.0,15.93985687162979
tho150,1,PGD,840,3.494839906692505,9432404.0,15.971258261307266
tho150,1,PGD,860,3.576561212539673,9433936.0,15.990094177120067
tho150,1,PGD,880,3.658451795578003,9433936.0,15.990094177120067
tho150,1,PGD,900,3.740215301513672,9433936.0,15.990094177120067
tho150,1,PGD,920,3.822113037109375,9433936.0,15.990094177120067
tho150,1,PGD,940,3.9038684368133545,9433936.0,15.990094177120067
tho150,1,PGD,960,3.9903457164764404,9433936.0,15.990094177120067
tho150,1,PGD,980,4.072724342346191,9433936.0,15.990094177120067
tho150,1,PGD,1000,4.154918670654297,9433936.0,15.990094177120067
tho150,1,PGD,1020,4.237068176269531,9433936.0,15.990094177120067
tho150,1,PGD,1040,4.319353342056274,9433936.0,15.990094177120067
tho150,1,PGD,1060,4.401599645614624,9433936.0,15.990094177120067
tho150,1,PGD,1080,4.483834266662598,9433936.0,15.990094177120067
tho150,1,PGD,1100,4.566167116165161,9432992.0,15.978487712023929
tho150,1,PGD,1120,4.648433685302734,9432992.0,15.978487712023929
tho150,1,PGD,1140,4.73068380355835,9432992.0,15.978487712023929
tho150,1,PGD,1160,4.812945604324341,9432992.0,15.978487712023929
tho150,1,PGD,1180,4.89514946937561,9432992.0,15.978487712023929
tho150,1,PGD,1200,4.977246284484863,9432992.0,15.978487712023929
tho150,1,PGD,1220,5.059406280517578,9432992.0,15.978487712023929
tho150,1,PGD,1240,5.141625165939331,9432992.0,15.978487712023929
tho150,1,PGD,1260,5.228092432022095,9432992.0,15.978487712023929
tho150,1,PGD,1280,5.310409784317017,9432992.0,15.978487712023929
tho150,1,PGD,1300,5.392766952514648,9432992.0,15.978487712023929
tho150,1,PGD,1320,5.47501277923584,9430220.0,15.944406015788234
tho150,1,PGD,1340,5.557135820388794,9426514.0,15.898840804298523
tho150,1,PGD,1360,5.639346599578857,9426514.0,15.898840804298523
tho150,1,PGD,1380,5.72148871421814,9426514.0,15.898840804298523
tho150,1,PGD,1400,5.803710222244263,9440360.0,16.069077155698025
tho150,1,PGD,1420,5.886014699935913,9440360.0,16.069077155698025
tho150,1,PGD,1440,5.96825909614563,9437232.0,16.030618445082855
tho150,1,PGD,1460,6.050482273101807,9437232.0,16.030618445082855
tho150,1,PGD,1480,6.132810115814209,9437232.0,16.030618445082855
tho150,1,PGD,1500,6.2149786949157715,9437232.0,16.030618445082855
tho150,1,PGD,1520,6.297082185745239,9440360.0,16.069077155698025
tho150,1,PGD,1540,6.379277944564819,9445912.0,16.13733890804311
tho150,1,PGD,1560,6.4655983448028564,9427048.0,15.905406325867737
tho150,1,PGD,1580,6.547876596450806,9448958.0,16.17478942995289
tho150,1,PGD,1600,6.630127429962158,9447396.0,16.15558466461373
tho150,1,PGD,1620,6.712452411651611,9476274.0,16.51063921868818
tho150,1,PGD,1640,6.794632911682129,9487572.0,16.649547950315476
tho150,1,PGD,1660,6.876810550689697,9452374.0,16.216789096021124
tho150,1,PGD,1680,6.959068775177002,9468078.0,16.40986952808654
tho150,1,PGD,1700,7.041270732879639,9468078.0,16.40986952808654
tho150,1,PGD,1720,7.123445987701416,9468078.0,16.40986952808654
tho150,1,PGD,1740,7.205769300460815,9453984.0,16.23658402060246
tho150,1,PGD,1760,7.287989854812622,9454828.0,16.246960987277394
tho150,1,PGD,1780,7.370215892791748,9453488.0,16.2304857084333
tho150,1,PGD,1800,7.452430009841919,9449480.0,16.18120741171156
tho150,1,PGD,1820,7.534533262252808,9440184.0,16.066913238476708
tho150,1,PGD,1840,7.61665415763855,9435752.0,16.012421868449078
tho150,1,PGD,1860,7.7029783725738525,9435752.0,16.012421868449078
tho150,1,PGD,1880,7.785334587097168,9435752.0,16.012421868449078
tho150,1,PGD,1900,7.867630958557129,9433574.0,15.98564339283532
tho150,1,PGD,1920,7.9498841762542725,9432066.0,15.967102556643606
tho150,1,PGD,1940,8.032147645950317,9432066.0,15.967102556643606
tho150,1,PGD,1960,8.114272356033325,9432066.0,15.967102556643606
tho150,1,PGD,1980,8.196450233459473,9432066.0,15.967102556643606
tho150,1,PGD,2000,8.278646230697632,9432066.0,15.967102556643606
tho150,1,PGD,2020,8.360793590545654,9432066.0,15.967102556643606
tho150,1,PGD,2040,8.442981719970703,9435130.0,16.004774388269208
tho150,1,PGD,2060,8.525249242782593,9435130.0,16.004774388269208
tho150,1,PGD,2080,8.607474565505981,9436400.0,16.020389018218463
tho150,1,PGD,2100,8.68972659111023,9436400.0,16.020389018218463
tho150,1,PGD,2120,8.77199125289917,9436400.0,16.020389018218463
tho150,1,PGD,2140,8.854052305221558,9436400.0,16.020389018218463
tho150,1,PGD,2160,8.940285921096802,9440994.0,16.07687217568844
tho150,1,PGD,2180,9.022571086883545,9443270.0,16.104855559754977
tho150,1,PGD,2200,9.104846239089966,9443270.0,16.104855559754977
tho150,1,PGD,2220,9.187094926834106,9443270.0,16.104855559754977
tho150,1,PGD,2240,9.269433498382568,9443270.0,16.104855559754977
tho150,1,PGD,2260,9.351675033569336,9443270.0,16.104855559754977
tho150,1,PGD,2280,9.433840990066528,9428868.0,15.927783197133596
tho150,1,PGD,2300,9.516066551208496,9428868.0,15.927783197133596
tho150,1,PGD,2320,9.598263025283813,9428868.0,15.927783197133596
tho150,1,PGD,2340,9.68039608001709,9428868.0,15.927783197133596
tho150,1,PGD,2360,9.762665748596191,9428868.0,15.927783197133596
tho150,1,PGD,2380,9.844929695129395,9429496.0,15.93550444721874
tho150,1,PGD,2400,9.927111148834229,9429496.0,15.93550444721874
tho150,1,PGD,2420,10.009388446807861,9429496.0,15.93550444721874
tho150,1,PGD,2440,10.091549396514893,9429496.0,15.93550444721874
tho150,1,PGD,2460,10.177833318710327,9429496.0,15.93550444721874
tho150,1,PGD,2480,10.260085344314575,9429496.0,15.93550444721874
tho150,1,PGD,2500,10.34246826171875,9429496.0,15.93550444721874
tho150,1,SK,1,0.06714320182800293,9941224.0,22.22719212806259
tho150,1,SK,20,1.0461924076080322,9309608.0,14.461483380009192
tho150,1,SK,40,2.075883388519287,9090462.0,11.767086769883878
tho150,1,SK,60,3.10555362701416,8866468.0,9.013084076298737
tho150,1,SK,80,4.135332345962524,8676832.0,6.681512450269862
tho150,1,SK,100,5.165206670761108,8545674.0,5.068926910990953
tho150,1,SK,120,6.1949303150177,8465224.0,4.079795431134687
tho150,1,SK,140,7.224822282791138,8408636.0,3.384046864545421
tho150,1,SK,160,8.254607439041138,8376620.0,2.9904106500136844
tho150,1,SK,180,9.284404039382935,8365064.0,2.8483298124596876
tho150,1,SK,200,10.31432294845581,8363822.0,2.8330594420683703
tho150,1,SK,220,11.344063997268677,8315910.0,2.24398215850251
tho150,1,SK,240,12.372342109680176,8353104.0,2.701281801284039
tho150,1,SK,260,13.402258396148682,8299934.0,2.047557490731426
tho150,1,SK,280,14.43062949180603,8311328.0,2.187646540843077
tho150,1,SK,300,15.46061635017395,8287946.0,1.900165219997841
tho150,1,SK,320,16.48893713951111,8302262.0,2.076180213976987
tho150,1,SK,340,17.518924951553345,8273694.0,1.7249371050082636
tho150,1,SK,360,18.547324180603027,8278922.0,1.7892152824686556
tho150,1,SK,380,19.576050519943237,8329982.0,2.416997176333926
tho150,1,SK,400,20.604642391204834,8323860.0,2.341727282987996
tho150,1,SK,420,21.632935523986816,8305808.0,2.1197782279927773
tho150,1,SK,440,22.661345720291138,8277554.0,1.7723957440666251
tho150,1,SK,460,23.689663648605347,8309236.0,2.1619254338715503
tho150,1,SK,480,24.718010187149048,8313706.0,2.2168840132992385
tho150,1,SK,500,25.74649667739868,8307760.0,2.1437780371746222
tho150,1,SK,520,26.774871587753296,8340090.0,2.541274876748931
tho150,1,SK,540,27.803280353546143,8339512.0,2.5341683758743883
tho150,1,SK,560,28.83163046836853,8374204.0,2.960705968157466
tho150,1,SK,580,29.859901905059814,8354750.0,2.7215193452970086
tho150,1,SK,600,30.88844609260559,8345808.0,2.611577596473208
tho150,1,SK,620,31.916847705841064,8350384.0,2.66783944422737
tho150,1,SK,640,32.94530510902405,8316172.0,2.247203444366057
tho150,1,SK,660,33.973586082458496,8376456.0,2.9883942726029145
tho150,1,SK,680,35.001893758773804,8376456.0,2.9883942726029145
tho150,1,SK,700,36.030412673950195,8342826.0,2.574913953552992
tho150,1,SK,720,37.05878520011902,8369624.0,2.904394940466457
tho150,1,SK,740,38.087488889694214,8349586.0,2.658028046826185
tho150,1,SK,760,39.115966796875,8359388.0,2.7785434820723145
tho150,1,SK,780,40.144482374191284,8349666.0,2.659011645563146
tho150,1,SK,800,41.17297172546387,8355296.0,2.7282324066767663
tho150,1,SK,820,42.20138692855835,8385190.0,3.0957786647106165
tho150,1,SK,840,43.229920625686646,8400306.0,3.281629646059372
tho150,1,SK,860,44.25852966308594,8412644.0,3.4333251612671605
tho150,1,SK,880,45.287256956100464,8412644.0,3.4333251612671605
tho150,1,SK,900,46.31569528579712,8412644.0,3.4333251612671605
tho150,1,SK,920,47.344112157821655,8369920.0,2.908034255793212
tho150,1,SK,940,48.372917890548706,8368886.0,2.8953212421179932
tho150,1,SK,960,49.40143966674805,8367118.0,2.873583710031158
tho150,1,SK,980,50.42986345291138,8386286.0,3.1092539674069806
tho150,1,SK,1000,51.45840907096863,8376498.0,2.988910661939819
tho150,1,SK,1020,52.486945390701294,8384102.0,3.082401721887949
tho150,1,SK,1040,53.5155189037323,8385366.0,3.0979425819319304
tho150,1,SK,1060,54.544034004211426,8404276.0,3.3304407333810544
tho150,1,SK,1080,55.57261872291565,8382382.0,3.0612543490432906
tho150,1,SK,1100,56.601136684417725,8384498.0,3.087270535635905
tho150,1,SK,1120,57.629714250564575,8421636.0,3.543881659301561
tho150,1,SK,1140,58.658265352249146,8405658.0,3.3474324015620534
tho150,1,SK,1160,59.686705350875854,8383598.0,3.0762050498450955
tho150,1,SK,1180,60.715320110321045,8392692.0,3.188015636269122
tho150,1,SK,1200,61.74388599395752,8391420.0,3.172376416351444
tho150,1,SK,1220,62.772396087646484,8455490.0,3.9601160548149736
tho150,1,SK,1240,63.801002502441406,8427410.0,3.6148728981417113
tho150,1,SK,1260,64.8295304775238,8442182.0,3.7964944049215346
tho150,1,SK,1280,65.85826873779297,8442182.0,3.7964944049215346
tho150,1,SK,1300,66.88683271408081,8444068.0,3.819682745145387
tho150,1,SK,1320,67.91546988487244,8451500.0,3.9110590678090507
tho150,1,SK,1340,68.94412326812744,8451500.0,3.9110590678090507
tho150,1,SK,1360,69.9726197719574,8417564.0,3.4938164835902534
tho150,1,SK,1380,71.0013120174408,8406630.0,3.3593831262161276
tho150,1,SK,1400,72.0299026966095,8401246.0,3.293186931218662
tho150,1,SK,1420,73.05860328674316,8443418.0,3.8116910054075794
tho150,1,SK,1440,74.0873429775238,8424758.0,3.5822666000114594
tho150,1,SK,1460,75.11601901054382,8400454.0,3.2834493037227492
tho150,1,SK,1480,76.14475011825562,8433174.0,3.685741187139742
tho150,1,SK,1500,77.17486810684204,8433174.0,3.685741187139742
tho150,1,SK,1520,78.20350003242493,8433174.0,3.685741187139742
tho150,1,SK,1540,79.23216199874878,8430134.0,3.648364435135229
tho150,1,SK,1560,80.26076769828796,8468732.0,4.122926235750421
tho150,1,SK,1580,81.28934359550476,8454280.0,3.9452391239184412
tho150,1,SK,1600,82.31859636306763,8475522.0,4.206409178549974
tho150,1,SK,1620,83.34728145599365,8429692.0,3.6429300521135204
tho150,1,SK,1640,84.3760678768158,8462484.0,4.046107174393778
tho150,1,SK,1660,85.40459084510803,8450558.0,3.8994771926813367
tho150,1,SK,1680,86.43329763412476,8450558.0,3.8994771926813367
tho150,1,SK,1700,87.46452403068542,8438354.0,3.749429205357958
tho150,1,SK,1720,88.49321508407593,8432518.0,3.6776756774966626
tho150,1,SK,1740,89.52191042900085,8413206.0,3.4402349423943104
tho150,1,SK,1760,90.55060482025146,8442392.0,3.7990763516060566
tho150,1,SK,1780,91.57921004295349,8478798.0,4.246687546828521
tho150,1,SK,1800,92.60854697227478,8478678.0,4.24521214872308
tho150,1,SK,1820,93.63725399971008,8492250.0,4.41207967444849
tho150,1,SK,1840,94.66595578193665,8442064.0,3.7950435967845175
tho150,1,SK,1860,95.6944694519043,8450274.0,3.8959854171651256
tho150,1,SK,1880,96.72310876846313,8429028.0,3.634766182596745
tho150,1,SK,1900,97.75396490097046,8463716.0,4.061254594942974
tho150,1,SK,1920,98.78253936767578,8463628.0,4.060172636332317
tho150,1,SK,1940,99.81120729446411,8462074.0,4.041066230866853
tho150,1,SK,1960,100.83976650238037,8465896.0,4.088057660525158
tho150,1,SK,1980,101.86843013763428,8431892.0,3.669979017379944
tho150,1,SK,2000,102.89693713188171,8427236.0,3.6127335708888215
tho150,1,SK,2020,103.92549109458923,8445138.0,3.8328383782522386
tho150,1,SK,2040,104.9564995765686,8445138.0,3.8328383782522386
tho150,1,SK,2060,105.98523688316345,8445138.0,3.8328383782522386
tho150,1,SK,2080,107.01408529281616,8427880.0,3.620651540721356
tho150,1,SK,2100,108.04263758659363,8427880.0,3.620651540721356
tho150,1,SK,2120,109.07134342193604,8427880.0,3.620651540721356
tho150,1,SK,2140,110.10013198852539,8424880.0,3.5837665880853242
tho150,1,SK,2160,111.12881350517273,8431422.0,3.6642003748002985
tho150,1,SK,2180,112.15750503540039,8464368.0,4.069270924649206
tho150,1,SK,2200,113.18613719940186,8477302.0,4.228294250447353
tho150,1,SK,2220,114.21478223800659,8522476.0,4.783707867240727
tho150,1,SK,2240,115.24359440803528,8494986.0,4.445718751252552
tho150,1,SK,2260,116.27222847938538,8484964.0,4.322498419479779
tho150,1,SK,2280,117.30111765861511,8468604.0,4.121352477771283
tho150,1,SK,2300,118.32981157302856,8467896.0,4.11264762894918
tho150,1,SK,2320,119.35859727859497,8467896.0,4.11264762894918
tho150,1,SK,2340,120.38744926452637,8457276.0,3.9820748966176254
tho150,1,SK,2360,121.41619324684143,8447690.0,3.8642151779612903
tho150,1,SK,2380,122.44503450393677,8447690.0,3.8642151779612903
tho150,1,SK,2400,123.47366452217102,8447690.0,3.8642151779612903
tho150,1,SK,2420,124.50239396095276,8447690.0,3.8642151779612903
tho150,1,SK,2440,125.53122401237488,8447690.0,3.8642151779612903
tho150,1,SK,2460,126.55999040603638,8447690.0,3.8642151779612903
tho150,1,SK,2480,127.5886926651001,8447690.0,3.8642151779612903
tho150,1,SK,2500,128.61742782592773,8464516.0,4.071090582312583
tho150,2,PGD,1,0.02362227439880371,9912132.0,21.86950644736677
tho150,2,PGD,20,0.11267280578613281,9486190.0,16.632556282134477
tho150,2,PGD,40,0.19489502906799316,9553624.0,17.461656247487213
tho150,2,PGD,60,0.27714967727661133,9530364.0,17.17567491471584
tho150,2,PGD,80,0.36524486541748047,9454930.0,16.248215075667023
tho150,2,PGD,100,0.45328831672668457,9442416.0,16.09435564323792
tho150,2,PGD,120,0.5354673862457275,9482316.0,16.58492551329715
tho150,2,PGD,140,0.6176879405975342,9444372.0,16.11840463235661
tho150,2,PGD,160,0.7013568878173828,9431152.0,15.95586494107383
tho150,2,PGD,180,0.7834854125976562,9440824.0,16.074782028372397
tho150,2,PGD,200,0.865546703338623,9432132.0,15.967914025601598
tho150,2,PGD,220,0.949146032333374,9422358.0,15.847742849913407
tho150,2,PGD,240,1.0327162742614746,9392550.0,15.48125396052179
tho150,2,PGD,260,1.114823818206787,9432348.0,15.970569742191392
tho150,2,PGD,280,1.196955680847168,9452656.0,16.220256281568908
tho150,2,PGD,300,1.2790436744689941,9479462.0,16.549835628356067
tho150,2,PGD,320,1.3659107685089111,9472228.0,16.46089371256638
tho150,2,PGD,340,1.4480407238006592,9462562.0,16.34205039517309
tho150,2,PGD,360,1.5301823616027832,9465062.0,16.372787855703113
tho150,2,PGD,380,1.6122045516967773,9465062.0,16.372787855703113
tho150,2,PGD,400,1.6943702697753906,9462562.0,16.34205039517309
tho150,2,PGD,420,1.7765188217163086,9462562.0,16.34205039517309
tho150,2,PGD,440,1.8586335182189941,9462562.0,16.34205039517309
tho150,2,PGD,460,1.9408445358276367,9462562.0,16.34205039517309
tho150,2,PGD,480,2.0228536128997803,9462562.0,16.34205039517309
tho150,2,PGD,500,2.104879140853882,9462562.0,16.34205039517309
tho150,2,PGD,520,2.186920166015625,9473950.0,16.482065675379467
tho150,2,PGD,540,2.2688302993774414,9473950.0,16.482065675379467
tho150,2,PGD,560,2.3509774208068848,9468536.0,16.41550063085564
tho150,2,PGD,580,2.4330286979675293,9472344.0,16.462319930734978
tho150,2,PGD,600,2.5151076316833496,9472344.0,16.462319930734978
tho150,2,PGD,620,2.600466728210449,9476992.0,16.5194670173524
tho150,2,PGD,640,2.6822891235351562,9476992.0,16.5194670173524
tho150,2,PGD,660,2.7640697956085205,9439846.0,16.062757533813052
tho150,2,PGD,680,2.8458609580993652,9416022.0,15.769841829946108
tho150,2,PGD,700,2.9276390075683594,9416022.0,15.769841829946108
tho150,2,PGD,720,3.009669303894043,9426190.0,15.89485722941383
tho150,2,PGD,740,3.0914480686187744,9433346.0,15.98284013643498
tho150,2,PGD,760,3.173297643661499,9421688.0,15.839505210491359
tho150,2,PGD,780,3.2551286220550537,9440322.0,16.06860994629797
tho150,2,PGD,800,3.3369832038879395,9433550.0,15.985348313214232
tho150,2,PGD,820,3.418754816055298,9429850.0,15.93985687162979
tho150,2,PGD,840,3.500659465789795,9432404.0,15.971258261307266
tho150,2,PGD,860,3.582371711730957,9433936.0,15.990094177120067
tho150,2,PGD,880,3.664140224456787,9433936.0,15.990094177120067
tho150,2,PGD,900,3.745887279510498,9433936.0,15.990094177120067
tho150,2,PGD,920,3.8311636447906494,9433936.0,15.990094177120067
tho150,2,PGD,940,3.91300892829895,9433936.0,15.990094177120067
tho150,2,PGD,960,3.994866371154785,9433936.0,15.990094177120067
tho150,2,PGD,980,4.076769828796387,9433936.0,15.990094177120067
tho150,2,PGD,1000,4.158599138259888,9433936.0,15.990094177120067
tho150,2,PGD,1020,4.240412473678589,9433936.0,15.990094177120067
tho150,2,PGD,1040,4.322201251983643,9433936.0,15.990094177120067
tho150,2,PGD,1060,4.404008865356445,9433936.0,15.990094177120067
tho150,2,PGD,1080,4.48573637008667,9433936.0,15.990094177120067
tho150,2,PGD,1100,4.567543983459473,9432992.0,15.978487712023929
tho150,2,PGD,1120,4.6493000984191895,9432992.0,15.978487712023929
tho150,2,PGD,1140,4.73105263710022,9432992.0,15.978487712023929
tho150,2,PGD,1160,4.812854051589966,9432992.0,15.978487712023929
tho150,2,PGD,1180,4.894638538360596,9432992.0,15.978487712023929
tho150,2,PGD,1200,4.976399183273315,9432992.0,15.978487712023929
tho150,2,PGD,1220,5.062532186508179,9432992.0,15.978487712023929
tho150,2,PGD,1240,5.144704341888428,9432992.0,15.978487712023929
tho150,2,PGD,1260,5.226811647415161,9432992.0,15.978487712023929
tho150,2,PGD,1280,5.308911561965942,9432992.0,15.978487712023929
tho150,2,PGD,1300,5.391057014465332,9432992.0,15.978487712023929
tho150,2,PGD,1320,5.473191499710083,9430220.0,15.944406015788234
tho150,2,PGD,1340,5.5553014278411865,9426514.0,15.898840804298523
tho150,2,PGD,1360,5.63748025894165,9426514.0,15.898840804298523
tho150,2,PGD,1380,5.719584226608276,9426514.0,15.898840804298523
tho150,2,PGD,1400,5.8016602993011475,9440360.0,16.069077155698025
tho150,2,PGD,1420,5.883753776550293,9440360.0,16.069077155698025
tho150,2,PGD,1440,5.966006517410278,9437232.0,16.030618445082855
tho150,2,PGD,1460,6.04804539680481,9437232.0,16.030618445082855
tho150,2,PGD,1480,6.130125284194946,9437232.0,16.030618445082855
tho150,2,PGD,1500,6.212178468704224,9437232.0,16.030618445082855
tho150,2,PGD,1520,6.29847526550293,9440360.0,16.069077155698025
tho150,2,PGD,1540,6.380687236785889,9445912.0,16.13733890804311
tho150,2,PGD,1560,6.462775468826294,9427048.0,15.905406325867737
tho150,2,PGD,1580,6.544915437698364,9448958.0,16.17478942995289
tho150,2,PGD,1600,6.627032041549683,9447396.0,16.15558466461373
tho150,2,PGD,1620,6.709098815917969,9476274.0,16.51063921868818
tho150,2,PGD,1640,6.791234731674194,9487572.0,16.649547950315476
tho150,2,PGD,1660,6.873448133468628,9452374.0,16.216789096021124
tho150,2,PGD,1680,6.955564737319946,9468078.0,16.40986952808654
tho150,2,PGD,1700,7.037763357162476,9468078.0,16.40986952808654
tho150,2,PGD,1720,7.119929075241089,9468078.0,16.40986952808654
tho150,2,PGD,1740,7.20198130607605,9453984.0,16.23658402060246
tho150,2,PGD,1760,7.284115314483643,9454828.0,16.246960987277394
tho150,2,PGD,1780,7.36618709564209,9453488.0,16.2304857084333
tho150,2,PGD,1800,7.448209524154663,9449480.0,16.18120741171156
tho150,2,PGD,1820,7.532710790634155,9440184.0,16.066913238476708
tho150,2,PGD,1840,7.618510723114014,9435752.0,16.012421868449078
tho150,2,PGD,1860,7.700767755508423,9435752.0,16.012421868449078
tho150,2,PGD,1880,7.783012390136719,9435752.0,16.012421868449078
tho150,2,PGD,1900,7.865135192871094,9433574.0,15.98564339283532
tho150,2,PGD,1920,7.947225093841553,9432066.0,15.967102556643606
tho150,2,PGD,1940,8.02937650680542,9432066.0,15.967102556643606
tho150,2,PGD,1960,8.111532211303711,9432066.0,15.967102556643606
tho150,2,PGD,1980,8.193703174591064,9432066.0,15.967102556643606
tho150,2,PGD,2000,8.275846719741821,9432066.0,15.967102556643606
tho150,2,PGD,2020,8.358037948608398,9432066.0,15.967102556643606
tho150,2,PGD,2040,8.44013237953186,9435130.0,16.004774388269208
tho150,2,PGD,2060,8.522145509719849,9435130.0,16.004774388269208
tho150,2,PGD,2080,8.604279518127441,9436400.0,16.020389018218463
tho150,2,PGD,2100,8.686346292495728,9436400.0,16.020389018218463
tho150,2,PGD,2120,8.77236533164978,9436400.0,16.020389018218463
tho150,2,PGD,2140,8.854725360870361,9436400.0,16.020389018218463
tho150,2,PGD,2160,8.937011957168579,9440994.0,16.07687217568844
tho150,2,PGD,2180,9.019253969192505,9443270.0,16.104855559754977
tho150,2,PGD,2200,9.101413011550903,9443270.0,16.104855559754977
tho150,2,PGD,2220,9.183543920516968,9443270.0,16.104855559754977
tho150,2,PGD,2240,9.265600204467773,9443270.0,16.104855559754977
tho150,2,PGD,2260,9.3478102684021,9443270.0,16.104855559754977
tho150,2,PGD,2280,9.429997682571411,9428868.0,15.927783197133596
tho150,2,PGD,2300,9.512118339538574,9428868.0,15.927783197133596
tho150,2,PGD,2320,9.59430980682373,9428868.0,15.927783197133596
tho150,2,PGD,2340,9.676463603973389,9428868.0,15.927783197133596
tho150,2,PGD,2360,9.75858998298645,9428868.0,15.927783197133596
tho150,2,PGD,2380,9.840710401535034,9429496.0,15.93550444721874
tho150,2,PGD,2400,9.922695636749268,9429496.0,15.93550444721874
tho150,2,PGD,2420,10.00888729095459,9429496.0,15.93550444721874
tho150,2,PGD,2440,10.091226816177368,9429496.0,15.93550444721874
tho150,2,PGD,2460,10.173518657684326,9429496.0,15.93550444721874
tho150,2,PGD,2480,10.255819320678711,9429496.0,15.93550444721874
tho150,2,PGD,2500,10.338096380233765,9429496.0,15.93550444721874
tho150,2,SK,1,0.07125496864318848,9941224.0,22.22719212806259
tho150,2,SK,20,1.0545992851257324,9309608.0,14.461483380009192
tho150,2,SK,40,2.0886495113372803,9090462.0,11.767086769883878
tho150,2,SK,60,3.1192569732666016,8866468.0,9.013084076298737
tho150,2,SK,80,4.153496980667114,8676832.0,6.681512450269862
tho150,2,SK,100,5.1877758502960205,8545674.0,5.068926910990953
tho150,2,SK,120,6.217601537704468,8465224.0,4.079795431134687
tho150,2,SK,140,7.251919984817505,8408636.0,3.384046864545421
tho150,2,SK,160,8.28638243675232,8376620.0,2.9904106500136844
tho150,2,SK,180,9.316389799118042,8365064.0,2.8483298124596876
tho150,2,SK,200,10.35085391998291,8363822.0,2.8330594420683703
tho150,2,SK,220,11.38523817062378,8315910.0,2.24398215850251
tho150,2,SK,240,12.413740873336792,8353104.0,2.701281801284039
tho150,2,SK,260,13.444505453109741,8299934.0,2.047557490731426
tho150,2,SK,280,14.473040103912354,8311328.0,2.187646540843077
tho150,2,SK,300,15.507508754730225,8287946.0,1.900165219997841
tho150,2,SK,320,16.536086082458496,8302262.0,2.076180213976987
tho150,2,SK,340,17.570560216903687,8273694.0,1.7249371050082636
tho150,2,SK,360,18.599105834960938,8278922.0,1.7892152824686556
tho150,2,SK,380,19.627644300460815,8329982.0,2.416997176333926
tho150,2,SK,400,20.65625309944153,8323860.0,2.341727282987996
tho150,2,SK,420,21.684858083724976,8305808.0,2.1197782279927773
tho150,2,SK,440,22.71357774734497,8277554.0,1.7723957440666251
tho150,2,SK,460,23.742249011993408,8309236.0,2.1619254338715503
tho150,2,SK,480,24.770784378051758,8313706.0,2.2168840132992385
tho150,2,SK,500,25.799999475479126,8307760.0,2.1437780371746222
tho150,2,SK,520,26.828623294830322,8340090.0,2.541274876748931
tho150,2,SK,540,27.857237577438354,8339512.0,2.5341683758743883
tho150,2,SK,560,28.885850429534912,8374204.0,2.960705968157466
tho150,2,SK,580,29.91448450088501,8354750.0,2.7215193452970086
tho150,2,SK,600,30.943170309066772,8345808.0,2.611577596473208
tho150,2,SK,620,31.97162365913391,8350384.0,2.66783944422737
tho150,2,SK,640,33.00017857551575,8316172.0,2.247203444366057
tho150,2,SK,660,34.02874231338501,8376456.0,2.9883942726029145
tho150,2,SK,680,35.05740237236023,8376456.0,2.9883942726029145
tho150,2,SK,700,36.08619451522827,8342826.0,2.574913953552992
tho150,2,SK,720,37.1146936416626,8369624.0,2.904394940466457
tho150,2,SK,740,38.1434805393219,8349586.0,2.658028046826185
tho150,2,SK,760,39.17234134674072,8359388.0,2.7785434820723145
tho150,2,SK,780,40.201091289520264,8349666.0,2.659011645563146
tho150,2,SK,800,41.22973275184631,8355296.0,2.7282324066767663
tho150,2,SK,820,42.25836181640625,8385190.0,3.0957786647106165
tho150,2,SK,840,43.28705930709839,8400306.0,3.281629646059372
tho150,2,SK,860,44.31603789329529,8412644.0,3.4333251612671605
tho150,2,SK,880,45.34463667869568,8412644.0,3.4333251612671605
tho150,2,SK,900,46.37339448928833,8412644.0,3.4333251612671605
tho150,2,SK,920,47.40200734138489,8369920.0,2.908034255793212
tho150,2,SK,940,48.430569887161255,8368886.0,2.8953212421179932
tho150,2,SK,960,49.46141719818115,8367118.0,2.873583710031158
tho150,2,SK,980,50.49002742767334,8386286.0,3.1092539674069806
tho150,2,SK,1000,51.51884055137634,8376498.0,2.988910661939819
tho150,2,SK,1020,52.54735088348389,8384102.0,3.082401721887949
tho150,2,SK,1040,53.575947999954224,8385366.0,3.0979425819319304
tho150,2,SK,1060,54.606860876083374,8404276.0,3.3304407333810544
tho150,2,SK,1080,55.63560509681702,8382382.0,3.0612543490432906
tho150,2,SK,1100,56.664297103881836,8384498.0,3.087270535635905
tho150,2,SK,1120,57.69291806221008,8421636.0,3.543881659301561
tho150,2,SK,1140,58.72168970108032,8405658.0,3.3474324015620534
tho150,2,SK,1160,59.750343799591064,8383598.0,3.0762050498450955
tho150,2,SK,1180,60.778931617736816,8392692.0,3.188015636269122
tho150,2,SK,1200,61.807507276535034,8391420.0,3.172376416351444
tho150,2,SK,1220,62.83619046211243,8455490.0,3.9601160548149736
tho150,2,SK,1240,63.86496829986572,8427410.0,3.6148728981417113
tho150,2,SK,1260,64.89368915557861,8442182.0,3.7964944049215346
tho150,2,SK,1280,65.9223461151123,8442182.0,3.7964944049215346
tho150,2,SK,1300,66.95113396644592,8444068.0,3.819682745145387
tho150,2,SK,1320,67.97977566719055,8451500.0,3.9110590678090507
tho150,2,SK,1340,69.00852966308594,8451500.0,3.9110590678090507
tho150,2,SK,1360,70.03708600997925,8417564.0,3.4938164835902534
tho150,2,SK,1380,71.06581664085388,8406630.0,3.3593831262161276
tho150,2,SK,1400,72.09455490112305,8401246.0,3.293186931218662
tho150,2,SK,1420,73.12320733070374,8443418.0,3.8116910054075794
tho150,2,SK,1440,74.15193772315979,8424758.0,3.5822666000114594
tho150,2,SK,1460,75.18058609962463,8400454.0,3.2834493037227492
tho150,2,SK,1480,76.20930337905884,8433174.0,3.685741187139742
tho150,2,SK,1500,77.23816728591919,8433174.0,3.685741187139742
tho150,2,SK,1520,78.26684951782227,8433174.0,3.685741187139742
tho150,2,SK,1540,79.29568266868591,8430134.0,3.648364435135229
tho150,2,SK,1560,80.32443475723267,8468732.0,4.122926235750421
tho150,2,SK,1580,81.35315799713135,8454280.0,3.9452391239184412
tho150,2,SK,1600,82.38176012039185,8475522.0,4.206409178549974
tho150,2,SK,1620,83.41037893295288,8429692.0,3.6429300521135204
tho150,2,SK,1640,84.43915271759033,8462484.0,4.046107174393778
tho150,2,SK,1660,85.46815538406372,8450558.0,3.8994771926813367
tho150,2,SK,1680,86.49680805206299,8450558.0,3.8994771926813367
tho150,2,SK,1700,87.52561330795288,8438354.0,3.749429205357958
tho150,2,SK,1720,88.55435419082642,8432518.0,3.6776756774966626
tho150,2,SK,1740,89.58326768875122,8413206.0,3.4402349423943104
tho150,2,SK,1760,90.61198544502258,8442392.0,3.7990763516060566
tho150,2,SK,1780,91.64071249961853,8478798.0,4.246687546828521
tho150,2,SK,1800,92.66955804824829,8478678.0,4.24521214872308
tho150,2,SK,1820,93.69814229011536,8492250.0,4.41207967444849
tho150,2,SK,1840,94.72686910629272,8442064.0,3.7950435967845175
tho150,2,SK,1860,95.75558304786682,8450274.0,3.8959854171651256
tho150,2,SK,1880,96.78446364402771,8429028.0,3.634766182596745
tho150,2,SK,1900,97.81326985359192,8463716.0,4.061254594942974
tho150,2,SK,1920,98.84184002876282,8463628.0,4.060172636332317
tho150,2,SK,1940,99.87063550949097,8462074.0,4.041066230866853
tho150,2,SK,1960,100.89939188957214,8465896.0,4.088057660525158
tho150,2,SK,1980,101.92811322212219,8431892.0,3.669979017379944
tho150,2,SK,2000,102.9567973613739,8427236.0,3.6127335708888215
tho150,2,SK,2020,103.9856550693512,8445138.0,3.8328383782522386
tho150,2,SK,2040,105.01461410522461,8445138.0,3.8328383782522386
tho150,2,SK,2060,106.04340291023254,8445138.0,3.8328383782522386
tho150,2,SK,2080,107.07222104072571,8427880.0,3.620651540721356
tho150,2,SK,2100,108.10111093521118,8427880.0,3.620651540721356
tho150,2,SK,2120,109.12981915473938,8427880.0,3.620651540721356
tho150,2,SK,2140,110.15867304801941,8424880.0,3.5837665880853242
tho150,2,SK,2160,111.18742871284485,8431422.0,3.6642003748002985
tho150,2,SK,2180,112.21611428260803,8464368.0,4.069270924649206
tho150,2,SK,2200,113.24489188194275,8477302.0,4.228294250447353
tho150,2,SK,2220,114.27356362342834,8522476.0,4.783707867240727
tho150,2,SK,2240,115.3023591041565,8494986.0,4.445718751252552
tho150,2,SK,2260,116.33107352256775,8484964.0,4.322498419479779
tho150,2,SK,2280,117.35995888710022,8468604.0,4.121352477771283
tho150,2,SK,2300,118.38870358467102,8467896.0,4.11264762894918
tho150,2,SK,2320,119.41761565208435,8467896.0,4.11264762894918
tho150,2,SK,2340,120.44646763801575,8457276.0,3.9820748966176254
tho150,2,SK,2360,121.47526216506958,8447690.0,3.8642151779612903
tho150,2,SK,2380,122.50402665138245,8447690.0,3.8642151779612903
tho150,2,SK,2400,123.53292298316956,8447690.0,3.8642151779612903
tho150,2,SK,2420,124.56171894073486,8447690.0,3.8642151779612903
tho150,2,SK,2440,125.59070372581482,8447690.0,3.8642151779612903
tho150,2,SK,2460,126.61939406394958,8447690.0,3.8642151779612903
tho150,2,SK,2480,127.64826345443726,8447690.0,3.8642151779612903
tho150,2,SK,2500,128.67719054222107,8464516.0,4.071090582312583
tho150,3,PGD,1,0.023721933364868164,9912132.0,21.86950644736677
tho150,3,PGD,20,0.10837125778198242,9486190.0,16.632556282134477
tho150,3,PGD,40,0.19072914123535156,9553624.0,17.461656247487213
tho150,3,PGD,60,0.2731761932373047,9530364.0,17.17567491471584
tho150,3,PGD,80,0.361422061920166,9454930.0,16.248215075667023
tho150,3,PGD,100,0.44953179359436035,9442416.0,16.09435564323792
tho150,3,PGD,120,0.5318207740783691,9482316.0,16.58492551329715
tho150,3,PGD,140,0.6139283180236816,9444372.0,16.11840463235661
tho150,3,PGD,160,0.698326587677002,9431152.0,15.95586494107383
tho150,3,PGD,180,0.7804601192474365,9440824.0,16.074782028372397
tho150,3,PGD,200,0.8626577854156494,9432132.0,15.967914025601598
tho150,3,PGD,220,0.9506978988647461,9422358.0,15.847742849913407
tho150,3,PGD,240,1.038755178451538,9392550.0,15.48125396052179
tho150,3,PGD,260,1.1207990646362305,9432348.0,15.970569742191392
tho150,3,PGD,280,1.2069668769836426,9452656.0,16.220256281568908
tho150,3,PGD,300,1.2893061637878418,9479462.0,16.549835628356067
tho150,3,PGD,320,1.3715052604675293,9472228.0,16.46089371256638
tho150,3,PGD,340,1.4536373615264893,9462562.0,16.34205039517309
tho150,3,PGD,360,1.535857915878296,9465062.0,16.372787855703113
tho150,3,PGD,380,1.618011474609375,9465062.0,16.372787855703113
tho150,3,PGD,400,1.7002010345458984,9462562.0,16.34205039517309
tho150,3,PGD,420,1.7824273109436035,9462562.0,16.34205039517309
tho150,3,PGD,440,1.864680290222168,9462562.0,16.34205039517309
tho150,3,PGD,460,1.946906328201294,9462562.0,16.34205039517309
tho150,3,PGD,480,2.029205560684204,9462562.0,16.34205039517309
tho150,3,PGD,500,2.1114253997802734,9462562.0,16.34205039517309
tho150,3,PGD,520,2.193547487258911,9473950.0,16.482065675379467
tho150,3,PGD,540,2.2757396697998047,9473950.0,16.482065675379467
tho150,3,PGD,560,2.3578639030456543,9468536.0,16.41550063085564
tho150,3,PGD,580,2.4440362453460693,9472344.0,16.462319930734978
tho150,3,PGD,600,2.5263185501098633,9472344.0,16.462319930734978
tho150,3,PGD,620,2.608604907989502,9476992.0,16.5194670173524
tho150,3,PGD,640,2.6908202171325684,9476992.0,16.5194670173524
tho150,3,PGD,660,2.7733521461486816,9439846.0,16.062757533813052
tho150,3,PGD,680,2.8555924892425537,9416022.0,15.769841829946108
tho150,3,PGD,700,2.937746286392212,9416022.0,15.769841829946108
tho150,3,PGD,720,3.019890785217285,9426190.0,15.89485722941383
tho150,3,PGD,740,3.102099657058716,9433346.0,15.98284013643498
tho150,3,PGD,760,3.1842703819274902,9421688.0,15.839505210491359
tho150,3,PGD,780,3.2665038108825684,9440322.0,16.06860994629797
tho150,3,PGD,800,3.348818302154541,9433550.0,15.985348313214232
tho150,3,PGD,820,3.431028127670288,9429850.0,15.93985687162979
tho150,3,PGD,840,3.5131723880767822,9432404.0,15.971258261307266
tho150,3,PGD,860,3.5953080654144287,9433936.0,15.990094177120067
tho150,3,PGD,880,3.678163766860962,9433936.0,15.990094177120067
tho150,3,PGD,900,3.764944076538086,9433936.0,15.990094177120067
tho150,3,PGD,920,3.847235679626465,9433936.0,15.990094177120067
tho150,3,PGD,940,3.9295814037323,9433936.0,15.990094177120067
tho150,3,PGD,960,4.011815309524536,9433936.0,15.990094177120067
tho150,3,PGD,980,4.093975782394409,9433936.0,15.990094177120067
tho150,3,PGD,1000,4.176226377487183,9433936.0,15.990094177120067
tho150,3,PGD,1020,4.258357286453247,9433936.0,15.990094177120067
tho150,3,PGD,1040,4.3405396938323975,9433936.0,15.990094177120067
tho150,3,PGD,1060,4.422842264175415,9433936.0,15.990094177120067
tho150,3,PGD,1080,4.505111455917358,9433936.0,15.990094177120067
tho150,3,PGD,1100,4.587339639663696,9432992.0,15.978487712023929
tho150,3,PGD,1120,4.669638633728027,9432992.0,15.978487712023929
tho150,3,PGD,1140,4.751854181289673,9432992.0,15.978487712023929
tho150,3,PGD,1160,4.833995819091797,9432992.0,15.978487712023929
tho150,3,PGD,1180,4.919146537780762,9432992.0,15.978487712023929
tho150,3,PGD,1200,5.001569747924805,9432992.0,15.978487712023929
tho150,3,PGD,1220,5.083948850631714,9432992.0,15.978487712023929
tho150,3,PGD,1240,5.1663596630096436,9432992.0,15.978487712023929
tho150,3,PGD,1260,5.248678684234619,9432992.0,15.978487712023929
tho150,3,PGD,1280,5.331004858016968,9432992.0,15.978487712023929
tho150,3,PGD,1300,5.413237810134888,9432992.0,15.978487712023929
tho150,3,PGD,1320,5.495385408401489,9430220.0,15.944406015788234
tho150,3,PGD,1340,5.577547311782837,9426514.0,15.898840804298523
tho150,3,PGD,1360,5.659807443618774,9426514.0,15.898840804298523
tho150,3,PGD,1380,5.742345571517944,9426514.0,15.898840804298523
tho150,3,PGD,1400,5.82463264465332,9440360.0,16.069077155698025
tho150,3,PGD,1420,5.9068872928619385,9440360.0,16.069077155698025
tho150,3,PGD,1440,5.989133596420288,9437232.0,16.030618445082855
tho150,3,PGD,1460,6.0713136196136475,9437232.0,16.030618445082855
tho150,3,PGD,1480,6.157214164733887,9437232.0,16.030618445082855
tho150,3,PGD,1500,6.239288091659546,9437232.0,16.030618445082855
tho150,3,PGD,1520,6.321246147155762,9440360.0,16.069077155698025
tho150,3,PGD,1540,6.403258800506592,9445912.0,16.13733890804311
tho150,3,PGD,1560,6.485321283340454,9427048.0,15.905406325867737
tho150,3,PGD,1580,6.567224740982056,9448958.0,16.17478942995289
tho150,3,PGD,1600,6.649235248565674,9447396.0,16.15558466461373
tho150,3,PGD,1620,6.731166362762451,9476274.0,16.51063921868818
tho150,3,PGD,1640,6.813032388687134,9487572.0,16.649547950315476
tho150,3,PGD,1660,6.894840478897095,9452374.0,16.216789096021124
tho150,3,PGD,1680,6.976630926132202,9468078.0,16.40986952808654
tho150,3,PGD,1700,7.05849027633667,9468078.0,16.40986952808654
tho150,3,PGD,1720,7.140256881713867,9468078.0,16.40986952808654
tho150,3,PGD,1740,7.22211766242981,9453984.0,16.23658402060246
tho150,3,PGD,1760,7.303985357284546,9454828.0,16.246960987277394
tho150,3,PGD,1780,7.389798879623413,9453488.0,16.2304857084333
tho150,3,PGD,1800,7.472299098968506,9449480.0,16.18120741171156
tho150,3,PGD,1820,7.554579734802246,9440184.0,16.066913238476708
tho150,3,PGD,1840,7.636953115463257,9435752.0,16.012421868449078
tho150,3,PGD,1860,7.719276428222656,9435752.0,16.012421868449078
tho150,3,PGD,1880,7.801505088806152,9435752.0,16.012421868449078
tho150,3,PGD,1900,7.883843660354614,9433574.0,15.98564339283532
tho150,3,PGD,1920,7.966193914413452,9432066.0,15.967102556643606
tho150,3,PGD,1940,8.04843020439148,9432066.0,15.967102556643606
tho150,3,PGD,1960,8.130655765533447,9432066.0,15.967102556643606
tho150,3,PGD,1980,8.212872743606567,9432066.0,15.967102556643606
tho150,3,PGD,2000,8.2950599193573,9432066.0,15.967102556643606
tho150,3,PGD,2020,8.377239465713501,9432066.0,15.967102556643606
tho150,3,PGD,2040,8.459488868713379,9435130.0,16.004774388269208
tho150,3,PGD,2060,8.541687726974487,9435130.0,16.004774388269208
tho150,3,PGD,2080,8.62769889831543,9436400.0,16.020389018218463
tho150,3,PGD,2100,8.710249423980713,9436400.0,16.020389018218463
tho150,3,PGD,2120,8.792578220367432,9436400.0,16.020389018218463
tho150,3,PGD,2140,8.874893188476562,9436400.0,16.020389018218463
tho150,3,PGD,2160,8.957165002822876,9440994.0,16.07687217568844
tho150,3,PGD,2180,9.039533615112305,9443270.0,16.104855559754977
tho150,3,PGD,2200,9.12188172340393,9443270.0,16.104855559754977
tho150,3,PGD,2220,9.204211711883545,9443270.0,16.104855559754977
tho150,3,PGD,2240,9.286560535430908,9443270.0,16.104855559754977
tho150,3,PGD,2260,9.368857145309448,9443270.0,16.104855559754977
tho150,3,PGD,2280,9.451030254364014,9428868.0,15.927783197133596
tho150,3,PGD,2300,9.533247232437134,9428868.0,15.927783197133596
tho150,3,PGD,2320,9.615415096282959,9428868.0,15.927783197133596
tho150,3,PGD,2340,9.697531938552856,9428868.0,15.927783197133596
tho150,3,PGD,2360,9.779811382293701,9428868.0,15.927783197133596
tho150,3,PGD,2380,9.86623239517212,9429496.0,15.93550444721874
tho150,3,PGD,2400,9.948345422744751,9429496.0,15.93550444721874
tho150,3,PGD,2420,10.030354499816895,9429496.0,15.93550444721874
tho150,3,PGD,2440,10.112319231033325,9429496.0,15.93550444721874
tho150,3,PGD,2460,10.194222450256348,9429496.0,15.93550444721874
tho150,3,PGD,2480,10.276192903518677,9429496.0,15.93550444721874
tho150,3,PGD,2500,10.358068943023682,9429496.0,15.93550444721874
tho150,3,SK,1,0.07132434844970703,9941224.0,22.22719212806259
tho150,3,SK,20,1.054905891418457,9309608.0,14.461483380009192
tho150,3,SK,40,2.089123010635376,9090462.0,11.767086769883878
tho150,3,SK,60,3.118922472000122,8866468.0,9.013084076298737
tho150,3,SK,80,4.1487085819244385,8676832.0,6.681512450269862
tho150,3,SK,100,5.178699493408203,8545674.0,5.068926910990953
tho150,3,SK,120,6.212033987045288,8465224.0,4.079795431134687
tho150,3,SK,140,7.2420947551727295,8408636.0,3.384046864545421
tho150,3,SK,160,8.272039651870728,8376620.0,2.9904106500136844
tho150,3,SK,180,9.302076578140259,8365064.0,2.8483298124596876
tho150,3,SK,200,10.332119703292847,8363822.0,2.8330594420683703
tho150,3,SK,220,11.362909078598022,8315910.0,2.24398215850251
tho150,3,SK,240,12.391478300094604,8353104.0,2.701281801284039
tho150,3,SK,260,13.421540260314941,8299934.0,2.047557490731426
tho150,3,SK,280,14.44999074935913,8311328.0,2.187646540843077
tho150,3,SK,300,15.480185270309448,8287946.0,1.900165219997841
tho150,3,SK,320,16.511091947555542,8302262.0,2.076180213976987
tho150,3,SK,340,17.54116463661194,8273694.0,1.7249371050082636
tho150,3,SK,360,18.569918632507324,8278922.0,1.7892152824686556
tho150,3,SK,380,19.598474502563477,8329982.0,2.416997176333926
tho150,3,SK,400,20.627059936523438,8323860.0,2.341727282987996
tho150,3,SK,420,21.656118392944336,8305808.0,2.1197782279927773
tho150,3,SK,440,22.684742212295532,8277554.0,1.7723957440666251
tho150,3,SK,460,23.71341824531555,8309236.0,2.1619254338715503
tho150,3,SK,480,24.74198889732361,8313706.0,2.2168840132992385
tho150,3,SK,500,25.77076029777527,8307760.0,2.1437780371746222
tho150,3,SK,520,26.799449920654297,8340090.0,2.541274876748931
tho150,3,SK,540,27.828075885772705,8339512.0,2.5341683758743883
tho150,3,SK,560,28.85695457458496,8374204.0,2.960705968157466
tho150,3,SK,580,29.88564109802246,8354750.0,2.7215193452970086
tho150,3,SK,600,30.9144344329834,8345808.0,2.611577596473208
tho150,3,SK,620,31.942924976348877,8350384.0,2.66783944422737
tho150,3,SK,640,32.971606969833374,8316172.0,2.247203444366057
tho150,3,SK,660,34.000420331954956,8376456.0,2.9883942726029145
tho150,3,SK,680,35.02918887138367,8376456.0,2.9883942726029145
tho150,3,SK,700,36.05781412124634,8342826.0,2.574913953552992
tho150,3,SK,720,37.086477518081665,8369624.0,2.904394940466457
tho150,3,SK,740,38.11526918411255,8349586.0,2.658028046826185
tho150,3,SK,760,39.144123792648315,8359388.0,2.7785434820723145
tho150,3,SK,780,40.172669649124146,8349666.0,2.659011645563146
tho150,3,SK,800,41.20146608352661,8355296.0,2.7282324066767663
tho150,3,SK,820,42.23025965690613,8385190.0,3.0957786647106165
tho150,3,SK,840,43.25897574424744,8400306.0,3.281629646059372
tho150,3,SK,860,44.28764271736145,8412644.0,3.4333251612671605
tho150,3,SK,880,45.3163321018219,8412644.0,3.4333251612671605
tho150,3,SK,900,46.345208406448364,8412644.0,3.4333251612671605
tho150,3,SK,920,47.37392783164978,8369920.0,2.908034255793212
tho150,3,SK,940,48.402589559555054,8368886.0,2.8953212421179932
tho150,3,SK,960,49.43135356903076,8367118.0,2.873583710031158
tho150,3,SK,980,50.46008229255676,8386286.0,3.1092539674069806
tho150,3,SK,1000,51.48888325691223,8376498.0,2.988910661939819
tho150,3,SK,1020,52.51740527153015,8384102.0,3.082401721887949
tho150,3,SK,1040,53.546279191970825,8385366.0,3.0979425819319304
tho150,3,SK,1060,54.57519555091858,8404276.0,3.3304407333810544
tho150,3,SK,1080,55.604002475738525,8382382.0,3.0612543490432906
tho150,3,SK,1100,56.632750034332275,8384498.0,3.087270535635905
tho150,3,SK,1120,57.661484479904175,8421636.0,3.543881659301561
tho150,3,SK,1140,58.6903715133667,8405658.0,3.3474324015620534
tho150,3,SK,1160,59.71929693222046,8383598.0,3.0762050498450955
tho150,3,SK,1180,60.74801325798035,8392692.0,3.188015636269122
tho150,3,SK,1200,61.77685856819153,8391420.0,3.172376416351444
tho150,3,SK,1220,62.8056366443634,8455490.0,3.9601160548149736
tho150,3,SK,1240,63.83447861671448,8427410.0,3.6148728981417113
tho150,3,SK,1260,64.86335945129395,8442182.0,3.7964944049215346
tho150,3,SK,1280,65.89239740371704,8442182.0,3.7964944049215346
tho150,3,SK,1300,66.9214825630188,8444068.0,3.819682745145387
tho150,3,SK,1320,67.95020055770874,8451500.0,3.9110590678090507
tho150,3,SK,1340,68.97893905639648,8451500.0,3.9110590678090507
tho150,3,SK,1360,70.00781226158142,8417564.0,3.4938164835902534
tho150,3,SK,1380,71.03664660453796,8406630.0,3.3593831262161276
tho150,3,SK,1400,72.06543827056885,8401246.0,3.293186931218662
tho150,3,SK,1420,73.0940945148468,8443418.0,3.8116910054075794
tho150,3,SK,1440,74.12293767929077,8424758.0,3.5822666000114594
tho150,3,SK,1460,75.15173602104187,8400454.0,3.2834493037227492
tho150,3,SK,1480,76.18071246147156,8433174.0,3.685741187139742
tho150,3,SK,1500,77.20962166786194,8433174.0,3.685741187139742
tho150,3,SK,1520,78.23836970329285,8433174.0,3.685741187139742
tho150,3,SK,1540,79.26717948913574,8430134.0,3.648364435135229
tho150,3,SK,1560,80.29601573944092,8468732.0,4.122926235750421
tho150,3,SK,1580,81.32461881637573,8454280.0,3.9452391239184412
tho150,3,SK,1600,82.35347723960876,8475522.0,4.206409178549974
tho150,3,SK,1620,83.38224625587463,8429692.0,3.6429300521135204
tho150,3,SK,1640,84.41104793548584,8462484.0,4.046107174393778
tho150,3,SK,1660,85.43991875648499,8450558.0,3.8994771926813367
tho150,3,SK,1680,86.4686598777771,8450558.0,3.8994771926813367
tho150,3,SK,1700,87.49757599830627,8438354.0,3.749429205357958
tho150,3,SK,1720,88.52647256851196,8432518.0,3.6776756774966626
tho150,3,SK,1740,89.55531144142151,8413206.0,3.4402349423943104
tho150,3,SK,1760,90.58409094810486,8442392.0,3.7990763516060566
tho150,3,SK,1780,91.61311364173889,8478798.0,4.246687546828521
tho150,3,SK,1800,92.64194846153259,8478678.0,4.24521214872308
tho150,3,SK,1820,93.67066383361816,8492250.0,4.41207967444849
tho150,3,SK,1840,94.69940257072449,8442064.0,3.7950435967845175
tho150,3,SK,1860,95.7283456325531,8450274.0,3.8959854171651256
tho150,3,SK,1880,96.7571051120758,8429028.0,3.634766182596745
tho150,3,SK,1900,97.78590655326843,8463716.0,4.061254594942974
tho150,3,SK,1920,98.81465196609497,8463628.0,4.060172636332317
tho150,3,SK,1940,99.8435492515564,8462074.0,4.041066230866853
tho150,3,SK,1960,100.87607216835022,8465896.0,4.088057660525158
tho150,3,SK,1980,101.9047999382019,8431892.0,3.669979017379944
tho150,3,SK,2000,102.93365335464478,8427236.0,3.6127335708888215
tho150,3,SK,2020,103.96252655982971,8445138.0,3.8328383782522386
tho150,3,SK,2040,104.99109649658203,8445138.0,3.8328383782522386
tho150,3,SK,2060,106.02237057685852,8445138.0,3.8328383782522386
tho150,3,SK,2080,107.0515239238739,8427880.0,3.620651540721356
tho150,3,SK,2100,108.08047747612,8427880.0,3.620651540721356
tho150,3,SK,2120,109.10920548439026,8427880.0,3.620651540721356
tho150,3,SK,2140,110.13799476623535,8424880.0,3.5837665880853242
tho150,3,SK,2160,111.16750025749207,8431422.0,3.6642003748002985
tho150,3,SK,2180,112.19636797904968,8464368.0,4.069270924649206
tho150,3,SK,2200,113.2253634929657,8477302.0,4.228294250447353
tho150,3,SK,2220,114.25409317016602,8522476.0,4.783707867240727
tho150,3,SK,2240,115.28296136856079,8494986.0,4.445718751252552
tho150,3,SK,2260,116.31249809265137,8484964.0,4.322498419479779
tho150,3,SK,2280,117.3412857055664,8468604.0,4.121352477771283
tho150,3,SK,2300,118.37017583847046,8467896.0,4.11264762894918
tho150,3,SK,2320,119.39900946617126,8467896.0,4.11264762894918
tho150,3,SK,2340,120.42798185348511,8457276.0,3.9820748966176254
tho150,3,SK,2360,121.45670819282532,8447690.0,3.8642151779612903
tho150,3,SK,2380,122.48550748825073,8447690.0,3.8642151779612903
tho150,3,SK,2400,123.51433801651001,8447690.0,3.8642151779612903
tho150,3,SK,2420,124.5430850982666,8447690.0,3.8642151779612903
tho150,3,SK,2440,125.57195591926575,8447690.0,3.8642151779612903
tho150,3,SK,2460,126.60289168357849,8447690.0,3.8642151779612903
tho150,3,SK,2480,127.63176798820496,8447690.0,3.8642151779612903
tho150,3,SK,2500,128.6606752872467,8464516.0,4.071090582312583
tho150,4,PGD,1,0.023665904998779297,9912132.0,21.86950644736677
tho150,4,PGD,20,0.10821104049682617,9486190.0,16.632556282134477
tho150,4,PGD,40,0.19045305252075195,9553624.0,17.461656247487213
tho150,4,PGD,60,0.27274656295776367,9530364.0,17.17567491471584
tho150,4,PGD,80,0.3564317226409912,9454930.0,16.248215075667023
tho150,4,PGD,100,0.4401113986968994,9442416.0,16.09435564323792
tho150,4,PGD,120,0.5222184658050537,9482316.0,16.58492551329715
tho150,4,PGD,140,0.6043455600738525,9444372.0,16.11840463235661
tho150,4,PGD,160,0.6879782676696777,9431152.0,15.95586494107383
tho150,4,PGD,180,0.7700932025909424,9440824.0,16.074782028372397
tho150,4,PGD,200,0.8522851467132568,9432132.0,15.967914025601598
tho150,4,PGD,220,0.9359028339385986,9422358.0,15.847742849913407
tho150,4,PGD,240,1.0226054191589355,9392550.0,15.48125396052179
tho150,4,PGD,260,1.1054573059082031,9432348.0,15.970569742191392
tho150,4,PGD,280,1.1878423690795898,9452656.0,16.220256281568908
tho150,4,PGD,300,1.2701597213745117,9479462.0,16.549835628356067
tho150,4,PGD,320,1.352454423904419,9472228.0,16.46089371256638
tho150,4,PGD,340,1.4347174167633057,9462562.0,16.34205039517309
tho150,4,PGD,360,1.5170307159423828,9465062.0,16.372787855703113
tho150,4,PGD,380,1.5993008613586426,9465062.0,16.372787855703113
tho150,4,PGD,400,1.6814508438110352,9462562.0,16.34205039517309
tho150,4,PGD,420,1.7636163234710693,9462562.0,16.34205039517309
tho150,4,PGD,440,1.8457813262939453,9462562.0,16.34205039517309
tho150,4,PGD,460,1.9279253482818604,9462562.0,16.34205039517309
tho150,4,PGD,480,2.010132074356079,9462562.0,16.34205039517309
tho150,4,PGD,500,2.0923049449920654,9462562.0,16.34205039517309
tho150,4,PGD,520,2.174518346786499,9473950.0,16.482065675379467
tho150,4,PGD,540,2.2594528198242188,9473950.0,16.482065675379467
tho150,4,PGD,560,2.341433525085449,9468536.0,16.41550063085564
tho150,4,PGD,580,2.423370838165283,9472344.0,16.462319930734978
tho150,4,PGD,600,2.505213975906372,9472344.0,16.462319930734978
tho150,4,PGD,620,2.587071657180786,9476992.0,16.5194670173524
tho150,4,PGD,640,2.6688923835754395,9476992.0,16.5194670173524
tho150,4,PGD,660,2.750765085220337,9439846.0,16.062757533813052
tho150,4,PGD,680,2.832664966583252,9416022.0,15.769841829946108
tho150,4,PGD,700,2.914520025253296,9416022.0,15.769841829946108
tho150,4,PGD,720,2.996399164199829,9426190.0,15.89485722941383
tho150,4,PGD,740,3.0782129764556885,9433346.0,15.98284013643498
tho150,4,PGD,760,3.1600592136383057,9421688.0,15.839505210491359
tho150,4,PGD,780,3.2418084144592285,9440322.0,16.06860994629797
tho150,4,PGD,800,3.323626756668091,9433550.0,15.985348313214232
tho150,4,PGD,820,3.405383348464966,9429850.0,15.93985687162979
tho150,4,PGD,840,3.490454912185669,9432404.0,15.971258261307266
tho150,4,PGD,860,3.5728609561920166,9433936.0,15.990094177120067
tho150,4,PGD,880,3.65516996383667,9433936.0,15.990094177120067
tho150,4,PGD,900,3.737431526184082,9433936.0,15.990094177120067
tho150,4,PGD,920,3.819664478302002,9433936.0,15.990094177120067
tho150,4,PGD,940,3.9017913341522217,9433936.0,15.990094177120067
tho150,4,PGD,960,3.983997106552124,9433936.0,15.990094177120067
tho150,4,PGD,980,4.066156625747681,9433936.0,15.990094177120067
tho150,4,PGD,1000,4.148251056671143,9433936.0,15.990094177120067
tho150,4,PGD,1020,4.230470895767212,9433936.0,15.990094177120067
tho150,4,PGD,1040,4.312612056732178,9433936.0,15.990094177120067
tho150,4,PGD,1060,4.394792556762695,9433936.0,15.990094177120067
tho150,4,PGD,1080,4.47698187828064,9433936.0,15.990094177120067
tho150,4,PGD,1100,4.559038162231445,9432992.0,15.978487712023929
tho150,4,PGD,1120,4.6410911083221436,9432992.0,15.978487712023929
tho150,4,PGD,1140,4.726322650909424,9432992.0,15.978487712023929
tho150,4,PGD,1160,4.808675050735474,9432992.0,15.978487712023929
tho150,4,PGD,1180,4.891115188598633,9432992.0,15.978487712023929
tho150,4,PGD,1200,4.973364591598511,9432992.0,15.978487712023929
tho150,4,PGD,1220,5.055555582046509,9432992.0,15.978487712023929
tho150,4,PGD,1240,5.137767553329468,9432992.0,15.978487712023929
tho150,4,PGD,1260,5.219935655593872,9432992.0,15.978487712023929
tho150,4,PGD,1280,5.302026033401489,9432992.0,15.978487712023929
tho150,4,PGD,1300,5.3841469287872314,9432992.0,15.978487712023929
tho150,4,PGD,1320,5.466533184051514,9430220.0,15.944406015788234
tho150,4,PGD,1340,5.548637866973877,9426514.0,15.898840804298523
tho150,4,PGD,1360,5.630813837051392,9426514.0,15.898840804298523
tho150,4,PGD,1380,5.712916135787964,9426514.0,15.898840804298523
tho150,4,PGD,1400,5.795001983642578,9440360.0,16.069077155698025
tho150,4,PGD,1420,5.877155542373657,9440360.0,16.069077155698025
tho150,4,PGD,1440,5.9627685546875,9437232.0,16.030618445082855
tho150,4,PGD,1460,6.045023202896118,9437232.0,16.030618445082855
tho150,4,PGD,1480,6.1273581981658936,9437232.0,16.030618445082855
tho150,4,PGD,1500,6.209599733352661,9437232.0,16.030618445082855
tho150,4,PGD,1520,6.291767835617065,9440360.0,16.069077155698025
tho150,4,PGD,1540,6.374102354049683,9445912.0,16.13733890804311
tho150,4,PGD,1560,6.456303834915161,9427048.0,15.905406325867737
tho150,4,PGD,1580,6.538409471511841,9448958.0,16.17478942995289
tho150,4,PGD,1600,6.620568037033081,9447396.0,16.15558466461373
tho150,4,PGD,1620,6.702616214752197,9476274.0,16.51063921868818
tho150,4,PGD,1640,6.784656763076782,9487572.0,16.649547950315476
tho150,4,PGD,1660,6.866809606552124,9452374.0,16.216789096021124
tho150,4,PGD,1680,6.948949813842773,9468078.0,16.40986952808654
tho150,4,PGD,1700,7.0311384201049805,9468078.0,16.40986952808654
tho150,4,PGD,1720,7.11333155632019,9468078.0,16.40986952808654
tho150,4,PGD,1740,7.199162483215332,9453984.0,16.23658402060246
tho150,4,PGD,1760,7.281306982040405,9454828.0,16.246960987277394
tho150,4,PGD,1780,7.3632941246032715,9453488.0,16.2304857084333
tho150,4,PGD,1800,7.445159435272217,9449480.0,16.18120741171156
tho150,4,PGD,1820,7.527082204818726,9440184.0,16.066913238476708
tho150,4,PGD,1840,7.608995199203491,9435752.0,16.012421868449078
tho150,4,PGD,1860,7.690907716751099,9435752.0,16.012421868449078
tho150,4,PGD,1880,7.772854804992676,9435752.0,16.012421868449078
tho150,4,PGD,1900,7.854664325714111,9433574.0,15.98564339283532
tho150,4,PGD,1920,7.9365668296813965,9432066.0,15.967102556643606
tho150,4,PGD,1940,8.018369436264038,9432066.0,15.967102556643606
tho150,4,PGD,1960,8.100236892700195,9432066.0,15.967102556643606
tho150,4,PGD,1980,8.182024002075195,9432066.0,15.967102556643606
tho150,4,PGD,2000,8.263856887817383,9432066.0,15.967102556643606
tho150,4,PGD,2020,8.345674514770508,9432066.0,15.967102556643606
tho150,4,PGD,2040,8.431629180908203,9435130.0,16.004774388269208
tho150,4,PGD,2060,8.513906240463257,9435130.0,16.004774388269208
tho150,4,PGD,2080,8.595954179763794,9436400.0,16.020389018218463
tho150,4,PGD,2100,8.677810430526733,9436400.0,16.020389018218463
tho150,4,PGD,2120,8.759719371795654,9436400.0,16.020389018218463
tho150,4,PGD,2140,8.841607093811035,9436400.0,16.020389018218463
tho150,4,PGD,2160,8.923572540283203,9440994.0,16.07687217568844
tho150,4,PGD,2180,9.00540804862976,9443270.0,16.104855559754977
tho150,4,PGD,2200,9.087248086929321,9443270.0,16.104855559754977
tho150,4,PGD,2220,9.169082164764404,9443270.0,16.104855559754977
tho150,4,PGD,2240,9.25094723701477,9443270.0,16.104855559754977
tho150,4,PGD,2260,9.332820653915405,9443270.0,16.104855559754977
tho150,4,PGD,2280,9.41459345817566,9428868.0,15.927783197133596
tho150,4,PGD,2300,9.496463060379028,9428868.0,15.927783197133596
tho150,4,PGD,2320,9.578233003616333,9428868.0,15.927783197133596
tho150,4,PGD,2340,9.663901090621948,9428868.0,15.927783197133596
tho150,4,PGD,2360,9.746394157409668,9428868.0,15.927783197133596
tho150,4,PGD,2380,9.828731775283813,9429496.0,15.93550444721874
tho150,4,PGD,2400,9.911054849624634,9429496.0,15.93550444721874
tho150,4,PGD,2420,9.993402004241943,9429496.0,15.93550444721874
tho150,4,PGD,2440,10.075674533843994,9429496.0,15.93550444721874
tho150,4,PGD,2460,10.157888412475586,9429496.0,15.93550444721874
tho150,4,PGD,2480,10.240099430084229,9429496.0,15.93550444721874
tho150,4,PGD,2500,10.32223629951477,9429496.0,15.93550444721874
tho150,4,SK,1,0.07130050659179688,9941224.0,22.22719212806259
tho150,4,SK,20,1.0548980236053467,9309608.0,14.461483380009192
tho150,4,SK,40,2.084749460220337,9090462.0,11.767086769883878
tho150,4,SK,60,3.114701747894287,8866468.0,9.013084076298737
tho150,4,SK,80,4.144563913345337,8676832.0,6.681512450269862
tho150,4,SK,100,5.174894571304321,8545674.0,5.068926910990953
tho150,4,SK,120,6.2052130699157715,8465224.0,4.079795431134687
tho150,4,SK,140,7.235156774520874,8408636.0,3.384046864545421
tho150,4,SK,160,8.269453287124634,8376620.0,2.9904106500136844
tho150,4,SK,180,9.303880453109741,8365064.0,2.8483298124596876
tho150,4,SK,200,10.334696292877197,8363822.0,2.8330594420683703
tho150,4,SK,220,11.369325876235962,8315910.0,2.24398215850251
tho150,4,SK,240,12.39777660369873,8353104.0,2.701281801284039
tho150,4,SK,260,13.4324049949646,8299934.0,2.047557490731426
tho150,4,SK,280,14.46078634262085,8311328.0,2.187646540843077
tho150,4,SK,300,15.491568565368652,8287946.0,1.900165219997841
tho150,4,SK,320,16.52021598815918,8302262.0,2.076180213976987
tho150,4,SK,340,17.5547194480896,8273694.0,1.7249371050082636
tho150,4,SK,360,18.583473920822144,8278922.0,1.7892152824686556
tho150,4,SK,380,19.612089157104492,8329982.0,2.416997176333926
tho150,4,SK,400,20.640799045562744,8323860.0,2.341727282987996
tho150,4,SK,420,21.669554233551025,8305808.0,2.1197782279927773
tho150,4,SK,440,22.698135137557983,8277554.0,1.7723957440666251
tho150,4,SK,460,23.726806640625,8309236.0,2.1619254338715503
tho150,4,SK,480,24.755562782287598,8313706.0,2.2168840132992385
tho150,4,SK,500,25.784289598464966,8307760.0,2.1437780371746222
tho150,4,SK,520,26.812934637069702,8340090.0,2.541274876748931
tho150,4,SK,540,27.841671466827393,8339512.0,2.5341683758743883
tho150,4,SK,560,28.870450496673584,8374204.0,2.960705968157466
tho150,4,SK,580,29.899022340774536,8354750.0,2.7215193452970086
tho150,4,SK,600,30.927801370620728,8345808.0,2.611577596473208
tho150,4,SK,620,31.95663857460022,8350384.0,2.66783944422737
tho150,4,SK,640,32.985278606414795,8316172.0,2.247203444366057
tho150,4,SK,660,34.01437473297119,8376456.0,2.9883942726029145
tho150,4,SK,680,35.043113470077515,8376456.0,2.9883942726029145
tho150,4,SK,700,36.07180595397949,8342826.0,2.574913953552992
tho150,4,SK,720,37.10059595108032,8369624.0,2.904394940466457
tho150,4,SK,740,38.12936878204346,8349586.0,2.658028046826185
tho150,4,SK,760,39.158082008361816,8359388.0,2.7785434820723145
tho150,4,SK,780,40.186716079711914,8349666.0,2.659011645563146
tho150,4,SK,800,41.21554374694824,8355296.0,2.7282324066767663
tho150,4,SK,820,42.24445295333862,8385190.0,3.0957786647106165
tho150,4,SK,840,43.27323842048645,8400306.0,3.281629646059372
tho150,4,SK,860,44.30195665359497,8412644.0,3.4333251612671605
tho150,4,SK,880,45.33077049255371,8412644.0,3.4333251612671605
tho150,4,SK,900,46.35955309867859,8412644.0,3.4333251612671605
tho150,4,SK,920,47.38879752159119,8369920.0,2.908034255793212
tho150,4,SK,940,48.417537450790405,8368886.0,2.8953212421179932
tho150,4,SK,960,49.4466392993927,8367118.0,2.873583710031158
tho150,4,SK,980,50.475380182266235,8386286.0,3.1092539674069806
tho150,4,SK,1000,51.50419735908508,8376498.0,2.988910661939819
tho150,4,SK,1020,52.53300666809082,8384102.0,3.082401721887949
tho150,4,SK,1040,53.56181836128235,8385366.0,3.0979425819319304
tho150,4,SK,1060,54.590739727020264,8404276.0,3.3304407333810544
tho150,4,SK,1080,55.6194224357605,8382382.0,3.0612543490432906
tho150,4,SK,1100,56.648255586624146,8384498.0,3.087270535635905
tho150,4,SK,1120,57.67705321311951,8421636.0,3.543881659301561
tho150,4,SK,1140,58.705934286117554,8405658.0,3.3474324015620534
tho150,4,SK,1160,59.73479151725769,8383598.0,3.0762050498450955
tho150,4,SK,1180,60.76338791847229,8392692.0,3.188015636269122
tho150,4,SK,1200,61.79220128059387,8391420.0,3.172376416351444
tho150,4,SK,1220,62.823161363601685,8455490.0,3.9601160548149736
tho150,4,SK,1240,63.85187888145447,8427410.0,3.6148728981417113
tho150,4,SK,1260,64.88078474998474,8442182.0,3.7964944049215346
tho150,4,SK,1280,65.90949702262878,8442182.0,3.7964944049215346
tho150,4,SK,1300,66.93830013275146,8444068.0,3.819682745145387
tho150,4,SK,1320,67.96747875213623,8451500.0,3.9110590678090507
tho150,4,SK,1340,68.99620294570923,8451500.0,3.9110590678090507
tho150,4,SK,1360,70.02502012252808,8417564.0,3.4938164835902534
tho150,4,SK,1380,71.05369281768799,8406630.0,3.3593831262161276
tho150,4,SK,1400,72.08242750167847,8401246.0,3.293186931218662
tho150,4,SK,1420,73.1134443283081,8443418.0,3.8116910054075794
tho150,4,SK,1440,74.14227676391602,8424758.0,3.5822666000114594
tho150,4,SK,1460,75.17109966278076,8400454.0,3.2834493037227492
tho150,4,SK,1480,76.19986510276794,8433174.0,3.685741187139742
tho150,4,SK,1500,77.2286262512207,8433174.0,3.685741187139742
tho150,4,SK,1520,78.25809669494629,8433174.0,3.685741187139742
tho150,4,SK,1540,79.28684401512146,8430134.0,3.648364435135229
tho150,4,SK,1560,80.31563138961792,8468732.0,4.122926235750421
tho150,4,SK,1580,81.3442440032959,8454280.0,3.9452391239184412
tho150,4,SK,1600,82.37314486503601,8475522.0,4.206409178549974
tho150,4,SK,1620,83.4019033908844,8429692.0,3.6429300521135204
tho150,4,SK,1640,84.4306583404541,8462484.0,4.046107174393778
tho150,4,SK,1660,85.45938372612,8450558.0,3.8994771926813367
tho150,4,SK,1680,86.48820734024048,8450558.0,3.8994771926813367
tho150,4,SK,1700,87.5171263217926,8438354.0,3.749429205357958
tho150,4,SK,1720,88.54583477973938,8432518.0,3.6776756774966626
tho150,4,SK,1740,89.5745587348938,8413206.0,3.4402349423943104
tho150,4,SK,1760,90.60316467285156,8442392.0,3.7990763516060566
tho150,4,SK,1780,91.63224697113037,8478798.0,4.246687546828521
tho150,4,SK,1800,92.66119265556335,8478678.0,4.24521214872308
tho150,4,SK,1820,93.6898443698883,8492250.0,4.41207967444849
tho150,4,SK,1840,94.71890306472778,8442064.0,3.7950435967845175
tho150,4,SK,1860,95.74775576591492,8450274.0,3.8959854171651256
tho150,4,SK,1880,96.77649068832397,8429028.0,3.634766182596745
tho150,4,SK,1900,97.80527544021606,8463716.0,4.061254594942974
tho150,4,SK,1920,98.83407378196716,8463628.0,4.060172636332317
tho150,4,SK,1940,99.86290550231934,8462074.0,4.041066230866853
tho150,4,SK,1960,100.89180111885071,8465896.0,4.088057660525158
tho150,4,SK,1980,101.92052388191223,8431892.0,3.669979017379944
tho150,4,SK,2000,102.9493978023529,8427236.0,3.6127335708888215
tho150,4,SK,2020,103.9782338142395,8445138.0,3.8328383782522386
tho150,4,SK,2040,105.00712633132935,8445138.0,3.8328383782522386
tho150,4,SK,2060,106.03594255447388,8445138.0,3.8328383782522386
tho150,4,SK,2080,107.06493163108826,8427880.0,3.620651540721356
tho150,4,SK,2100,108.09385251998901,8427880.0,3.620651540721356
tho150,4,SK,2120,109.12251043319702,8427880.0,3.620651540721356
tho150,4,SK,2140,110.15128087997437,8424880.0,3.5837665880853242
tho150,4,SK,2160,111.18003821372986,8431422.0,3.6642003748002985
tho150,4,SK,2180,112.20881199836731,8464368.0,4.069270924649206
tho150,4,SK,2200,113.2377073764801,8477302.0,4.228294250447353
tho150,4,SK,2220,114.26632499694824,8522476.0,4.783707867240727
tho150,4,SK,2240,115.29508566856384,8494986.0,4.445718751252552
tho150,4,SK,2260,116.32397365570068,8484964.0,4.322498419479779
tho150,4,SK,2280,117.35278511047363,8468604.0,4.121352477771283
tho150,4,SK,2300,118.38160157203674,8467896.0,4.11264762894918
tho150,4,SK,2320,119.41027998924255,8467896.0,4.11264762894918
tho150,4,SK,2340,120.43932604789734,8457276.0,3.9820748966176254
tho150,4,SK,2360,121.46828651428223,8447690.0,3.8642151779612903
tho150,4,SK,2380,122.49700880050659,8447690.0,3.8642151779612903
tho150,4,SK,2400,123.52580881118774,8447690.0,3.8642151779612903
tho150,4,SK,2420,124.55452990531921,8447690.0,3.8642151779612903
tho150,4,SK,2440,125.5832769870758,8447690.0,3.8642151779612903
tho150,4,SK,2460,126.61203360557556,8447690.0,3.8642151779612903
tho150,4,SK,2480,127.6408166885376,8447690.0,3.8642151779612903
tho150,4,SK,2500,128.66966009140015,8464516.0,4.071090582312583
